country,city,university,program,level,duration_years,tuition_usd,living_cost_index,rent_usd,visa_fee_usd,insurance_usd,exchange_rate,university_key_cost,cost_university_key,matched_qs_key,match_score,rank_2025,rank_2024,institution_name,location,region,size,focus,res,status,academic_reputation_score,academic_reputation_rank,employer_reputation_score,employer_reputation_rank,faculty_student_score,faculty_student_rank,citations_per_faculty_score,citations_per_faculty_rank,international_faculty_score,international_faculty_rank,international_students_score,international_students_rank,international_research_network_score,international_research_network_rank,employment_outcomes_score,employment_outcomes_rank,sustainability_score,sustainability_rank,overall_score,university_key_qs,ranking_source,cost_source,match_quality
USA,Cambridge,Harvard University,Computer Science,Master,2.0,55400,83.5,2200,160,1500,1.0,harvard university,harvard university,harvard university,100.0,4,4,Harvard University,United States,Americas,L,FC,VH,B,100.0,1,100.0,1,96.3,53,100.0,1,74.1,269,69.0,215,99.6,5,100.0,1,84.4,130,96.8,harvard university,QS World University Rankings 2025,International Education Costs Dataset,Excellent
USA,Cambridge,Harvard University,Computer Science,Master,2.0,55400,83.5,2200,160,1500,1.0,harvard university,harvard university,harvard university,100.0,4,4,Harvard University,United States,Americas,L,FC,VH,B,100.0,1,100.0,1,96.3,53,100.0,1,74.1,269,69.0,215,99.6,5,100.0,1,84.4,130,96.8,harvard university,QS World University Rankings 2025,International Education Costs Dataset,Excellent
UK,London,Imperial College London,Data Science,Master,1.0,41200,75.8,1800,485,800,0.79,imperial college london,imperial college london,imperial college london,100.0,2,6,Imperial College London,United Kingdom,Europe,L,FC,VH,A,98.5,22,99.5,11,98.2,45,93.9,54,100.0,66,99.6,44,97.4,34,93.4,61,99.7,6,98.5,imperial college london,QS World University Rankings 2025,International Education Costs Dataset,Excellent
UK,London,Imperial College London,Data Science,Master,1.0,41200,75.8,1800,485,800,0.79,imperial college london,imperial college london,imperial college london,100.0,2,6,Imperial College London,United Kingdom,Europe,L,FC,VH,A,98.5,22,99.5,11,98.2,45,93.9,54,100.0,66,99.6,44,97.4,34,93.4,61,99.7,6,98.5,imperial college london,QS World University Rankings 2025,International Education Costs Dataset,Excellent
UK,London,Imperial College London,Data Science,Master,1.0,41200,75.8,1800,485,800,0.79,imperial college london,imperial college london,imperial college london,100.0,2,6,Imperial College London,United Kingdom,Europe,L,FC,VH,A,98.5,22,99.5,11,98.2,45,93.9,54,100.0,66,99.6,44,97.4,34,93.4,61,99.7,6,98.5,imperial college london,QS World University Rankings 2025,International Education Costs Dataset,Excellent
Canada,Toronto,University of Toronto,Business Analytics,Master,2.0,38500,72.5,1600,235,900,1.35,university of toronto,university of toronto,university of toronto,100.0,25,21,University of Toronto,Canada,Americas,XL,FC,VH,A,99.7,11,96.9,27,44.9,344,50.8,257,96.9,132,96.1,90,97.7,29,98.7,19,100.0,1,84.1,university of toronto,QS World University Rankings 2025,International Education Costs Dataset,Excellent
Canada,Toronto,University of Toronto,Business Analytics,Master,2.0,38500,72.5,1600,235,900,1.35,university of toronto,university of toronto,university of toronto,100.0,25,21,University of Toronto,Canada,Americas,XL,FC,VH,A,99.7,11,96.9,27,44.9,344,50.8,257,96.9,132,96.1,90,97.7,29,98.7,19,100.0,1,84.1,university of toronto,QS World University Rankings 2025,International Education Costs Dataset,Excellent
Canada,Toronto,University of Toronto,Business Analytics,Master,2.0,38500,72.5,1600,235,900,1.35,university of toronto,university of toronto,university of toronto,100.0,25,21,University of Toronto,Canada,Americas,XL,FC,VH,A,99.7,11,96.9,27,44.9,344,50.8,257,96.9,132,96.1,90,97.7,29,98.7,19,100.0,1,84.1,university of toronto,QS World University Rankings 2025,International Education Costs Dataset,Excellent
Canada,Toronto,University of Toronto,Business Analytics,Master,2.0,38500,72.5,1600,235,900,1.35,university of toronto,university of toronto,university of toronto,100.0,25,21,University of Toronto,Canada,Americas,XL,FC,VH,A,99.7,11,96.9,27,44.9,344,50.8,257,96.9,132,96.1,90,97.7,29,98.7,19,100.0,1,84.1,university of toronto,QS World University Rankings 2025,International Education Costs Dataset,Excellent
Australia,Melbourne,University of Melbourne,Engineering,Master,2.0,42000,71.2,1400,450,650,1.52,university of melbourne,university of melbourne,the university of melbourne,92.0,13,14,The University of Melbourne,Australia,Oceania,XL,FC,VH,A,98.5,21,93.9,39,15.4,701+,93.0,62,95.1,148,99.8,39,97.4,33,96.5,39,99.6,9,88.9,the university of melbourne,QS World University Rankings 2025,International Education Costs Dataset,High
Australia,Melbourne,University of Melbourne,Engineering,Master,2.0,42000,71.2,1400,450,650,1.52,university of melbourne,university of melbourne,the university of melbourne,92.0,13,14,The University of Melbourne,Australia,Oceania,XL,FC,VH,A,98.5,21,93.9,39,15.4,701+,93.0,62,95.1,148,99.8,39,97.4,33,96.5,39,99.6,9,88.9,the university of melbourne,QS World University Rankings 2025,International Education Costs Dataset,High
Australia,Melbourne,University of Melbourne,Engineering,Master,2.0,42000,71.2,1400,450,650,1.52,university of melbourne,university of melbourne,the university of melbourne,92.0,13,14,The University of Melbourne,Australia,Oceania,XL,FC,VH,A,98.5,21,93.9,39,15.4,701+,93.0,62,95.1,148,99.8,39,97.4,33,96.5,39,99.6,9,88.9,the university of melbourne,QS World University Rankings 2025,International Education Costs Dataset,High
Australia,Melbourne,University of Melbourne,Engineering,Master,2.0,42000,71.2,1400,450,650,1.52,university of melbourne,university of melbourne,the university of melbourne,92.0,13,14,The University of Melbourne,Australia,Oceania,XL,FC,VH,A,98.5,21,93.9,39,15.4,701+,93.0,62,95.1,148,99.8,39,97.4,33,96.5,39,99.6,9,88.9,the university of melbourne,QS World University Rankings 2025,International Education Costs Dataset,High
Australia,Melbourne,University of Melbourne,Engineering,Master,2.0,42000,71.2,1400,450,650,1.52,university of melbourne,university of melbourne,the university of melbourne,92.0,13,14,The University of Melbourne,Australia,Oceania,XL,FC,VH,A,98.5,21,93.9,39,15.4,701+,93.0,62,95.1,148,99.8,39,97.4,33,96.5,39,99.6,9,88.9,the university of melbourne,QS World University Rankings 2025,International Education Costs Dataset,High
Germany,Munich,Technical University of Munich,Mechanical Engineering,Master,2.0,500,70.5,1100,75,550,0.92,technical university of munich,technical university of munich,technical university of munich,100.0,28,37,Technical University of Munich,Germany,Europe,XL,FO,VH,A,83.0,61,98.6,17,76.8,155,75.9,133,80.4,236,98.6,64,95.6,68,34.5,365,93.1,70,83.2,technical university of munich,QS World University Rankings 2025,International Education Costs Dataset,Excellent
Japan,Tokyo,University of Tokyo,Information Science,Master,2.0,8900,76.4,1300,220,750,145.8,university of tokyo,university of tokyo,the university of tokyo,90.47619047619048,32,28,The University of Tokyo,Japan,Asia,L,FC,VH,A,100.0,7,99.8,9,89.3,89,57.3,215,10.1,701+,29.7,432,87.4,207,99.9,10,98.3,22,82.1,the university of tokyo,QS World University Rankings 2025,International Education Costs Dataset,High
Netherlands,Amsterdam,University of Amsterdam,Artificial Intelligence,Master,1.0,15800,73.2,1500,180,720,0.92,university of amsterdam,university of amsterdam,university of amsterdam,100.0,55,53,University of Amsterdam,Netherlands,Europe,XL,FC,VH,A,83.8,60,52.1,163,21.4,648,92.2,67,96.0,139,87.5,138,96.3,50,79.8,124,38.2,384=,73.7,university of amsterdam,QS World University Rankings 2025,International Education Costs Dataset,Excellent
Netherlands,Amsterdam,University of Amsterdam,Artificial Intelligence,Master,1.0,15800,73.2,1500,180,720,0.92,university of amsterdam,university of amsterdam,university of amsterdam,100.0,55,53,University of Amsterdam,Netherlands,Europe,XL,FC,VH,A,83.8,60,52.1,163,21.4,648,92.2,67,96.0,139,87.5,138,96.3,50,79.8,124,38.2,384=,73.7,university of amsterdam,QS World University Rankings 2025,International Education Costs Dataset,Excellent
Singapore,Singapore,National University of Singapore,Finance,Master,1.5,35000,81.1,1900,90,800,1.34,national university of singapore,national university of singapore,national university of singapore nus,94.11764705882352,8,8,National University of Singapore (NUS),Singapore,Asia,XL,FC,VH,A,99.5,15,91.1,48,68.8,189,93.1,61,100.0,41,88.9,129,91.6,146,100.0,6,97.7,26=,93.7,national university of singapore nus,QS World University Rankings 2025,International Education Costs Dataset,High
Singapore,Singapore,National University of Singapore,Finance,Master,1.5,35000,81.1,1900,90,800,1.34,national university of singapore,national university of singapore,national university of singapore nus,94.11764705882352,8,8,National University of Singapore (NUS),Singapore,Asia,XL,FC,VH,A,99.5,15,91.1,48,68.8,189,93.1,61,100.0,41,88.9,129,91.6,146,100.0,6,97.7,26=,93.7,national university of singapore nus,QS World University Rankings 2025,International Education Costs Dataset,High
France,Paris,Sorbonne University,International Relations,Master,2.0,4500,74.6,1400,99,650,0.92,sorbonne university,sorbonne university,sorbonne university,100.0,63,59,Sorbonne University,France,Europe,XL,FC,VH,A,87.2,49,52.0,166,43.0,363,72.3,144,33.8,471,46.7,315,99.8,4,79.7,125,87.6,111,70.3,sorbonne university,QS World University Rankings 2025,International Education Costs Dataset,Excellent
France,Paris,Sorbonne University,International Relations,Master,2.0,4500,74.6,1400,99,650,0.92,sorbonne university,sorbonne university,sorbonne university,100.0,63,59,Sorbonne University,France,Europe,XL,FC,VH,A,87.2,49,52.0,166,43.0,363,72.3,144,33.8,471,46.7,315,99.8,4,79.7,125,87.6,111,70.3,sorbonne university,QS World University Rankings 2025,International Education Costs Dataset,Excellent
France,Paris,Sorbonne University,International Relations,Master,2.0,4500,74.6,1400,99,650,0.92,sorbonne university,sorbonne university,sorbonne university,100.0,63,59,Sorbonne University,France,Europe,XL,FC,VH,A,87.2,49,52.0,166,43.0,363,72.3,144,33.8,471,46.7,315,99.8,4,79.7,125,87.6,111,70.3,sorbonne university,QS World University Rankings 2025,International Education Costs Dataset,Excellent
Switzerland,Zurich,ETH Zurich,Physics,Master,2.0,1460,91.5,2100,88,1200,0.89,eth zurich,eth zurich,,,,,,,,,,,,,,,,,,,,,,,,,,,,,,,,Not Matched,International Education Costs Dataset,Unmatched
Switzerland,Zurich,ETH Zurich,Physics,Master,2.0,1460,91.5,2100,88,1200,0.89,eth zurich,eth zurich,,,,,,,,,,,,,,,,,,,,,,,,,,,,,,,,Not Matched,International Education Costs Dataset,Unmatched
Sweden,Stockholm,KTH Royal Institute,Sustainable Technology,Master,2.0,0,71.8,1200,110,400,10.45,kth royal institute,kth royal institute,,,,,,,,,,,,,,,,,,,,,,,,,,,,,,,,Not Matched,International Education Costs Dataset,Unmatched
Sweden,Stockholm,KTH Royal Institute,Sustainable Technology,Master,2.0,0,71.8,1200,110,400,10.45,kth royal institute,kth royal institute,,,,,,,,,,,,,,,,,,,,,,,,,,,,,,,,Not Matched,International Education Costs Dataset,Unmatched
Denmark,Copenhagen,University of Copenhagen,Bioinformatics,Master,2.0,0,73.4,1300,120,450,6.92,university of copenhagen,university of copenhagen,university of copenhagen,100.0,100,107,University of Copenhagen,Denmark,Europe,XL,FC,VH,A,74.0,83,31.6,299,99.8,27,23.1,519,84.9,221,15.6,613,98.2,22,90.8,72,73.2,198=,59.6,university of copenhagen,QS World University Rankings 2025,International Education Costs Dataset,Excellent
Denmark,Copenhagen,University of Copenhagen,Bioinformatics,Master,2.0,0,73.4,1300,120,450,6.92,university of copenhagen,university of copenhagen,university of copenhagen,100.0,100,107,University of Copenhagen,Denmark,Europe,XL,FC,VH,A,74.0,83,31.6,299,99.8,27,23.1,519,84.9,221,15.6,613,98.2,22,90.8,72,73.2,198=,59.6,university of copenhagen,QS World University Rankings 2025,International Education Costs Dataset,Excellent
Denmark,Copenhagen,University of Copenhagen,Bioinformatics,Master,2.0,0,73.4,1300,120,450,6.92,university of copenhagen,university of copenhagen,university of copenhagen,100.0,100,107,University of Copenhagen,Denmark,Europe,XL,FC,VH,A,74.0,83,31.6,299,99.8,27,23.1,519,84.9,221,15.6,613,98.2,22,90.8,72,73.2,198=,59.6,university of copenhagen,QS World University Rankings 2025,International Education Costs Dataset,Excellent
Denmark,Copenhagen,University of Copenhagen,Bioinformatics,Master,2.0,0,73.4,1300,120,450,6.92,university of copenhagen,university of copenhagen,university of copenhagen,100.0,100,107,University of Copenhagen,Denmark,Europe,XL,FC,VH,A,74.0,83,31.6,299,99.8,27,23.1,519,84.9,221,15.6,613,98.2,22,90.8,72,73.2,198=,59.6,university of copenhagen,QS World University Rankings 2025,International Education Costs Dataset,Excellent
China,Beijing,Tsinghua University,Computer Engineering,Master,2.5,8900,52.3,800,140,400,7.18,tsinghua university,tsinghua university,tsinghua university,100.0,20,25,Tsinghua University,China (Mainland),Asia,XL,FC,VH,A,99.2,16,97.7,22,95.0,62,99.1,26,18.1,623,13.4,654,79.2,337,92.3,68,40.4,363=,86.5,tsinghua university,QS World University Rankings 2025,International Education Costs Dataset,Excellent
China,Beijing,Tsinghua University,Computer Engineering,Master,2.5,8900,52.3,800,140,400,7.18,tsinghua university,tsinghua university,tsinghua university,100.0,20,25,Tsinghua University,China (Mainland),Asia,XL,FC,VH,A,99.2,16,97.7,22,95.0,62,99.1,26,18.1,623,13.4,654,79.2,337,92.3,68,40.4,363=,86.5,tsinghua university,QS World University Rankings 2025,International Education Costs Dataset,Excellent
South Korea,Seoul,Seoul National University,Digital Media,Master,2.0,7200,68.7,900,130,500,1320.5,seoul national university,seoul national university,seoul national university,100.0,31,41,Seoul National University,South Korea,Asia,L,FC,VH,A,98.5,20,98.6,16,83.1,117,71.7,151,10.5,701+,16.9,586,73.2,435,100.0,4,96.0,46=,82.3,seoul national university,QS World University Rankings 2025,International Education Costs Dataset,Excellent
South Korea,Seoul,Seoul National University,Digital Media,Master,2.0,7200,68.7,900,130,500,1320.5,seoul national university,seoul national university,seoul national university,100.0,31,41,Seoul National University,South Korea,Asia,L,FC,VH,A,98.5,20,98.6,16,83.1,117,71.7,151,10.5,701+,16.9,586,73.2,435,100.0,4,96.0,46=,82.3,seoul national university,QS World University Rankings 2025,International Education Costs Dataset,Excellent
Ireland,Dublin,Trinity College Dublin,Data Analytics,Master,1.0,28900,72.9,1600,150,650,0.92,trinity college dublin,trinity college dublin,,,,,,,,,,,,,,,,,,,,,,,,,,,,,,,,Not Matched,International Education Costs Dataset,Unmatched
Ireland,Dublin,Trinity College Dublin,Data Analytics,Master,1.0,28900,72.9,1600,150,650,0.92,trinity college dublin,trinity college dublin,,,,,,,,,,,,,,,,,,,,,,,,,,,,,,,,Not Matched,International Education Costs Dataset,Unmatched
South Korea,Busan,Pusan National University,Business,Bachelor,4.0,5900,62.4,700,130,500,1320.5,pusan national university,pusan national university,pusan national university,100.0,524,611-620,Pusan National University,South Korea,Asia,L,FC,VH,A,18.7,482,16.5,516,43.5,359,19.5,562,10.5,701+,13.7,646,57.7,657,13.8,700,65.0,241=,23.4,pusan national university,QS World University Rankings 2025,International Education Costs Dataset,Excellent
South Korea,Busan,Pusan National University,Business,Bachelor,4.0,5900,62.4,700,130,500,1320.5,pusan national university,pusan national university,pusan national university,100.0,524,611-620,Pusan National University,South Korea,Asia,L,FC,VH,A,18.7,482,16.5,516,43.5,359,19.5,562,10.5,701+,13.7,646,57.7,657,13.8,700,65.0,241=,23.4,pusan national university,QS World University Rankings 2025,International Education Costs Dataset,Excellent
New Zealand,Auckland,University of Auckland,Marine Biology,Bachelor,3.0,28500,69.8,1200,245,600,1.64,university of auckland,university of auckland,the university of auckland,91.66666666666666,65,68,The University of Auckland,New Zealand,Oceania,XL,FC,VH,A,82.2,65,44.7,205,15.5,701+,66.9,166,100.0,76,84.0,156,87.4,206,92.9,64,99.7,5,69.7,the university of auckland,QS World University Rankings 2025,International Education Costs Dataset,High
New Zealand,Auckland,University of Auckland,Marine Biology,Bachelor,3.0,28500,69.8,1200,245,600,1.64,university of auckland,university of auckland,the university of auckland,91.66666666666666,65,68,The University of Auckland,New Zealand,Oceania,XL,FC,VH,A,82.2,65,44.7,205,15.5,701+,66.9,166,100.0,76,84.0,156,87.4,206,92.9,64,99.7,5,69.7,the university of auckland,QS World University Rankings 2025,International Education Costs Dataset,High
Austria,Vienna,University of Vienna,Social Sciences,Bachelor,3.0,1500,67.4,950,160,500,0.92,university of vienna,university of vienna,university of vienna,100.0,137,130,University of Vienna,Austria,Europe,XL,FC,VH,A,70.9,89,40.4,235,23.2,619,13.0,667,100.0,70,92.0,109,96.0,57,89.7,78,60.9,265,53.9,university of vienna,QS World University Rankings 2025,International Education Costs Dataset,Excellent
Belgium,Brussels,KU Leuven,Biomedical Sciences,Bachelor,3.0,3500,68.9,1000,180,550,0.92,ku leuven,ku leuven,ku leuven,100.0,63,61,KU Leuven,Belgium,Europe,XL,FC,VH,A,84.6,55,49.6,181,7.1,701+,91.0,72,93.8,163,47.7,305,99.5,8,75.3,139,51.2,313=,70.3,ku leuven,QS World University Rankings 2025,International Education Costs Dataset,Excellent
Belgium,Brussels,KU Leuven,Biomedical Sciences,Bachelor,3.0,3500,68.9,1000,180,550,0.92,ku leuven,ku leuven,ku leuven,100.0,63,61,KU Leuven,Belgium,Europe,XL,FC,VH,A,84.6,55,49.6,181,7.1,701+,91.0,72,93.8,163,47.7,305,99.5,8,75.3,139,51.2,313=,70.3,ku leuven,QS World University Rankings 2025,International Education Costs Dataset,Excellent
USA,Ann Arbor,University of Michigan,Aerospace Engineering,Bachelor,4.0,52300,72.5,1800,160,1500,1.0,university of michigan,university of michigan,university of milan,87.8048780487805,285,276,University of Milan,Italy,Europe,XL,FC,VH,A,52.8,152,17.0,505,6.4,701+,39.6,356,6.5,701+,6.8,701+,85.5,239,44.1,290,74.8,190=,37.2,university of milan,QS World University Rankings 2025,International Education Costs Dataset,Medium
USA,Ann Arbor,University of Michigan,Aerospace Engineering,Bachelor,4.0,52300,72.5,1800,160,1500,1.0,university of michigan,university of michigan,university of milan,87.8048780487805,285,276,University of Milan,Italy,Europe,XL,FC,VH,A,52.8,152,17.0,505,6.4,701+,39.6,356,6.5,701+,6.8,701+,85.5,239,44.1,290,74.8,190=,37.2,university of milan,QS World University Rankings 2025,International Education Costs Dataset,Medium
USA,Atlanta,Georgia Tech,Industrial Engineering,Bachelor,4.0,43800,71.5,1700,160,1500,1.0,georgia technology,georgia technology,,,,,,,,,,,,,,,,,,,,,,,,,,,,,,,,Not Matched,International Education Costs Dataset,Unmatched
USA,Atlanta,Georgia Tech,Industrial Engineering,Bachelor,4.0,43800,71.5,1700,160,1500,1.0,georgia technology,georgia technology,,,,,,,,,,,,,,,,,,,,,,,,,,,,,,,,Not Matched,International Education Costs Dataset,Unmatched
USA,Atlanta,Georgia Tech,Industrial Engineering,Bachelor,4.0,43800,71.5,1700,160,1500,1.0,georgia technology,georgia technology,,,,,,,,,,,,,,,,,,,,,,,,,,,,,,,,Not Matched,International Education Costs Dataset,Unmatched
USA,Atlanta,Georgia Tech,Industrial Engineering,Bachelor,4.0,43800,71.5,1700,160,1500,1.0,georgia technology,georgia technology,,,,,,,,,,,,,,,,,,,,,,,,,,,,,,,,Not Matched,International Education Costs Dataset,Unmatched
USA,Austin,UT Austin,Chemical Engineering,Bachelor,4.0,40900,72.4,1600,160,1500,1.0,ut austin,ut austin,,,,,,,,,,,,,,,,,,,,,,,,,,,,,,,,Not Matched,International Education Costs Dataset,Unmatched
USA,Austin,UT Austin,Chemical Engineering,Bachelor,4.0,40900,72.4,1600,160,1500,1.0,ut austin,ut austin,,,,,,,,,,,,,,,,,,,,,,,,,,,,,,,,Not Matched,International Education Costs Dataset,Unmatched
USA,Austin,UT Austin,Chemical Engineering,Bachelor,4.0,40900,72.4,1600,160,1500,1.0,ut austin,ut austin,,,,,,,,,,,,,,,,,,,,,,,,,,,,,,,,Not Matched,International Education Costs Dataset,Unmatched
USA,Austin,UT Austin,Chemical Engineering,Bachelor,4.0,40900,72.4,1600,160,1500,1.0,ut austin,ut austin,,,,,,,,,,,,,,,,,,,,,,,,,,,,,,,,Not Matched,International Education Costs Dataset,Unmatched
UK,Bristol,University of Bristol,Mathematics,Bachelor,3.0,31200,69.8,1100,485,800,0.79,university of bristol,university of bristol,university of bristol,100.0,54,55,University of Bristol,United Kingdom,Europe,L,FC,VH,A,75.8,78,82.5,69,36.7,437,75.9,134,87.5,206,89.8,121,94.6,84,51.2,250,98.9,17,75.4,university of bristol,QS World University Rankings 2025,International Education Costs Dataset,Excellent
UK,Bristol,University of Bristol,Mathematics,Bachelor,3.0,31200,69.8,1100,485,800,0.79,university of bristol,university of bristol,university of bristol,100.0,54,55,University of Bristol,United Kingdom,Europe,L,FC,VH,A,75.8,78,82.5,69,36.7,437,75.9,134,87.5,206,89.8,121,94.6,84,51.2,250,98.9,17,75.4,university of bristol,QS World University Rankings 2025,International Education Costs Dataset,Excellent
UK,Bristol,University of Bristol,Mathematics,Bachelor,3.0,31200,69.8,1100,485,800,0.79,university of bristol,university of bristol,university of bristol,100.0,54,55,University of Bristol,United Kingdom,Europe,L,FC,VH,A,75.8,78,82.5,69,36.7,437,75.9,134,87.5,206,89.8,121,94.6,84,51.2,250,98.9,17,75.4,university of bristol,QS World University Rankings 2025,International Education Costs Dataset,Excellent
UK,Bristol,University of Bristol,Mathematics,Bachelor,3.0,31200,69.8,1100,485,800,0.79,university of bristol,university of bristol,university of bristol,100.0,54,55,University of Bristol,United Kingdom,Europe,L,FC,VH,A,75.8,78,82.5,69,36.7,437,75.9,134,87.5,206,89.8,121,94.6,84,51.2,250,98.9,17,75.4,university of bristol,QS World University Rankings 2025,International Education Costs Dataset,Excellent
Canada,Ottawa,University of Ottawa,Political Science,Bachelor,4.0,28900,68.5,1300,235,900,1.35,university of ottawa,university of ottawa,university of ottawa,100.0,189,203,University of Ottawa,Canada,Americas,XL,FC,VH,A,26.2,340,23.3,406,3.5,701+,81.3,106,91.7,179,77.8,181,93.0,119,39.8,323,92.9,72,47.3,university of ottawa,QS World University Rankings 2025,International Education Costs Dataset,Excellent
Canada,Ottawa,University of Ottawa,Political Science,Bachelor,4.0,28900,68.5,1300,235,900,1.35,university of ottawa,university of ottawa,university of ottawa,100.0,189,203,University of Ottawa,Canada,Americas,XL,FC,VH,A,26.2,340,23.3,406,3.5,701+,81.3,106,91.7,179,77.8,181,93.0,119,39.8,323,92.9,72,47.3,university of ottawa,QS World University Rankings 2025,International Education Costs Dataset,Excellent
Canada,Ottawa,University of Ottawa,Political Science,Bachelor,4.0,28900,68.5,1300,235,900,1.35,university of ottawa,university of ottawa,university of ottawa,100.0,189,203,University of Ottawa,Canada,Americas,XL,FC,VH,A,26.2,340,23.3,406,3.5,701+,81.3,106,91.7,179,77.8,181,93.0,119,39.8,323,92.9,72,47.3,university of ottawa,QS World University Rankings 2025,International Education Costs Dataset,Excellent
Canada,Ottawa,University of Ottawa,Political Science,Bachelor,4.0,28900,68.5,1300,235,900,1.35,university of ottawa,university of ottawa,university of ottawa,100.0,189,203,University of Ottawa,Canada,Americas,XL,FC,VH,A,26.2,340,23.3,406,3.5,701+,81.3,106,91.7,179,77.8,181,93.0,119,39.8,323,92.9,72,47.3,university of ottawa,QS World University Rankings 2025,International Education Costs Dataset,Excellent
Hong Kong,Hong Kong,HKUST,Finance,Bachelor,4.0,22000,78.6,1500,120,600,7.82,hkust,hkust,,,,,,,,,,,,,,,,,,,,,,,,,,,,,,,,Not Matched,International Education Costs Dataset,Unmatched
Portugal,Lisbon,University of Lisbon,Architecture,Bachelor,3.0,3500,58.4,800,120,450,0.92,university of lisbon,university of lisbon,university of lisbon,100.0,260,266,University of Lisbon,Portugal,Europe,XL,FC,VH,A,44.0,193,20.7,443,10.7,701+,36.5,376,9.0,701+,39.4,356,98.2,23,94.0,57,70.9,217=,39.6,university of lisbon,QS World University Rankings 2025,International Education Costs Dataset,Excellent
Portugal,Lisbon,University of Lisbon,Architecture,Bachelor,3.0,3500,58.4,800,120,450,0.92,university of lisbon,university of lisbon,university of lisbon,100.0,260,266,University of Lisbon,Portugal,Europe,XL,FC,VH,A,44.0,193,20.7,443,10.7,701+,36.5,376,9.0,701+,39.4,356,98.2,23,94.0,57,70.9,217=,39.6,university of lisbon,QS World University Rankings 2025,International Education Costs Dataset,Excellent
Israel,Tel Aviv,Tel Aviv University,Computer Science,Bachelor,3.0,12000,76.2,1200,150,800,3.72,tel aviv university,tel aviv university,tel aviv university,100.0,209,215,Tel Aviv University,Israel,Asia,L,FC,VH,A,32.0,275,18.6,474,4.2,701+,99.4,20,39.7,419,7.0,701+,77.9,362,88.4,85,46.2,334=,45.2,tel aviv university,QS World University Rankings 2025,International Education Costs Dataset,Excellent
Taiwan,Taipei,National Taiwan University,Electronics Engineering,Bachelor,4.0,5200,62.8,700,140,450,31.2,national taiwan university,national taiwan university,national taiwan university ntu,92.85714285714286,68,69,National Taiwan University (NTU),Taiwan,Asia,XL,FC,VH,A,93.4,39,92.1,44,25.5,583,44.3,310,16.7,644,27.4,451,71.5,459,99.9,11,90.0,94=,68.7,national taiwan university ntu,QS World University Rankings 2025,International Education Costs Dataset,High
Czech Republic,Prague,Charles University,Medicine,Bachelor,3.0,9800,54.6,650,100,400,22.5,charles university,charles university,charles university,100.0,246,248,Charles University,Czech Republic,Europe,XL,FC,VH,A,45.6,182,49.1,183,32.2,491,8.0,701+,25.0,535,50.5,291,96.3,51,65.5,178,77.4,173=,41,charles university,QS World University Rankings 2025,International Education Costs Dataset,Excellent
USA,Stanford,Stanford University,Computer Science,PhD,5.0,54200,89.5,2300,160,1500,1.0,stanford university,stanford university,stanford university,100.0,6,5,Stanford University,United States,Americas,L,FC,VH,B,100.0,5,100.0,3,100.0,12,99.0,27,70.3,284,60.8,244,96.8,45,100.0,2,81.2,148=,96.1,stanford university,QS World University Rankings 2025,International Education Costs Dataset,Excellent
USA,Stanford,Stanford University,Computer Science,PhD,5.0,54200,89.5,2300,160,1500,1.0,stanford university,stanford university,stanford university,100.0,6,5,Stanford University,United States,Americas,L,FC,VH,B,100.0,5,100.0,3,100.0,12,99.0,27,70.3,284,60.8,244,96.8,45,100.0,2,81.2,148=,96.1,stanford university,QS World University Rankings 2025,International Education Costs Dataset,Excellent
USA,Stanford,Stanford University,Computer Science,PhD,5.0,54200,89.5,2300,160,1500,1.0,stanford university,stanford university,stanford university,100.0,6,5,Stanford University,United States,Americas,L,FC,VH,B,100.0,5,100.0,3,100.0,12,99.0,27,70.3,284,60.8,244,96.8,45,100.0,2,81.2,148=,96.1,stanford university,QS World University Rankings 2025,International Education Costs Dataset,Excellent
USA,Stanford,Stanford University,Computer Science,PhD,5.0,54200,89.5,2300,160,1500,1.0,stanford university,stanford university,stanford university,100.0,6,5,Stanford University,United States,Americas,L,FC,VH,B,100.0,5,100.0,3,100.0,12,99.0,27,70.3,284,60.8,244,96.8,45,100.0,2,81.2,148=,96.1,stanford university,QS World University Rankings 2025,International Education Costs Dataset,Excellent
USA,Stanford,Stanford University,Computer Science,PhD,5.0,54200,89.5,2300,160,1500,1.0,stanford university,stanford university,stanford university,100.0,6,5,Stanford University,United States,Americas,L,FC,VH,B,100.0,5,100.0,3,100.0,12,99.0,27,70.3,284,60.8,244,96.8,45,100.0,2,81.2,148=,96.1,stanford university,QS World University Rankings 2025,International Education Costs Dataset,Excellent
USA,Boston,MIT,Electrical Engineering,PhD,5.0,53800,83.2,2200,160,1500,1.0,mit,mit,,,,,,,,,,,,,,,,,,,,,,,,,,,,,,,,Not Matched,International Education Costs Dataset,Unmatched
USA,Boston,MIT,Electrical Engineering,PhD,5.0,53800,83.2,2200,160,1500,1.0,mit,mit,,,,,,,,,,,,,,,,,,,,,,,,,,,,,,,,Not Matched,International Education Costs Dataset,Unmatched
USA,Boston,MIT,Electrical Engineering,PhD,5.0,53800,83.2,2200,160,1500,1.0,mit,mit,,,,,,,,,,,,,,,,,,,,,,,,,,,,,,,,Not Matched,International Education Costs Dataset,Unmatched
UK,Oxford,University of Oxford,Biomedical Sciences,PhD,4.0,29800,74.5,1600,485,800,0.79,university of oxford,university of oxford,university of oxford,100.0,3,3,University of Oxford,United Kingdom,Europe,L,FC,VH,A,100.0,2,100.0,5,100.0,8,84.8,93,98.1,120,97.7,73,100.0,1,100.0,3,85.0,126,96.9,university of oxford,QS World University Rankings 2025,International Education Costs Dataset,Excellent
UK,Oxford,University of Oxford,Biomedical Sciences,PhD,4.0,29800,74.5,1600,485,800,0.79,university of oxford,university of oxford,university of oxford,100.0,3,3,University of Oxford,United Kingdom,Europe,L,FC,VH,A,100.0,2,100.0,5,100.0,8,84.8,93,98.1,120,97.7,73,100.0,1,100.0,3,85.0,126,96.9,university of oxford,QS World University Rankings 2025,International Education Costs Dataset,Excellent
UK,Oxford,University of Oxford,Biomedical Sciences,PhD,4.0,29800,74.5,1600,485,800,0.79,university of oxford,university of oxford,university of oxford,100.0,3,3,University of Oxford,United Kingdom,Europe,L,FC,VH,A,100.0,2,100.0,5,100.0,8,84.8,93,98.1,120,97.7,73,100.0,1,100.0,3,85.0,126,96.9,university of oxford,QS World University Rankings 2025,International Education Costs Dataset,Excellent
UK,Oxford,University of Oxford,Biomedical Sciences,PhD,4.0,29800,74.5,1600,485,800,0.79,university of oxford,university of oxford,university of oxford,100.0,3,3,University of Oxford,United Kingdom,Europe,L,FC,VH,A,100.0,2,100.0,5,100.0,8,84.8,93,98.1,120,97.7,73,100.0,1,100.0,3,85.0,126,96.9,university of oxford,QS World University Rankings 2025,International Education Costs Dataset,Excellent
UK,Cambridge,University of Cambridge,Physics,PhD,4.0,31200,75.2,1700,485,800,0.79,university of cambridge,university of cambridge,university of cambridge,100.0,5,2,University of Cambridge,United Kingdom,Europe,L,FC,VH,A,100.0,3,100.0,4,100.0,17,84.6,96,100.0,73,94.8,98,99.3,10,100.0,5,84.8,127=,96.7,university of cambridge,QS World University Rankings 2025,International Education Costs Dataset,Excellent
UK,Cambridge,University of Cambridge,Physics,PhD,4.0,31200,75.2,1700,485,800,0.79,university of cambridge,university of cambridge,university of cambridge,100.0,5,2,University of Cambridge,United Kingdom,Europe,L,FC,VH,A,100.0,3,100.0,4,100.0,17,84.6,96,100.0,73,94.8,98,99.3,10,100.0,5,84.8,127=,96.7,university of cambridge,QS World University Rankings 2025,International Education Costs Dataset,Excellent
UK,Cambridge,University of Cambridge,Physics,PhD,4.0,31200,75.2,1700,485,800,0.79,university of cambridge,university of cambridge,university of cambridge,100.0,5,2,University of Cambridge,United Kingdom,Europe,L,FC,VH,A,100.0,3,100.0,4,100.0,17,84.6,96,100.0,73,94.8,98,99.3,10,100.0,5,84.8,127=,96.7,university of cambridge,QS World University Rankings 2025,International Education Costs Dataset,Excellent
Germany,Heidelberg,Heidelberg University,Molecular Biology,PhD,3.0,500,68.4,900,75,550,0.92,heidelberg university,heidelberg university,,,,,,,,,,,,,,,,,,,,,,,,,,,,,,,,Not Matched,International Education Costs Dataset,Unmatched
Germany,Heidelberg,Heidelberg University,Molecular Biology,PhD,3.0,500,68.4,900,75,550,0.92,heidelberg university,heidelberg university,,,,,,,,,,,,,,,,,,,,,,,,,,,,,,,,Not Matched,International Education Costs Dataset,Unmatched
Switzerland,Basel,ETH Basel,Pharmaceutical Sciences,PhD,4.0,1500,88.6,1800,88,1200,0.89,eth basel,eth basel,,,,,,,,,,,,,,,,,,,,,,,,,,,,,,,,Not Matched,International Education Costs Dataset,Unmatched
Netherlands,Delft,TU Delft,Robotics,PhD,4.0,4800,71.8,1200,180,720,0.92,tu delft,tu delft,,,,,,,,,,,,,,,,,,,,,,,,,,,,,,,,Not Matched,International Education Costs Dataset,Unmatched
Netherlands,Delft,TU Delft,Robotics,PhD,4.0,4800,71.8,1200,180,720,0.92,tu delft,tu delft,,,,,,,,,,,,,,,,,,,,,,,,,,,,,,,,Not Matched,International Education Costs Dataset,Unmatched
Singapore,Singapore,NTU Singapore,Data Science,PhD,4.0,8900,81.5,1600,90,800,1.34,ntu singapore,ntu singapore,,,,,,,,,,,,,,,,,,,,,,,,,,,,,,,,Not Matched,International Education Costs Dataset,Unmatched
Canada,Waterloo,University of Waterloo,Quantum Computing,PhD,4.0,21500,69.8,1300,235,900,1.35,university of waterloo,university of waterloo,university of waterloo,100.0,115,112,University of Waterloo,Canada,Americas,XL,CO,VH,A,40.4,211,64.2,124,6.5,701+,78.9,118,75.8,257,71.3,206,84.6,256,58.9,209,93.3,68=,57.2,university of waterloo,QS World University Rankings 2025,International Education Costs Dataset,Excellent
Canada,Waterloo,University of Waterloo,Quantum Computing,PhD,4.0,21500,69.8,1300,235,900,1.35,university of waterloo,university of waterloo,university of waterloo,100.0,115,112,University of Waterloo,Canada,Americas,XL,CO,VH,A,40.4,211,64.2,124,6.5,701+,78.9,118,75.8,257,71.3,206,84.6,256,58.9,209,93.3,68=,57.2,university of waterloo,QS World University Rankings 2025,International Education Costs Dataset,Excellent
Canada,Waterloo,University of Waterloo,Quantum Computing,PhD,4.0,21500,69.8,1300,235,900,1.35,university of waterloo,university of waterloo,university of waterloo,100.0,115,112,University of Waterloo,Canada,Americas,XL,CO,VH,A,40.4,211,64.2,124,6.5,701+,78.9,118,75.8,257,71.3,206,84.6,256,58.9,209,93.3,68=,57.2,university of waterloo,QS World University Rankings 2025,International Education Costs Dataset,Excellent
Australia,Canberra,Australian National University,Climate Science,PhD,4.0,29800,70.2,1400,450,650,1.52,australian national university,australian national university,the australian national university,93.75,30,34,The Australian National University,Australia,Oceania,L,FC,VH,A,93.8,36,75.4,85,34.6,457,84.6,97,100.0,52,96.2,89,91.4,151,56.6,216,97.1,30=,82.4,the australian national university,QS World University Rankings 2025,International Education Costs Dataset,High
Australia,Canberra,Australian National University,Climate Science,PhD,4.0,29800,70.2,1400,450,650,1.52,australian national university,australian national university,the australian national university,93.75,30,34,The Australian National University,Australia,Oceania,L,FC,VH,A,93.8,36,75.4,85,34.6,457,84.6,97,100.0,52,96.2,89,91.4,151,56.6,216,97.1,30=,82.4,the australian national university,QS World University Rankings 2025,International Education Costs Dataset,High
Australia,Canberra,Australian National University,Climate Science,PhD,4.0,29800,70.2,1400,450,650,1.52,australian national university,australian national university,the australian national university,93.75,30,34,The Australian National University,Australia,Oceania,L,FC,VH,A,93.8,36,75.4,85,34.6,457,84.6,97,100.0,52,96.2,89,91.4,151,56.6,216,97.1,30=,82.4,the australian national university,QS World University Rankings 2025,International Education Costs Dataset,High
Australia,Canberra,Australian National University,Climate Science,PhD,4.0,29800,70.2,1400,450,650,1.52,australian national university,australian national university,the australian national university,93.75,30,34,The Australian National University,Australia,Oceania,L,FC,VH,A,93.8,36,75.4,85,34.6,457,84.6,97,100.0,52,96.2,89,91.4,151,56.6,216,97.1,30=,82.4,the australian national university,QS World University Rankings 2025,International Education Costs Dataset,High
Australia,Canberra,Australian National University,Climate Science,PhD,4.0,29800,70.2,1400,450,650,1.52,australian national university,australian national university,the australian national university,93.75,30,34,The Australian National University,Australia,Oceania,L,FC,VH,A,93.8,36,75.4,85,34.6,457,84.6,97,100.0,52,96.2,89,91.4,151,56.6,216,97.1,30=,82.4,the australian national university,QS World University Rankings 2025,International Education Costs Dataset,High
Sweden,Lund,Lund University,Neuroscience,PhD,4.0,0,69.5,1000,110,400,10.45,lund university,lund university,lund university,100.0,75,85,Lund University,Sweden,Europe,L,FC,VH,A,68.3,96,52.5,160,55.5,271,44.6,309,97.4,124,73.4,198,96.7,48,86.5,95,99.6,8,65.6,lund university,QS World University Rankings 2025,International Education Costs Dataset,Excellent
Sweden,Lund,Lund University,Neuroscience,PhD,4.0,0,69.5,1000,110,400,10.45,lund university,lund university,lund university,100.0,75,85,Lund University,Sweden,Europe,L,FC,VH,A,68.3,96,52.5,160,55.5,271,44.6,309,97.4,124,73.4,198,96.7,48,86.5,95,99.6,8,65.6,lund university,QS World University Rankings 2025,International Education Costs Dataset,Excellent
USA,San Diego,UC San Diego,Computer Science,Bachelor,4.0,44200,79.5,1900,160,1500,1.0,uc san diego,uc san diego,,,,,,,,,,,,,,,,,,,,,,,,,,,,,,,,Not Matched,International Education Costs Dataset,Unmatched
USA,San Diego,UC San Diego,Computer Science,Bachelor,4.0,44200,79.5,1900,160,1500,1.0,uc san diego,uc san diego,,,,,,,,,,,,,,,,,,,,,,,,,,,,,,,,Not Matched,International Education Costs Dataset,Unmatched
USA,San Diego,UC San Diego,Computer Science,Bachelor,4.0,44200,79.5,1900,160,1500,1.0,uc san diego,uc san diego,,,,,,,,,,,,,,,,,,,,,,,,,,,,,,,,Not Matched,International Education Costs Dataset,Unmatched
USA,Seattle,University of Washington,Computer Science,Master,2.0,38900,83.4,2000,160,1500,1.0,university of washington,university of washington,university of washington,100.0,76,63,University of Washington,United States,Americas,XL,FC,VH,A,81.9,66,55.5,150,28.6,542,78.8,119,11.0,701+,32.8,407,95.6,67,68.7,170,66.5,235,65.3,university of washington,QS World University Rankings 2025,International Education Costs Dataset,Excellent
USA,Seattle,University of Washington,Computer Science,Master,2.0,38900,83.4,2000,160,1500,1.0,university of washington,university of washington,university of washington,100.0,76,63,University of Washington,United States,Americas,XL,FC,VH,A,81.9,66,55.5,150,28.6,542,78.8,119,11.0,701+,32.8,407,95.6,67,68.7,170,66.5,235,65.3,university of washington,QS World University Rankings 2025,International Education Costs Dataset,Excellent
USA,Seattle,University of Washington,Computer Science,Master,2.0,38900,83.4,2000,160,1500,1.0,university of washington,university of washington,university of washington,100.0,76,63,University of Washington,United States,Americas,XL,FC,VH,A,81.9,66,55.5,150,28.6,542,78.8,119,11.0,701+,32.8,407,95.6,67,68.7,170,66.5,235,65.3,university of washington,QS World University Rankings 2025,International Education Costs Dataset,Excellent
USA,Seattle,University of Washington,Computer Science,Master,2.0,38900,83.4,2000,160,1500,1.0,university of washington,university of washington,university of washington,100.0,76,63,University of Washington,United States,Americas,XL,FC,VH,A,81.9,66,55.5,150,28.6,542,78.8,119,11.0,701+,32.8,407,95.6,67,68.7,170,66.5,235,65.3,university of washington,QS World University Rankings 2025,International Education Costs Dataset,Excellent
USA,Seattle,University of Washington,Computer Science,Master,2.0,38900,83.4,2000,160,1500,1.0,university of washington,university of washington,university of washington,100.0,76,63,University of Washington,United States,Americas,XL,FC,VH,A,81.9,66,55.5,150,28.6,542,78.8,119,11.0,701+,32.8,407,95.6,67,68.7,170,66.5,235,65.3,university of washington,QS World University Rankings 2025,International Education Costs Dataset,Excellent
USA,Seattle,University of Washington,Computer Science,Master,2.0,38900,83.4,2000,160,1500,1.0,university of washington,university of washington,university of washington,100.0,76,63,University of Washington,United States,Americas,XL,FC,VH,A,81.9,66,55.5,150,28.6,542,78.8,119,11.0,701+,32.8,407,95.6,67,68.7,170,66.5,235,65.3,university of washington,QS World University Rankings 2025,International Education Costs Dataset,Excellent
Canada,Edmonton,University of Alberta,Computer Science,PhD,4.0,22800,67.8,1200,235,900,1.35,university of alberta,university of alberta,university of alberta,100.0,96,111,University of Alberta,Canada,Americas,XL,FC,VH,A,57.0,136,42.2,222,39.1,400,61.3,194,98.3,116,71.0,207,96.0,55,70.0,159,97.6,28,61.2,university of alberta,QS World University Rankings 2025,International Education Costs Dataset,Excellent
Canada,Edmonton,University of Alberta,Computer Science,PhD,4.0,22800,67.8,1200,235,900,1.35,university of alberta,university of alberta,university of alberta,100.0,96,111,University of Alberta,Canada,Americas,XL,FC,VH,A,57.0,136,42.2,222,39.1,400,61.3,194,98.3,116,71.0,207,96.0,55,70.0,159,97.6,28,61.2,university of alberta,QS World University Rankings 2025,International Education Costs Dataset,Excellent
Canada,Edmonton,University of Alberta,Computer Science,PhD,4.0,22800,67.8,1200,235,900,1.35,university of alberta,university of alberta,university of alberta,100.0,96,111,University of Alberta,Canada,Americas,XL,FC,VH,A,57.0,136,42.2,222,39.1,400,61.3,194,98.3,116,71.0,207,96.0,55,70.0,159,97.6,28,61.2,university of alberta,QS World University Rankings 2025,International Education Costs Dataset,Excellent
Canada,Edmonton,University of Alberta,Computer Science,PhD,4.0,22800,67.8,1200,235,900,1.35,university of alberta,university of alberta,university of alberta,100.0,96,111,University of Alberta,Canada,Americas,XL,FC,VH,A,57.0,136,42.2,222,39.1,400,61.3,194,98.3,116,71.0,207,96.0,55,70.0,159,97.6,28,61.2,university of alberta,QS World University Rankings 2025,International Education Costs Dataset,Excellent
UK,Glasgow,University of Glasgow,Computer Science,Master,1.0,33500,67.5,1100,485,800,0.79,university of glasgow,university of glasgow,university of glasgow,100.0,78,76,University of Glasgow,United Kingdom,Europe,XL,FC,VH,A,77.4,75,67.7,110,38.0,418,32.5,405,95.7,141,99.4,49,97.6,30,33.5,378,98.5,20,65,university of glasgow,QS World University Rankings 2025,International Education Costs Dataset,Excellent
UK,Glasgow,University of Glasgow,Computer Science,Master,1.0,33500,67.5,1100,485,800,0.79,university of glasgow,university of glasgow,university of glasgow,100.0,78,76,University of Glasgow,United Kingdom,Europe,XL,FC,VH,A,77.4,75,67.7,110,38.0,418,32.5,405,95.7,141,99.4,49,97.6,30,33.5,378,98.5,20,65,university of glasgow,QS World University Rankings 2025,International Education Costs Dataset,Excellent
UK,Glasgow,University of Glasgow,Computer Science,Master,1.0,33500,67.5,1100,485,800,0.79,university of glasgow,university of glasgow,university of glasgow,100.0,78,76,University of Glasgow,United Kingdom,Europe,XL,FC,VH,A,77.4,75,67.7,110,38.0,418,32.5,405,95.7,141,99.4,49,97.6,30,33.5,378,98.5,20,65,university of glasgow,QS World University Rankings 2025,International Education Costs Dataset,Excellent
UK,Glasgow,University of Glasgow,Computer Science,Master,1.0,33500,67.5,1100,485,800,0.79,university of glasgow,university of glasgow,university of glasgow,100.0,78,76,University of Glasgow,United Kingdom,Europe,XL,FC,VH,A,77.4,75,67.7,110,38.0,418,32.5,405,95.7,141,99.4,49,97.6,30,33.5,378,98.5,20,65,university of glasgow,QS World University Rankings 2025,International Education Costs Dataset,Excellent
India,Bangalore,Indian Institute of Science,Computer Science,Master,2.0,2500,45.6,500,200,300,83.2,indian institute of science,indian institute of science,indian institute of science,100.0,211,225,Indian Institute of Science,India,Asia,S,SP,VH,A,45.7,181,26.3,362,37.9,419,99.9,11,3.7,701+,1.5,701+,39.1,701+,13.1,701+,23.7,500=,45,indian institute of science,QS World University Rankings 2025,International Education Costs Dataset,Excellent
India,Bangalore,Indian Institute of Science,Computer Science,Master,2.0,2500,45.6,500,200,300,83.2,indian institute of science,indian institute of science,indian institute of science,100.0,211,225,Indian Institute of Science,India,Asia,S,SP,VH,A,45.7,181,26.3,362,37.9,419,99.9,11,3.7,701+,1.5,701+,39.1,701+,13.1,701+,23.7,500=,45,indian institute of science,QS World University Rankings 2025,International Education Costs Dataset,Excellent
Denmark,Aalborg,Aalborg University,Computer Science,Bachelor,3.0,0,69.8,900,120,450,6.92,aalborg university,aalborg university,aalborg university,100.0,306,336,Aalborg University,Denmark,Europe,L,FC,VH,A,19.9,450,20.8,439,25.5,580,53.2,241,77.3,250,14.9,627,92.1,134,23.3,486,75.6,183,35.7,aalborg university,QS World University Rankings 2025,International Education Costs Dataset,Excellent
Denmark,Aalborg,Aalborg University,Computer Science,Bachelor,3.0,0,69.8,900,120,450,6.92,aalborg university,aalborg university,aalborg university,100.0,306,336,Aalborg University,Denmark,Europe,L,FC,VH,A,19.9,450,20.8,439,25.5,580,53.2,241,77.3,250,14.9,627,92.1,134,23.3,486,75.6,183,35.7,aalborg university,QS World University Rankings 2025,International Education Costs Dataset,Excellent
Denmark,Aalborg,Aalborg University,Computer Science,Bachelor,3.0,0,69.8,900,120,450,6.92,aalborg university,aalborg university,aalborg university,100.0,306,336,Aalborg University,Denmark,Europe,L,FC,VH,A,19.9,450,20.8,439,25.5,580,53.2,241,77.3,250,14.9,627,92.1,134,23.3,486,75.6,183,35.7,aalborg university,QS World University Rankings 2025,International Education Costs Dataset,Excellent
Poland,Warsaw,University of Warsaw,Computer Science,Master,2.0,3800,51.2,650,80,350,4.02,university of warsaw,university of warsaw,university of warsaw,100.0,258,262,University of Warsaw,Poland,Europe,XL,CO,VH,A,50.0,163,53.6,158,46.4,330,5.5,701+,10.5,701+,8.4,701+,84.1,262,60.0,203,69.8,222,39.8,university of warsaw,QS World University Rankings 2025,International Education Costs Dataset,Excellent
Poland,Warsaw,University of Warsaw,Computer Science,Master,2.0,3800,51.2,650,80,350,4.02,university of warsaw,university of warsaw,university of warsaw,100.0,258,262,University of Warsaw,Poland,Europe,XL,CO,VH,A,50.0,163,53.6,158,46.4,330,5.5,701+,10.5,701+,8.4,701+,84.1,262,60.0,203,69.8,222,39.8,university of warsaw,QS World University Rankings 2025,International Education Costs Dataset,Excellent
Ireland,Galway,NUI Galway,Computer Science,Bachelor,4.0,25800,68.5,1100,150,650,0.92,nui galway,nui galway,,,,,,,,,,,,,,,,,,,,,,,,,,,,,,,,Not Matched,International Education Costs Dataset,Unmatched
Ireland,Galway,NUI Galway,Computer Science,Bachelor,4.0,25800,68.5,1100,150,650,0.92,nui galway,nui galway,,,,,,,,,,,,,,,,,,,,,,,,,,,,,,,,Not Matched,International Education Costs Dataset,Unmatched
South Korea,Daejeon,KAIST,Computer Science,PhD,4.0,6900,65.4,700,130,500,1320.5,kaist,kaist,,,,,,,,,,,,,,,,,,,,,,,,,,,,,,,,Not Matched,International Education Costs Dataset,Unmatched
South Korea,Daejeon,KAIST,Computer Science,PhD,4.0,6900,65.4,700,130,500,1320.5,kaist,kaist,,,,,,,,,,,,,,,,,,,,,,,,,,,,,,,,Not Matched,International Education Costs Dataset,Unmatched
Malaysia,Kuala Lumpur,University of Malaya,Computer Science,Bachelor,4.0,4800,48.2,500,110,300,4.72,university of malaya,university of malaya,university of malta,92.3076923076923,751-760,851-900,University of Malta,Malta,Europe,M,FC,HI,A,6.1,601+,4.6,601+,31.7,498,7.2,701+,18.0,624,19.2,562,75.9,391,95.9,45,1.9,701+,,university of malta,QS World University Rankings 2025,International Education Costs Dataset,High
Malaysia,Kuala Lumpur,University of Malaya,Computer Science,Bachelor,4.0,4800,48.2,500,110,300,4.72,university of malaya,university of malaya,university of malta,92.3076923076923,751-760,851-900,University of Malta,Malta,Europe,M,FC,HI,A,6.1,601+,4.6,601+,31.7,498,7.2,701+,18.0,624,19.2,562,75.9,391,95.9,45,1.9,701+,,university of malta,QS World University Rankings 2025,International Education Costs Dataset,High
USA,Berkeley,UC Berkeley,Computer Science,Bachelor,4.0,44900,84.2,2100,160,1500,1.0,uc berkeley,uc berkeley,,,,,,,,,,,,,,,,,,,,,,,,,,,,,,,,Not Matched,International Education Costs Dataset,Unmatched
USA,Berkeley,UC Berkeley,Computer Science,Bachelor,4.0,44900,84.2,2100,160,1500,1.0,uc berkeley,uc berkeley,,,,,,,,,,,,,,,,,,,,,,,,,,,,,,,,Not Matched,International Education Costs Dataset,Unmatched
USA,Berkeley,UC Berkeley,Computer Science,Bachelor,4.0,44900,84.2,2100,160,1500,1.0,uc berkeley,uc berkeley,,,,,,,,,,,,,,,,,,,,,,,,,,,,,,,,Not Matched,International Education Costs Dataset,Unmatched
USA,Berkeley,UC Berkeley,Computer Science,Bachelor,4.0,44900,84.2,2100,160,1500,1.0,uc berkeley,uc berkeley,,,,,,,,,,,,,,,,,,,,,,,,,,,,,,,,Not Matched,International Education Costs Dataset,Unmatched
UK,Manchester,University of Manchester,Economics,Bachelor,3.0,32000,68.4,1200,485,800,0.79,university of manchester,university of manchester,the university of manchester,92.3076923076923,34,32,The University of Manchester,United Kingdom,Europe,XL,FC,VH,A,95.6,33,98.1,20,51.3,297,45.1,307,93.1,169,99.2,55,99.2,12,87.6,90,99.8,3,82,the university of manchester,QS World University Rankings 2025,International Education Costs Dataset,High
UK,Manchester,University of Manchester,Economics,Bachelor,3.0,32000,68.4,1200,485,800,0.79,university of manchester,university of manchester,the university of manchester,92.3076923076923,34,32,The University of Manchester,United Kingdom,Europe,XL,FC,VH,A,95.6,33,98.1,20,51.3,297,45.1,307,93.1,169,99.2,55,99.2,12,87.6,90,99.8,3,82,the university of manchester,QS World University Rankings 2025,International Education Costs Dataset,High
UK,Manchester,University of Manchester,Economics,Bachelor,3.0,32000,68.4,1200,485,800,0.79,university of manchester,university of manchester,the university of manchester,92.3076923076923,34,32,The University of Manchester,United Kingdom,Europe,XL,FC,VH,A,95.6,33,98.1,20,51.3,297,45.1,307,93.1,169,99.2,55,99.2,12,87.6,90,99.8,3,82,the university of manchester,QS World University Rankings 2025,International Education Costs Dataset,High
UK,Manchester,University of Manchester,Economics,Bachelor,3.0,32000,68.4,1200,485,800,0.79,university of manchester,university of manchester,the university of manchester,92.3076923076923,34,32,The University of Manchester,United Kingdom,Europe,XL,FC,VH,A,95.6,33,98.1,20,51.3,297,45.1,307,93.1,169,99.2,55,99.2,12,87.6,90,99.8,3,82,the university of manchester,QS World University Rankings 2025,International Education Costs Dataset,High
Canada,Vancouver,University of British Columbia,Psychology,Bachelor,4.0,31200,71.2,1700,235,900,1.35,university of british columbia,university of british columbia,university of british columbia,100.0,38,34,University of British Columbia,Canada,Americas,XL,FC,VH,A,98.3,23,94.3,36,34.5,459,57.7,214,95.5,142,72.8,200,96.2,53,74.6,141,99.8,4,81,university of british columbia,QS World University Rankings 2025,International Education Costs Dataset,Excellent
Canada,Vancouver,University of British Columbia,Psychology,Bachelor,4.0,31200,71.2,1700,235,900,1.35,university of british columbia,university of british columbia,university of british columbia,100.0,38,34,University of British Columbia,Canada,Americas,XL,FC,VH,A,98.3,23,94.3,36,34.5,459,57.7,214,95.5,142,72.8,200,96.2,53,74.6,141,99.8,4,81,university of british columbia,QS World University Rankings 2025,International Education Costs Dataset,Excellent
Canada,Vancouver,University of British Columbia,Psychology,Bachelor,4.0,31200,71.2,1700,235,900,1.35,university of british columbia,university of british columbia,university of british columbia,100.0,38,34,University of British Columbia,Canada,Americas,XL,FC,VH,A,98.3,23,94.3,36,34.5,459,57.7,214,95.5,142,72.8,200,96.2,53,74.6,141,99.8,4,81,university of british columbia,QS World University Rankings 2025,International Education Costs Dataset,Excellent
Canada,Vancouver,University of British Columbia,Psychology,Bachelor,4.0,31200,71.2,1700,235,900,1.35,university of british columbia,university of british columbia,university of british columbia,100.0,38,34,University of British Columbia,Canada,Americas,XL,FC,VH,A,98.3,23,94.3,36,34.5,459,57.7,214,95.5,142,72.8,200,96.2,53,74.6,141,99.8,4,81,university of british columbia,QS World University Rankings 2025,International Education Costs Dataset,Excellent
Australia,Sydney,University of Sydney,Business,Bachelor,3.0,35000,72.8,1600,450,650,1.52,university of sydney,university of sydney,the university of sydney,90.9090909090909,18,19,The University of Sydney,Australia,Oceania,XL,FC,VH,A,96.4,30,90.0,51,10.9,701+,93.7,56,99.9,87,100.0,17,95.8,61,93.1,63,99.6,7,87.3,the university of sydney,QS World University Rankings 2025,International Education Costs Dataset,High
Australia,Sydney,University of Sydney,Business,Bachelor,3.0,35000,72.8,1600,450,650,1.52,university of sydney,university of sydney,the university of sydney,90.9090909090909,18,19,The University of Sydney,Australia,Oceania,XL,FC,VH,A,96.4,30,90.0,51,10.9,701+,93.7,56,99.9,87,100.0,17,95.8,61,93.1,63,99.6,7,87.3,the university of sydney,QS World University Rankings 2025,International Education Costs Dataset,High
Australia,Sydney,University of Sydney,Business,Bachelor,3.0,35000,72.8,1600,450,650,1.52,university of sydney,university of sydney,the university of sydney,90.9090909090909,18,19,The University of Sydney,Australia,Oceania,XL,FC,VH,A,96.4,30,90.0,51,10.9,701+,93.7,56,99.9,87,100.0,17,95.8,61,93.1,63,99.6,7,87.3,the university of sydney,QS World University Rankings 2025,International Education Costs Dataset,High
Australia,Sydney,University of Sydney,Business,Bachelor,3.0,35000,72.8,1600,450,650,1.52,university of sydney,university of sydney,the university of sydney,90.9090909090909,18,19,The University of Sydney,Australia,Oceania,XL,FC,VH,A,96.4,30,90.0,51,10.9,701+,93.7,56,99.9,87,100.0,17,95.8,61,93.1,63,99.6,7,87.3,the university of sydney,QS World University Rankings 2025,International Education Costs Dataset,High
Australia,Sydney,University of Sydney,Business,Bachelor,3.0,35000,72.8,1600,450,650,1.52,university of sydney,university of sydney,the university of sydney,90.9090909090909,18,19,The University of Sydney,Australia,Oceania,XL,FC,VH,A,96.4,30,90.0,51,10.9,701+,93.7,56,99.9,87,100.0,17,95.8,61,93.1,63,99.6,7,87.3,the university of sydney,QS World University Rankings 2025,International Education Costs Dataset,High
Germany,Berlin,Free University of Berlin,International Business,Bachelor,3.0,0,65.2,900,75,550,0.92,free university of berlin,free university of berlin,,,,,,,,,,,,,,,,,,,,,,,,,,,,,,,,Not Matched,International Education Costs Dataset,Unmatched
Spain,Barcelona,University of Barcelona,Architecture,Bachelor,4.0,2800,62.4,950,160,500,0.92,university of barcelona,university of barcelona,university of babylon,86.36363636363636,1201-1400,1201-1400,University of Babylon,Iraq,Asia,L,FC,HI,A,4.6,601+,9.8,601+,14.5,701+,2.0,701+,1.1,701+,1.0,701+,29.9,701+,4.3,701+,1.2,701+,,university of babylon,QS World University Rankings 2025,International Education Costs Dataset,Medium
Italy,Milan,Politecnico di Milano,Design,Bachelor,3.0,4200,63.8,1100,120,650,0.92,politecnico di milano,politecnico di milano,politecnico di milano,100.0,111,123,Politecnico di Milano,Italy,Europe,XL,FO,VH,A,70.8,90,77.0,82,5.8,701+,40.2,351,67.4,292,56.8,262,88.1,197,52.9,239,72.6,202=,58.2,politecnico di milano,QS World University Rankings 2025,International Education Costs Dataset,Excellent
Italy,Milan,Politecnico di Milano,Design,Bachelor,3.0,4200,63.8,1100,120,650,0.92,politecnico di milano,politecnico di milano,politecnico di milano,100.0,111,123,Politecnico di Milano,Italy,Europe,XL,FO,VH,A,70.8,90,77.0,82,5.8,701+,40.2,351,67.4,292,56.8,262,88.1,197,52.9,239,72.6,202=,58.2,politecnico di milano,QS World University Rankings 2025,International Education Costs Dataset,Excellent
Italy,Milan,Politecnico di Milano,Design,Bachelor,3.0,4200,63.8,1100,120,650,0.92,politecnico di milano,politecnico di milano,politecnico di milano,100.0,111,123,Politecnico di Milano,Italy,Europe,XL,FO,VH,A,70.8,90,77.0,82,5.8,701+,40.2,351,67.4,292,56.8,262,88.1,197,52.9,239,72.6,202=,58.2,politecnico di milano,QS World University Rankings 2025,International Education Costs Dataset,Excellent
Netherlands,Rotterdam,Erasmus University,Economics,Bachelor,3.0,11200,71.5,1300,180,720,0.92,erasmus university,erasmus university,,,,,,,,,,,,,,,,,,,,,,,,,,,,,,,,Not Matched,International Education Costs Dataset,Unmatched
Netherlands,Rotterdam,Erasmus University,Economics,Bachelor,3.0,11200,71.5,1300,180,720,0.92,erasmus university,erasmus university,,,,,,,,,,,,,,,,,,,,,,,,,,,,,,,,Not Matched,International Education Costs Dataset,Unmatched
Finland,Helsinki,University of Helsinki,Computer Science,Bachelor,3.0,0,70.2,1100,120,400,0.92,university of helsinki,university of helsinki,university of helsinki,100.0,117,115,University of Helsinki,Finland,Europe,L,CO,VH,A,62.3,110,29.1,324,59.4,246,49.6,267,73.4,272,5.7,701+,96.9,43,90.5,74,94.5,60,56.8,university of helsinki,QS World University Rankings 2025,International Education Costs Dataset,Excellent
Finland,Helsinki,University of Helsinki,Computer Science,Bachelor,3.0,0,70.2,1100,120,400,0.92,university of helsinki,university of helsinki,university of helsinki,100.0,117,115,University of Helsinki,Finland,Europe,L,CO,VH,A,62.3,110,29.1,324,59.4,246,49.6,267,73.4,272,5.7,701+,96.9,43,90.5,74,94.5,60,56.8,university of helsinki,QS World University Rankings 2025,International Education Costs Dataset,Excellent
Norway,Oslo,University of Oslo,Environmental Science,Bachelor,3.0,0,75.6,1400,135,450,10.45,university of oslo,university of oslo,university of oslo,100.0,119,117,University of Oslo,Norway,Europe,L,FC,VH,A,55.6,139,16.0,534,73.8,175,55.7,225,91.6,180,31.7,416,97.3,35,80.9,121,72.1,208=,56.1,university of oslo,QS World University Rankings 2025,International Education Costs Dataset,Excellent
Norway,Oslo,University of Oslo,Environmental Science,Bachelor,3.0,0,75.6,1400,135,450,10.45,university of oslo,university of oslo,university of oslo,100.0,119,117,University of Oslo,Norway,Europe,L,FC,VH,A,55.6,139,16.0,534,73.8,175,55.7,225,91.6,180,31.7,416,97.3,35,80.9,121,72.1,208=,56.1,university of oslo,QS World University Rankings 2025,International Education Costs Dataset,Excellent
Japan,Osaka,Osaka University,Engineering,Bachelor,4.0,6800,71.2,900,220,750,145.8,osaka university,osaka university,osaka university,100.0,86,80,Osaka University,Japan,Asia,L,FC,VH,A,82.4,64,87.0,58,45.2,343,54.9,232,23.9,549,12.2,675,68.2,512,33.0,387,68.0,228=,63.5,osaka university,QS World University Rankings 2025,International Education Costs Dataset,Excellent
Japan,Kyoto,Kyoto University,Computer Science,Master,2.0,8500,71.8,900,220,750,145.8,kyoto university,kyoto university,kyoto university,100.0,50,46,Kyoto University,Japan,Asia,L,FC,VH,A,98.8,18,99.0,13,94.2,68,39.3,357,15.9,653,19.0,566,85.7,236,72.8,147,85.2,124=,76,kyoto university,QS World University Rankings 2025,International Education Costs Dataset,Excellent
Japan,Nagoya,Nagoya University,Information Science,Bachelor,4.0,7800,68.5,750,220,750,145.8,nagoya university,nagoya university,nagoya university,100.0,152,176,Nagoya University,Japan,Asia,L,FC,VH,A,63.2,108,65.8,117,84.7,107,25.4,494,14.5,671,19.6,550,64.8,559,21.5,533,75.0,186=,51.9,nagoya university,QS World University Rankings 2025,International Education Costs Dataset,Excellent
Japan,Sendai,Tohoku University,Software Engineering,Master,2.0,8200,65.4,650,220,750,145.8,tohoku university,tohoku university,tohoku university,100.0,107,113,Tohoku University,Japan,Asia,L,FC,VH,A,73.8,84,82.8,67,97.8,47,23.9,510,14.1,682,11.4,689,68.3,510,22.6,507,78.6,164=,58.8,tohoku university,QS World University Rankings 2025,International Education Costs Dataset,Excellent
Japan,Fukuoka,Kyushu University,Computer Engineering,Bachelor,4.0,7500,64.8,600,220,750,145.8,kyushu university,kyushu university,kyushu university,100.0,167,164,Kyushu University,Japan,Asia,L,FC,VH,A,58.3,133,66.5,113,78.4,149,27.9,466,18.7,613=,14.1,640,69.9,488,15.1,657,77.6,170=,50.3,kyushu university,QS World University Rankings 2025,International Education Costs Dataset,Excellent
Japan,Sapporo,Hokkaido University,Data Science,Master,2.0,8100,63.5,550,220,750,145.8,hokkaido university,hokkaido university,hokkaido university,100.0,173,196,Hokkaido University,Japan,Asia,L,FC,VH,A,59.0,128,63.3,125,76.2,158,26.0,485,18.7,613=,12.1,677,77.7,365,15.5,645,78.1,168,49.8,hokkaido university,QS World University Rankings 2025,International Education Costs Dataset,Excellent
Japan,Tokyo,Tokyo Institute of Technology,Artificial Intelligence,PhD,3.0,8900,76.4,1100,220,750,145.8,tokyo institute of technology,tokyo institute of technology,,,,,,,,,,,,,,,,,,,,,,,,,,,,,,,,Not Matched,International Education Costs Dataset,Unmatched
Japan,Tsukuba,University of Tsukuba,Information Systems,Bachelor,4.0,7200,64.2,600,220,750,145.8,university of tsukuba,university of tsukuba,university of tsukuba,100.0,377,355,University of Tsukuba,Japan,Asia,L,FC,VH,A,36.6,237,22.5,416,54.7,278,17.3,594,12.4,701+,19.3,561,66.9,525,9.8,701+,63.4,249,31.1,university of tsukuba,QS World University Rankings 2025,International Education Costs Dataset,Excellent
Japan,Kobe,Kobe University,Computer Science,Master,2.0,7900,67.8,700,220,750,145.8,kobe university,kobe university,kobe university,100.0,465,476,Kobe University,Japan,Asia,L,FC,VH,A,28.4,309,33.2,281,43.9,356,11.4,701+,7.0,701+,5.6,701+,55.0,698,15.0,662,49.8,319=,25.8,kobe university,QS World University Rankings 2025,International Education Costs Dataset,Excellent
Japan,Kanazawa,Kanazawa University,Software Engineering,Bachelor,4.0,7100,62.5,500,220,750,145.8,kanazawa university,kanazawa university,kanazawa university,100.0,901-950,851-900,Kanazawa University,Japan,Asia,M,FC,VH,A,10.5,601+,3.9,601+,55.1,275,12.2,686,8.1,701+,5.8,701+,31.9,701+,1.8,701+,1.6,701+,,kanazawa university,QS World University Rankings 2025,International Education Costs Dataset,Excellent
Japan,Hiroshima,Hiroshima University,Information Technology,Master,2.0,7600,63.8,550,220,750,145.8,hiroshima university,hiroshima university,hiroshima university,100.0,474,472,Hiroshima University,Japan,Asia,L,FC,VH,A,24.1,363,12.3,601+,75.9,161,8.9,701+,13.2,701+,12.9,660,70.1,485,6.9,701+,50.8,315=,25.2,hiroshima university,QS World University Rankings 2025,International Education Costs Dataset,Excellent
Australia,Adelaide,University of Adelaide,Computer Science,Bachelor,3.0,32800,68.5,1100,450,650,1.52,university of adelaide,university of adelaide,the university of adelaide,91.66666666666666,82,89,The University of Adelaide,Australia,Oceania,L,FC,VH,A,56.0,138,38.9,242,17.9,701+,87.0,86,100.0,78,99.3,53,93.6,108,51.5,246,95.7,49,63.8,the university of adelaide,QS World University Rankings 2025,International Education Costs Dataset,High
Australia,Adelaide,University of Adelaide,Computer Science,Bachelor,3.0,32800,68.5,1100,450,650,1.52,university of adelaide,university of adelaide,the university of adelaide,91.66666666666666,82,89,The University of Adelaide,Australia,Oceania,L,FC,VH,A,56.0,138,38.9,242,17.9,701+,87.0,86,100.0,78,99.3,53,93.6,108,51.5,246,95.7,49,63.8,the university of adelaide,QS World University Rankings 2025,International Education Costs Dataset,High
Australia,Adelaide,University of Adelaide,Computer Science,Bachelor,3.0,32800,68.5,1100,450,650,1.52,university of adelaide,university of adelaide,the university of adelaide,91.66666666666666,82,89,The University of Adelaide,Australia,Oceania,L,FC,VH,A,56.0,138,38.9,242,17.9,701+,87.0,86,100.0,78,99.3,53,93.6,108,51.5,246,95.7,49,63.8,the university of adelaide,QS World University Rankings 2025,International Education Costs Dataset,High
Australia,Adelaide,University of Adelaide,Computer Science,Bachelor,3.0,32800,68.5,1100,450,650,1.52,university of adelaide,university of adelaide,the university of adelaide,91.66666666666666,82,89,The University of Adelaide,Australia,Oceania,L,FC,VH,A,56.0,138,38.9,242,17.9,701+,87.0,86,100.0,78,99.3,53,93.6,108,51.5,246,95.7,49,63.8,the university of adelaide,QS World University Rankings 2025,International Education Costs Dataset,High
Australia,Adelaide,University of Adelaide,Computer Science,Bachelor,3.0,32800,68.5,1100,450,650,1.52,university of adelaide,university of adelaide,the university of adelaide,91.66666666666666,82,89,The University of Adelaide,Australia,Oceania,L,FC,VH,A,56.0,138,38.9,242,17.9,701+,87.0,86,100.0,78,99.3,53,93.6,108,51.5,246,95.7,49,63.8,the university of adelaide,QS World University Rankings 2025,International Education Costs Dataset,High
Australia,Perth,University of Western Australia,Software Engineering,Master,2.0,34500,69.8,1200,450,650,1.52,university of western australia,university of western australia,the university of western australia,93.93939393939394,77,72,The University of Western Australia,Australia,Oceania,L,FC,VH,A,55.5,141,41.8,225,13.1,701+,98.8,30,100.0,37,99.8,40,94.2,95,78.0,128,50.8,315=,65.2,the university of western australia,QS World University Rankings 2025,International Education Costs Dataset,High
Australia,Perth,University of Western Australia,Software Engineering,Master,2.0,34500,69.8,1200,450,650,1.52,university of western australia,university of western australia,the university of western australia,93.93939393939394,77,72,The University of Western Australia,Australia,Oceania,L,FC,VH,A,55.5,141,41.8,225,13.1,701+,98.8,30,100.0,37,99.8,40,94.2,95,78.0,128,50.8,315=,65.2,the university of western australia,QS World University Rankings 2025,International Education Costs Dataset,High
Australia,Perth,University of Western Australia,Software Engineering,Master,2.0,34500,69.8,1200,450,650,1.52,university of western australia,university of western australia,the university of western australia,93.93939393939394,77,72,The University of Western Australia,Australia,Oceania,L,FC,VH,A,55.5,141,41.8,225,13.1,701+,98.8,30,100.0,37,99.8,40,94.2,95,78.0,128,50.8,315=,65.2,the university of western australia,QS World University Rankings 2025,International Education Costs Dataset,High
Australia,Perth,University of Western Australia,Software Engineering,Master,2.0,34500,69.8,1200,450,650,1.52,university of western australia,university of western australia,the university of western australia,93.93939393939394,77,72,The University of Western Australia,Australia,Oceania,L,FC,VH,A,55.5,141,41.8,225,13.1,701+,98.8,30,100.0,37,99.8,40,94.2,95,78.0,128,50.8,315=,65.2,the university of western australia,QS World University Rankings 2025,International Education Costs Dataset,High
Australia,Perth,University of Western Australia,Software Engineering,Master,2.0,34500,69.8,1200,450,650,1.52,university of western australia,university of western australia,the university of western australia,93.93939393939394,77,72,The University of Western Australia,Australia,Oceania,L,FC,VH,A,55.5,141,41.8,225,13.1,701+,98.8,30,100.0,37,99.8,40,94.2,95,78.0,128,50.8,315=,65.2,the university of western australia,QS World University Rankings 2025,International Education Costs Dataset,High
Australia,Gold Coast,Griffith University,Information Technology,Bachelor,3.0,31200,67.5,1100,450,650,1.52,griffith university,griffith university,griffith university,100.0,255,243,Griffith University,Australia,Oceania,L,FC,VH,A,27.0,324,13.7,593,8.4,701+,62.5,187,99.8,90,38.5,363,92.1,135,17.9,602,96.4,40,40.1,griffith university,QS World University Rankings 2025,International Education Costs Dataset,Excellent
Australia,Gold Coast,Griffith University,Information Technology,Bachelor,3.0,31200,67.5,1100,450,650,1.52,griffith university,griffith university,griffith university,100.0,255,243,Griffith University,Australia,Oceania,L,FC,VH,A,27.0,324,13.7,593,8.4,701+,62.5,187,99.8,90,38.5,363,92.1,135,17.9,602,96.4,40,40.1,griffith university,QS World University Rankings 2025,International Education Costs Dataset,Excellent
Australia,Gold Coast,Griffith University,Information Technology,Bachelor,3.0,31200,67.5,1100,450,650,1.52,griffith university,griffith university,griffith university,100.0,255,243,Griffith University,Australia,Oceania,L,FC,VH,A,27.0,324,13.7,593,8.4,701+,62.5,187,99.8,90,38.5,363,92.1,135,17.9,602,96.4,40,40.1,griffith university,QS World University Rankings 2025,International Education Costs Dataset,Excellent
Australia,Gold Coast,Griffith University,Information Technology,Bachelor,3.0,31200,67.5,1100,450,650,1.52,griffith university,griffith university,griffith university,100.0,255,243,Griffith University,Australia,Oceania,L,FC,VH,A,27.0,324,13.7,593,8.4,701+,62.5,187,99.8,90,38.5,363,92.1,135,17.9,602,96.4,40,40.1,griffith university,QS World University Rankings 2025,International Education Costs Dataset,Excellent
Australia,Gold Coast,Griffith University,Information Technology,Bachelor,3.0,31200,67.5,1100,450,650,1.52,griffith university,griffith university,griffith university,100.0,255,243,Griffith University,Australia,Oceania,L,FC,VH,A,27.0,324,13.7,593,8.4,701+,62.5,187,99.8,90,38.5,363,92.1,135,17.9,602,96.4,40,40.1,griffith university,QS World University Rankings 2025,International Education Costs Dataset,Excellent
Australia,Hobart,University of Tasmania,Data Science,Master,2.0,30800,65.4,950,450,650,1.52,university of tasmania,university of tasmania,university of tasmania,100.0,293,307,University of Tasmania,Australia,Oceania,M,CO,VH,A,16.0,552,7.4,601+,22.1,635,59.8,203,79.9,240,89.7,123,80.0,323,15.9,636,85.6,123,37,university of tasmania,QS World University Rankings 2025,International Education Costs Dataset,Excellent
Australia,Hobart,University of Tasmania,Data Science,Master,2.0,30800,65.4,950,450,650,1.52,university of tasmania,university of tasmania,university of tasmania,100.0,293,307,University of Tasmania,Australia,Oceania,M,CO,VH,A,16.0,552,7.4,601+,22.1,635,59.8,203,79.9,240,89.7,123,80.0,323,15.9,636,85.6,123,37,university of tasmania,QS World University Rankings 2025,International Education Costs Dataset,Excellent
Australia,Hobart,University of Tasmania,Data Science,Master,2.0,30800,65.4,950,450,650,1.52,university of tasmania,university of tasmania,university of tasmania,100.0,293,307,University of Tasmania,Australia,Oceania,M,CO,VH,A,16.0,552,7.4,601+,22.1,635,59.8,203,79.9,240,89.7,123,80.0,323,15.9,636,85.6,123,37,university of tasmania,QS World University Rankings 2025,International Education Costs Dataset,Excellent
Australia,Hobart,University of Tasmania,Data Science,Master,2.0,30800,65.4,950,450,650,1.52,university of tasmania,university of tasmania,university of tasmania,100.0,293,307,University of Tasmania,Australia,Oceania,M,CO,VH,A,16.0,552,7.4,601+,22.1,635,59.8,203,79.9,240,89.7,123,80.0,323,15.9,636,85.6,123,37,university of tasmania,QS World University Rankings 2025,International Education Costs Dataset,Excellent
Australia,Hobart,University of Tasmania,Data Science,Master,2.0,30800,65.4,950,450,650,1.52,university of tasmania,university of tasmania,university of tasmania,100.0,293,307,University of Tasmania,Australia,Oceania,M,CO,VH,A,16.0,552,7.4,601+,22.1,635,59.8,203,79.9,240,89.7,123,80.0,323,15.9,636,85.6,123,37,university of tasmania,QS World University Rankings 2025,International Education Costs Dataset,Excellent
Australia,Newcastle,University of Newcastle,Computer Engineering,Bachelor,4.0,31500,66.8,1000,450,650,1.52,university of newcastle,university of newcastle,newcastle university,93.02325581395348,129,110,Newcastle University,United Kingdom,Europe,L,FC,VH,A,50.0,164,59.3,137,39.2,399,38.7,362,89.5,193,68.6,217,97.1,42,31.3,403,97.1,30=,54.5,newcastle university,QS World University Rankings 2025,International Education Costs Dataset,High
Australia,Newcastle,University of Newcastle,Computer Engineering,Bachelor,4.0,31500,66.8,1000,450,650,1.52,university of newcastle,university of newcastle,newcastle university,93.02325581395348,129,110,Newcastle University,United Kingdom,Europe,L,FC,VH,A,50.0,164,59.3,137,39.2,399,38.7,362,89.5,193,68.6,217,97.1,42,31.3,403,97.1,30=,54.5,newcastle university,QS World University Rankings 2025,International Education Costs Dataset,High
Australia,Newcastle,University of Newcastle,Computer Engineering,Bachelor,4.0,31500,66.8,1000,450,650,1.52,university of newcastle,university of newcastle,newcastle university,93.02325581395348,129,110,Newcastle University,United Kingdom,Europe,L,FC,VH,A,50.0,164,59.3,137,39.2,399,38.7,362,89.5,193,68.6,217,97.1,42,31.3,403,97.1,30=,54.5,newcastle university,QS World University Rankings 2025,International Education Costs Dataset,High
Australia,Newcastle,University of Newcastle,Computer Engineering,Bachelor,4.0,31500,66.8,1000,450,650,1.52,university of newcastle,university of newcastle,newcastle university,93.02325581395348,129,110,Newcastle University,United Kingdom,Europe,L,FC,VH,A,50.0,164,59.3,137,39.2,399,38.7,362,89.5,193,68.6,217,97.1,42,31.3,403,97.1,30=,54.5,newcastle university,QS World University Rankings 2025,International Education Costs Dataset,High
Australia,Newcastle,University of Newcastle,Computer Engineering,Bachelor,4.0,31500,66.8,1000,450,650,1.52,university of newcastle,university of newcastle,newcastle university,93.02325581395348,129,110,Newcastle University,United Kingdom,Europe,L,FC,VH,A,50.0,164,59.3,137,39.2,399,38.7,362,89.5,193,68.6,217,97.1,42,31.3,403,97.1,30=,54.5,newcastle university,QS World University Rankings 2025,International Education Costs Dataset,High
Australia,Wollongong,University of Wollongong,Artificial Intelligence,Master,2.0,32900,67.2,1050,450,650,1.52,university of wollongong,university of wollongong,university of wollongong,100.0,167,162,University of Wollongong,Australia,Oceania,L,FC,VH,A,29.5,300,24.5,393,17.0,701+,94.6,52,91.8,178,56.3,265,89.0,185,18.3,596,93.9,62=,50.3,university of wollongong,QS World University Rankings 2025,International Education Costs Dataset,Excellent
Australia,Wollongong,University of Wollongong,Artificial Intelligence,Master,2.0,32900,67.2,1050,450,650,1.52,university of wollongong,university of wollongong,university of wollongong,100.0,167,162,University of Wollongong,Australia,Oceania,L,FC,VH,A,29.5,300,24.5,393,17.0,701+,94.6,52,91.8,178,56.3,265,89.0,185,18.3,596,93.9,62=,50.3,university of wollongong,QS World University Rankings 2025,International Education Costs Dataset,Excellent
Australia,Wollongong,University of Wollongong,Artificial Intelligence,Master,2.0,32900,67.2,1050,450,650,1.52,university of wollongong,university of wollongong,university of wollongong,100.0,167,162,University of Wollongong,Australia,Oceania,L,FC,VH,A,29.5,300,24.5,393,17.0,701+,94.6,52,91.8,178,56.3,265,89.0,185,18.3,596,93.9,62=,50.3,university of wollongong,QS World University Rankings 2025,International Education Costs Dataset,Excellent
Australia,Wollongong,University of Wollongong,Artificial Intelligence,Master,2.0,32900,67.2,1050,450,650,1.52,university of wollongong,university of wollongong,university of wollongong,100.0,167,162,University of Wollongong,Australia,Oceania,L,FC,VH,A,29.5,300,24.5,393,17.0,701+,94.6,52,91.8,178,56.3,265,89.0,185,18.3,596,93.9,62=,50.3,university of wollongong,QS World University Rankings 2025,International Education Costs Dataset,Excellent
Australia,Wollongong,University of Wollongong,Artificial Intelligence,Master,2.0,32900,67.2,1050,450,650,1.52,university of wollongong,university of wollongong,university of wollongong,100.0,167,162,University of Wollongong,Australia,Oceania,L,FC,VH,A,29.5,300,24.5,393,17.0,701+,94.6,52,91.8,178,56.3,265,89.0,185,18.3,596,93.9,62=,50.3,university of wollongong,QS World University Rankings 2025,International Education Costs Dataset,Excellent
Australia,Darwin,Charles Darwin University,Information Systems,Bachelor,3.0,29800,64.5,900,450,650,1.52,charles darwin university,charles darwin university,charles darwin university,100.0,621-630,601-610,Charles Darwin University,Australia,Oceania,M,FO,VH,A,5.7,601+,4.2,601+,4.5,701+,44.2,311,25.4,527,55.2,270,41.3,701+,3.9,701+,63.7,247=,,charles darwin university,QS World University Rankings 2025,International Education Costs Dataset,Excellent
Australia,Townsville,James Cook University,Data Analytics,Master,2.0,31200,65.8,950,450,650,1.52,james cook university,james cook university,james cook university,100.0,445,415,James Cook University,Australia,Oceania,M,FC,VH,A,14.4,601+,6.5,601+,17.5,701+,46.9,292,36.7,434,16.0,607,76.0,389,6.7,701+,88.9,103=,26.7,james cook university,QS World University Rankings 2025,International Education Costs Dataset,Excellent
Australia,Townsville,James Cook University,Data Analytics,Master,2.0,31200,65.8,950,450,650,1.52,james cook university,james cook university,james cook university,100.0,445,415,James Cook University,Australia,Oceania,M,FC,VH,A,14.4,601+,6.5,601+,17.5,701+,46.9,292,36.7,434,16.0,607,76.0,389,6.7,701+,88.9,103=,26.7,james cook university,QS World University Rankings 2025,International Education Costs Dataset,Excellent
Australia,Townsville,James Cook University,Data Analytics,Master,2.0,31200,65.8,950,450,650,1.52,james cook university,james cook university,james cook university,100.0,445,415,James Cook University,Australia,Oceania,M,FC,VH,A,14.4,601+,6.5,601+,17.5,701+,46.9,292,36.7,434,16.0,607,76.0,389,6.7,701+,88.9,103=,26.7,james cook university,QS World University Rankings 2025,International Education Costs Dataset,Excellent
Australia,Townsville,James Cook University,Data Analytics,Master,2.0,31200,65.8,950,450,650,1.52,james cook university,james cook university,james cook university,100.0,445,415,James Cook University,Australia,Oceania,M,FC,VH,A,14.4,601+,6.5,601+,17.5,701+,46.9,292,36.7,434,16.0,607,76.0,389,6.7,701+,88.9,103=,26.7,james cook university,QS World University Rankings 2025,International Education Costs Dataset,Excellent
Australia,Sunshine Coast,USC,Software Development,Bachelor,3.0,29500,66.2,1000,450,650,1.52,usc,usc,,,,,,,,,,,,,,,,,,,,,,,,,,,,,,,,Not Matched,International Education Costs Dataset,Unmatched
Australia,Armidale,University of New England,Computing Science,Master,2.0,30500,64.8,850,450,650,1.52,university of new england,university of new england,,,,,,,,,,,,,,,,,,,,,,,,,,,,,,,,Not Matched,International Education Costs Dataset,Unmatched
Australia,Armidale,University of New England,Computing Science,Master,2.0,30500,64.8,850,450,650,1.52,university of new england,university of new england,,,,,,,,,,,,,,,,,,,,,,,,,,,,,,,,Not Matched,International Education Costs Dataset,Unmatched
Australia,Armidale,University of New England,Computing Science,Master,2.0,30500,64.8,850,450,650,1.52,university of new england,university of new england,,,,,,,,,,,,,,,,,,,,,,,,,,,,,,,,Not Matched,International Education Costs Dataset,Unmatched
Australia,Armidale,University of New England,Computing Science,Master,2.0,30500,64.8,850,450,650,1.52,university of new england,university of new england,,,,,,,,,,,,,,,,,,,,,,,,,,,,,,,,Not Matched,International Education Costs Dataset,Unmatched
Germany,Dresden,TU Dresden,Computer Science,Master,2.0,500,65.8,750,75,550,0.92,tu dresden,tu dresden,,,,,,,,,,,,,,,,,,,,,,,,,,,,,,,,Not Matched,International Education Costs Dataset,Unmatched
Germany,Dresden,TU Dresden,Computer Science,Master,2.0,500,65.8,750,75,550,0.92,tu dresden,tu dresden,,,,,,,,,,,,,,,,,,,,,,,,,,,,,,,,Not Matched,International Education Costs Dataset,Unmatched
Germany,Dresden,TU Dresden,Computer Science,Master,2.0,500,65.8,750,75,550,0.92,tu dresden,tu dresden,,,,,,,,,,,,,,,,,,,,,,,,,,,,,,,,Not Matched,International Education Costs Dataset,Unmatched
Germany,Stuttgart,University of Stuttgart,Software Engineering,Bachelor,3.0,450,68.5,850,75,550,0.92,university of stuttgart,university of stuttgart,universit t stuttgart,86.36363636363636,314,312,Universität Stuttgart,Germany,Europe,L,FO,VH,A,23.1,386,33.0,286,6.8,701+,55.2,228,36.0,442,46.8,314,70.4,479,21.7,527,65.3,239=,34.9,universit t stuttgart,QS World University Rankings 2025,International Education Costs Dataset,Medium
Germany,Stuttgart,University of Stuttgart,Software Engineering,Bachelor,3.0,450,68.5,850,75,550,0.92,university of stuttgart,university of stuttgart,universit t stuttgart,86.36363636363636,314,312,Universität Stuttgart,Germany,Europe,L,FO,VH,A,23.1,386,33.0,286,6.8,701+,55.2,228,36.0,442,46.8,314,70.4,479,21.7,527,65.3,239=,34.9,universit t stuttgart,QS World University Rankings 2025,International Education Costs Dataset,Medium
Germany,Stuttgart,University of Stuttgart,Software Engineering,Bachelor,3.0,450,68.5,850,75,550,0.92,university of stuttgart,university of stuttgart,universit t stuttgart,86.36363636363636,314,312,Universität Stuttgart,Germany,Europe,L,FO,VH,A,23.1,386,33.0,286,6.8,701+,55.2,228,36.0,442,46.8,314,70.4,479,21.7,527,65.3,239=,34.9,universit t stuttgart,QS World University Rankings 2025,International Education Costs Dataset,Medium
Germany,Hamburg,TU Hamburg,Data Engineering,Master,2.0,500,71.2,950,75,550,0.92,tu hamburg,tu hamburg,,,,,,,,,,,,,,,,,,,,,,,,,,,,,,,,Not Matched,International Education Costs Dataset,Unmatched
Germany,Hamburg,TU Hamburg,Data Engineering,Master,2.0,500,71.2,950,75,550,0.92,tu hamburg,tu hamburg,,,,,,,,,,,,,,,,,,,,,,,,,,,,,,,,Not Matched,International Education Costs Dataset,Unmatched
Germany,Aachen,RWTH Aachen,Computer Engineering,Bachelor,3.0,500,66.4,700,75,550,0.92,rwth aachen,rwth aachen,,,,,,,,,,,,,,,,,,,,,,,,,,,,,,,,Not Matched,International Education Costs Dataset,Unmatched
Germany,Aachen,RWTH Aachen,Computer Engineering,Bachelor,3.0,500,66.4,700,75,550,0.92,rwth aachen,rwth aachen,,,,,,,,,,,,,,,,,,,,,,,,,,,,,,,,Not Matched,International Education Costs Dataset,Unmatched
Germany,Aachen,RWTH Aachen,Computer Engineering,Bachelor,3.0,500,66.4,700,75,550,0.92,rwth aachen,rwth aachen,,,,,,,,,,,,,,,,,,,,,,,,,,,,,,,,Not Matched,International Education Costs Dataset,Unmatched
Germany,Karlsruhe,KIT,Artificial Intelligence,Master,2.0,500,67.8,800,75,550,0.92,kit,kit,,,,,,,,,,,,,,,,,,,,,,,,,,,,,,,,Not Matched,International Education Costs Dataset,Unmatched
Germany,Karlsruhe,KIT,Artificial Intelligence,Master,2.0,500,67.8,800,75,550,0.92,kit,kit,,,,,,,,,,,,,,,,,,,,,,,,,,,,,,,,Not Matched,International Education Costs Dataset,Unmatched
Germany,Darmstadt,TU Darmstadt,Information Systems,Bachelor,3.0,450,66.9,750,75,550,0.92,tu darmstadt,tu darmstadt,,,,,,,,,,,,,,,,,,,,,,,,,,,,,,,,Not Matched,International Education Costs Dataset,Unmatched
Germany,Darmstadt,TU Darmstadt,Information Systems,Bachelor,3.0,450,66.9,750,75,550,0.92,tu darmstadt,tu darmstadt,,,,,,,,,,,,,,,,,,,,,,,,,,,,,,,,Not Matched,International Education Costs Dataset,Unmatched
Germany,Braunschweig,TU Braunschweig,Software Systems,Master,2.0,500,64.5,650,75,550,0.92,tu braunschweig,tu braunschweig,,,,,,,,,,,,,,,,,,,,,,,,,,,,,,,,Not Matched,International Education Costs Dataset,Unmatched
Germany,Jena,University of Jena,Data Science,Bachelor,3.0,450,63.8,600,75,550,0.92,university of jena,university of jena,university of genoa,91.89189189189189,547,530,University of Genoa,Italy,Europe,L,FC,VH,A,18.8,479,4.9,601+,12.7,701+,43.7,314,5.4,701+,9.2,701+,81.2,304,10.5,701+,39.5,371=,22.6,university of genoa,QS World University Rankings 2025,International Education Costs Dataset,High
Germany,Jena,University of Jena,Data Science,Bachelor,3.0,450,63.8,600,75,550,0.92,university of jena,university of jena,university of genoa,91.89189189189189,547,530,University of Genoa,Italy,Europe,L,FC,VH,A,18.8,479,4.9,601+,12.7,701+,43.7,314,5.4,701+,9.2,701+,81.2,304,10.5,701+,39.5,371=,22.6,university of genoa,QS World University Rankings 2025,International Education Costs Dataset,High
Germany,Hannover,Leibniz University,Digital Engineering,Master,2.0,500,66.2,750,75,550,0.92,leibniz university,leibniz university,leiden university,85.71428571428572,141,126,Leiden University,Netherlands,Europe,XL,FC,VH,A,68.4,95,32.9,288,21.3,649,54.5,234,85.0,220,51.7,284,95.2,72,48.8,263,25.5,488=,53.6,leiden university,QS World University Rankings 2025,International Education Costs Dataset,Medium
Germany,Freiburg,University of Freiburg,Robotics & AI,Master,2.0,500,67.5,800,75,550,0.92,university of freiburg,university of freiburg,,,,,,,,,,,,,,,,,,,,,,,,,,,,,,,,Not Matched,International Education Costs Dataset,Unmatched
USA,Philadelphia,University of Pennsylvania,Computer Science,Master,2.0,51900,76.8,1900,160,1500,1.0,university of pennsylvania,university of pennsylvania,university of pennsylvania,100.0,11,12,University of Pennsylvania,United States,Americas,L,FC,VH,B,96.3,31,91.9,45,99.8,28,74.0,138,90.9,188,66.2,226,91.9,137,100.0,7,93.0,71,90.3,university of pennsylvania,QS World University Rankings 2025,International Education Costs Dataset,Excellent
USA,Philadelphia,University of Pennsylvania,Computer Science,Master,2.0,51900,76.8,1900,160,1500,1.0,university of pennsylvania,university of pennsylvania,university of pennsylvania,100.0,11,12,University of Pennsylvania,United States,Americas,L,FC,VH,B,96.3,31,91.9,45,99.8,28,74.0,138,90.9,188,66.2,226,91.9,137,100.0,7,93.0,71,90.3,university of pennsylvania,QS World University Rankings 2025,International Education Costs Dataset,Excellent
USA,Chicago,University of Chicago,Data Analytics,Master,2.0,52400,78.9,2000,160,1500,1.0,university of chicago,university of chicago,university of chicago,100.0,21,11,University of Chicago,United States,Americas,L,FC,VH,B,99.1,17,96.4,29,94.2,69,60.8,197,79.0,244,87.0,140,85.1,245,99.1,16,46.9,330=,86.2,university of chicago,QS World University Rankings 2025,International Education Costs Dataset,Excellent
USA,Chicago,University of Chicago,Data Analytics,Master,2.0,52400,78.9,2000,160,1500,1.0,university of chicago,university of chicago,university of chicago,100.0,21,11,University of Chicago,United States,Americas,L,FC,VH,B,99.1,17,96.4,29,94.2,69,60.8,197,79.0,244,87.0,140,85.1,245,99.1,16,46.9,330=,86.2,university of chicago,QS World University Rankings 2025,International Education Costs Dataset,Excellent
USA,Chicago,University of Chicago,Data Analytics,Master,2.0,52400,78.9,2000,160,1500,1.0,university of chicago,university of chicago,university of chicago,100.0,21,11,University of Chicago,United States,Americas,L,FC,VH,B,99.1,17,96.4,29,94.2,69,60.8,197,79.0,244,87.0,140,85.1,245,99.1,16,46.9,330=,86.2,university of chicago,QS World University Rankings 2025,International Education Costs Dataset,Excellent
USA,Baltimore,Johns Hopkins,Artificial Intelligence,PhD,5.0,53600,72.5,1700,160,1500,1.0,johns hopkins,johns hopkins,,,,,,,,,,,,,,,,,,,,,,,,,,,,,,,,Not Matched,International Education Costs Dataset,Unmatched
USA,Nashville,Vanderbilt University,Computer Engineering,Bachelor,4.0,50800,71.2,1600,160,1500,1.0,vanderbilt university,vanderbilt university,vanderbilt university,100.0,248,261,Vanderbilt University,United States,Americas,L,FC,VH,B,24.4,356,21.8,423,100.0,13,53.0,242,30.1,493,36.0,383,78.6,344,34.7,364,24.5,492=,40.8,vanderbilt university,QS World University Rankings 2025,International Education Costs Dataset,Excellent
USA,Durham,Duke University,Software Engineering,Master,2.0,51500,70.8,1500,160,1500,1.0,duke university,duke university,duke university,100.0,61,57,Duke University,United States,Americas,L,FC,VH,B,86.0,52,74.7,86,100.0,6,35.1,382,16.3,647,61.0,243,93.3,111,85.5,99,75.0,186=,70.8,duke university,QS World University Rankings 2025,International Education Costs Dataset,Excellent
USA,Madison,University of Wisconsin,Computer Science,PhD,5.0,38200,69.5,1400,160,1500,1.0,university of wisconsin,university of wisconsin,university of wisconsin madison,85.18518518518519,116,102,University of Wisconsin-Madison,United States,Americas,XL,FC,VH,A,77.7,74,47.8,193,74.3,170,23.7,513,35.3,454,23.6,498,91.6,149,81.6,116,59.6,269=,57.1,university of wisconsin madison,QS World University Rankings 2025,International Education Costs Dataset,Medium
USA,Tempe,Arizona State University,Information Technology,Bachelor,4.0,41200,70.2,1300,160,1500,1.0,arizona state university,arizona state university,arizona state university,100.0,200,179,Arizona State University,United States,Americas,XL,CO,VH,A,48.6,165,44.1,209,7.4,701+,47.1,289,52.1,357,37.2,378,95.7,66,23.6,479,96.3,41=,46.2,arizona state university,QS World University Rankings 2025,International Education Costs Dataset,Excellent
USA,Tempe,Arizona State University,Information Technology,Bachelor,4.0,41200,70.2,1300,160,1500,1.0,arizona state university,arizona state university,arizona state university,100.0,200,179,Arizona State University,United States,Americas,XL,CO,VH,A,48.6,165,44.1,209,7.4,701+,47.1,289,52.1,357,37.2,378,95.7,66,23.6,479,96.3,41=,46.2,arizona state university,QS World University Rankings 2025,International Education Costs Dataset,Excellent
USA,Boulder,University of Colorado,Data Science,Master,2.0,39800,71.5,1600,160,1500,1.0,university of colorado,university of colorado,university of colombo,88.37209302325581,951-1000,1001-1200,University of Colombo,Sri Lanka,Asia,L,CO,HI,A,13.1,601+,18.0,489,2.5,701+,3.2,701+,1.1,701+,1.2,701+,19.3,701+,69.6,161,16.3,570=,,university of colombo,QS World University Rankings 2025,International Education Costs Dataset,Medium
USA,Minneapolis,University of Minnesota,Computer Science,Bachelor,4.0,42500,72.8,1500,160,1500,1.0,university of minnesota,university of minnesota,university of minho,85.71428571428572,611-620,611-620,University of Minho,Portugal,Europe,L,FC,VH,A,15.6,565,7.1,601+,26.5,566,21.0,543,15.9,652,14.9,624,83.7,268,8.6,701+,52.1,305=,,university of minho,QS World University Rankings 2025,International Education Costs Dataset,Medium
USA,Minneapolis,University of Minnesota,Computer Science,Bachelor,4.0,42500,72.8,1500,160,1500,1.0,university of minnesota,university of minnesota,university of minho,85.71428571428572,611-620,611-620,University of Minho,Portugal,Europe,L,FC,VH,A,15.6,565,7.1,601+,26.5,566,21.0,543,15.9,652,14.9,624,83.7,268,8.6,701+,52.1,305=,,university of minho,QS World University Rankings 2025,International Education Costs Dataset,Medium
USA,Davis,UC Davis,Computer Engineering,Master,2.0,42800,73.5,1700,160,1500,1.0,uc davis,uc davis,,,,,,,,,,,,,,,,,,,,,,,,,,,,,,,,Not Matched,International Education Costs Dataset,Unmatched
USA,Davis,UC Davis,Computer Engineering,Master,2.0,42800,73.5,1700,160,1500,1.0,uc davis,uc davis,,,,,,,,,,,,,,,,,,,,,,,,,,,,,,,,Not Matched,International Education Costs Dataset,Unmatched
UK,London,University College London,Computer Science,Master,1.0,39200,76.2,1900,485,800,0.79,university college london,university college london,,,,,,,,,,,,,,,,,,,,,,,,,,,,,,,,Not Matched,International Education Costs Dataset,Unmatched
UK,London,University College London,Computer Science,Master,1.0,39200,76.2,1900,485,800,0.79,university college london,university college london,,,,,,,,,,,,,,,,,,,,,,,,,,,,,,,,Not Matched,International Education Costs Dataset,Unmatched
UK,Leeds,University of Leeds,Software Engineering,Bachelor,3.0,28500,65.8,950,485,800,0.79,university of leeds,university of leeds,university of leeds,100.0,82,75,University of Leeds,United Kingdom,Europe,XL,FC,VH,A,70.5,91,75.9,83,36.4,438,39.8,355,82.5,230,88.5,132,98.8,14,50.9,251,71.8,211=,63.8,university of leeds,QS World University Rankings 2025,International Education Costs Dataset,Excellent
UK,Leeds,University of Leeds,Software Engineering,Bachelor,3.0,28500,65.8,950,485,800,0.79,university of leeds,university of leeds,university of leeds,100.0,82,75,University of Leeds,United Kingdom,Europe,XL,FC,VH,A,70.5,91,75.9,83,36.4,438,39.8,355,82.5,230,88.5,132,98.8,14,50.9,251,71.8,211=,63.8,university of leeds,QS World University Rankings 2025,International Education Costs Dataset,Excellent
UK,Leeds,University of Leeds,Software Engineering,Bachelor,3.0,28500,65.8,950,485,800,0.79,university of leeds,university of leeds,university of leeds,100.0,82,75,University of Leeds,United Kingdom,Europe,XL,FC,VH,A,70.5,91,75.9,83,36.4,438,39.8,355,82.5,230,88.5,132,98.8,14,50.9,251,71.8,211=,63.8,university of leeds,QS World University Rankings 2025,International Education Costs Dataset,Excellent
UK,Leeds,University of Leeds,Software Engineering,Bachelor,3.0,28500,65.8,950,485,800,0.79,university of leeds,university of leeds,university of leeds,100.0,82,75,University of Leeds,United Kingdom,Europe,XL,FC,VH,A,70.5,91,75.9,83,36.4,438,39.8,355,82.5,230,88.5,132,98.8,14,50.9,251,71.8,211=,63.8,university of leeds,QS World University Rankings 2025,International Education Costs Dataset,Excellent
UK,Warwick,University of Warwick,Data Science,Master,1.0,36800,67.2,1000,485,800,0.79,university of warwick,university of warwick,the university of warwick,91.30434782608697,69,67,The University of Warwick,United Kingdom,Europe,L,FC,VH,A,72.2,86,86.4,61,35.5,445,37.7,367,98.1,119,99.1,57,94.2,92,65.7,175,89.7,98,68.2,the university of warwick,QS World University Rankings 2025,International Education Costs Dataset,High
UK,Warwick,University of Warwick,Data Science,Master,1.0,36800,67.2,1000,485,800,0.79,university of warwick,university of warwick,the university of warwick,91.30434782608697,69,67,The University of Warwick,United Kingdom,Europe,L,FC,VH,A,72.2,86,86.4,61,35.5,445,37.7,367,98.1,119,99.1,57,94.2,92,65.7,175,89.7,98,68.2,the university of warwick,QS World University Rankings 2025,International Education Costs Dataset,High
UK,Sheffield,University of Sheffield,Artificial Intelligence,PhD,3.0,27900,64.5,850,485,800,0.79,university of sheffield,university of sheffield,the university of sheffield,92.0,105,104,The University of Sheffield,United Kingdom,Europe,L,FC,VH,A,58.3,132,48.7,187,52.5,290,43.9,313,83.3,228,96.8,80,95.8,62,33.8,374,97.7,24=,59.1,the university of sheffield,QS World University Rankings 2025,International Education Costs Dataset,High
UK,Sheffield,University of Sheffield,Artificial Intelligence,PhD,3.0,27900,64.5,850,485,800,0.79,university of sheffield,university of sheffield,the university of sheffield,92.0,105,104,The University of Sheffield,United Kingdom,Europe,L,FC,VH,A,58.3,132,48.7,187,52.5,290,43.9,313,83.3,228,96.8,80,95.8,62,33.8,374,97.7,24=,59.1,the university of sheffield,QS World University Rankings 2025,International Education Costs Dataset,High
UK,Sheffield,University of Sheffield,Artificial Intelligence,PhD,3.0,27900,64.5,850,485,800,0.79,university of sheffield,university of sheffield,the university of sheffield,92.0,105,104,The University of Sheffield,United Kingdom,Europe,L,FC,VH,A,58.3,132,48.7,187,52.5,290,43.9,313,83.3,228,96.8,80,95.8,62,33.8,374,97.7,24=,59.1,the university of sheffield,QS World University Rankings 2025,International Education Costs Dataset,High
UK,Birmingham,University of Birmingham,Computer Engineering,Bachelor,3.0,29500,66.8,950,485,800,0.79,university of birmingham,university of birmingham,university of birmingham,100.0,80,84,University of Birmingham,United Kingdom,Europe,XL,FC,VH,A,68.9,94,69.0,105,39.0,402,40.5,348,92.6,171,89.3,127,97.5,31,44.5,285,96.8,35,64.1,university of birmingham,QS World University Rankings 2025,International Education Costs Dataset,Excellent
UK,Birmingham,University of Birmingham,Computer Engineering,Bachelor,3.0,29500,66.8,950,485,800,0.79,university of birmingham,university of birmingham,university of birmingham,100.0,80,84,University of Birmingham,United Kingdom,Europe,XL,FC,VH,A,68.9,94,69.0,105,39.0,402,40.5,348,92.6,171,89.3,127,97.5,31,44.5,285,96.8,35,64.1,university of birmingham,QS World University Rankings 2025,International Education Costs Dataset,Excellent
UK,Birmingham,University of Birmingham,Computer Engineering,Bachelor,3.0,29500,66.8,950,485,800,0.79,university of birmingham,university of birmingham,university of birmingham,100.0,80,84,University of Birmingham,United Kingdom,Europe,XL,FC,VH,A,68.9,94,69.0,105,39.0,402,40.5,348,92.6,171,89.3,127,97.5,31,44.5,285,96.8,35,64.1,university of birmingham,QS World University Rankings 2025,International Education Costs Dataset,Excellent
UK,Southampton,University of Southampton,Cybersecurity,Master,1.0,32400,65.9,900,485,800,0.79,university of southampton,university of southampton,university of southampton,100.0,80,81,University of Southampton,United Kingdom,Europe,L,FC,VH,A,50.1,161,44.3,208,40.7,385,83.4,100,92.5,173,98.0,70,97.1,40,49.2,261,96.9,34,64.1,university of southampton,QS World University Rankings 2025,International Education Costs Dataset,Excellent
UK,Southampton,University of Southampton,Cybersecurity,Master,1.0,32400,65.9,900,485,800,0.79,university of southampton,university of southampton,university of southampton,100.0,80,81,University of Southampton,United Kingdom,Europe,L,FC,VH,A,50.1,161,44.3,208,40.7,385,83.4,100,92.5,173,98.0,70,97.1,40,49.2,261,96.9,34,64.1,university of southampton,QS World University Rankings 2025,International Education Costs Dataset,Excellent
UK,Nottingham,University of Nottingham,Computer Science,Bachelor,3.0,28900,64.8,850,485,800,0.79,university of nottingham,university of nottingham,university of nottingham,100.0,108,100,University of Nottingham,United Kingdom,Europe,XL,FC,VH,A,61.1,117,65.8,116,32.8,481,37.6,368,89.4,194,70.5,208,98.0,25,38.0,339,97.0,33,58.5,university of nottingham,QS World University Rankings 2025,International Education Costs Dataset,Excellent
UK,Nottingham,University of Nottingham,Computer Science,Bachelor,3.0,28900,64.8,850,485,800,0.79,university of nottingham,university of nottingham,university of nottingham,100.0,108,100,University of Nottingham,United Kingdom,Europe,XL,FC,VH,A,61.1,117,65.8,116,32.8,481,37.6,368,89.4,194,70.5,208,98.0,25,38.0,339,97.0,33,58.5,university of nottingham,QS World University Rankings 2025,International Education Costs Dataset,Excellent
UK,Nottingham,University of Nottingham,Computer Science,Bachelor,3.0,28900,64.8,850,485,800,0.79,university of nottingham,university of nottingham,university of nottingham,100.0,108,100,University of Nottingham,United Kingdom,Europe,XL,FC,VH,A,61.1,117,65.8,116,32.8,481,37.6,368,89.4,194,70.5,208,98.0,25,38.0,339,97.0,33,58.5,university of nottingham,QS World University Rankings 2025,International Education Costs Dataset,Excellent
UK,Nottingham,University of Nottingham,Computer Science,Bachelor,3.0,28900,64.8,850,485,800,0.79,university of nottingham,university of nottingham,university of nottingham,100.0,108,100,University of Nottingham,United Kingdom,Europe,XL,FC,VH,A,61.1,117,65.8,116,32.8,481,37.6,368,89.4,194,70.5,208,98.0,25,38.0,339,97.0,33,58.5,university of nottingham,QS World University Rankings 2025,International Education Costs Dataset,Excellent
UK,Cardiff,Cardiff University,Software Development,Master,1.0,31200,64.2,800,485,800,0.79,cardiff university,cardiff university,cardiff university,100.0,186,154,Cardiff University,United Kingdom,Europe,L,FC,VH,A,46.8,171,43.2,213,36.1,441,30.0,437,82.8,229,67.7,219,92.3,132,18.9,584,96.0,46=,47.6,cardiff university,QS World University Rankings 2025,International Education Costs Dataset,Excellent
UK,Cardiff,Cardiff University,Software Development,Master,1.0,31200,64.2,800,485,800,0.79,cardiff university,cardiff university,cardiff university,100.0,186,154,Cardiff University,United Kingdom,Europe,L,FC,VH,A,46.8,171,43.2,213,36.1,441,30.0,437,82.8,229,67.7,219,92.3,132,18.9,584,96.0,46=,47.6,cardiff university,QS World University Rankings 2025,International Education Costs Dataset,Excellent
UK,Cardiff,Cardiff University,Software Development,Master,1.0,31200,64.2,800,485,800,0.79,cardiff university,cardiff university,cardiff university,100.0,186,154,Cardiff University,United Kingdom,Europe,L,FC,VH,A,46.8,171,43.2,213,36.1,441,30.0,437,82.8,229,67.7,219,92.3,132,18.9,584,96.0,46=,47.6,cardiff university,QS World University Rankings 2025,International Education Costs Dataset,Excellent
UK,Belfast,Queen's University Belfast,Computing Systems,Bachelor,3.0,27500,63.5,750,485,800,0.79,queen s university belfast,queen s university belfast,queen s university belfast,100.0,206,202,Queen's University Belfast,United Kingdom,Europe,L,FC,VH,A,35.4,249,33.6,279,28.6,543,40.6,345,100.0,74,98.2,67,92.8,124,9.9,701+,88.9,103=,45.7,queen s university belfast,QS World University Rankings 2025,International Education Costs Dataset,Excellent
UK,Newcastle,Newcastle University,Data Analytics,Master,1.0,30800,64.6,800,485,800,0.79,newcastle university,newcastle university,newcastle university,100.0,129,110,Newcastle University,United Kingdom,Europe,L,FC,VH,A,50.0,164,59.3,137,39.2,399,38.7,362,89.5,193,68.6,217,97.1,42,31.3,403,97.1,30=,54.5,newcastle university,QS World University Rankings 2025,International Education Costs Dataset,Excellent
UK,Newcastle,Newcastle University,Data Analytics,Master,1.0,30800,64.6,800,485,800,0.79,newcastle university,newcastle university,newcastle university,100.0,129,110,Newcastle University,United Kingdom,Europe,L,FC,VH,A,50.0,164,59.3,137,39.2,399,38.7,362,89.5,193,68.6,217,97.1,42,31.3,403,97.1,30=,54.5,newcastle university,QS World University Rankings 2025,International Education Costs Dataset,Excellent
Canada,Hamilton,McMaster University,Software Engineering,Bachelor,4.0,32500,68.5,1200,235,900,1.35,mcmaster university,mcmaster university,mcmaster university,100.0,176,189,McMaster University,Canada,Americas,L,FC,VH,A,39.5,215,34.2,276,63.8,215,35.6,380,96.2,136,56.7,263,82.6,284,49.9,255,91.9,78=,49,mcmaster university,QS World University Rankings 2025,International Education Costs Dataset,Excellent
Canada,Hamilton,McMaster University,Software Engineering,Bachelor,4.0,32500,68.5,1200,235,900,1.35,mcmaster university,mcmaster university,mcmaster university,100.0,176,189,McMaster University,Canada,Americas,L,FC,VH,A,39.5,215,34.2,276,63.8,215,35.6,380,96.2,136,56.7,263,82.6,284,49.9,255,91.9,78=,49,mcmaster university,QS World University Rankings 2025,International Education Costs Dataset,Excellent
Canada,Hamilton,McMaster University,Software Engineering,Bachelor,4.0,32500,68.5,1200,235,900,1.35,mcmaster university,mcmaster university,mcmaster university,100.0,176,189,McMaster University,Canada,Americas,L,FC,VH,A,39.5,215,34.2,276,63.8,215,35.6,380,96.2,136,56.7,263,82.6,284,49.9,255,91.9,78=,49,mcmaster university,QS World University Rankings 2025,International Education Costs Dataset,Excellent
Canada,London ON,Western University,Computer Science,Master,2.0,29800,65.8,1100,235,900,1.35,western university,western university,western university,100.0,120,114,Western University,Canada,Americas,XL,FC,VH,A,32.6,270,38.9,243,3.3,701+,93.4,60,99.8,94,49.5,299,81.5,296,96.7,38,99.3,10,55.8,western university,QS World University Rankings 2025,International Education Costs Dataset,Excellent
Canada,London ON,Western University,Computer Science,Master,2.0,29800,65.8,1100,235,900,1.35,western university,western university,western university,100.0,120,114,Western University,Canada,Americas,XL,FC,VH,A,32.6,270,38.9,243,3.3,701+,93.4,60,99.8,94,49.5,299,81.5,296,96.7,38,99.3,10,55.8,western university,QS World University Rankings 2025,International Education Costs Dataset,Excellent
Canada,London ON,Western University,Computer Science,Master,2.0,29800,65.8,1100,235,900,1.35,western university,western university,western university,100.0,120,114,Western University,Canada,Americas,XL,FC,VH,A,32.6,270,38.9,243,3.3,701+,93.4,60,99.8,94,49.5,299,81.5,296,96.7,38,99.3,10,55.8,western university,QS World University Rankings 2025,International Education Costs Dataset,Excellent
Canada,Halifax,Dalhousie University,Data Science,Master,2.0,28500,64.5,1200,235,900,1.35,dalhousie university,dalhousie university,dalhousie university,100.0,275,298,Dalhousie University,Canada,Americas,L,FC,VH,A,19.4,463,16.7,513,12.9,701+,53.5,239,99.9,86,74.6,189,77.4,369,30.1,416,87.9,109,38.2,dalhousie university,QS World University Rankings 2025,International Education Costs Dataset,Excellent
Canada,Halifax,Dalhousie University,Data Science,Master,2.0,28500,64.5,1200,235,900,1.35,dalhousie university,dalhousie university,dalhousie university,100.0,275,298,Dalhousie University,Canada,Americas,L,FC,VH,A,19.4,463,16.7,513,12.9,701+,53.5,239,99.9,86,74.6,189,77.4,369,30.1,416,87.9,109,38.2,dalhousie university,QS World University Rankings 2025,International Education Costs Dataset,Excellent
Canada,Halifax,Dalhousie University,Data Science,Master,2.0,28500,64.5,1200,235,900,1.35,dalhousie university,dalhousie university,dalhousie university,100.0,275,298,Dalhousie University,Canada,Americas,L,FC,VH,A,19.4,463,16.7,513,12.9,701+,53.5,239,99.9,86,74.6,189,77.4,369,30.1,416,87.9,109,38.2,dalhousie university,QS World University Rankings 2025,International Education Costs Dataset,Excellent
Canada,Halifax,Dalhousie University,Data Science,Master,2.0,28500,64.5,1200,235,900,1.35,dalhousie university,dalhousie university,dalhousie university,100.0,275,298,Dalhousie University,Canada,Americas,L,FC,VH,A,19.4,463,16.7,513,12.9,701+,53.5,239,99.9,86,74.6,189,77.4,369,30.1,416,87.9,109,38.2,dalhousie university,QS World University Rankings 2025,International Education Costs Dataset,Excellent
Canada,Victoria,University of Victoria,Computer Engineering,Bachelor,4.0,27900,69.2,1300,235,900,1.35,university of victoria,university of victoria,victoria university,92.6829268292683,741-750,711-720,Victoria University,Australia,Oceania,L,CO,HI,A,6.9,601+,6.1,601+,2.4,701+,34.1,389,32.7,480,41.5,345,44.9,701+,6.4,701+,34.8,406=,,victoria university,QS World University Rankings 2025,International Education Costs Dataset,High
Canada,Victoria,University of Victoria,Computer Engineering,Bachelor,4.0,27900,69.2,1300,235,900,1.35,university of victoria,university of victoria,victoria university,92.6829268292683,741-750,711-720,Victoria University,Australia,Oceania,L,CO,HI,A,6.9,601+,6.1,601+,2.4,701+,34.1,389,32.7,480,41.5,345,44.9,701+,6.4,701+,34.8,406=,,victoria university,QS World University Rankings 2025,International Education Costs Dataset,High
Canada,Victoria,University of Victoria,Computer Engineering,Bachelor,4.0,27900,69.2,1300,235,900,1.35,university of victoria,university of victoria,victoria university,92.6829268292683,741-750,711-720,Victoria University,Australia,Oceania,L,CO,HI,A,6.9,601+,6.1,601+,2.4,701+,34.1,389,32.7,480,41.5,345,44.9,701+,6.4,701+,34.8,406=,,victoria university,QS World University Rankings 2025,International Education Costs Dataset,High
Canada,Victoria,University of Victoria,Computer Engineering,Bachelor,4.0,27900,69.2,1300,235,900,1.35,university of victoria,university of victoria,victoria university,92.6829268292683,741-750,711-720,Victoria University,Australia,Oceania,L,CO,HI,A,6.9,601+,6.1,601+,2.4,701+,34.1,389,32.7,480,41.5,345,44.9,701+,6.4,701+,34.8,406=,,victoria university,QS World University Rankings 2025,International Education Costs Dataset,High
Canada,Quebec City,Laval University,Artificial Intelligence,Master,2.0,21500,63.8,900,235,900,1.35,laval university,laval university,universit laval,96.7741935483871,423,441,Université Laval,Canada,Americas,L,FC,VH,A,19.2,468,8.1,601+,26.0,572,23.8,512,55.8,336,41.6,344,80.2,317,36.4,349,78.4,166=,28.1,universit laval,QS World University Rankings 2025,International Education Costs Dataset,Excellent
Canada,Quebec City,Laval University,Artificial Intelligence,Master,2.0,21500,63.8,900,235,900,1.35,laval university,laval university,universit laval,96.7741935483871,423,441,Université Laval,Canada,Americas,L,FC,VH,A,19.2,468,8.1,601+,26.0,572,23.8,512,55.8,336,41.6,344,80.2,317,36.4,349,78.4,166=,28.1,universit laval,QS World University Rankings 2025,International Education Costs Dataset,Excellent
Canada,Quebec City,Laval University,Artificial Intelligence,Master,2.0,21500,63.8,900,235,900,1.35,laval university,laval university,universit laval,96.7741935483871,423,441,Université Laval,Canada,Americas,L,FC,VH,A,19.2,468,8.1,601+,26.0,572,23.8,512,55.8,336,41.6,344,80.2,317,36.4,349,78.4,166=,28.1,universit laval,QS World University Rankings 2025,International Education Costs Dataset,Excellent
Canada,Quebec City,Laval University,Artificial Intelligence,Master,2.0,21500,63.8,900,235,900,1.35,laval university,laval university,universit laval,96.7741935483871,423,441,Université Laval,Canada,Americas,L,FC,VH,A,19.2,468,8.1,601+,26.0,572,23.8,512,55.8,336,41.6,344,80.2,317,36.4,349,78.4,166=,28.1,universit laval,QS World University Rankings 2025,International Education Costs Dataset,Excellent
Canada,Winnipeg,University of Manitoba,Computer Science,Bachelor,4.0,26800,62.5,950,235,900,1.35,university of manitoba,university of manitoba,university of manitoba,100.0,661-670,671-680,University of Manitoba,Canada,Americas,L,FC,VH,A,13.6,601+,15.9,536,29.6,526,12.0,694,,,43.2,334,73.1,439,32.8,390,16.3,570=,,university of manitoba,QS World University Rankings 2025,International Education Costs Dataset,Excellent
Canada,Winnipeg,University of Manitoba,Computer Science,Bachelor,4.0,26800,62.5,950,235,900,1.35,university of manitoba,university of manitoba,university of manitoba,100.0,661-670,671-680,University of Manitoba,Canada,Americas,L,FC,VH,A,13.6,601+,15.9,536,29.6,526,12.0,694,,,43.2,334,73.1,439,32.8,390,16.3,570=,,university of manitoba,QS World University Rankings 2025,International Education Costs Dataset,Excellent
Canada,Winnipeg,University of Manitoba,Computer Science,Bachelor,4.0,26800,62.5,950,235,900,1.35,university of manitoba,university of manitoba,university of manitoba,100.0,661-670,671-680,University of Manitoba,Canada,Americas,L,FC,VH,A,13.6,601+,15.9,536,29.6,526,12.0,694,,,43.2,334,73.1,439,32.8,390,16.3,570=,,university of manitoba,QS World University Rankings 2025,International Education Costs Dataset,Excellent
Canada,Winnipeg,University of Manitoba,Computer Science,Bachelor,4.0,26800,62.5,950,235,900,1.35,university of manitoba,university of manitoba,university of manitoba,100.0,661-670,671-680,University of Manitoba,Canada,Americas,L,FC,VH,A,13.6,601+,15.9,536,29.6,526,12.0,694,,,43.2,334,73.1,439,32.8,390,16.3,570=,,university of manitoba,QS World University Rankings 2025,International Education Costs Dataset,Excellent
Canada,Regina,University of Regina,Software Systems,Bachelor,4.0,25500,61.8,900,235,900,1.35,university of regina,university of regina,university of regina,100.0,951-1000,1001-1200,University of Regina,Canada,Americas,L,CO,HI,A,3.3,601+,2.5,601+,3.9,701+,21.0,544,7.3,701+,38.3,365,39.1,701+,4.1,701+,44.6,343=,,university of regina,QS World University Rankings 2025,International Education Costs Dataset,Excellent
Canada,Regina,University of Regina,Software Systems,Bachelor,4.0,25500,61.8,900,235,900,1.35,university of regina,university of regina,university of regina,100.0,951-1000,1001-1200,University of Regina,Canada,Americas,L,CO,HI,A,3.3,601+,2.5,601+,3.9,701+,21.0,544,7.3,701+,38.3,365,39.1,701+,4.1,701+,44.6,343=,,university of regina,QS World University Rankings 2025,International Education Costs Dataset,Excellent
Canada,Regina,University of Regina,Software Systems,Bachelor,4.0,25500,61.8,900,235,900,1.35,university of regina,university of regina,university of regina,100.0,951-1000,1001-1200,University of Regina,Canada,Americas,L,CO,HI,A,3.3,601+,2.5,601+,3.9,701+,21.0,544,7.3,701+,38.3,365,39.1,701+,4.1,701+,44.6,343=,,university of regina,QS World University Rankings 2025,International Education Costs Dataset,Excellent
Canada,St. John's,Memorial University,Computer Science,Master,2.0,19800,63.2,950,235,900,1.35,memorial university,memorial university,emory university,85.71428571428572,196,166,Emory University,United States,Americas,L,FC,VH,B,25.2,349,19.0,469,93.8,70,78.4,120,52.2,355,33.9,399,85.6,237,22.8,502,37.0,391=,46.6,emory university,QS World University Rankings 2025,International Education Costs Dataset,Medium
Canada,St. John's,Memorial University,Computer Science,Master,2.0,19800,63.2,950,235,900,1.35,memorial university,memorial university,emory university,85.71428571428572,196,166,Emory University,United States,Americas,L,FC,VH,B,25.2,349,19.0,469,93.8,70,78.4,120,52.2,355,33.9,399,85.6,237,22.8,502,37.0,391=,46.6,emory university,QS World University Rankings 2025,International Education Costs Dataset,Medium
Canada,St. John's,Memorial University,Computer Science,Master,2.0,19800,63.2,950,235,900,1.35,memorial university,memorial university,emory university,85.71428571428572,196,166,Emory University,United States,Americas,L,FC,VH,B,25.2,349,19.0,469,93.8,70,78.4,120,52.2,355,33.9,399,85.6,237,22.8,502,37.0,391=,46.6,emory university,QS World University Rankings 2025,International Education Costs Dataset,Medium
Canada,Saskatoon,University of Saskatchewan,Data Analytics,Master,2.0,24500,62.8,1000,235,900,1.35,university of saskatchewan,university of saskatchewan,university of saskatchewan,100.0,340,345,University of Saskatchewan,Canada,Americas,L,FC,VH,A,11.1,601+,5.3,601+,18.2,701+,57.0,219,77.3,251,49.5,298,82.3,287,32.1,394,90.7,89=,33.2,university of saskatchewan,QS World University Rankings 2025,International Education Costs Dataset,Excellent
Canada,Saskatoon,University of Saskatchewan,Data Analytics,Master,2.0,24500,62.8,1000,235,900,1.35,university of saskatchewan,university of saskatchewan,university of saskatchewan,100.0,340,345,University of Saskatchewan,Canada,Americas,L,FC,VH,A,11.1,601+,5.3,601+,18.2,701+,57.0,219,77.3,251,49.5,298,82.3,287,32.1,394,90.7,89=,33.2,university of saskatchewan,QS World University Rankings 2025,International Education Costs Dataset,Excellent
Canada,Saskatoon,University of Saskatchewan,Data Analytics,Master,2.0,24500,62.8,1000,235,900,1.35,university of saskatchewan,university of saskatchewan,university of saskatchewan,100.0,340,345,University of Saskatchewan,Canada,Americas,L,FC,VH,A,11.1,601+,5.3,601+,18.2,701+,57.0,219,77.3,251,49.5,298,82.3,287,32.1,394,90.7,89=,33.2,university of saskatchewan,QS World University Rankings 2025,International Education Costs Dataset,Excellent
Canada,Sherbrooke,Université de Sherbrooke,Computer Engineering,PhD,4.0,20500,61.5,850,235,900,1.35,universit de sherbrooke,universit de sherbrooke,universit de sherbrooke,100.0,851-900,801-850,Université de Sherbrooke,Canada,Americas,L,FC,HI,A,6.8,601+,4.2,601+,18.8,701+,16.9,604,54.7,341,7.6,701+,43.0,701+,23.4,483,8.0,701+,,universit de sherbrooke,QS World University Rankings 2025,International Education Costs Dataset,Excellent
USA,Pittsburgh,Carnegie Mellon,Computer Science,Master,2.0,51200,72.4,1800,160,1500,1.0,carnegie mellon,carnegie mellon,,,,,,,,,,,,,,,,,,,,,,,,,,,,,,,,Not Matched,International Education Costs Dataset,Unmatched
USA,Pittsburgh,Carnegie Mellon,Computer Science,Master,2.0,51200,72.4,1800,160,1500,1.0,carnegie mellon,carnegie mellon,,,,,,,,,,,,,,,,,,,,,,,,,,,,,,,,Not Matched,International Education Costs Dataset,Unmatched
USA,Pittsburgh,Carnegie Mellon,Computer Science,Master,2.0,51200,72.4,1800,160,1500,1.0,carnegie mellon,carnegie mellon,,,,,,,,,,,,,,,,,,,,,,,,,,,,,,,,Not Matched,International Education Costs Dataset,Unmatched
USA,Urbana-Champaign,UIUC,Computer Science,PhD,5.0,45800,68.5,1400,160,1500,1.0,uiuc,uiuc,,,,,,,,,,,,,,,,,,,,,,,,,,,,,,,,Not Matched,International Education Costs Dataset,Unmatched
Canada,Calgary,University of Calgary,Software Engineering,Bachelor,4.0,26500,69.2,1300,235,900,1.35,university of calgary,university of calgary,university of calgary,100.0,198,182,University of Calgary,Canada,Americas,XL,FC,VH,A,37.9,227,44.5,207,18.1,701+,40.3,350,77.7,246,66.2,225,85.2,243,53.3,236,93.3,68=,46.3,university of calgary,QS World University Rankings 2025,International Education Costs Dataset,Excellent
Canada,Calgary,University of Calgary,Software Engineering,Bachelor,4.0,26500,69.2,1300,235,900,1.35,university of calgary,university of calgary,university of calgary,100.0,198,182,University of Calgary,Canada,Americas,XL,FC,VH,A,37.9,227,44.5,207,18.1,701+,40.3,350,77.7,246,66.2,225,85.2,243,53.3,236,93.3,68=,46.3,university of calgary,QS World University Rankings 2025,International Education Costs Dataset,Excellent
Canada,Calgary,University of Calgary,Software Engineering,Bachelor,4.0,26500,69.2,1300,235,900,1.35,university of calgary,university of calgary,university of calgary,100.0,198,182,University of Calgary,Canada,Americas,XL,FC,VH,A,37.9,227,44.5,207,18.1,701+,40.3,350,77.7,246,66.2,225,85.2,243,53.3,236,93.3,68=,46.3,university of calgary,QS World University Rankings 2025,International Education Costs Dataset,Excellent
Canada,Calgary,University of Calgary,Software Engineering,Bachelor,4.0,26500,69.2,1300,235,900,1.35,university of calgary,university of calgary,university of calgary,100.0,198,182,University of Calgary,Canada,Americas,XL,FC,VH,A,37.9,227,44.5,207,18.1,701+,40.3,350,77.7,246,66.2,225,85.2,243,53.3,236,93.3,68=,46.3,university of calgary,QS World University Rankings 2025,International Education Costs Dataset,Excellent
Brazil,Sao Paulo,University of Sao Paulo,Computer Science,Master,2.0,0,48.5,600,160,400,4.95,university of sao paulo,university of sao paulo,university of ulsan,85.71428571428572,801-850,751-760,University of Ulsan,South Korea,Asia,M,FC,VH,B,5.0,601+,2.3,601+,60.0,241,33.6,392,2.0,701+,2.4,701+,28.8,701+,3.8,701+,5.6,701+,,university of ulsan,QS World University Rankings 2025,International Education Costs Dataset,Medium
Brazil,Sao Paulo,University of Sao Paulo,Computer Science,Master,2.0,0,48.5,600,160,400,4.95,university of sao paulo,university of sao paulo,university of ulsan,85.71428571428572,801-850,751-760,University of Ulsan,South Korea,Asia,M,FC,VH,B,5.0,601+,2.3,601+,60.0,241,33.6,392,2.0,701+,2.4,701+,28.8,701+,3.8,701+,5.6,701+,,university of ulsan,QS World University Rankings 2025,International Education Costs Dataset,Medium
Turkey,Istanbul,Bogazici University,Computer Engineering,Bachelor,4.0,1800,42.8,450,100,300,30.5,bogazici university,bogazici university,bogazi i university,94.73684210526316,418,514,Bogaziçi University,Turkey,Asia,L,CO,HI,A,24.9,353,65.3,118,4.1,701+,10.7,701+,10.7,701+,2.6,701+,46.8,701+,84.9,102,46.2,334=,28.5,bogazi i university,QS World University Rankings 2025,International Education Costs Dataset,High
Turkey,Istanbul,Bogazici University,Computer Engineering,Bachelor,4.0,1800,42.8,450,100,300,30.5,bogazici university,bogazici university,bogazi i university,94.73684210526316,418,514,Bogaziçi University,Turkey,Asia,L,CO,HI,A,24.9,353,65.3,118,4.1,701+,10.7,701+,10.7,701+,2.6,701+,46.8,701+,84.9,102,46.2,334=,28.5,bogazi i university,QS World University Rankings 2025,International Education Costs Dataset,High
Russia,Moscow,Moscow State University,Applied Mathematics,Master,2.0,3900,51.2,700,120,350,92.8,moscow state university,moscow state university,iowa state university,86.36363636363636,470,400,Iowa State University,United States,Americas,L,CO,VH,A,20.7,425,12.0,601+,9.1,701+,47.9,280,7.5,701+,12.5,667,77.3,374,32.9,388,31.3,435=,25.6,iowa state university,QS World University Rankings 2025,International Education Costs Dataset,Medium
Russia,Moscow,Moscow State University,Applied Mathematics,Master,2.0,3900,51.2,700,120,350,92.8,moscow state university,moscow state university,iowa state university,86.36363636363636,470,400,Iowa State University,United States,Americas,L,CO,VH,A,20.7,425,12.0,601+,9.1,701+,47.9,280,7.5,701+,12.5,667,77.3,374,32.9,388,31.3,435=,25.6,iowa state university,QS World University Rankings 2025,International Education Costs Dataset,Medium
Mexico,Mexico City,UNAM,Computer Engineering,Bachelor,4.0,800,44.6,500,160,400,17.2,unam,unam,,,,,,,,,,,,,,,,,,,,,,,,,,,,,,,,Not Matched,International Education Costs Dataset,Unmatched
Mexico,Mexico City,UNAM,Computer Engineering,Bachelor,4.0,800,44.6,500,160,400,17.2,unam,unam,,,,,,,,,,,,,,,,,,,,,,,,,,,,,,,,Not Matched,International Education Costs Dataset,Unmatched
Greece,Athens,National Technical University,Software Engineering,Master,2.0,2500,54.8,550,120,400,0.92,national technical university,national technical university,national technical university of athens,85.29411764705883,321,347,National Technical University of Athens,Greece,Europe,L,FO,VH,A,21.3,412,44.9,204,4.6,701+,76.0,132,1.3,701+,4.6,701+,72.7,444,39.6,325,5.0,701+,34.2,national technical university of athens,QS World University Rankings 2025,International Education Costs Dataset,Medium
Greece,Athens,National Technical University,Software Engineering,Master,2.0,2500,54.8,550,120,400,0.92,national technical university,national technical university,national technical university of athens,85.29411764705883,321,347,National Technical University of Athens,Greece,Europe,L,FO,VH,A,21.3,412,44.9,204,4.6,701+,76.0,132,1.3,701+,4.6,701+,72.7,444,39.6,325,5.0,701+,34.2,national technical university of athens,QS World University Rankings 2025,International Education Costs Dataset,Medium
Thailand,Bangkok,Chulalongkorn University,Computer Science,Bachelor,4.0,3800,46.5,450,140,300,35.2,chulalongkorn university,chulalongkorn university,chulalongkorn university,100.0,229,211,Chulalongkorn University,Thailand,Asia,XL,FC,VH,A,68.2,97,35.9,261,31.7,499,7.5,701+,18.7,617,3.0,701+,79.6,331,93.6,60,73.2,198=,43.4,chulalongkorn university,QS World University Rankings 2025,International Education Costs Dataset,Excellent
Thailand,Bangkok,Chulalongkorn University,Computer Science,Bachelor,4.0,3800,46.5,450,140,300,35.2,chulalongkorn university,chulalongkorn university,chulalongkorn university,100.0,229,211,Chulalongkorn University,Thailand,Asia,XL,FC,VH,A,68.2,97,35.9,261,31.7,499,7.5,701+,18.7,617,3.0,701+,79.6,331,93.6,60,73.2,198=,43.4,chulalongkorn university,QS World University Rankings 2025,International Education Costs Dataset,Excellent
UAE,Dubai,American University in Dubai,Computer Science,Bachelor,4.0,29500,72.4,1200,270,800,3.67,american university in dubai,american university in dubai,american university in dubai,100.0,621-630,601-610,American University in Dubai,United Arab Emirates,Asia,S,FO,HI,C,10.3,601+,16.9,506,25.2,590,1.9,701+,100.0,81,100.0,2,4.5,701+,41.3,310,1.0,701+,,american university in dubai,QS World University Rankings 2025,International Education Costs Dataset,Excellent
USA,New York,Columbia University,Data Science,Master,2.0,52800,100.0,2500,160,1500,1.0,columbia university,columbia university,columbia university,100.0,34,23,Columbia University,United States,Americas,XL,FC,VH,B,99.6,12,98.8,15,100.0,16,31.7,417,41.5,413,97.0,79,98.5,19,99.9,9,71.8,211=,82,columbia university,QS World University Rankings 2025,International Education Costs Dataset,Excellent
USA,New York,Columbia University,Data Science,Master,2.0,52800,100.0,2500,160,1500,1.0,columbia university,columbia university,columbia university,100.0,34,23,Columbia University,United States,Americas,XL,FC,VH,B,99.6,12,98.8,15,100.0,16,31.7,417,41.5,413,97.0,79,98.5,19,99.9,9,71.8,211=,82,columbia university,QS World University Rankings 2025,International Education Costs Dataset,Excellent
USA,New York,Columbia University,Data Science,Master,2.0,52800,100.0,2500,160,1500,1.0,columbia university,columbia university,columbia university,100.0,34,23,Columbia University,United States,Americas,XL,FC,VH,B,99.6,12,98.8,15,100.0,16,31.7,417,41.5,413,97.0,79,98.5,19,99.9,9,71.8,211=,82,columbia university,QS World University Rankings 2025,International Education Costs Dataset,Excellent
USA,Ithaca,Cornell University,Computer Science,PhD,5.0,49800,70.5,1600,160,1500,1.0,cornell university,cornell university,cornell university,100.0,16,13,Cornell University,United States,Americas,L,FC,VH,B,98.3,25,93.1,42,52.7,289,97.5,43,54.2,347,63.4,237,94.0,99,97.1,34,72.1,208=,87.9,cornell university,QS World University Rankings 2025,International Education Costs Dataset,Excellent
China,Shenzhen,SUSTech,Artificial Intelligence,Master,2.0,8200,58.4,800,140,400,7.18,sustech,sustech,,,,,,,,,,,,,,,,,,,,,,,,,,,,,,,,Not Matched,International Education Costs Dataset,Unmatched
South Africa,Cape Town,University of Cape Town,Computer Science,Bachelor,3.0,5900,49.2,600,140,400,18.72,university of cape town,university of cape town,university of cape town,100.0,171,173,University of Cape Town,South Africa,Africa,L,FC,VH,A,45.2,185,51.8,170,13.8,701+,46.8,294,56.5,335,19.2,563,97.3,36,95.8,46,95.6,50=,50,university of cape town,QS World University Rankings 2025,International Education Costs Dataset,Excellent
Egypt,Cairo,American University in Cairo,Computer Engineering,Bachelor,4.0,19800,38.4,450,130,350,30.9,american university in cairo,american university in cairo,the american university in cairo,93.33333333333333,410,415,The American University in Cairo,Egypt,Africa,M,CO,VH,B,32.1,274,31.1,301,35.5,444,5.2,701+,97.0,130,3.8,701+,29.4,701+,75.6,138,14.6,597=,29,the american university in cairo,QS World University Rankings 2025,International Education Costs Dataset,High
Argentina,Buenos Aires,University of Buenos Aires,Software Engineering,Bachelor,5.0,0,42.6,400,150,300,821.5,university of buenos aires,university of buenos aires,,,,,,,,,,,,,,,,,,,,,,,,,,,,,,,,Not Matched,International Education Costs Dataset,Unmatched
Argentina,Buenos Aires,University of Buenos Aires,Software Engineering,Bachelor,5.0,0,42.6,400,150,300,821.5,university of buenos aires,university of buenos aires,,,,,,,,,,,,,,,,,,,,,,,,,,,,,,,,Not Matched,International Education Costs Dataset,Unmatched
Indonesia,Jakarta,University of Indonesia,Information Systems,Bachelor,4.0,4200,45.8,500,130,300,15640.0,university of indonesia,university of indonesia,universitas indonesia,86.36363636363636,206,237,Universitas Indonesia,Indonesia,Asia,XL,FC,VH,A,53.8,148,79.2,79,55.7,268,2.1,701+,88.3,202,7.1,701+,37.2,701+,77.3,131,32.7,424=,45.7,universitas indonesia,QS World University Rankings 2025,International Education Costs Dataset,Medium
Indonesia,Jakarta,University of Indonesia,Information Systems,Bachelor,4.0,4200,45.8,500,130,300,15640.0,university of indonesia,university of indonesia,universitas indonesia,86.36363636363636,206,237,Universitas Indonesia,Indonesia,Asia,XL,FC,VH,A,53.8,148,79.2,79,55.7,268,2.1,701+,88.3,202,7.1,701+,37.2,701+,77.3,131,32.7,424=,45.7,universitas indonesia,QS World University Rankings 2025,International Education Costs Dataset,Medium
Saudi Arabia,Riyadh,King Saud University,Computer Science,Master,2.0,7800,52.4,800,250,600,3.75,king saud university,king saud university,king saud university,100.0,200,203,King Saud University,Saudi Arabia,Asia,XL,FC,VH,A,39.4,216,28.7,332,54.3,281,40.0,354,99.4,98,15.0,622,95.1,75,99.0,17,33.0,420=,46.2,king saud university,QS World University Rankings 2025,International Education Costs Dataset,Excellent
Saudi Arabia,Riyadh,King Saud University,Computer Science,Master,2.0,7800,52.4,800,250,600,3.75,king saud university,king saud university,king saud university,100.0,200,203,King Saud University,Saudi Arabia,Asia,XL,FC,VH,A,39.4,216,28.7,332,54.3,281,40.0,354,99.4,98,15.0,622,95.1,75,99.0,17,33.0,420=,46.2,king saud university,QS World University Rankings 2025,International Education Costs Dataset,Excellent
Nigeria,Lagos,University of Lagos,Computer Engineering,Bachelor,4.0,2500,40.2,400,180,300,860.2,university of lagos,university of lagos,university of lagos,100.0,1001-1200,1401+,University of Lagos,Nigeria,Africa,XL,CO,HI,,8.4,601+,7.5,601+,2.2,701+,2.6,701+,,,,,34.0,701+,87.6,91,1.3,701+,,university of lagos,QS World University Rankings 2025,International Education Costs Dataset,Excellent
Vietnam,Ho Chi Minh City,HCMUT,Software Engineering,Bachelor,4.0,3200,43.6,450,120,250,24450.0,hcmut,hcmut,,,,,,,,,,,,,,,,,,,,,,,,,,,,,,,,Not Matched,International Education Costs Dataset,Unmatched
Netherlands,Eindhoven,TU Eindhoven,Computer Science,Master,2.0,15600,69.8,950,180,720,0.92,tu eindhoven,tu eindhoven,,,,,,,,,,,,,,,,,,,,,,,,,,,,,,,,Not Matched,International Education Costs Dataset,Unmatched
Netherlands,Eindhoven,TU Eindhoven,Computer Science,Master,2.0,15600,69.8,950,180,720,0.92,tu eindhoven,tu eindhoven,,,,,,,,,,,,,,,,,,,,,,,,,,,,,,,,Not Matched,International Education Costs Dataset,Unmatched
Netherlands,Enschede,University of Twente,Artificial Intelligence,Bachelor,3.0,11200,65.4,750,180,720,0.92,university of twente,university of twente,university of twente,100.0,233,210,University of Twente,Netherlands,Europe,M,CO,VH,A,20.7,424,32.0,294,43.3,362,61.3,193,100.0,83,90.4,119,87.6,202,20.0,562,13.8,603,42.7,university of twente,QS World University Rankings 2025,International Education Costs Dataset,Excellent
Netherlands,Groningen,University of Groningen,Computing Science,Master,2.0,14800,66.8,800,180,720,0.92,university of groningen,university of groningen,university of groningen,100.0,159,139,University of Groningen,Netherlands,Europe,XL,FC,VH,A,52.3,156,34.4,275,49.3,318,41.2,339,93.2,168,83.5,161,94.1,97,40.0,319,40.1,368,51.3,university of groningen,QS World University Rankings 2025,International Education Costs Dataset,Excellent
Netherlands,Groningen,University of Groningen,Computing Science,Master,2.0,14800,66.8,800,180,720,0.92,university of groningen,university of groningen,university of groningen,100.0,159,139,University of Groningen,Netherlands,Europe,XL,FC,VH,A,52.3,156,34.4,275,49.3,318,41.2,339,93.2,168,83.5,161,94.1,97,40.0,319,40.1,368,51.3,university of groningen,QS World University Rankings 2025,International Education Costs Dataset,Excellent
Netherlands,Maastricht,Maastricht University,Data Science,Bachelor,3.0,11500,67.2,850,180,720,0.92,maastricht university,maastricht university,maastricht university,100.0,230,256,Maastricht University,Netherlands,Europe,L,FO,VH,A,23.0,389,27.8,345,13.2,701+,62.8,185,99.4,97,100.0,20,80.5,312,38.2,337,52.5,302=,43,maastricht university,QS World University Rankings 2025,International Education Costs Dataset,Excellent
Netherlands,Nijmegen,Radboud University,Software Science,Master,2.0,14500,66.5,800,180,720,0.92,radboud university,radboud university,radboud university,100.0,272,222,Radboud University,Netherlands,Europe,L,FC,VH,A,28.0,315,14.1,582,27.0,561,66.0,167,81.3,233,18.6,573,93.9,101,19.6,571,39.8,369=,38.4,radboud university,QS World University Rankings 2025,International Education Costs Dataset,Excellent
Netherlands,Tilburg,Tilburg University,Information Systems,Bachelor,3.0,11300,65.8,750,180,720,0.92,tilburg university,tilburg university,tilburg university,100.0,347,371,Tilburg University,Netherlands,Europe,L,SP,VH,A,14.7,594,32.5,291,10.5,701+,55.1,229,98.4,114,60.6,245,56.8,667,14.3,685,15.2,590=,32.8,tilburg university,QS World University Rankings 2025,International Education Costs Dataset,Excellent
Netherlands,Tilburg,Tilburg University,Information Systems,Bachelor,3.0,11300,65.8,750,180,720,0.92,tilburg university,tilburg university,tilburg university,100.0,347,371,Tilburg University,Netherlands,Europe,L,SP,VH,A,14.7,594,32.5,291,10.5,701+,55.1,229,98.4,114,60.6,245,56.8,667,14.3,685,15.2,590=,32.8,tilburg university,QS World University Rankings 2025,International Education Costs Dataset,Excellent
Netherlands,Utrecht,Utrecht University,Game Technology,Master,2.0,15200,70.2,1000,180,720,0.92,utrecht university,utrecht university,utrecht university,100.0,105,107,Utrecht University,Netherlands,Europe,XL,FC,VH,A,66.5,103,38.8,244,31.0,508,79.5,112,55.7,337,19.4,559,97.3,37,54.7,228,61.9,258=,59.1,utrecht university,QS World University Rankings 2025,International Education Costs Dataset,Excellent
Netherlands,Utrecht,Utrecht University,Game Technology,Master,2.0,15200,70.2,1000,180,720,0.92,utrecht university,utrecht university,utrecht university,100.0,105,107,Utrecht University,Netherlands,Europe,XL,FC,VH,A,66.5,103,38.8,244,31.0,508,79.5,112,55.7,337,19.4,559,97.3,37,54.7,228,61.9,258=,59.1,utrecht university,QS World University Rankings 2025,International Education Costs Dataset,Excellent
Netherlands,Leiden,Leiden University,Computer Engineering,Bachelor,3.0,11400,69.5,950,180,720,0.92,leiden university,leiden university,leiden university,100.0,141,126,Leiden University,Netherlands,Europe,XL,FC,VH,A,68.4,95,32.9,288,21.3,649,54.5,234,85.0,220,51.7,284,95.2,72,48.8,263,25.5,488=,53.6,leiden university,QS World University Rankings 2025,International Education Costs Dataset,Excellent
Netherlands,Wageningen,Wageningen University,Bioinformatics,Master,2.0,14900,65.2,750,180,720,0.92,wageningen university,wageningen university,,,,,,,,,,,,,,,,,,,,,,,,,,,,,,,,Not Matched,International Education Costs Dataset,Unmatched
Netherlands,Wageningen,Wageningen University,Bioinformatics,Master,2.0,14900,65.2,750,180,720,0.92,wageningen university,wageningen university,,,,,,,,,,,,,,,,,,,,,,,,,,,,,,,,Not Matched,International Education Costs Dataset,Unmatched
Netherlands,Amsterdam,VU Amsterdam,Business Analytics,Master,2.0,15400,73.5,1100,180,720,0.92,vu amsterdam,vu amsterdam,,,,,,,,,,,,,,,,,,,,,,,,,,,,,,,,Not Matched,International Education Costs Dataset,Unmatched
Singapore,Singapore,Nanyang Technological University,Computer Science,Bachelor,4.0,32500,81.1,1500,90,800,1.34,nanyang technological university,nanyang technological university,almaty technological university,85.71428571428572,951-1000,801-850,Almaty Technological University,Kazakhstan,Asia,M,FO,HI,A,6.2,601+,4.2,601+,88.1,93,1.0,701+,25.0,536,4.8,701+,2.9,701+,3.3,701+,1.1,701+,,almaty technological university,QS World University Rankings 2025,International Education Costs Dataset,Medium
Singapore,Singapore,Nanyang Technological University,Computer Science,Bachelor,4.0,32500,81.1,1500,90,800,1.34,nanyang technological university,nanyang technological university,almaty technological university,85.71428571428572,951-1000,801-850,Almaty Technological University,Kazakhstan,Asia,M,FO,HI,A,6.2,601+,4.2,601+,88.1,93,1.0,701+,25.0,536,4.8,701+,2.9,701+,3.3,701+,1.1,701+,,almaty technological university,QS World University Rankings 2025,International Education Costs Dataset,Medium
Singapore,Singapore,Singapore Management University,Information Systems,Bachelor,4.0,31800,81.1,1500,90,800,1.34,singapore management university,singapore management university,singapore management university,100.0,585,545,Singapore Management University,Singapore,Asia,M,SP,VH,A,12.3,601+,14.2,578,10.2,701+,18.8,572,100.0,46,58.9,251,20.8,701+,27.1,443,26.3,478=,21.2,singapore management university,QS World University Rankings 2025,International Education Costs Dataset,Excellent
Singapore,Singapore,Singapore Management University,Information Systems,Bachelor,4.0,31800,81.1,1500,90,800,1.34,singapore management university,singapore management university,singapore management university,100.0,585,545,Singapore Management University,Singapore,Asia,M,SP,VH,A,12.3,601+,14.2,578,10.2,701+,18.8,572,100.0,46,58.9,251,20.8,701+,27.1,443,26.3,478=,21.2,singapore management university,QS World University Rankings 2025,International Education Costs Dataset,Excellent
Singapore,Singapore,SUTD,Computer Science & Design,Bachelor,4.0,31200,81.1,1500,90,800,1.34,sutd,sutd,,,,,,,,,,,,,,,,,,,,,,,,,,,,,,,,Not Matched,International Education Costs Dataset,Unmatched
Singapore,Singapore,SUTD,Computer Science & Design,Bachelor,4.0,31200,81.1,1500,90,800,1.34,sutd,sutd,,,,,,,,,,,,,,,,,,,,,,,,,,,,,,,,Not Matched,International Education Costs Dataset,Unmatched
Singapore,Singapore,SUTD,Computer Science & Design,Bachelor,4.0,31200,81.1,1500,90,800,1.34,sutd,sutd,,,,,,,,,,,,,,,,,,,,,,,,,,,,,,,,Not Matched,International Education Costs Dataset,Unmatched
Singapore,Singapore,SIT,Software Engineering,Bachelor,4.0,29800,81.1,1500,90,800,1.34,sit,sit,,,,,,,,,,,,,,,,,,,,,,,,,,,,,,,,Not Matched,International Education Costs Dataset,Unmatched
Singapore,Singapore,NUS,Artificial Intelligence,Master,2.0,35600,81.1,1500,90,800,1.34,nus,nus,,,,,,,,,,,,,,,,,,,,,,,,,,,,,,,,Not Matched,International Education Costs Dataset,Unmatched
Singapore,Singapore,NUS,Artificial Intelligence,Master,2.0,35600,81.1,1500,90,800,1.34,nus,nus,,,,,,,,,,,,,,,,,,,,,,,,,,,,,,,,Not Matched,International Education Costs Dataset,Unmatched
Singapore,Singapore,NTU,Data Science & AI,Master,2.0,34900,81.1,1500,90,800,1.34,ntu,ntu,,,,,,,,,,,,,,,,,,,,,,,,,,,,,,,,Not Matched,International Education Costs Dataset,Unmatched
Singapore,Singapore,NTU,Data Science & AI,Master,2.0,34900,81.1,1500,90,800,1.34,ntu,ntu,,,,,,,,,,,,,,,,,,,,,,,,,,,,,,,,Not Matched,International Education Costs Dataset,Unmatched
Singapore,Singapore,SUTD,Technology & Innovation,Master,2.0,33800,81.1,1500,90,800,1.34,sutd,sutd,,,,,,,,,,,,,,,,,,,,,,,,,,,,,,,,Not Matched,International Education Costs Dataset,Unmatched
Singapore,Singapore,SUTD,Technology & Innovation,Master,2.0,33800,81.1,1500,90,800,1.34,sutd,sutd,,,,,,,,,,,,,,,,,,,,,,,,,,,,,,,,Not Matched,International Education Costs Dataset,Unmatched
Singapore,Singapore,SUTD,Technology & Innovation,Master,2.0,33800,81.1,1500,90,800,1.34,sutd,sutd,,,,,,,,,,,,,,,,,,,,,,,,,,,,,,,,Not Matched,International Education Costs Dataset,Unmatched
Singapore,Singapore,SMU,Computing & Innovation,Master,2.0,34200,81.1,1500,90,800,1.34,smu,smu,,,,,,,,,,,,,,,,,,,,,,,,,,,,,,,,Not Matched,International Education Costs Dataset,Unmatched
Singapore,Singapore,NUS,Computer Engineering,PhD,4.0,38500,81.1,1500,90,800,1.34,nus,nus,,,,,,,,,,,,,,,,,,,,,,,,,,,,,,,,Not Matched,International Education Costs Dataset,Unmatched
Singapore,Singapore,NUS,Computer Engineering,PhD,4.0,38500,81.1,1500,90,800,1.34,nus,nus,,,,,,,,,,,,,,,,,,,,,,,,,,,,,,,,Not Matched,International Education Costs Dataset,Unmatched
Singapore,Singapore,NTU,Digital Systems & AI,PhD,4.0,37900,81.1,1500,90,800,1.34,ntu,ntu,,,,,,,,,,,,,,,,,,,,,,,,,,,,,,,,Not Matched,International Education Costs Dataset,Unmatched
Singapore,Singapore,NTU,Digital Systems & AI,PhD,4.0,37900,81.1,1500,90,800,1.34,ntu,ntu,,,,,,,,,,,,,,,,,,,,,,,,,,,,,,,,Not Matched,International Education Costs Dataset,Unmatched
France,Paris,École Polytechnique,Computer Science,Master,2.0,15600,74.6,1500,99,650,0.92,cole polytechnique,cole polytechnique,,,,,,,,,,,,,,,,,,,,,,,,,,,,,,,,Not Matched,International Education Costs Dataset,Unmatched
France,Toulouse,INSA Toulouse,Software Engineering,Bachelor,3.0,4200,65.8,750,99,650,0.92,insa toulouse,insa toulouse,,,,,,,,,,,,,,,,,,,,,,,,,,,,,,,,Not Matched,International Education Costs Dataset,Unmatched
France,Toulouse,INSA Toulouse,Software Engineering,Bachelor,3.0,4200,65.8,750,99,650,0.92,insa toulouse,insa toulouse,,,,,,,,,,,,,,,,,,,,,,,,,,,,,,,,Not Matched,International Education Costs Dataset,Unmatched
France,Lyon,École Normale Supérieure Lyon,Data Science,Master,2.0,4800,68.5,850,99,650,0.92,cole normale sup rieure lyon,cole normale sup rieure lyon,cole normale sup rieure de lyon,94.91525423728814,187,184,École Normale Supérieure de Lyon,France,Europe,S,CO,VH,A,29.8,296,16.3,522,97.0,49,93.5,59,59.0,329,11.7,684,70.3,482,14.0,694,6.6,701+,47.5,cole normale sup rieure de lyon,QS World University Rankings 2025,International Education Costs Dataset,High
France,Grenoble,Grenoble INP,Artificial Intelligence,Master,2.0,4500,66.4,800,99,650,0.92,grenoble inp,grenoble inp,,,,,,,,,,,,,,,,,,,,,,,,,,,,,,,,Not Matched,International Education Costs Dataset,Unmatched
France,Grenoble,Grenoble INP,Artificial Intelligence,Master,2.0,4500,66.4,800,99,650,0.92,grenoble inp,grenoble inp,,,,,,,,,,,,,,,,,,,,,,,,,,,,,,,,Not Matched,International Education Costs Dataset,Unmatched
France,Nice,Université Nice Sophia Antipolis,Computer Engineering,Bachelor,3.0,3900,69.2,900,99,650,0.92,universit nice sophia antipolis,universit nice sophia antipolis,,,,,,,,,,,,,,,,,,,,,,,,,,,,,,,,Not Matched,International Education Costs Dataset,Unmatched
France,Bordeaux,University of Bordeaux,Information Systems,Master,2.0,4200,67.8,850,99,650,0.92,university of bordeaux,university of bordeaux,university of bordeaux,100.0,535,465,University of Bordeaux,France,Europe,XL,FO,VH,A,31.3,284,5.5,601+,11.5,701+,17.6,588,27.1,517,23.3,500,92.9,120,16.7,620,20.1,530=,22.9,university of bordeaux,QS World University Rankings 2025,International Education Costs Dataset,Excellent
France,Bordeaux,University of Bordeaux,Information Systems,Master,2.0,4200,67.8,850,99,650,0.92,university of bordeaux,university of bordeaux,university of bordeaux,100.0,535,465,University of Bordeaux,France,Europe,XL,FO,VH,A,31.3,284,5.5,601+,11.5,701+,17.6,588,27.1,517,23.3,500,92.9,120,16.7,620,20.1,530=,22.9,university of bordeaux,QS World University Rankings 2025,International Education Costs Dataset,Excellent
France,Bordeaux,University of Bordeaux,Information Systems,Master,2.0,4200,67.8,850,99,650,0.92,university of bordeaux,university of bordeaux,university of bordeaux,100.0,535,465,University of Bordeaux,France,Europe,XL,FO,VH,A,31.3,284,5.5,601+,11.5,701+,17.6,588,27.1,517,23.3,500,92.9,120,16.7,620,20.1,530=,22.9,university of bordeaux,QS World University Rankings 2025,International Education Costs Dataset,Excellent
France,Lille,Université de Lille,Software Development,Bachelor,3.0,3800,65.5,750,99,650,0.92,universit de lille,universit de lille,universit de lille,100.0,721-730,631-640,Université de Lille,France,Europe,XL,FO,VH,A,23.5,374,5.5,601+,4.8,701+,14.7,643,14.6,670,15.8,610,93.3,110,4.5,701+,10.9,648=,,universit de lille,QS World University Rankings 2025,International Education Costs Dataset,Excellent
France,Rennes,INSA Rennes,Cybersecurity,Master,2.0,4500,64.8,700,99,650,0.92,insa rennes,insa rennes,,,,,,,,,,,,,,,,,,,,,,,,,,,,,,,,Not Matched,International Education Costs Dataset,Unmatched
France,Strasbourg,University of Strasbourg,Digital Systems,Bachelor,3.0,3900,66.2,800,99,650,0.92,university of strasbourg,university of strasbourg,universit de strasbourg,89.36170212765957,456,421,Université de Strasbourg,France,Europe,XL,FC,VH,A,39.1,219,10.3,601+,5.1,701+,20.7,549,34.2,469,35.9,384,90.7,161,20.4,558,5.4,701+,26.3,universit de strasbourg,QS World University Rankings 2025,International Education Costs Dataset,Medium
France,Strasbourg,University of Strasbourg,Digital Systems,Bachelor,3.0,3900,66.2,800,99,650,0.92,university of strasbourg,university of strasbourg,universit de strasbourg,89.36170212765957,456,421,Université de Strasbourg,France,Europe,XL,FC,VH,A,39.1,219,10.3,601+,5.1,701+,20.7,549,34.2,469,35.9,384,90.7,161,20.4,558,5.4,701+,26.3,universit de strasbourg,QS World University Rankings 2025,International Education Costs Dataset,Medium
France,Strasbourg,University of Strasbourg,Digital Systems,Bachelor,3.0,3900,66.2,800,99,650,0.92,university of strasbourg,university of strasbourg,universit de strasbourg,89.36170212765957,456,421,Université de Strasbourg,France,Europe,XL,FC,VH,A,39.1,219,10.3,601+,5.1,701+,20.7,549,34.2,469,35.9,384,90.7,161,20.4,558,5.4,701+,26.3,universit de strasbourg,QS World University Rankings 2025,International Education Costs Dataset,Medium
France,Montpellier,University of Montpellier,Data Engineering,Master,2.0,4100,65.9,750,99,650,0.92,university of montpellier,university of montpellier,universit de montpellier,85.71428571428572,448,382,Université de Montpellier,France,Europe,XL,FO,VH,A,18.6,486,3.4,601+,8.5,701+,57.2,217,22.8,562,29.9,431,99.5,6,13.1,701+,17.3,561,26.6,universit de montpellier,QS World University Rankings 2025,International Education Costs Dataset,Medium
Switzerland,Lausanne,EPFL,Computer Science,Master,2.0,1460,89.8,1900,88,1200,0.89,epfl,epfl,epfl,100.0,26,36,EPFL,Switzerland,Europe,M,FO,VH,A,84.2,56,67.2,111,91.2,80,93.6,57,100.0,28,100.0,14,81.7,291,27.2,440,86.7,114=,83.5,epfl,QS World University Rankings 2025,International Education Costs Dataset,Excellent
Switzerland,Lausanne,EPFL,Computer Science,Master,2.0,1460,89.8,1900,88,1200,0.89,epfl,epfl,epfl,100.0,26,36,EPFL,Switzerland,Europe,M,FO,VH,A,84.2,56,67.2,111,91.2,80,93.6,57,100.0,28,100.0,14,81.7,291,27.2,440,86.7,114=,83.5,epfl,QS World University Rankings 2025,International Education Costs Dataset,Excellent
Switzerland,Geneva,University of Geneva,Data Science,Bachelor,3.0,1380,90.5,2000,88,1200,0.89,university of geneva,university of geneva,university of geneva,100.0,155,128,University of Geneva,Switzerland,Europe,L,FC,VH,A,45.5,183,17.2,499,40.4,387,62.4,189,100.0,51,97.6,74,94.2,93,49.5,258,42.3,355=,51.6,university of geneva,QS World University Rankings 2025,International Education Costs Dataset,Excellent
Switzerland,Geneva,University of Geneva,Data Science,Bachelor,3.0,1380,90.5,2000,88,1200,0.89,university of geneva,university of geneva,university of geneva,100.0,155,128,University of Geneva,Switzerland,Europe,L,FC,VH,A,45.5,183,17.2,499,40.4,387,62.4,189,100.0,51,97.6,74,94.2,93,49.5,258,42.3,355=,51.6,university of geneva,QS World University Rankings 2025,International Education Costs Dataset,Excellent
Switzerland,Bern,University of Bern,Software Engineering,Master,2.0,1420,85.4,1700,88,1200,0.89,university of bern,university of bern,university of bern,100.0,161,126,University of Bern,Switzerland,Europe,M,FO,VH,A,29.7,298,16.1,530,45.9,338,99.3,22,100.0,48,38.0,370,93.8,103,30.7,410,52.1,305=,51.2,university of bern,QS World University Rankings 2025,International Education Costs Dataset,Excellent
Switzerland,Bern,University of Bern,Software Engineering,Master,2.0,1420,85.4,1700,88,1200,0.89,university of bern,university of bern,university of bern,100.0,161,126,University of Bern,Switzerland,Europe,M,FO,VH,A,29.7,298,16.1,530,45.9,338,99.3,22,100.0,48,38.0,370,93.8,103,30.7,410,52.1,305=,51.2,university of bern,QS World University Rankings 2025,International Education Costs Dataset,Excellent
Switzerland,St. Gallen,University of St. Gallen,Business Informatics,Bachelor,3.0,1440,86.2,1600,88,1200,0.89,university of st gallen,university of st gallen,,,,,,,,,,,,,,,,,,,,,,,,,,,,,,,,Not Matched,International Education Costs Dataset,Unmatched
Switzerland,St. Gallen,University of St. Gallen,Business Informatics,Bachelor,3.0,1440,86.2,1600,88,1200,0.89,university of st gallen,university of st gallen,,,,,,,,,,,,,,,,,,,,,,,,,,,,,,,,Not Matched,International Education Costs Dataset,Unmatched
Switzerland,Lugano,USI,Artificial Intelligence,Master,2.0,1460,84.5,1500,88,1200,0.89,usi,usi,,,,,,,,,,,,,,,,,,,,,,,,,,,,,,,,Not Matched,International Education Costs Dataset,Unmatched
Switzerland,Fribourg,University of Fribourg,Computer Engineering,Bachelor,3.0,1380,83.8,1400,88,1200,0.89,university of fribourg,university of fribourg,university of maribor,88.37209302325581,901-950,851-900,University of Maribor,Slovenia,Europe,L,FC,HI,A,8.0,601+,6.6,601+,29.2,530,6.8,701+,1.8,701+,13.0,658,61.0,622,33.4,380,9.1,686=,,university of maribor,QS World University Rankings 2025,International Education Costs Dataset,Medium
Switzerland,Fribourg,University of Fribourg,Computer Engineering,Bachelor,3.0,1380,83.8,1400,88,1200,0.89,university of fribourg,university of fribourg,university of maribor,88.37209302325581,901-950,851-900,University of Maribor,Slovenia,Europe,L,FC,HI,A,8.0,601+,6.6,601+,29.2,530,6.8,701+,1.8,701+,13.0,658,61.0,622,33.4,380,9.1,686=,,university of maribor,QS World University Rankings 2025,International Education Costs Dataset,Medium
Switzerland,Neuchatel,University of Neuchatel,Information Systems,Master,2.0,1420,84.2,1500,88,1200,0.89,university of neuchatel,university of neuchatel,,,,,,,,,,,,,,,,,,,,,,,,,,,,,,,,Not Matched,International Education Costs Dataset,Unmatched
Switzerland,Basel,University of Basel,Computational Science,Master,2.0,1440,87.5,1800,88,1200,0.89,university of basel,university of basel,university of basel,100.0,131,124,University of Basel,Switzerland,Europe,M,FC,VH,A,26.6,331,13.5,601+,61.4,232,94.5,53,100.0,44,85.8,147,89.4,176,69.9,160,44.6,343=,54.3,university of basel,QS World University Rankings 2025,International Education Costs Dataset,Excellent
Switzerland,Basel,University of Basel,Computational Science,Master,2.0,1440,87.5,1800,88,1200,0.89,university of basel,university of basel,university of basel,100.0,131,124,University of Basel,Switzerland,Europe,M,FC,VH,A,26.6,331,13.5,601+,61.4,232,94.5,53,100.0,44,85.8,147,89.4,176,69.9,160,44.6,343=,54.3,university of basel,QS World University Rankings 2025,International Education Costs Dataset,Excellent
Switzerland,Lucerne,University of Lucerne,Digital Innovation,Bachelor,3.0,1380,85.8,1600,88,1200,0.89,university of lucerne,university of lucerne,university of bern,87.17948717948718,161,126,University of Bern,Switzerland,Europe,M,FO,VH,A,29.7,298,16.1,530,45.9,338,99.3,22,100.0,48,38.0,370,93.8,103,30.7,410,52.1,305=,51.2,university of bern,QS World University Rankings 2025,International Education Costs Dataset,Medium
Switzerland,Winterthur,ZHAW,Data Engineering,Master,2.0,1460,86.4,1700,88,1200,0.89,zhaw,zhaw,,,,,,,,,,,,,,,,,,,,,,,,,,,,,,,,Not Matched,International Education Costs Dataset,Unmatched
Denmark,Copenhagen,University of Copenhagen,Computer Science,Master,2.0,8800,83.2,1500,110,600,0.15,university of copenhagen,university of copenhagen,university of copenhagen,100.0,100,107,University of Copenhagen,Denmark,Europe,XL,FC,VH,A,74.0,83,31.6,299,99.8,27,23.1,519,84.9,221,15.6,613,98.2,22,90.8,72,73.2,198=,59.6,university of copenhagen,QS World University Rankings 2025,International Education Costs Dataset,Excellent
Denmark,Copenhagen,University of Copenhagen,Computer Science,Master,2.0,8800,83.2,1500,110,600,0.15,university of copenhagen,university of copenhagen,university of copenhagen,100.0,100,107,University of Copenhagen,Denmark,Europe,XL,FC,VH,A,74.0,83,31.6,299,99.8,27,23.1,519,84.9,221,15.6,613,98.2,22,90.8,72,73.2,198=,59.6,university of copenhagen,QS World University Rankings 2025,International Education Costs Dataset,Excellent
Denmark,Copenhagen,University of Copenhagen,Computer Science,Master,2.0,8800,83.2,1500,110,600,0.15,university of copenhagen,university of copenhagen,university of copenhagen,100.0,100,107,University of Copenhagen,Denmark,Europe,XL,FC,VH,A,74.0,83,31.6,299,99.8,27,23.1,519,84.9,221,15.6,613,98.2,22,90.8,72,73.2,198=,59.6,university of copenhagen,QS World University Rankings 2025,International Education Costs Dataset,Excellent
Denmark,Copenhagen,University of Copenhagen,Computer Science,Master,2.0,8800,83.2,1500,110,600,0.15,university of copenhagen,university of copenhagen,university of copenhagen,100.0,100,107,University of Copenhagen,Denmark,Europe,XL,FC,VH,A,74.0,83,31.6,299,99.8,27,23.1,519,84.9,221,15.6,613,98.2,22,90.8,72,73.2,198=,59.6,university of copenhagen,QS World University Rankings 2025,International Education Costs Dataset,Excellent
Denmark,Aarhus,Aarhus University,Data Science,Master,2.0,8600,77.4,1200,110,600,0.15,aarhus university,aarhus university,aarhus university,100.0,144,143,Aarhus University,Denmark,Europe,L,FC,VH,A,54.7,144,27.6,349,30.8,509,63.8,177,89.8,192,11.9,682,96.1,54,69.5,162,76.4,176=,53.3,aarhus university,QS World University Rankings 2025,International Education Costs Dataset,Excellent
Denmark,Aarhus,Aarhus University,Data Science,Master,2.0,8600,77.4,1200,110,600,0.15,aarhus university,aarhus university,aarhus university,100.0,144,143,Aarhus University,Denmark,Europe,L,FC,VH,A,54.7,144,27.6,349,30.8,509,63.8,177,89.8,192,11.9,682,96.1,54,69.5,162,76.4,176=,53.3,aarhus university,QS World University Rankings 2025,International Education Costs Dataset,Excellent
Denmark,Aarhus,Aarhus University,Data Science,Master,2.0,8600,77.4,1200,110,600,0.15,aarhus university,aarhus university,aarhus university,100.0,144,143,Aarhus University,Denmark,Europe,L,FC,VH,A,54.7,144,27.6,349,30.8,509,63.8,177,89.8,192,11.9,682,96.1,54,69.5,162,76.4,176=,53.3,aarhus university,QS World University Rankings 2025,International Education Costs Dataset,Excellent
Denmark,Aalborg,Aalborg University,Software Engineering,Master,2.0,8400,75.1,1000,110,600,0.15,aalborg university,aalborg university,aalborg university,100.0,306,336,Aalborg University,Denmark,Europe,L,FC,VH,A,19.9,450,20.8,439,25.5,580,53.2,241,77.3,250,14.9,627,92.1,134,23.3,486,75.6,183,35.7,aalborg university,QS World University Rankings 2025,International Education Costs Dataset,Excellent
Denmark,Aalborg,Aalborg University,Software Engineering,Master,2.0,8400,75.1,1000,110,600,0.15,aalborg university,aalborg university,aalborg university,100.0,306,336,Aalborg University,Denmark,Europe,L,FC,VH,A,19.9,450,20.8,439,25.5,580,53.2,241,77.3,250,14.9,627,92.1,134,23.3,486,75.6,183,35.7,aalborg university,QS World University Rankings 2025,International Education Costs Dataset,Excellent
Denmark,Aalborg,Aalborg University,Software Engineering,Master,2.0,8400,75.1,1000,110,600,0.15,aalborg university,aalborg university,aalborg university,100.0,306,336,Aalborg University,Denmark,Europe,L,FC,VH,A,19.9,450,20.8,439,25.5,580,53.2,241,77.3,250,14.9,627,92.1,134,23.3,486,75.6,183,35.7,aalborg university,QS World University Rankings 2025,International Education Costs Dataset,Excellent
China,Beijing,Tsinghua University,Computer Science,Master,3.0,8900,51.2,800,140,400,7.15,tsinghua university,tsinghua university,tsinghua university,100.0,20,25,Tsinghua University,China (Mainland),Asia,XL,FC,VH,A,99.2,16,97.7,22,95.0,62,99.1,26,18.1,623,13.4,654,79.2,337,92.3,68,40.4,363=,86.5,tsinghua university,QS World University Rankings 2025,International Education Costs Dataset,Excellent
China,Beijing,Tsinghua University,Computer Science,Master,3.0,8900,51.2,800,140,400,7.15,tsinghua university,tsinghua university,tsinghua university,100.0,20,25,Tsinghua University,China (Mainland),Asia,XL,FC,VH,A,99.2,16,97.7,22,95.0,62,99.1,26,18.1,623,13.4,654,79.2,337,92.3,68,40.4,363=,86.5,tsinghua university,QS World University Rankings 2025,International Education Costs Dataset,Excellent
China,Beijing,Peking University,Data Science,Master,3.0,8500,51.2,750,140,400,7.15,peking university,peking university,peking university,100.0,14,17,Peking University,China (Mainland),Asia,XL,FC,VH,A,99.5,13,96.6,28,92.6,75,97.7,40,50.3,365,23.6,497,79.8,329,94.2,56,46.9,330=,88.5,peking university,QS World University Rankings 2025,International Education Costs Dataset,Excellent
China,Shanghai,Fudan University,Software Engineering,Master,2.5,7800,48.9,700,140,400,7.15,fudan university,fudan university,fudan university,100.0,39,50,Fudan University,China (Mainland),Asia,XL,FC,VH,A,85.7,54,87.8,55,79.7,140,80.7,107,88.4,201,35.1,390,67.2,519,64.4,183,82.7,142,80.3,fudan university,QS World University Rankings 2025,International Education Costs Dataset,Excellent
China,Shanghai,Shanghai Jiao Tong University,Artificial Intelligence,Master,2.5,8200,48.9,720,140,400,7.15,shanghai jiao tong university,shanghai jiao tong university,shanghai jiao tong university,100.0,45,51,Shanghai Jiao Tong University,China (Mainland),Asia,XL,FC,VH,A,84.0,57,86.3,62,58.6,251,99.6,17,23.1,558,19.6,553,73.7,424,73.5,144,80.3,154,77.8,shanghai jiao tong university,QS World University Rankings 2025,International Education Costs Dataset,Excellent
China,Hangzhou,Zhejiang University,Computer Engineering,Master,3.0,7500,45.3,550,140,400,7.15,zhejiang university,zhejiang university,zhejiang university,100.0,47,44,Zhejiang University,China (Mainland),Asia,XL,FC,VH,A,75.3,79,95.4,32,54.7,277,99.5,19,95.0,149,15.9,608,91.8,138,55.5,224,30.7,440=,77.1,zhejiang university,QS World University Rankings 2025,International Education Costs Dataset,Excellent
China,Nanjing,Nanjing University,Information Technology,Master,3.0,7200,44.1,500,140,400,7.15,nanjing university,nanjing university,nanjing university,100.0,145,141,Nanjing University,China (Mainland),Asia,XL,FC,VH,A,57.1,135,32.5,290,35.6,443,93.0,63,61.9,317,7.6,701+,67.1,520,29.0,430,16.5,567=,53,nanjing university,QS World University Rankings 2025,International Education Costs Dataset,Excellent
China,Guangzhou,Sun Yat-sen University,Computer Science,Master,3.0,6900,43.8,480,140,400,7.15,sun yat sen university,sun yat sen university,sun yat sen university,100.0,331,323,Sun Yat-sen University,China (Mainland),Asia,XL,FC,VH,A,31.8,278,28.8,329,46.4,329,49.5,269,2.2,701+,3.6,701+,77.4,370,21.4,536,15.9,581=,33.7,sun yat sen university,QS World University Rankings 2025,International Education Costs Dataset,Excellent
China,Wuhan,Wuhan University,Software Engineering,Master,3.0,6500,41.2,450,140,400,7.15,wuhan university,wuhan university,wuhan university,100.0,194,194,Wuhan University,China (Mainland),Asia,XL,FC,VH,A,39.2,218,40.5,233,14.0,701+,91.9,69,39.2,423,4.9,701+,78.2,356,46.5,275,22.2,513=,46.7,wuhan university,QS World University Rankings 2025,International Education Costs Dataset,Excellent
China,Xi'an,Xi'an Jiaotong University,Data Science,Master,3.0,6300,40.5,420,140,400,7.15,xi an jiaotong university,xi an jiaotong university,xi an jiaotong university,100.0,295,291,Xian Jiaotong University,China (Mainland),Asia,XL,FC,VH,A,19.0,474,39.4,238,14.0,701+,89.5,77,3.9,701+,3.8,701+,80.5,315,26.4,448,18.2,553=,36.9,xi an jiaotong university,QS World University Rankings 2025,International Education Costs Dataset,Excellent
China,Chengdu,Sichuan University,Computer Engineering,Master,3.0,6100,39.8,400,140,400,7.15,sichuan university,sichuan university,sichuan university,100.0,336,355,Sichuan University,China (Mainland),Asia,XL,FC,VH,A,20.4,433,12.3,601+,10.3,701+,98.5,32,7.1,701+,4.9,701+,71.3,463,12.9,701+,11.0,644=,33.3,sichuan university,QS World University Rankings 2025,International Education Costs Dataset,Excellent
South Korea,Seoul,Seoul National University,Computer Science,Master,2.0,7200,85.1,950,90,800,1300.0,seoul national university,seoul national university,seoul national university,100.0,31,41,Seoul National University,South Korea,Asia,L,FC,VH,A,98.5,20,98.6,16,83.1,117,71.7,151,10.5,701+,16.9,586,73.2,435,100.0,4,96.0,46=,82.3,seoul national university,QS World University Rankings 2025,International Education Costs Dataset,Excellent
South Korea,Seoul,Seoul National University,Computer Science,Master,2.0,7200,85.1,950,90,800,1300.0,seoul national university,seoul national university,seoul national university,100.0,31,41,Seoul National University,South Korea,Asia,L,FC,VH,A,98.5,20,98.6,16,83.1,117,71.7,151,10.5,701+,16.9,586,73.2,435,100.0,4,96.0,46=,82.3,seoul national university,QS World University Rankings 2025,International Education Costs Dataset,Excellent
South Korea,Seoul,Korea University,Artificial Intelligence,Master,2.0,7000,85.1,920,90,800,1300.0,korea university,korea university,korea university,100.0,67,79,Korea University,South Korea,Asia,L,FC,VH,B,78.2,72,93.8,40,73.0,178,45.0,308,15.2,665,45.7,321,65.7,547,89.0,81,85.2,124=,69,korea university,QS World University Rankings 2025,International Education Costs Dataset,Excellent
South Korea,Seoul,Yonsei University,Data Science,Master,2.0,6900,85.1,900,90,800,1300.0,yonsei university,yonsei university,yonsei university,100.0,56,76,Yonsei University,South Korea,Asia,L,FC,VH,B,81.5,67,97.0,25,84.2,112,44.1,312,20.7,590,51.2,287,78.7,343,87.8,88,88.9,103=,72.9,yonsei university,QS World University Rankings 2025,International Education Costs Dataset,Excellent
South Korea,Seoul,Hanyang University,Software Engineering,Master,2.0,6500,85.1,850,90,800,1300.0,hanyang university,hanyang university,hanyang university,100.0,162,164,Hanyang University,South Korea,Asia,L,FC,VH,B,43.0,199,78.0,81,77.1,153,28.5,458,17.4,636,57.6,257,63.0,584,43.3,295,85.8,121=,51.1,hanyang university,QS World University Rankings 2025,International Education Costs Dataset,Excellent
South Korea,Seoul,Sungkyunkwan University,Computer Engineering,Master,2.0,6400,85.1,840,90,800,1300.0,sungkyunkwan university,sungkyunkwan university,sungkyunkwan university skku,90.19607843137256,123,145,Sungkyunkwan University(SKKU),South Korea,Asia,L,FC,VH,B,57.9,134,70.7,100,80.5,131,41.3,338,17.5,632,41.7,341,54.2,701+,36.5,348,79.1,161=,55.5,sungkyunkwan university skku,QS World University Rankings 2025,International Education Costs Dataset,High
South Korea,Daejeon,KAIST,Robotics Engineering,Master,2.0,6800,75.4,700,90,800,1300.0,kaist,kaist,,,,,,,,,,,,,,,,,,,,,,,,,,,,,,,,Not Matched,International Education Costs Dataset,Unmatched
South Korea,Daejeon,KAIST,Robotics Engineering,Master,2.0,6800,75.4,700,90,800,1300.0,kaist,kaist,,,,,,,,,,,,,,,,,,,,,,,,,,,,,,,,Not Matched,International Education Costs Dataset,Unmatched
South Korea,Daejeon,Chungnam National University,Information Systems,Master,2.0,5900,75.4,650,90,800,1300.0,chungnam national university,chungnam national university,chungnam national university,100.0,851-900,851-900,Chungnam National University,South Korea,Asia,L,FC,VH,A,8.8,601+,7.8,601+,46.3,334,10.7,701+,7.2,701+,9.2,701+,32.7,701+,5.0,701+,25.7,483=,,chungnam national university,QS World University Rankings 2025,International Education Costs Dataset,Excellent
South Korea,Busan,Pusan National University,Computer Science,Master,2.0,5800,73.2,600,90,800,1300.0,pusan national university,pusan national university,pusan national university,100.0,524,611-620,Pusan National University,South Korea,Asia,L,FC,VH,A,18.7,482,16.5,516,43.5,359,19.5,562,10.5,701+,13.7,646,57.7,657,13.8,700,65.0,241=,23.4,pusan national university,QS World University Rankings 2025,International Education Costs Dataset,Excellent
South Korea,Busan,Pusan National University,Computer Science,Master,2.0,5800,73.2,600,90,800,1300.0,pusan national university,pusan national university,pusan national university,100.0,524,611-620,Pusan National University,South Korea,Asia,L,FC,VH,A,18.7,482,16.5,516,43.5,359,19.5,562,10.5,701+,13.7,646,57.7,657,13.8,700,65.0,241=,23.4,pusan national university,QS World University Rankings 2025,International Education Costs Dataset,Excellent
South Korea,Busan,Dong-A University,Software Engineering,Master,2.0,5600,73.2,580,90,800,1300.0,dong a university,dong a university,shandong university,88.88888888888889,316,360,Shandong University,China (Mainland),Asia,XL,FC,VH,A,16.6,538,35.5,268,16.7,701+,88.2,81,8.2,701+,3.1,701+,64.1,572,20.7,553,19.7,537=,34.7,shandong university,QS World University Rankings 2025,International Education Costs Dataset,Medium
South Korea,Daegu,Kyungpook National University,Data Analytics,Master,2.0,5500,71.8,550,90,800,1300.0,kyungpook national university,kyungpook national university,kyungpook national university,100.0,516,520,Kyungpook National University,South Korea,Asia,L,FC,VH,A,11.1,601+,16.7,514,66.9,196,20.5,551,11.1,701+,25.7,470,52.0,701+,10.6,701+,60.6,266=,23.6,kyungpook national university,QS World University Rankings 2025,International Education Costs Dataset,Excellent
South Korea,Daegu,Yeungnam University,Computer Engineering,Master,2.0,5400,71.8,530,90,800,1300.0,yeungnam university,yeungnam university,yeungnam university,100.0,951-1000,951-1000,Yeungnam University,South Korea,Asia,L,FC,VH,C,3.8,601+,2.9,601+,13.4,701+,26.9,477,34.2,468,7.5,701+,43.9,701+,2.7,701+,1.6,701+,,yeungnam university,QS World University Rankings 2025,International Education Costs Dataset,Excellent
South Korea,Gwangju,Chonnam National University,Information Technology,Master,2.0,5300,70.5,520,90,800,1300.0,chonnam national university,chonnam national university,chonnam national university,100.0,851-900,851-900,Chonnam National University,South Korea,Asia,L,FC,VH,A,9.3,601+,4.7,601+,45.4,341,12.4,682,9.0,701+,7.3,701+,28.5,701+,4.7,701+,44.3,348=,,chonnam national university,QS World University Rankings 2025,International Education Costs Dataset,Excellent
South Korea,Gwangju,Chosun University,Computer Science,Master,2.0,5200,70.5,500,90,800,1300.0,chosun university,chosun university,sichuan university,85.71428571428572,336,355,Sichuan University,China (Mainland),Asia,XL,FC,VH,A,20.4,433,12.3,601+,10.3,701+,98.5,32,7.1,701+,4.9,701+,71.3,463,12.9,701+,11.0,644=,33.3,sichuan university,QS World University Rankings 2025,International Education Costs Dataset,Medium
South Korea,Ulsan,Ulsan National Institute of Science and Technology,AI Engineering,Master,2.0,6100,72.3,580,90,800,1300.0,ulsan national institute of science and technology,ulsan national institute of science and technology,ulsan national institute of science and technology unist,94.33962264150944,280,266,Ulsan National Institute of Science and Technology (UNIST),South Korea,Asia,S,FO,VH,A,13.6,601+,13.5,601+,87.9,95,98.1,34,29.3,499,9.6,701+,24.8,701+,3.3,701+,16.1,577=,38,ulsan national institute of science and technology unist,QS World University Rankings 2025,International Education Costs Dataset,High
South Korea,Ulsan,University of Ulsan,Software Systems,Master,2.0,5100,72.3,550,90,800,1300.0,university of ulsan,university of ulsan,university of ulsan,100.0,801-850,751-760,University of Ulsan,South Korea,Asia,M,FC,VH,B,5.0,601+,2.3,601+,60.0,241,33.6,392,2.0,701+,2.4,701+,28.8,701+,3.8,701+,5.6,701+,,university of ulsan,QS World University Rankings 2025,International Education Costs Dataset,Excellent
South Korea,Pohang,POSTECH,Computer Engineering,Master,2.0,6300,71.2,570,90,800,1300.0,postech,postech,,,,,,,,,,,,,,,,,,,,,,,,,,,,,,,,Not Matched,International Education Costs Dataset,Unmatched
South Korea,Incheon,Incheon National University,Data Science,Master,2.0,5000,76.4,600,90,800,1300.0,incheon national university,incheon national university,chonnam national university,88.88888888888889,851-900,851-900,Chonnam National University,South Korea,Asia,L,FC,VH,A,9.3,601+,4.7,601+,45.4,341,12.4,682,9.0,701+,7.3,701+,28.5,701+,4.7,701+,44.3,348=,,chonnam national university,QS World University Rankings 2025,International Education Costs Dataset,Medium
South Korea,Suwon,Sungkyunkwan University (Suwon),Computer Systems,Master,2.0,5900,77.8,650,90,800,1300.0,sungkyunkwan university suwon,sungkyunkwan university suwon,,,,,,,,,,,,,,,,,,,,,,,,,,,,,,,,Not Matched,International Education Costs Dataset,Unmatched
South Korea,Daejeon,Hanbat National University,Information Security,Master,2.0,4900,75.4,540,90,800,1300.0,hanbat national university,hanbat national university,chonnam national university,86.79245283018868,851-900,851-900,Chonnam National University,South Korea,Asia,L,FC,VH,A,9.3,601+,4.7,601+,45.4,341,12.4,682,9.0,701+,7.3,701+,28.5,701+,4.7,701+,44.3,348=,,chonnam national university,QS World University Rankings 2025,International Education Costs Dataset,Medium
South Korea,Cheongju,Chungbuk National University,Computer Networks,Master,2.0,4800,70.1,520,90,800,1300.0,chungbuk national university,chungbuk national university,chungbuk national university,100.0,1001-1200,1001-1200,Chungbuk National University,South Korea,Asia,M,FC,VH,A,3.8,601+,2.7,601+,34.1,463,10.3,701+,10.5,701+,7.7,701+,27.4,701+,1.7,701+,15.4,585=,,chungbuk national university,QS World University Rankings 2025,International Education Costs Dataset,Excellent
USA,Stanford,Stanford University,Computer Science,Bachelor,4.0,57000,95.2,2400,160,1500,1.0,stanford university,stanford university,stanford university,100.0,6,5,Stanford University,United States,Americas,L,FC,VH,B,100.0,5,100.0,3,100.0,12,99.0,27,70.3,284,60.8,244,96.8,45,100.0,2,81.2,148=,96.1,stanford university,QS World University Rankings 2025,International Education Costs Dataset,Excellent
USA,Stanford,Stanford University,Computer Science,Bachelor,4.0,57000,95.2,2400,160,1500,1.0,stanford university,stanford university,stanford university,100.0,6,5,Stanford University,United States,Americas,L,FC,VH,B,100.0,5,100.0,3,100.0,12,99.0,27,70.3,284,60.8,244,96.8,45,100.0,2,81.2,148=,96.1,stanford university,QS World University Rankings 2025,International Education Costs Dataset,Excellent
USA,Stanford,Stanford University,Computer Science,Bachelor,4.0,57000,95.2,2400,160,1500,1.0,stanford university,stanford university,stanford university,100.0,6,5,Stanford University,United States,Americas,L,FC,VH,B,100.0,5,100.0,3,100.0,12,99.0,27,70.3,284,60.8,244,96.8,45,100.0,2,81.2,148=,96.1,stanford university,QS World University Rankings 2025,International Education Costs Dataset,Excellent
USA,Stanford,Stanford University,Computer Science,Bachelor,4.0,57000,95.2,2400,160,1500,1.0,stanford university,stanford university,stanford university,100.0,6,5,Stanford University,United States,Americas,L,FC,VH,B,100.0,5,100.0,3,100.0,12,99.0,27,70.3,284,60.8,244,96.8,45,100.0,2,81.2,148=,96.1,stanford university,QS World University Rankings 2025,International Education Costs Dataset,Excellent
USA,Stanford,Stanford University,Computer Science,Bachelor,4.0,57000,95.2,2400,160,1500,1.0,stanford university,stanford university,stanford university,100.0,6,5,Stanford University,United States,Americas,L,FC,VH,B,100.0,5,100.0,3,100.0,12,99.0,27,70.3,284,60.8,244,96.8,45,100.0,2,81.2,148=,96.1,stanford university,QS World University Rankings 2025,International Education Costs Dataset,Excellent
USA,Cambridge,MIT,Computer Science,Bachelor,4.0,55800,83.5,2300,160,1500,1.0,mit,mit,,,,,,,,,,,,,,,,,,,,,,,,,,,,,,,,Not Matched,International Education Costs Dataset,Unmatched
USA,Cambridge,MIT,Computer Science,Bachelor,4.0,55800,83.5,2300,160,1500,1.0,mit,mit,,,,,,,,,,,,,,,,,,,,,,,,,,,,,,,,Not Matched,International Education Costs Dataset,Unmatched
USA,Cambridge,MIT,Computer Science,Bachelor,4.0,55800,83.5,2300,160,1500,1.0,mit,mit,,,,,,,,,,,,,,,,,,,,,,,,,,,,,,,,Not Matched,International Education Costs Dataset,Unmatched
USA,New Haven,Yale University,Computer Science,Bachelor,4.0,54500,79.8,2100,160,1500,1.0,yale university,yale university,yale university,100.0,23,16,Yale University,United States,Americas,L,FC,VH,B,99.9,9,99.9,7,100.0,3,38.6,363,91.5,181,63.3,238,93.9,100,98.5,21,92.2,76=,85.2,yale university,QS World University Rankings 2025,International Education Costs Dataset,Excellent
USA,Princeton,Princeton University,Computer Science,Bachelor,4.0,54000,81.2,2000,160,1500,1.0,princeton university,princeton university,princeton university,100.0,22,17,Princeton University,United States,Americas,M,CO,VH,B,99.8,10,98.3,19,57.0,258,100.0,3,9.6,701+,56.6,264,78.3,354,95.7,48,51.5,312,85.5,princeton university,QS World University Rankings 2025,International Education Costs Dataset,Excellent
USA,Philadelphia,University of Pennsylvania,Computer Science,Bachelor,4.0,53500,82.4,1900,160,1500,1.0,university of pennsylvania,university of pennsylvania,university of pennsylvania,100.0,11,12,University of Pennsylvania,United States,Americas,L,FC,VH,B,96.3,31,91.9,45,99.8,28,74.0,138,90.9,188,66.2,226,91.9,137,100.0,7,93.0,71,90.3,university of pennsylvania,QS World University Rankings 2025,International Education Costs Dataset,Excellent
USA,Philadelphia,University of Pennsylvania,Computer Science,Bachelor,4.0,53500,82.4,1900,160,1500,1.0,university of pennsylvania,university of pennsylvania,university of pennsylvania,100.0,11,12,University of Pennsylvania,United States,Americas,L,FC,VH,B,96.3,31,91.9,45,99.8,28,74.0,138,90.9,188,66.2,226,91.9,137,100.0,7,93.0,71,90.3,university of pennsylvania,QS World University Rankings 2025,International Education Costs Dataset,Excellent
USA,Los Angeles,UCLA,Computer Science,Bachelor,4.0,43000,88.7,2200,160,1500,1.0,ucla,ucla,ucl,85.71428571428572,9,9,UCL,United Kingdom,Europe,XL,FC,VH,A,99.5,14,98.3,18,95.9,56,72.2,145,99.0,106,100.0,21,99.9,2,70.3,157,74.8,190=,91.6,ucl,QS World University Rankings 2025,International Education Costs Dataset,Medium
USA,Los Angeles,UCLA,Computer Science,Bachelor,4.0,43000,88.7,2200,160,1500,1.0,ucla,ucla,ucl,85.71428571428572,9,9,UCL,United Kingdom,Europe,XL,FC,VH,A,99.5,14,98.3,18,95.9,56,72.2,145,99.0,106,100.0,21,99.9,2,70.3,157,74.8,190=,91.6,ucl,QS World University Rankings 2025,International Education Costs Dataset,Medium
USA,Los Angeles,UCLA,Computer Science,Bachelor,4.0,43000,88.7,2200,160,1500,1.0,ucla,ucla,ucl,85.71428571428572,9,9,UCL,United Kingdom,Europe,XL,FC,VH,A,99.5,14,98.3,18,95.9,56,72.2,145,99.0,106,100.0,21,99.9,2,70.3,157,74.8,190=,91.6,ucl,QS World University Rankings 2025,International Education Costs Dataset,Medium
USA,Berkeley,UC Berkeley,Computer Science,Bachelor,4.0,43500,91.5,2300,160,1500,1.0,uc berkeley,uc berkeley,,,,,,,,,,,,,,,,,,,,,,,,,,,,,,,,Not Matched,International Education Costs Dataset,Unmatched
USA,Berkeley,UC Berkeley,Computer Science,Bachelor,4.0,43500,91.5,2300,160,1500,1.0,uc berkeley,uc berkeley,,,,,,,,,,,,,,,,,,,,,,,,,,,,,,,,Not Matched,International Education Costs Dataset,Unmatched
USA,Berkeley,UC Berkeley,Computer Science,Bachelor,4.0,43500,91.5,2300,160,1500,1.0,uc berkeley,uc berkeley,,,,,,,,,,,,,,,,,,,,,,,,,,,,,,,,Not Matched,International Education Costs Dataset,Unmatched
USA,Berkeley,UC Berkeley,Computer Science,Bachelor,4.0,43500,91.5,2300,160,1500,1.0,uc berkeley,uc berkeley,,,,,,,,,,,,,,,,,,,,,,,,,,,,,,,,Not Matched,International Education Costs Dataset,Unmatched
USA,Ann Arbor,University of Michigan,Computer Science,Bachelor,4.0,52000,75.4,1700,160,1500,1.0,university of michigan,university of michigan,university of milan,87.8048780487805,285,276,University of Milan,Italy,Europe,XL,FC,VH,A,52.8,152,17.0,505,6.4,701+,39.6,356,6.5,701+,6.8,701+,85.5,239,44.1,290,74.8,190=,37.2,university of milan,QS World University Rankings 2025,International Education Costs Dataset,Medium
USA,Ann Arbor,University of Michigan,Computer Science,Bachelor,4.0,52000,75.4,1700,160,1500,1.0,university of michigan,university of michigan,university of milan,87.8048780487805,285,276,University of Milan,Italy,Europe,XL,FC,VH,A,52.8,152,17.0,505,6.4,701+,39.6,356,6.5,701+,6.8,701+,85.5,239,44.1,290,74.8,190=,37.2,university of milan,QS World University Rankings 2025,International Education Costs Dataset,Medium
USA,Austin,University of Texas Austin,Computer Science,Bachelor,4.0,40500,72.8,1800,160,1500,1.0,university of texas austin,university of texas austin,university of texas at austin,94.54545454545455,66,58,University of Texas at Austin,United States,Americas,XL,FC,VH,A,93.5,38,86.6,60,8.1,701+,76.7,128,6.1,701+,11.7,685,91.7,144,81.7,113,52.1,305=,69.5,university of texas at austin,QS World University Rankings 2025,International Education Costs Dataset,High
USA,Seattle,University of Washington,Computer Science,Bachelor,4.0,39800,85.6,2000,160,1500,1.0,university of washington,university of washington,university of washington,100.0,76,63,University of Washington,United States,Americas,XL,FC,VH,A,81.9,66,55.5,150,28.6,542,78.8,119,11.0,701+,32.8,407,95.6,67,68.7,170,66.5,235,65.3,university of washington,QS World University Rankings 2025,International Education Costs Dataset,Excellent
USA,Seattle,University of Washington,Computer Science,Bachelor,4.0,39800,85.6,2000,160,1500,1.0,university of washington,university of washington,university of washington,100.0,76,63,University of Washington,United States,Americas,XL,FC,VH,A,81.9,66,55.5,150,28.6,542,78.8,119,11.0,701+,32.8,407,95.6,67,68.7,170,66.5,235,65.3,university of washington,QS World University Rankings 2025,International Education Costs Dataset,Excellent
USA,Seattle,University of Washington,Computer Science,Bachelor,4.0,39800,85.6,2000,160,1500,1.0,university of washington,university of washington,university of washington,100.0,76,63,University of Washington,United States,Americas,XL,FC,VH,A,81.9,66,55.5,150,28.6,542,78.8,119,11.0,701+,32.8,407,95.6,67,68.7,170,66.5,235,65.3,university of washington,QS World University Rankings 2025,International Education Costs Dataset,Excellent
USA,Seattle,University of Washington,Computer Science,Bachelor,4.0,39800,85.6,2000,160,1500,1.0,university of washington,university of washington,university of washington,100.0,76,63,University of Washington,United States,Americas,XL,FC,VH,A,81.9,66,55.5,150,28.6,542,78.8,119,11.0,701+,32.8,407,95.6,67,68.7,170,66.5,235,65.3,university of washington,QS World University Rankings 2025,International Education Costs Dataset,Excellent
USA,Seattle,University of Washington,Computer Science,Bachelor,4.0,39800,85.6,2000,160,1500,1.0,university of washington,university of washington,university of washington,100.0,76,63,University of Washington,United States,Americas,XL,FC,VH,A,81.9,66,55.5,150,28.6,542,78.8,119,11.0,701+,32.8,407,95.6,67,68.7,170,66.5,235,65.3,university of washington,QS World University Rankings 2025,International Education Costs Dataset,Excellent
USA,Seattle,University of Washington,Computer Science,Bachelor,4.0,39800,85.6,2000,160,1500,1.0,university of washington,university of washington,university of washington,100.0,76,63,University of Washington,United States,Americas,XL,FC,VH,A,81.9,66,55.5,150,28.6,542,78.8,119,11.0,701+,32.8,407,95.6,67,68.7,170,66.5,235,65.3,university of washington,QS World University Rankings 2025,International Education Costs Dataset,Excellent
USA,Madison,University of Wisconsin-Madison,Computer Science,Bachelor,4.0,37500,71.2,1600,160,1500,1.0,university of wisconsin madison,university of wisconsin madison,university of wisconsin madison,100.0,116,102,University of Wisconsin-Madison,United States,Americas,XL,FC,VH,A,77.7,74,47.8,193,74.3,170,23.7,513,35.3,454,23.6,498,91.6,149,81.6,116,59.6,269=,57.1,university of wisconsin madison,QS World University Rankings 2025,International Education Costs Dataset,Excellent
USA,Urbana,University of Illinois Urbana-Champaign,Computer Science,Bachelor,4.0,36800,70.5,1500,160,1500,1.0,university of illinois urbana champaign,university of illinois urbana champaign,university of illinois at urbana champaign,96.2962962962963,69,64,University of Illinois at Urbana-Champaign,United States,Americas,XL,FC,VH,A,83.9,59,75.7,84,6.4,701+,77.5,124,14.0,686,56.3,266,90.4,165,81.7,114,65.0,241=,68.2,university of illinois at urbana champaign,QS World University Rankings 2025,International Education Costs Dataset,Excellent
USA,Atlanta,Georgia Tech,Computer Science,Bachelor,4.0,33500,76.8,1700,160,1500,1.0,georgia technology,georgia technology,,,,,,,,,,,,,,,,,,,,,,,,,,,,,,,,Not Matched,International Education Costs Dataset,Unmatched
USA,Atlanta,Georgia Tech,Computer Science,Bachelor,4.0,33500,76.8,1700,160,1500,1.0,georgia technology,georgia technology,,,,,,,,,,,,,,,,,,,,,,,,,,,,,,,,Not Matched,International Education Costs Dataset,Unmatched
USA,Atlanta,Georgia Tech,Computer Science,Bachelor,4.0,33500,76.8,1700,160,1500,1.0,georgia technology,georgia technology,,,,,,,,,,,,,,,,,,,,,,,,,,,,,,,,Not Matched,International Education Costs Dataset,Unmatched
USA,Atlanta,Georgia Tech,Computer Science,Bachelor,4.0,33500,76.8,1700,160,1500,1.0,georgia technology,georgia technology,,,,,,,,,,,,,,,,,,,,,,,,,,,,,,,,Not Matched,International Education Costs Dataset,Unmatched
USA,Columbus,Ohio State University,Computer Science,Bachelor,4.0,32800,71.4,1400,160,1500,1.0,ohio state university,ohio state university,the ohio state university,91.30434782608697,208,151,The Ohio State University,United States,Americas,XL,FC,VH,A,58.6,130,50.4,176,39.5,392,31.2,423,13.4,696,10.6,701+,94.6,87,45.3,281,50.8,315=,45.6,the ohio state university,QS World University Rankings 2025,International Education Costs Dataset,High
USA,West Lafayette,Purdue University,Computer Science,Bachelor,4.0,31500,68.9,1300,160,1500,1.0,purdue university,purdue university,purdue university,100.0,89,99,Purdue University,United States,Americas,XL,FC,VH,A,63.3,107,81.1,71,11.4,701+,54.3,235,79.6,242,45.2,325,92.9,123,63.1,188,90.1,93,61.7,purdue university,QS World University Rankings 2025,International Education Costs Dataset,Excellent
USA,Gainesville,University of Florida,Computer Science,Bachelor,4.0,28500,70.2,1400,160,1500,1.0,university of florida,university of florida,university of florida,100.0,215,168,University of Florida,United States,Americas,XL,FC,VH,A,46.7,172,42.3,220,62.9,220,32.1,411,17.8,630,10.3,701+,98.3,21,44.5,286,60.6,266=,44.2,university of florida,QS World University Rankings 2025,International Education Costs Dataset,Excellent
USA,Tempe,Arizona State University,Computer Science,Bachelor,4.0,28000,72.5,1500,160,1500,1.0,arizona state university,arizona state university,arizona state university,100.0,200,179,Arizona State University,United States,Americas,XL,CO,VH,A,48.6,165,44.1,209,7.4,701+,47.1,289,52.1,357,37.2,378,95.7,66,23.6,479,96.3,41=,46.2,arizona state university,QS World University Rankings 2025,International Education Costs Dataset,Excellent
USA,Tempe,Arizona State University,Computer Science,Bachelor,4.0,28000,72.5,1500,160,1500,1.0,arizona state university,arizona state university,arizona state university,100.0,200,179,Arizona State University,United States,Americas,XL,CO,VH,A,48.6,165,44.1,209,7.4,701+,47.1,289,52.1,357,37.2,378,95.7,66,23.6,479,96.3,41=,46.2,arizona state university,QS World University Rankings 2025,International Education Costs Dataset,Excellent
USA,Raleigh,NC State University,Computer Science,Bachelor,4.0,27500,71.8,1400,160,1500,1.0,nc state university,nc state university,kent state university,90.0,1001-1200,1001-1200,Kent State University,United States,Americas,L,FO,VH,A,5.5,601+,2.9,601+,6.2,701+,12.7,674,19.2,611,6.6,701+,57.1,660,7.6,701+,2.8,701+,,kent state university,QS World University Rankings 2025,International Education Costs Dataset,High
USA,Raleigh,NC State University,Computer Science,Bachelor,4.0,27500,71.8,1400,160,1500,1.0,nc state university,nc state university,kent state university,90.0,1001-1200,1001-1200,Kent State University,United States,Americas,L,FO,VH,A,5.5,601+,2.9,601+,6.2,701+,12.7,674,19.2,611,6.6,701+,57.1,660,7.6,701+,2.8,701+,,kent state university,QS World University Rankings 2025,International Education Costs Dataset,High
USA,College Station,Texas A&M University,Computer Science,Bachelor,4.0,27000,69.5,1300,160,1500,1.0,texas a m university,texas a m university,texas a m university,100.0,154,134,Texas A&M University,United States,Americas,XL,FC,VH,A,61.2,116,66.0,115,4.4,701+,64.3,176,21.9,569,12.1,678,92.6,125,44.4,287,39.5,371=,51.8,texas a m university,QS World University Rankings 2025,International Education Costs Dataset,Excellent
USA,Corvallis,Oregon State University,Computer Science,Bachelor,4.0,26500,70.1,1300,160,1500,1.0,oregon state university,oregon state university,oregon state university,100.0,641-650,505,Oregon State University,United States,Americas,L,CO,VH,A,14.6,596,4.2,601+,15.6,701+,33.9,390,11.7,701+,8.1,701+,81.2,306,19.3,574,21.1,525=,,oregon state university,QS World University Rankings 2025,International Education Costs Dataset,Excellent
UK,Cambridge,University of Cambridge,Computer Science,Bachelor,3.0,38500,78.5,1800,490,800,0.79,university of cambridge,university of cambridge,university of cambridge,100.0,5,2,University of Cambridge,United Kingdom,Europe,L,FC,VH,A,100.0,3,100.0,4,100.0,17,84.6,96,100.0,73,94.8,98,99.3,10,100.0,5,84.8,127=,96.7,university of cambridge,QS World University Rankings 2025,International Education Costs Dataset,Excellent
UK,Cambridge,University of Cambridge,Computer Science,Bachelor,3.0,38500,78.5,1800,490,800,0.79,university of cambridge,university of cambridge,university of cambridge,100.0,5,2,University of Cambridge,United Kingdom,Europe,L,FC,VH,A,100.0,3,100.0,4,100.0,17,84.6,96,100.0,73,94.8,98,99.3,10,100.0,5,84.8,127=,96.7,university of cambridge,QS World University Rankings 2025,International Education Costs Dataset,Excellent
UK,Cambridge,University of Cambridge,Computer Science,Bachelor,3.0,38500,78.5,1800,490,800,0.79,university of cambridge,university of cambridge,university of cambridge,100.0,5,2,University of Cambridge,United Kingdom,Europe,L,FC,VH,A,100.0,3,100.0,4,100.0,17,84.6,96,100.0,73,94.8,98,99.3,10,100.0,5,84.8,127=,96.7,university of cambridge,QS World University Rankings 2025,International Education Costs Dataset,Excellent
UK,Oxford,University of Oxford,Computer Science,Bachelor,3.0,37900,77.8,1850,490,800,0.79,university of oxford,university of oxford,university of oxford,100.0,3,3,University of Oxford,United Kingdom,Europe,L,FC,VH,A,100.0,2,100.0,5,100.0,8,84.8,93,98.1,120,97.7,73,100.0,1,100.0,3,85.0,126,96.9,university of oxford,QS World University Rankings 2025,International Education Costs Dataset,Excellent
UK,Oxford,University of Oxford,Computer Science,Bachelor,3.0,37900,77.8,1850,490,800,0.79,university of oxford,university of oxford,university of oxford,100.0,3,3,University of Oxford,United Kingdom,Europe,L,FC,VH,A,100.0,2,100.0,5,100.0,8,84.8,93,98.1,120,97.7,73,100.0,1,100.0,3,85.0,126,96.9,university of oxford,QS World University Rankings 2025,International Education Costs Dataset,Excellent
UK,Oxford,University of Oxford,Computer Science,Bachelor,3.0,37900,77.8,1850,490,800,0.79,university of oxford,university of oxford,university of oxford,100.0,3,3,University of Oxford,United Kingdom,Europe,L,FC,VH,A,100.0,2,100.0,5,100.0,8,84.8,93,98.1,120,97.7,73,100.0,1,100.0,3,85.0,126,96.9,university of oxford,QS World University Rankings 2025,International Education Costs Dataset,Excellent
UK,Oxford,University of Oxford,Computer Science,Bachelor,3.0,37900,77.8,1850,490,800,0.79,university of oxford,university of oxford,university of oxford,100.0,3,3,University of Oxford,United Kingdom,Europe,L,FC,VH,A,100.0,2,100.0,5,100.0,8,84.8,93,98.1,120,97.7,73,100.0,1,100.0,3,85.0,126,96.9,university of oxford,QS World University Rankings 2025,International Education Costs Dataset,Excellent
UK,London,Imperial College London,Computer Science,Bachelor,3.0,37500,83.2,2200,490,800,0.79,imperial college london,imperial college london,imperial college london,100.0,2,6,Imperial College London,United Kingdom,Europe,L,FC,VH,A,98.5,22,99.5,11,98.2,45,93.9,54,100.0,66,99.6,44,97.4,34,93.4,61,99.7,6,98.5,imperial college london,QS World University Rankings 2025,International Education Costs Dataset,Excellent
UK,London,Imperial College London,Computer Science,Bachelor,3.0,37500,83.2,2200,490,800,0.79,imperial college london,imperial college london,imperial college london,100.0,2,6,Imperial College London,United Kingdom,Europe,L,FC,VH,A,98.5,22,99.5,11,98.2,45,93.9,54,100.0,66,99.6,44,97.4,34,93.4,61,99.7,6,98.5,imperial college london,QS World University Rankings 2025,International Education Costs Dataset,Excellent
UK,London,Imperial College London,Computer Science,Bachelor,3.0,37500,83.2,2200,490,800,0.79,imperial college london,imperial college london,imperial college london,100.0,2,6,Imperial College London,United Kingdom,Europe,L,FC,VH,A,98.5,22,99.5,11,98.2,45,93.9,54,100.0,66,99.6,44,97.4,34,93.4,61,99.7,6,98.5,imperial college london,QS World University Rankings 2025,International Education Costs Dataset,Excellent
UK,London,University College London,Computer Science,Bachelor,3.0,36800,83.2,2100,490,800,0.79,university college london,university college london,,,,,,,,,,,,,,,,,,,,,,,,,,,,,,,,Not Matched,International Education Costs Dataset,Unmatched
UK,London,University College London,Computer Science,Bachelor,3.0,36800,83.2,2100,490,800,0.79,university college london,university college london,,,,,,,,,,,,,,,,,,,,,,,,,,,,,,,,Not Matched,International Education Costs Dataset,Unmatched
UK,London,King's College London,Computer Science,Bachelor,3.0,35500,83.2,2000,490,800,0.79,king s college london,king s college london,king s college london,100.0,40,40,King's College London,United Kingdom,Europe,XL,FC,VH,A,90.3,44,85.7,64,64.3,210,53.6,238,99.1,103,99.5,47,98.6,17,59.8,205,96.2,44=,80.2,king s college london,QS World University Rankings 2025,International Education Costs Dataset,Excellent
UK,London,King's College London,Computer Science,Bachelor,3.0,35500,83.2,2000,490,800,0.79,king s college london,king s college london,king s college london,100.0,40,40,King's College London,United Kingdom,Europe,XL,FC,VH,A,90.3,44,85.7,64,64.3,210,53.6,238,99.1,103,99.5,47,98.6,17,59.8,205,96.2,44=,80.2,king s college london,QS World University Rankings 2025,International Education Costs Dataset,Excellent
UK,Edinburgh,University of Edinburgh,Computer Science,Bachelor,4.0,32500,75.4,1600,490,800,0.79,university of edinburgh,university of edinburgh,the university of edinburgh,92.0,27,22,The University of Edinburgh,United Kingdom,Europe,XL,FC,VH,A,98.3,24,97.2,24,65.5,201,47.7,282,98.7,111,99.8,41,99.5,7,55.9,222,99.0,15=,83.3,the university of edinburgh,QS World University Rankings 2025,International Education Costs Dataset,High
UK,Edinburgh,University of Edinburgh,Computer Science,Bachelor,4.0,32500,75.4,1600,490,800,0.79,university of edinburgh,university of edinburgh,the university of edinburgh,92.0,27,22,The University of Edinburgh,United Kingdom,Europe,XL,FC,VH,A,98.3,24,97.2,24,65.5,201,47.7,282,98.7,111,99.8,41,99.5,7,55.9,222,99.0,15=,83.3,the university of edinburgh,QS World University Rankings 2025,International Education Costs Dataset,High
UK,Edinburgh,University of Edinburgh,Computer Science,Bachelor,4.0,32500,75.4,1600,490,800,0.79,university of edinburgh,university of edinburgh,the university of edinburgh,92.0,27,22,The University of Edinburgh,United Kingdom,Europe,XL,FC,VH,A,98.3,24,97.2,24,65.5,201,47.7,282,98.7,111,99.8,41,99.5,7,55.9,222,99.0,15=,83.3,the university of edinburgh,QS World University Rankings 2025,International Education Costs Dataset,High
UK,Manchester,University of Manchester,Computer Science,Bachelor,3.0,31800,72.1,1400,490,800,0.79,university of manchester,university of manchester,the university of manchester,92.3076923076923,34,32,The University of Manchester,United Kingdom,Europe,XL,FC,VH,A,95.6,33,98.1,20,51.3,297,45.1,307,93.1,169,99.2,55,99.2,12,87.6,90,99.8,3,82,the university of manchester,QS World University Rankings 2025,International Education Costs Dataset,High
UK,Manchester,University of Manchester,Computer Science,Bachelor,3.0,31800,72.1,1400,490,800,0.79,university of manchester,university of manchester,the university of manchester,92.3076923076923,34,32,The University of Manchester,United Kingdom,Europe,XL,FC,VH,A,95.6,33,98.1,20,51.3,297,45.1,307,93.1,169,99.2,55,99.2,12,87.6,90,99.8,3,82,the university of manchester,QS World University Rankings 2025,International Education Costs Dataset,High
UK,Manchester,University of Manchester,Computer Science,Bachelor,3.0,31800,72.1,1400,490,800,0.79,university of manchester,university of manchester,the university of manchester,92.3076923076923,34,32,The University of Manchester,United Kingdom,Europe,XL,FC,VH,A,95.6,33,98.1,20,51.3,297,45.1,307,93.1,169,99.2,55,99.2,12,87.6,90,99.8,3,82,the university of manchester,QS World University Rankings 2025,International Education Costs Dataset,High
UK,Manchester,University of Manchester,Computer Science,Bachelor,3.0,31800,72.1,1400,490,800,0.79,university of manchester,university of manchester,the university of manchester,92.3076923076923,34,32,The University of Manchester,United Kingdom,Europe,XL,FC,VH,A,95.6,33,98.1,20,51.3,297,45.1,307,93.1,169,99.2,55,99.2,12,87.6,90,99.8,3,82,the university of manchester,QS World University Rankings 2025,International Education Costs Dataset,High
UK,Bristol,University of Bristol,Computer Science,Bachelor,3.0,31500,74.8,1500,490,800,0.79,university of bristol,university of bristol,university of bristol,100.0,54,55,University of Bristol,United Kingdom,Europe,L,FC,VH,A,75.8,78,82.5,69,36.7,437,75.9,134,87.5,206,89.8,121,94.6,84,51.2,250,98.9,17,75.4,university of bristol,QS World University Rankings 2025,International Education Costs Dataset,Excellent
UK,Bristol,University of Bristol,Computer Science,Bachelor,3.0,31500,74.8,1500,490,800,0.79,university of bristol,university of bristol,university of bristol,100.0,54,55,University of Bristol,United Kingdom,Europe,L,FC,VH,A,75.8,78,82.5,69,36.7,437,75.9,134,87.5,206,89.8,121,94.6,84,51.2,250,98.9,17,75.4,university of bristol,QS World University Rankings 2025,International Education Costs Dataset,Excellent
UK,Bristol,University of Bristol,Computer Science,Bachelor,3.0,31500,74.8,1500,490,800,0.79,university of bristol,university of bristol,university of bristol,100.0,54,55,University of Bristol,United Kingdom,Europe,L,FC,VH,A,75.8,78,82.5,69,36.7,437,75.9,134,87.5,206,89.8,121,94.6,84,51.2,250,98.9,17,75.4,university of bristol,QS World University Rankings 2025,International Education Costs Dataset,Excellent
UK,Bristol,University of Bristol,Computer Science,Bachelor,3.0,31500,74.8,1500,490,800,0.79,university of bristol,university of bristol,university of bristol,100.0,54,55,University of Bristol,United Kingdom,Europe,L,FC,VH,A,75.8,78,82.5,69,36.7,437,75.9,134,87.5,206,89.8,121,94.6,84,51.2,250,98.9,17,75.4,university of bristol,QS World University Rankings 2025,International Education Costs Dataset,Excellent
UK,Warwick,University of Warwick,Computer Science,Bachelor,3.0,31200,71.5,1300,490,800,0.79,university of warwick,university of warwick,the university of warwick,91.30434782608697,69,67,The University of Warwick,United Kingdom,Europe,L,FC,VH,A,72.2,86,86.4,61,35.5,445,37.7,367,98.1,119,99.1,57,94.2,92,65.7,175,89.7,98,68.2,the university of warwick,QS World University Rankings 2025,International Education Costs Dataset,High
UK,Warwick,University of Warwick,Computer Science,Bachelor,3.0,31200,71.5,1300,490,800,0.79,university of warwick,university of warwick,the university of warwick,91.30434782608697,69,67,The University of Warwick,United Kingdom,Europe,L,FC,VH,A,72.2,86,86.4,61,35.5,445,37.7,367,98.1,119,99.1,57,94.2,92,65.7,175,89.7,98,68.2,the university of warwick,QS World University Rankings 2025,International Education Costs Dataset,High
UK,Glasgow,University of Glasgow,Computer Science,Bachelor,4.0,30800,73.2,1400,490,800,0.79,university of glasgow,university of glasgow,university of glasgow,100.0,78,76,University of Glasgow,United Kingdom,Europe,XL,FC,VH,A,77.4,75,67.7,110,38.0,418,32.5,405,95.7,141,99.4,49,97.6,30,33.5,378,98.5,20,65,university of glasgow,QS World University Rankings 2025,International Education Costs Dataset,Excellent
UK,Glasgow,University of Glasgow,Computer Science,Bachelor,4.0,30800,73.2,1400,490,800,0.79,university of glasgow,university of glasgow,university of glasgow,100.0,78,76,University of Glasgow,United Kingdom,Europe,XL,FC,VH,A,77.4,75,67.7,110,38.0,418,32.5,405,95.7,141,99.4,49,97.6,30,33.5,378,98.5,20,65,university of glasgow,QS World University Rankings 2025,International Education Costs Dataset,Excellent
UK,Glasgow,University of Glasgow,Computer Science,Bachelor,4.0,30800,73.2,1400,490,800,0.79,university of glasgow,university of glasgow,university of glasgow,100.0,78,76,University of Glasgow,United Kingdom,Europe,XL,FC,VH,A,77.4,75,67.7,110,38.0,418,32.5,405,95.7,141,99.4,49,97.6,30,33.5,378,98.5,20,65,university of glasgow,QS World University Rankings 2025,International Education Costs Dataset,Excellent
UK,Glasgow,University of Glasgow,Computer Science,Bachelor,4.0,30800,73.2,1400,490,800,0.79,university of glasgow,university of glasgow,university of glasgow,100.0,78,76,University of Glasgow,United Kingdom,Europe,XL,FC,VH,A,77.4,75,67.7,110,38.0,418,32.5,405,95.7,141,99.4,49,97.6,30,33.5,378,98.5,20,65,university of glasgow,QS World University Rankings 2025,International Education Costs Dataset,Excellent
UK,Birmingham,University of Birmingham,Computer Science,Bachelor,3.0,30500,71.8,1300,490,800,0.79,university of birmingham,university of birmingham,university of birmingham,100.0,80,84,University of Birmingham,United Kingdom,Europe,XL,FC,VH,A,68.9,94,69.0,105,39.0,402,40.5,348,92.6,171,89.3,127,97.5,31,44.5,285,96.8,35,64.1,university of birmingham,QS World University Rankings 2025,International Education Costs Dataset,Excellent
UK,Birmingham,University of Birmingham,Computer Science,Bachelor,3.0,30500,71.8,1300,490,800,0.79,university of birmingham,university of birmingham,university of birmingham,100.0,80,84,University of Birmingham,United Kingdom,Europe,XL,FC,VH,A,68.9,94,69.0,105,39.0,402,40.5,348,92.6,171,89.3,127,97.5,31,44.5,285,96.8,35,64.1,university of birmingham,QS World University Rankings 2025,International Education Costs Dataset,Excellent
UK,Birmingham,University of Birmingham,Computer Science,Bachelor,3.0,30500,71.8,1300,490,800,0.79,university of birmingham,university of birmingham,university of birmingham,100.0,80,84,University of Birmingham,United Kingdom,Europe,XL,FC,VH,A,68.9,94,69.0,105,39.0,402,40.5,348,92.6,171,89.3,127,97.5,31,44.5,285,96.8,35,64.1,university of birmingham,QS World University Rankings 2025,International Education Costs Dataset,Excellent
UK,Leeds,University of Leeds,Computer Science,Bachelor,3.0,30200,71.2,1250,490,800,0.79,university of leeds,university of leeds,university of leeds,100.0,82,75,University of Leeds,United Kingdom,Europe,XL,FC,VH,A,70.5,91,75.9,83,36.4,438,39.8,355,82.5,230,88.5,132,98.8,14,50.9,251,71.8,211=,63.8,university of leeds,QS World University Rankings 2025,International Education Costs Dataset,Excellent
UK,Leeds,University of Leeds,Computer Science,Bachelor,3.0,30200,71.2,1250,490,800,0.79,university of leeds,university of leeds,university of leeds,100.0,82,75,University of Leeds,United Kingdom,Europe,XL,FC,VH,A,70.5,91,75.9,83,36.4,438,39.8,355,82.5,230,88.5,132,98.8,14,50.9,251,71.8,211=,63.8,university of leeds,QS World University Rankings 2025,International Education Costs Dataset,Excellent
UK,Leeds,University of Leeds,Computer Science,Bachelor,3.0,30200,71.2,1250,490,800,0.79,university of leeds,university of leeds,university of leeds,100.0,82,75,University of Leeds,United Kingdom,Europe,XL,FC,VH,A,70.5,91,75.9,83,36.4,438,39.8,355,82.5,230,88.5,132,98.8,14,50.9,251,71.8,211=,63.8,university of leeds,QS World University Rankings 2025,International Education Costs Dataset,Excellent
UK,Leeds,University of Leeds,Computer Science,Bachelor,3.0,30200,71.2,1250,490,800,0.79,university of leeds,university of leeds,university of leeds,100.0,82,75,University of Leeds,United Kingdom,Europe,XL,FC,VH,A,70.5,91,75.9,83,36.4,438,39.8,355,82.5,230,88.5,132,98.8,14,50.9,251,71.8,211=,63.8,university of leeds,QS World University Rankings 2025,International Education Costs Dataset,Excellent
UK,Sheffield,University of Sheffield,Computer Science,Bachelor,3.0,29800,70.5,1200,490,800,0.79,university of sheffield,university of sheffield,the university of sheffield,92.0,105,104,The University of Sheffield,United Kingdom,Europe,L,FC,VH,A,58.3,132,48.7,187,52.5,290,43.9,313,83.3,228,96.8,80,95.8,62,33.8,374,97.7,24=,59.1,the university of sheffield,QS World University Rankings 2025,International Education Costs Dataset,High
UK,Sheffield,University of Sheffield,Computer Science,Bachelor,3.0,29800,70.5,1200,490,800,0.79,university of sheffield,university of sheffield,the university of sheffield,92.0,105,104,The University of Sheffield,United Kingdom,Europe,L,FC,VH,A,58.3,132,48.7,187,52.5,290,43.9,313,83.3,228,96.8,80,95.8,62,33.8,374,97.7,24=,59.1,the university of sheffield,QS World University Rankings 2025,International Education Costs Dataset,High
UK,Sheffield,University of Sheffield,Computer Science,Bachelor,3.0,29800,70.5,1200,490,800,0.79,university of sheffield,university of sheffield,the university of sheffield,92.0,105,104,The University of Sheffield,United Kingdom,Europe,L,FC,VH,A,58.3,132,48.7,187,52.5,290,43.9,313,83.3,228,96.8,80,95.8,62,33.8,374,97.7,24=,59.1,the university of sheffield,QS World University Rankings 2025,International Education Costs Dataset,High
UK,Nottingham,University of Nottingham,Computer Science,Bachelor,3.0,29500,70.8,1150,490,800,0.79,university of nottingham,university of nottingham,university of nottingham,100.0,108,100,University of Nottingham,United Kingdom,Europe,XL,FC,VH,A,61.1,117,65.8,116,32.8,481,37.6,368,89.4,194,70.5,208,98.0,25,38.0,339,97.0,33,58.5,university of nottingham,QS World University Rankings 2025,International Education Costs Dataset,Excellent
UK,Nottingham,University of Nottingham,Computer Science,Bachelor,3.0,29500,70.8,1150,490,800,0.79,university of nottingham,university of nottingham,university of nottingham,100.0,108,100,University of Nottingham,United Kingdom,Europe,XL,FC,VH,A,61.1,117,65.8,116,32.8,481,37.6,368,89.4,194,70.5,208,98.0,25,38.0,339,97.0,33,58.5,university of nottingham,QS World University Rankings 2025,International Education Costs Dataset,Excellent
UK,Nottingham,University of Nottingham,Computer Science,Bachelor,3.0,29500,70.8,1150,490,800,0.79,university of nottingham,university of nottingham,university of nottingham,100.0,108,100,University of Nottingham,United Kingdom,Europe,XL,FC,VH,A,61.1,117,65.8,116,32.8,481,37.6,368,89.4,194,70.5,208,98.0,25,38.0,339,97.0,33,58.5,university of nottingham,QS World University Rankings 2025,International Education Costs Dataset,Excellent
UK,Nottingham,University of Nottingham,Computer Science,Bachelor,3.0,29500,70.8,1150,490,800,0.79,university of nottingham,university of nottingham,university of nottingham,100.0,108,100,University of Nottingham,United Kingdom,Europe,XL,FC,VH,A,61.1,117,65.8,116,32.8,481,37.6,368,89.4,194,70.5,208,98.0,25,38.0,339,97.0,33,58.5,university of nottingham,QS World University Rankings 2025,International Education Costs Dataset,Excellent
UK,Southampton,University of Southampton,Computer Science,Bachelor,3.0,29200,72.4,1300,490,800,0.79,university of southampton,university of southampton,university of southampton,100.0,80,81,University of Southampton,United Kingdom,Europe,L,FC,VH,A,50.1,161,44.3,208,40.7,385,83.4,100,92.5,173,98.0,70,97.1,40,49.2,261,96.9,34,64.1,university of southampton,QS World University Rankings 2025,International Education Costs Dataset,Excellent
UK,Southampton,University of Southampton,Computer Science,Bachelor,3.0,29200,72.4,1300,490,800,0.79,university of southampton,university of southampton,university of southampton,100.0,80,81,University of Southampton,United Kingdom,Europe,L,FC,VH,A,50.1,161,44.3,208,40.7,385,83.4,100,92.5,173,98.0,70,97.1,40,49.2,261,96.9,34,64.1,university of southampton,QS World University Rankings 2025,International Education Costs Dataset,Excellent
UK,Durham,Durham University,Computer Science,Bachelor,3.0,28900,71.6,1250,490,800,0.79,durham university,durham university,durham university,100.0,89,78,Durham University,United Kingdom,Europe,L,FC,VH,A,59.6,126,83.9,65,26.3,567,40.9,342,97.3,125,84.9,153,89.7,172,39.4,326,98.6,19,61.7,durham university,QS World University Rankings 2025,International Education Costs Dataset,Excellent
UK,Durham,Durham University,Computer Science,Bachelor,3.0,28900,71.6,1250,490,800,0.79,durham university,durham university,durham university,100.0,89,78,Durham University,United Kingdom,Europe,L,FC,VH,A,59.6,126,83.9,65,26.3,567,40.9,342,97.3,125,84.9,153,89.7,172,39.4,326,98.6,19,61.7,durham university,QS World University Rankings 2025,International Education Costs Dataset,Excellent
UK,Liverpool,University of Liverpool,Computer Science,Bachelor,3.0,28600,70.2,1100,490,800,0.79,university of liverpool,university of liverpool,university of liverpool,100.0,165,176,University of Liverpool,United Kingdom,Europe,L,FC,VH,A,46.1,176,39.4,239,37.8,422,36.6,373,88.3,203,85.4,150,97.2,38,36.3,351,95.6,50=,50.7,university of liverpool,QS World University Rankings 2025,International Education Costs Dataset,Excellent
UK,Cardiff,Cardiff University,Computer Science,Bachelor,3.0,28300,69.8,1050,490,800,0.79,cardiff university,cardiff university,cardiff university,100.0,186,154,Cardiff University,United Kingdom,Europe,L,FC,VH,A,46.8,171,43.2,213,36.1,441,30.0,437,82.8,229,67.7,219,92.3,132,18.9,584,96.0,46=,47.6,cardiff university,QS World University Rankings 2025,International Education Costs Dataset,Excellent
UK,Cardiff,Cardiff University,Computer Science,Bachelor,3.0,28300,69.8,1050,490,800,0.79,cardiff university,cardiff university,cardiff university,100.0,186,154,Cardiff University,United Kingdom,Europe,L,FC,VH,A,46.8,171,43.2,213,36.1,441,30.0,437,82.8,229,67.7,219,92.3,132,18.9,584,96.0,46=,47.6,cardiff university,QS World University Rankings 2025,International Education Costs Dataset,Excellent
UK,Cardiff,Cardiff University,Computer Science,Bachelor,3.0,28300,69.8,1050,490,800,0.79,cardiff university,cardiff university,cardiff university,100.0,186,154,Cardiff University,United Kingdom,Europe,L,FC,VH,A,46.8,171,43.2,213,36.1,441,30.0,437,82.8,229,67.7,219,92.3,132,18.9,584,96.0,46=,47.6,cardiff university,QS World University Rankings 2025,International Education Costs Dataset,Excellent
UK,Newcastle,Newcastle University,Computer Science,Bachelor,3.0,28000,70.1,1100,490,800,0.79,newcastle university,newcastle university,newcastle university,100.0,129,110,Newcastle University,United Kingdom,Europe,L,FC,VH,A,50.0,164,59.3,137,39.2,399,38.7,362,89.5,193,68.6,217,97.1,42,31.3,403,97.1,30=,54.5,newcastle university,QS World University Rankings 2025,International Education Costs Dataset,Excellent
UK,Newcastle,Newcastle University,Computer Science,Bachelor,3.0,28000,70.1,1100,490,800,0.79,newcastle university,newcastle university,newcastle university,100.0,129,110,Newcastle University,United Kingdom,Europe,L,FC,VH,A,50.0,164,59.3,137,39.2,399,38.7,362,89.5,193,68.6,217,97.1,42,31.3,403,97.1,30=,54.5,newcastle university,QS World University Rankings 2025,International Education Costs Dataset,Excellent
UK,Aberdeen,University of Aberdeen,Computer Science,Bachelor,4.0,27700,69.5,1000,490,800,0.79,university of aberdeen,university of aberdeen,university of aberdeen,100.0,236,208,University of Aberdeen,United Kingdom,Europe,L,FC,VH,A,30.5,292,28.8,330,32.7,482,32.0,412,94.5,154,92.6,103,88.5,190,22.2,519,96.5,37=,42.3,university of aberdeen,QS World University Rankings 2025,International Education Costs Dataset,Excellent
UK,Leicester,University of Leicester,Computer Science,Bachelor,3.0,27400,68.9,950,490,800,0.79,university of leicester,university of leicester,university of leicester,100.0,285,272,University of Leicester,United Kingdom,Europe,L,FC,VH,A,19.8,453,13.7,594,30.8,511,43.4,316,80.0,238,95.3,95,88.8,187,22.7,504,75.0,186=,37.2,university of leicester,QS World University Rankings 2025,International Education Costs Dataset,Excellent
UK,Reading,University of Reading,Computer Science,Bachelor,3.0,27100,71.2,1150,490,800,0.79,university of reading,university of reading,university of reading,100.0,172,169,University of Reading,United Kingdom,Europe,L,CO,VH,A,32.2,273,41.7,226,13.1,701+,65.7,169,86.2,214,78.6,177,91.7,142,47.8,268,94.0,61,49.9,university of reading,QS World University Rankings 2025,International Education Costs Dataset,Excellent
UK,Sussex,University of Sussex,Computer Science,Bachelor,3.0,26800,72.5,1200,490,800,0.79,university of sussex,university of sussex,university of sussex,100.0,246,218,University of Sussex,United Kingdom,Europe,L,FC,VH,A,22.6,395,10.4,601+,15.5,701+,56.8,220,99.6,95,84.9,152,84.7,252,39.9,322,97.7,26=,41,university of sussex,QS World University Rankings 2025,International Education Costs Dataset,Excellent
UK,Essex,University of Essex,Computer Science,Bachelor,3.0,26500,69.8,1000,490,800,0.79,university of essex,university of essex,essex university of,100.0,472,459,"Essex, University of",United Kingdom,Europe,L,CO,VH,A,15.5,568,5.2,601+,12.7,701+,22.6,523,99.8,93,98.6,62,75.1,408,14.0,693,13.2,606=,25.3,essex university of,QS World University Rankings 2025,International Education Costs Dataset,Excellent
UK,Bath,University of Bath,Computer Science,Bachelor,3.0,26200,73.4,1250,490,800,0.79,university of bath,university of bath,university of bath,100.0,150,148,University of Bath,United Kingdom,Europe,L,CO,VH,A,35.8,245,67.9,109,18.3,701+,52.0,250,94.3,159,80.0,171,84.2,259,35.2,360,90.4,92,52.1,university of bath,QS World University Rankings 2025,International Education Costs Dataset,Excellent
UK,Surrey,University of Surrey,Computer Science,Bachelor,3.0,25900,71.8,1150,490,800,0.79,university of surrey,university of surrey,university of surrey,100.0,285,244,University of Surrey,United Kingdom,Europe,L,CO,VH,A,19.7,454,17.9,490,22.8,625,55.2,227,97.1,129,87.1,139,86.4,226,20.4,557,28.4,456=,37.2,university of surrey,QS World University Rankings 2025,International Education Costs Dataset,Excellent
UK,Exeter,University of Exeter,Computer Science,Bachelor,3.0,25600,72.1,1200,490,800,0.79,university of exeter,university of exeter,the university of exeter,90.9090909090909,169,153,The University of Exeter,United Kingdom,Europe,L,FC,VH,A,42.9,200,45.0,203,30.2,518,42.5,324,91.0,187,72.2,202,95.1,74,30.1,417,97.1,30=,50.1,the university of exeter,QS World University Rankings 2025,International Education Costs Dataset,High
UK,Kent,University of Kent,Computer Science,Bachelor,3.0,25300,70.5,1100,490,800,0.79,university of kent,university of kent,university of kent,100.0,380,336,University of Kent,United Kingdom,Europe,L,CO,VH,A,15.4,571,10.0,601+,14.6,701+,45.7,301,95.1,147,49.8,296,78.8,339,34.0,372,40.4,363=,30.8,university of kent,QS World University Rankings 2025,International Education Costs Dataset,Excellent
UK,Dundee,University of Dundee,Computer Science,Bachelor,4.0,25000,68.9,950,490,800,0.79,university of dundee,university of dundee,university of dundee,100.0,418,441,University of Dundee,United Kingdom,Europe,L,FC,HI,A,18.4,494,13.7,590,30.8,512,14.0,654,91.1,185,89.4,126,75.2,405,7.4,701+,55.4,285=,28.5,university of dundee,QS World University Rankings 2025,International Education Costs Dataset,Excellent
UK,Strathclyde,University of Strathclyde,Computer Science,Bachelor,4.0,24700,69.2,1000,490,800,0.79,university of strathclyde,university of strathclyde,university of strathclyde,100.0,281,276,University of Strathclyde,United Kingdom,Europe,L,CO,VH,A,25.9,343,30.0,314,16.7,701+,31.8,416,93.0,170,64.0,235,85.0,246,33.6,376,88.6,107,37.9,university of strathclyde,QS World University Rankings 2025,International Education Costs Dataset,Excellent
UK,Heriot-Watt,Heriot-Watt University,Computer Science,Bachelor,4.0,24400,69.5,1050,490,800,0.79,heriot watt university,heriot watt university,heriot watt university,100.0,256,235,Heriot-Watt University,United Kingdom,Europe,M,CO,VH,A,17.8,507,27.1,356,17.6,701+,65.2,171,100.0,79,98.1,69,75.4,402,26.3,451,25.7,483=,39.9,heriot watt university,QS World University Rankings 2025,International Education Costs Dataset,Excellent
UK,Heriot-Watt,Heriot-Watt University,Computer Science,Bachelor,4.0,24400,69.5,1050,490,800,0.79,heriot watt university,heriot watt university,heriot watt university,100.0,256,235,Heriot-Watt University,United Kingdom,Europe,M,CO,VH,A,17.8,507,27.1,356,17.6,701+,65.2,171,100.0,79,98.1,69,75.4,402,26.3,451,25.7,483=,39.9,heriot watt university,QS World University Rankings 2025,International Education Costs Dataset,Excellent
UK,Loughborough,Loughborough University,Computer Science,Bachelor,3.0,24100,68.5,900,490,800,0.79,loughborough university,loughborough university,loughborough university,100.0,224,212,Loughborough University,United Kingdom,Europe,L,CO,VH,A,29.7,299,55.3,151,23.8,613,32.4,406,87.1,212,68.6,216,87.1,214,23.2,488,93.8,64=,43.6,loughborough university,QS World University Rankings 2025,International Education Costs Dataset,Excellent
UK,Brunel,Brunel University London,Computer Science,Bachelor,3.0,23800,83.2,1800,490,800,0.79,brunel university london,brunel university london,brunel university london,100.0,342,343,Brunel University London,United Kingdom,Europe,L,CO,VH,A,11.1,601+,13.3,601+,7.1,701+,46.5,297,99.1,102,99.8,37,77.9,363,19.9,564,71.2,214=,33,brunel university london,QS World University Rankings 2025,International Education Costs Dataset,Excellent
UK,Queen Mary,Queen Mary University of London,Computer Science,Bachelor,3.0,23500,83.2,1900,490,800,0.79,queen mary university of london,queen mary university of london,queen mary university of london,100.0,120,145,Queen Mary University of London,United Kingdom,Europe,L,FC,VH,A,48.3,170,36.9,254,30.4,515,62.8,184,99.5,96,99.2,54,92.5,127,21.4,534,95.6,54,55.8,queen mary university of london,QS World University Rankings 2025,International Education Costs Dataset,Excellent
UK,Royal Holloway,Royal Holloway University,Computer Science,Bachelor,3.0,23200,75.5,1400,490,800,0.79,royal holloway university,royal holloway university,,,,,,,,,,,,,,,,,,,,,,,,,,,,,,,,Not Matched,International Education Costs Dataset,Unmatched
UK,Lancaster,Lancaster University,Computer Science,Bachelor,3.0,22900,69.8,1000,490,800,0.79,lancaster university,lancaster university,lancaster university,100.0,141,122,Lancaster University,United Kingdom,Europe,L,FC,VH,A,38.9,222,36.7,255,27.7,551,69.6,157,93.3,166,92.3,105,89.7,171,28.8,431,96.2,44=,53.6,lancaster university,QS World University Rankings 2025,International Education Costs Dataset,Excellent
UK,Swansea,Swansea University,Computer Science,Bachelor,3.0,22600,68.5,950,490,800,0.79,swansea university,swansea university,swansea university,100.0,298,307,Swansea University,United Kingdom,Europe,L,FC,VH,A,23.1,387,43.1,214,25.1,591,27.9,467,71.0,278,59.6,249,82.3,286,8.3,701+,91.8,80,36.5,swansea university,QS World University Rankings 2025,International Education Costs Dataset,Excellent
UK,Aston,Aston University,Computer Science,Bachelor,3.0,22300,71.8,1200,490,800,0.79,aston university,aston university,aston university,100.0,423,446,Aston University,United Kingdom,Europe,L,CO,VH,A,12.5,601+,18.5,478,9.0,701+,34.4,388,94.2,160,53.8,274,79.2,336,19.6,569,46.9,330=,28.1,aston university,QS World University Rankings 2025,International Education Costs Dataset,Excellent
UK,Hull,University of Hull,Computer Science,Bachelor,3.0,22000,67.9,850,490,800,0.79,university of hull,university of hull,university of hull,100.0,516,523,University of Hull,United Kingdom,Europe,L,FC,HI,A,8.9,601+,4.5,601+,14.3,701+,21.5,537,63.3,309,81.5,166,76.9,380,20.5,555,68.0,228=,23.6,university of hull,QS World University Rankings 2025,International Education Costs Dataset,Excellent
UK,Keele,Keele University,Computer Science,Bachelor,3.0,21700,67.5,800,490,800,0.79,keele university,keele university,keele university,100.0,791-800,781-790,Keele University,United Kingdom,Europe,M,FC,VH,A,6.0,601+,4.4,601+,14.4,701+,26.2,484,51.6,359,30.7,423,62.9,586,6.9,701+,3.1,701+,,keele university,QS World University Rankings 2025,International Education Costs Dataset,Excellent
UK,Plymouth,University of Plymouth,Computer Science,Bachelor,3.0,21400,69.2,950,490,800,0.79,university of plymouth,university of plymouth,university of plymouth,100.0,661-670,561,University of Plymouth,United Kingdom,Europe,L,FC,HI,A,8.9,601+,8.9,601+,11.6,701+,25.9,487,49.8,368,36.2,381,80.1,320,7.3,701+,21.5,518=,,university of plymouth,QS World University Rankings 2025,International Education Costs Dataset,Excellent
UK,Portsmouth,University of Portsmouth,Computer Science,Bachelor,3.0,21100,70.5,1000,490,800,0.79,university of portsmouth,university of portsmouth,university of portsmouth,100.0,631-640,502,University of Portsmouth,United Kingdom,Europe,L,CO,VH,A,8.1,601+,7.3,601+,8.6,701+,15.1,634,74.0,270,85.3,151,75.4,399,8.9,701+,21.1,525=,,university of portsmouth,QS World University Rankings 2025,International Education Costs Dataset,Excellent
UK,Ulster,Ulster University,Computer Science,Bachelor,3.0,20800,67.2,800,490,800,0.79,ulster university,ulster university,ulster university,100.0,559,498,Ulster University,United Kingdom,Europe,L,CO,VH,A,8.1,601+,11.3,601+,9.6,701+,11.5,701+,99.8,91,77.6,182,73.4,431,6.8,701+,62.2,254=,22.3,ulster university,QS World University Rankings 2025,International Education Costs Dataset,Excellent
UK,Northumbria,Northumbria University,Computer Science,Bachelor,3.0,20500,68.5,900,490,800,0.79,northumbria university,northumbria university,,,,,,,,,,,,,,,,,,,,,,,,,,,,,,,,Not Matched,International Education Costs Dataset,Unmatched
UK,Coventry,Coventry University,Computer Science,Bachelor,3.0,20200,69.8,950,490,800,0.79,coventry university,coventry university,coventry university,100.0,526,571,Coventry University,United Kingdom,Europe,XL,CO,VH,A,9.9,601+,10.4,601+,16.9,701+,7.1,701+,77.0,253,99.9,35,82.6,283,10.0,701+,64.4,243=,23.3,coventry university,QS World University Rankings 2025,International Education Costs Dataset,Excellent
UK,Oxford Brookes,Oxford Brookes University,Computer Science,Bachelor,3.0,19900,77.8,1500,490,800,0.79,oxford brookes university,oxford brookes university,oxford brookes university,100.0,416,413,Oxford Brookes University,United Kingdom,Europe,L,CO,HI,A,30.7,289,37.6,250,13.7,701+,7.0,701+,67.5,291,67.4,220,68.4,508,20.5,554,13.2,606=,28.6,oxford brookes university,QS World University Rankings 2025,International Education Costs Dataset,Excellent
UK,De Montfort,De Montfort University,Computer Science,Bachelor,3.0,19600,68.9,900,490,800,0.79,de montfort university,de montfort university,de montfort university,100.0,711-720,801-850,De Montfort University,United Kingdom,Europe,L,FO,VH,A,5.3,601+,4.8,601+,5.6,701+,8.0,701+,74.2,267,97.5,76,62.8,591,6.4,701+,41.4,358=,,de montfort university,QS World University Rankings 2025,International Education Costs Dataset,Excellent
UK,Westminster,University of Westminster,Computer Science,Bachelor,3.0,19300,83.2,1800,490,800,0.79,university of westminster,university of westminster,university of westminster,100.0,741-750,711-720,University of Westminster,United Kingdom,Europe,L,CO,HI,A,11.5,601+,6.8,601+,5.7,701+,5.1,701+,77.4,249,100.0,33,35.4,701+,21.7,526,1.7,701+,,university of westminster,QS World University Rankings 2025,International Education Costs Dataset,Excellent
UK,Greenwich,University of Greenwich,Computer Science,Bachelor,3.0,19000,83.2,1700,490,800,0.79,university of greenwich,university of greenwich,university of greenwich,100.0,691-700,671-680,University of Greenwich,United Kingdom,Europe,L,CO,HI,A,4.7,601+,4.1,601+,4.1,701+,11.7,700,91.5,183,100.0,30,78.2,357,14.9,666,5.4,701+,,university of greenwich,QS World University Rankings 2025,International Education Costs Dataset,Excellent
UK,Kingston,Kingston University,Computer Science,Bachelor,3.0,18700,83.2,1600,490,800,0.79,kingston university,kingston university,aston university,85.71428571428572,423,446,Aston University,United Kingdom,Europe,L,CO,VH,A,12.5,601+,18.5,478,9.0,701+,34.4,388,94.2,160,53.8,274,79.2,336,19.6,569,46.9,330=,28.1,aston university,QS World University Rankings 2025,International Education Costs Dataset,Medium
Canada,Toronto,University of Toronto,Computer Science,Bachelor,4.0,45200,73.5,1800,235,600,1.35,university of toronto,university of toronto,university of toronto,100.0,25,21,University of Toronto,Canada,Americas,XL,FC,VH,A,99.7,11,96.9,27,44.9,344,50.8,257,96.9,132,96.1,90,97.7,29,98.7,19,100.0,1,84.1,university of toronto,QS World University Rankings 2025,International Education Costs Dataset,Excellent
Canada,Toronto,University of Toronto,Computer Science,Bachelor,4.0,45200,73.5,1800,235,600,1.35,university of toronto,university of toronto,university of toronto,100.0,25,21,University of Toronto,Canada,Americas,XL,FC,VH,A,99.7,11,96.9,27,44.9,344,50.8,257,96.9,132,96.1,90,97.7,29,98.7,19,100.0,1,84.1,university of toronto,QS World University Rankings 2025,International Education Costs Dataset,Excellent
Canada,Toronto,University of Toronto,Computer Science,Bachelor,4.0,45200,73.5,1800,235,600,1.35,university of toronto,university of toronto,university of toronto,100.0,25,21,University of Toronto,Canada,Americas,XL,FC,VH,A,99.7,11,96.9,27,44.9,344,50.8,257,96.9,132,96.1,90,97.7,29,98.7,19,100.0,1,84.1,university of toronto,QS World University Rankings 2025,International Education Costs Dataset,Excellent
Canada,Toronto,University of Toronto,Computer Science,Bachelor,4.0,45200,73.5,1800,235,600,1.35,university of toronto,university of toronto,university of toronto,100.0,25,21,University of Toronto,Canada,Americas,XL,FC,VH,A,99.7,11,96.9,27,44.9,344,50.8,257,96.9,132,96.1,90,97.7,29,98.7,19,100.0,1,84.1,university of toronto,QS World University Rankings 2025,International Education Costs Dataset,Excellent
Canada,Toronto,University of Toronto,Computer Science,Master,2.0,28500,73.5,1800,235,600,1.35,university of toronto,university of toronto,university of toronto,100.0,25,21,University of Toronto,Canada,Americas,XL,FC,VH,A,99.7,11,96.9,27,44.9,344,50.8,257,96.9,132,96.1,90,97.7,29,98.7,19,100.0,1,84.1,university of toronto,QS World University Rankings 2025,International Education Costs Dataset,Excellent
Canada,Toronto,University of Toronto,Computer Science,Master,2.0,28500,73.5,1800,235,600,1.35,university of toronto,university of toronto,university of toronto,100.0,25,21,University of Toronto,Canada,Americas,XL,FC,VH,A,99.7,11,96.9,27,44.9,344,50.8,257,96.9,132,96.1,90,97.7,29,98.7,19,100.0,1,84.1,university of toronto,QS World University Rankings 2025,International Education Costs Dataset,Excellent
Canada,Toronto,University of Toronto,Computer Science,Master,2.0,28500,73.5,1800,235,600,1.35,university of toronto,university of toronto,university of toronto,100.0,25,21,University of Toronto,Canada,Americas,XL,FC,VH,A,99.7,11,96.9,27,44.9,344,50.8,257,96.9,132,96.1,90,97.7,29,98.7,19,100.0,1,84.1,university of toronto,QS World University Rankings 2025,International Education Costs Dataset,Excellent
Canada,Toronto,University of Toronto,Computer Science,Master,2.0,28500,73.5,1800,235,600,1.35,university of toronto,university of toronto,university of toronto,100.0,25,21,University of Toronto,Canada,Americas,XL,FC,VH,A,99.7,11,96.9,27,44.9,344,50.8,257,96.9,132,96.1,90,97.7,29,98.7,19,100.0,1,84.1,university of toronto,QS World University Rankings 2025,International Education Costs Dataset,Excellent
Canada,Vancouver,University of British Columbia,Computer Science,Bachelor,4.0,43800,71.2,1900,235,600,1.35,university of british columbia,university of british columbia,university of british columbia,100.0,38,34,University of British Columbia,Canada,Americas,XL,FC,VH,A,98.3,23,94.3,36,34.5,459,57.7,214,95.5,142,72.8,200,96.2,53,74.6,141,99.8,4,81,university of british columbia,QS World University Rankings 2025,International Education Costs Dataset,Excellent
Canada,Vancouver,University of British Columbia,Computer Science,Bachelor,4.0,43800,71.2,1900,235,600,1.35,university of british columbia,university of british columbia,university of british columbia,100.0,38,34,University of British Columbia,Canada,Americas,XL,FC,VH,A,98.3,23,94.3,36,34.5,459,57.7,214,95.5,142,72.8,200,96.2,53,74.6,141,99.8,4,81,university of british columbia,QS World University Rankings 2025,International Education Costs Dataset,Excellent
Canada,Vancouver,University of British Columbia,Computer Science,Bachelor,4.0,43800,71.2,1900,235,600,1.35,university of british columbia,university of british columbia,university of british columbia,100.0,38,34,University of British Columbia,Canada,Americas,XL,FC,VH,A,98.3,23,94.3,36,34.5,459,57.7,214,95.5,142,72.8,200,96.2,53,74.6,141,99.8,4,81,university of british columbia,QS World University Rankings 2025,International Education Costs Dataset,Excellent
Canada,Vancouver,University of British Columbia,Computer Science,Bachelor,4.0,43800,71.2,1900,235,600,1.35,university of british columbia,university of british columbia,university of british columbia,100.0,38,34,University of British Columbia,Canada,Americas,XL,FC,VH,A,98.3,23,94.3,36,34.5,459,57.7,214,95.5,142,72.8,200,96.2,53,74.6,141,99.8,4,81,university of british columbia,QS World University Rankings 2025,International Education Costs Dataset,Excellent
Canada,Vancouver,University of British Columbia,Computer Science,Master,2.0,27900,71.2,1900,235,600,1.35,university of british columbia,university of british columbia,university of british columbia,100.0,38,34,University of British Columbia,Canada,Americas,XL,FC,VH,A,98.3,23,94.3,36,34.5,459,57.7,214,95.5,142,72.8,200,96.2,53,74.6,141,99.8,4,81,university of british columbia,QS World University Rankings 2025,International Education Costs Dataset,Excellent
Canada,Vancouver,University of British Columbia,Computer Science,Master,2.0,27900,71.2,1900,235,600,1.35,university of british columbia,university of british columbia,university of british columbia,100.0,38,34,University of British Columbia,Canada,Americas,XL,FC,VH,A,98.3,23,94.3,36,34.5,459,57.7,214,95.5,142,72.8,200,96.2,53,74.6,141,99.8,4,81,university of british columbia,QS World University Rankings 2025,International Education Costs Dataset,Excellent
Canada,Vancouver,University of British Columbia,Computer Science,Master,2.0,27900,71.2,1900,235,600,1.35,university of british columbia,university of british columbia,university of british columbia,100.0,38,34,University of British Columbia,Canada,Americas,XL,FC,VH,A,98.3,23,94.3,36,34.5,459,57.7,214,95.5,142,72.8,200,96.2,53,74.6,141,99.8,4,81,university of british columbia,QS World University Rankings 2025,International Education Costs Dataset,Excellent
Canada,Vancouver,University of British Columbia,Computer Science,Master,2.0,27900,71.2,1900,235,600,1.35,university of british columbia,university of british columbia,university of british columbia,100.0,38,34,University of British Columbia,Canada,Americas,XL,FC,VH,A,98.3,23,94.3,36,34.5,459,57.7,214,95.5,142,72.8,200,96.2,53,74.6,141,99.8,4,81,university of british columbia,QS World University Rankings 2025,International Education Costs Dataset,Excellent
Canada,Montreal,McGill University,Computer Science,Bachelor,4.0,41500,65.8,1500,235,600,1.35,mcgill university,mcgill university,mcgill university,100.0,29,30,McGill University,Canada,Americas,L,FC,VH,A,94.3,34,87.6,56,62.3,224,57.9,212,83.7,225,89.6,124,94.2,94,98.3,24,99.1,13,83,mcgill university,QS World University Rankings 2025,International Education Costs Dataset,Excellent
Canada,Montreal,McGill University,Computer Science,Bachelor,4.0,41500,65.8,1500,235,600,1.35,mcgill university,mcgill university,mcgill university,100.0,29,30,McGill University,Canada,Americas,L,FC,VH,A,94.3,34,87.6,56,62.3,224,57.9,212,83.7,225,89.6,124,94.2,94,98.3,24,99.1,13,83,mcgill university,QS World University Rankings 2025,International Education Costs Dataset,Excellent
Canada,Montreal,McGill University,Computer Science,Bachelor,4.0,41500,65.8,1500,235,600,1.35,mcgill university,mcgill university,mcgill university,100.0,29,30,McGill University,Canada,Americas,L,FC,VH,A,94.3,34,87.6,56,62.3,224,57.9,212,83.7,225,89.6,124,94.2,94,98.3,24,99.1,13,83,mcgill university,QS World University Rankings 2025,International Education Costs Dataset,Excellent
Canada,Montreal,McGill University,Computer Science,Master,2.0,26800,65.8,1500,235,600,1.35,mcgill university,mcgill university,mcgill university,100.0,29,30,McGill University,Canada,Americas,L,FC,VH,A,94.3,34,87.6,56,62.3,224,57.9,212,83.7,225,89.6,124,94.2,94,98.3,24,99.1,13,83,mcgill university,QS World University Rankings 2025,International Education Costs Dataset,Excellent
Canada,Montreal,McGill University,Computer Science,Master,2.0,26800,65.8,1500,235,600,1.35,mcgill university,mcgill university,mcgill university,100.0,29,30,McGill University,Canada,Americas,L,FC,VH,A,94.3,34,87.6,56,62.3,224,57.9,212,83.7,225,89.6,124,94.2,94,98.3,24,99.1,13,83,mcgill university,QS World University Rankings 2025,International Education Costs Dataset,Excellent
Canada,Montreal,McGill University,Computer Science,Master,2.0,26800,65.8,1500,235,600,1.35,mcgill university,mcgill university,mcgill university,100.0,29,30,McGill University,Canada,Americas,L,FC,VH,A,94.3,34,87.6,56,62.3,224,57.9,212,83.7,225,89.6,124,94.2,94,98.3,24,99.1,13,83,mcgill university,QS World University Rankings 2025,International Education Costs Dataset,Excellent
Canada,Waterloo,University of Waterloo,Computer Science,Bachelor,4.0,40900,62.4,1300,235,600,1.35,university of waterloo,university of waterloo,university of waterloo,100.0,115,112,University of Waterloo,Canada,Americas,XL,CO,VH,A,40.4,211,64.2,124,6.5,701+,78.9,118,75.8,257,71.3,206,84.6,256,58.9,209,93.3,68=,57.2,university of waterloo,QS World University Rankings 2025,International Education Costs Dataset,Excellent
Canada,Waterloo,University of Waterloo,Computer Science,Bachelor,4.0,40900,62.4,1300,235,600,1.35,university of waterloo,university of waterloo,university of waterloo,100.0,115,112,University of Waterloo,Canada,Americas,XL,CO,VH,A,40.4,211,64.2,124,6.5,701+,78.9,118,75.8,257,71.3,206,84.6,256,58.9,209,93.3,68=,57.2,university of waterloo,QS World University Rankings 2025,International Education Costs Dataset,Excellent
Canada,Waterloo,University of Waterloo,Computer Science,Bachelor,4.0,40900,62.4,1300,235,600,1.35,university of waterloo,university of waterloo,university of waterloo,100.0,115,112,University of Waterloo,Canada,Americas,XL,CO,VH,A,40.4,211,64.2,124,6.5,701+,78.9,118,75.8,257,71.3,206,84.6,256,58.9,209,93.3,68=,57.2,university of waterloo,QS World University Rankings 2025,International Education Costs Dataset,Excellent
Canada,Waterloo,University of Waterloo,Computer Science,Master,2.0,26200,62.4,1300,235,600,1.35,university of waterloo,university of waterloo,university of waterloo,100.0,115,112,University of Waterloo,Canada,Americas,XL,CO,VH,A,40.4,211,64.2,124,6.5,701+,78.9,118,75.8,257,71.3,206,84.6,256,58.9,209,93.3,68=,57.2,university of waterloo,QS World University Rankings 2025,International Education Costs Dataset,Excellent
Canada,Waterloo,University of Waterloo,Computer Science,Master,2.0,26200,62.4,1300,235,600,1.35,university of waterloo,university of waterloo,university of waterloo,100.0,115,112,University of Waterloo,Canada,Americas,XL,CO,VH,A,40.4,211,64.2,124,6.5,701+,78.9,118,75.8,257,71.3,206,84.6,256,58.9,209,93.3,68=,57.2,university of waterloo,QS World University Rankings 2025,International Education Costs Dataset,Excellent
Canada,Waterloo,University of Waterloo,Computer Science,Master,2.0,26200,62.4,1300,235,600,1.35,university of waterloo,university of waterloo,university of waterloo,100.0,115,112,University of Waterloo,Canada,Americas,XL,CO,VH,A,40.4,211,64.2,124,6.5,701+,78.9,118,75.8,257,71.3,206,84.6,256,58.9,209,93.3,68=,57.2,university of waterloo,QS World University Rankings 2025,International Education Costs Dataset,Excellent
Canada,Montreal,University of Montreal,Computer Science,Bachelor,4.0,39500,65.8,1400,235,600,1.35,university of montreal,university of montreal,university of mons,85.0,781-790,691-700,University of Mons,Belgium,Europe,M,CO,VH,A,7.1,601+,7.0,601+,3.4,701+,37.3,369,35.0,458,33.7,400,43.7,701+,6.1,701+,1.6,701+,,university of mons,QS World University Rankings 2025,International Education Costs Dataset,Medium
Canada,Montreal,University of Montreal,Computer Science,Bachelor,4.0,39500,65.8,1400,235,600,1.35,university of montreal,university of montreal,university of mons,85.0,781-790,691-700,University of Mons,Belgium,Europe,M,CO,VH,A,7.1,601+,7.0,601+,3.4,701+,37.3,369,35.0,458,33.7,400,43.7,701+,6.1,701+,1.6,701+,,university of mons,QS World University Rankings 2025,International Education Costs Dataset,Medium
Canada,Montreal,University of Montreal,Computer Science,Master,2.0,25800,65.8,1400,235,600,1.35,university of montreal,university of montreal,university of mons,85.0,781-790,691-700,University of Mons,Belgium,Europe,M,CO,VH,A,7.1,601+,7.0,601+,3.4,701+,37.3,369,35.0,458,33.7,400,43.7,701+,6.1,701+,1.6,701+,,university of mons,QS World University Rankings 2025,International Education Costs Dataset,Medium
Canada,Montreal,University of Montreal,Computer Science,Master,2.0,25800,65.8,1400,235,600,1.35,university of montreal,university of montreal,university of mons,85.0,781-790,691-700,University of Mons,Belgium,Europe,M,CO,VH,A,7.1,601+,7.0,601+,3.4,701+,37.3,369,35.0,458,33.7,400,43.7,701+,6.1,701+,1.6,701+,,university of mons,QS World University Rankings 2025,International Education Costs Dataset,Medium
Canada,Edmonton,University of Alberta,Computer Science,Bachelor,4.0,38200,61.9,1200,235,600,1.35,university of alberta,university of alberta,university of alberta,100.0,96,111,University of Alberta,Canada,Americas,XL,FC,VH,A,57.0,136,42.2,222,39.1,400,61.3,194,98.3,116,71.0,207,96.0,55,70.0,159,97.6,28,61.2,university of alberta,QS World University Rankings 2025,International Education Costs Dataset,Excellent
Canada,Edmonton,University of Alberta,Computer Science,Bachelor,4.0,38200,61.9,1200,235,600,1.35,university of alberta,university of alberta,university of alberta,100.0,96,111,University of Alberta,Canada,Americas,XL,FC,VH,A,57.0,136,42.2,222,39.1,400,61.3,194,98.3,116,71.0,207,96.0,55,70.0,159,97.6,28,61.2,university of alberta,QS World University Rankings 2025,International Education Costs Dataset,Excellent
Canada,Edmonton,University of Alberta,Computer Science,Bachelor,4.0,38200,61.9,1200,235,600,1.35,university of alberta,university of alberta,university of alberta,100.0,96,111,University of Alberta,Canada,Americas,XL,FC,VH,A,57.0,136,42.2,222,39.1,400,61.3,194,98.3,116,71.0,207,96.0,55,70.0,159,97.6,28,61.2,university of alberta,QS World University Rankings 2025,International Education Costs Dataset,Excellent
Canada,Edmonton,University of Alberta,Computer Science,Bachelor,4.0,38200,61.9,1200,235,600,1.35,university of alberta,university of alberta,university of alberta,100.0,96,111,University of Alberta,Canada,Americas,XL,FC,VH,A,57.0,136,42.2,222,39.1,400,61.3,194,98.3,116,71.0,207,96.0,55,70.0,159,97.6,28,61.2,university of alberta,QS World University Rankings 2025,International Education Costs Dataset,Excellent
Canada,Edmonton,University of Alberta,Computer Science,Master,2.0,24900,61.9,1200,235,600,1.35,university of alberta,university of alberta,university of alberta,100.0,96,111,University of Alberta,Canada,Americas,XL,FC,VH,A,57.0,136,42.2,222,39.1,400,61.3,194,98.3,116,71.0,207,96.0,55,70.0,159,97.6,28,61.2,university of alberta,QS World University Rankings 2025,International Education Costs Dataset,Excellent
Canada,Edmonton,University of Alberta,Computer Science,Master,2.0,24900,61.9,1200,235,600,1.35,university of alberta,university of alberta,university of alberta,100.0,96,111,University of Alberta,Canada,Americas,XL,FC,VH,A,57.0,136,42.2,222,39.1,400,61.3,194,98.3,116,71.0,207,96.0,55,70.0,159,97.6,28,61.2,university of alberta,QS World University Rankings 2025,International Education Costs Dataset,Excellent
Canada,Edmonton,University of Alberta,Computer Science,Master,2.0,24900,61.9,1200,235,600,1.35,university of alberta,university of alberta,university of alberta,100.0,96,111,University of Alberta,Canada,Americas,XL,FC,VH,A,57.0,136,42.2,222,39.1,400,61.3,194,98.3,116,71.0,207,96.0,55,70.0,159,97.6,28,61.2,university of alberta,QS World University Rankings 2025,International Education Costs Dataset,Excellent
Canada,Edmonton,University of Alberta,Computer Science,Master,2.0,24900,61.9,1200,235,600,1.35,university of alberta,university of alberta,university of alberta,100.0,96,111,University of Alberta,Canada,Americas,XL,FC,VH,A,57.0,136,42.2,222,39.1,400,61.3,194,98.3,116,71.0,207,96.0,55,70.0,159,97.6,28,61.2,university of alberta,QS World University Rankings 2025,International Education Costs Dataset,Excellent
Canada,Ottawa,University of Ottawa,Computer Science,Bachelor,4.0,37800,63.5,1400,235,600,1.35,university of ottawa,university of ottawa,university of ottawa,100.0,189,203,University of Ottawa,Canada,Americas,XL,FC,VH,A,26.2,340,23.3,406,3.5,701+,81.3,106,91.7,179,77.8,181,93.0,119,39.8,323,92.9,72,47.3,university of ottawa,QS World University Rankings 2025,International Education Costs Dataset,Excellent
Canada,Ottawa,University of Ottawa,Computer Science,Bachelor,4.0,37800,63.5,1400,235,600,1.35,university of ottawa,university of ottawa,university of ottawa,100.0,189,203,University of Ottawa,Canada,Americas,XL,FC,VH,A,26.2,340,23.3,406,3.5,701+,81.3,106,91.7,179,77.8,181,93.0,119,39.8,323,92.9,72,47.3,university of ottawa,QS World University Rankings 2025,International Education Costs Dataset,Excellent
Canada,Ottawa,University of Ottawa,Computer Science,Bachelor,4.0,37800,63.5,1400,235,600,1.35,university of ottawa,university of ottawa,university of ottawa,100.0,189,203,University of Ottawa,Canada,Americas,XL,FC,VH,A,26.2,340,23.3,406,3.5,701+,81.3,106,91.7,179,77.8,181,93.0,119,39.8,323,92.9,72,47.3,university of ottawa,QS World University Rankings 2025,International Education Costs Dataset,Excellent
Canada,Ottawa,University of Ottawa,Computer Science,Bachelor,4.0,37800,63.5,1400,235,600,1.35,university of ottawa,university of ottawa,university of ottawa,100.0,189,203,University of Ottawa,Canada,Americas,XL,FC,VH,A,26.2,340,23.3,406,3.5,701+,81.3,106,91.7,179,77.8,181,93.0,119,39.8,323,92.9,72,47.3,university of ottawa,QS World University Rankings 2025,International Education Costs Dataset,Excellent
Canada,Ottawa,University of Ottawa,Computer Science,Master,2.0,24500,63.5,1400,235,600,1.35,university of ottawa,university of ottawa,university of ottawa,100.0,189,203,University of Ottawa,Canada,Americas,XL,FC,VH,A,26.2,340,23.3,406,3.5,701+,81.3,106,91.7,179,77.8,181,93.0,119,39.8,323,92.9,72,47.3,university of ottawa,QS World University Rankings 2025,International Education Costs Dataset,Excellent
Canada,Ottawa,University of Ottawa,Computer Science,Master,2.0,24500,63.5,1400,235,600,1.35,university of ottawa,university of ottawa,university of ottawa,100.0,189,203,University of Ottawa,Canada,Americas,XL,FC,VH,A,26.2,340,23.3,406,3.5,701+,81.3,106,91.7,179,77.8,181,93.0,119,39.8,323,92.9,72,47.3,university of ottawa,QS World University Rankings 2025,International Education Costs Dataset,Excellent
Canada,Ottawa,University of Ottawa,Computer Science,Master,2.0,24500,63.5,1400,235,600,1.35,university of ottawa,university of ottawa,university of ottawa,100.0,189,203,University of Ottawa,Canada,Americas,XL,FC,VH,A,26.2,340,23.3,406,3.5,701+,81.3,106,91.7,179,77.8,181,93.0,119,39.8,323,92.9,72,47.3,university of ottawa,QS World University Rankings 2025,International Education Costs Dataset,Excellent
Canada,Ottawa,University of Ottawa,Computer Science,Master,2.0,24500,63.5,1400,235,600,1.35,university of ottawa,university of ottawa,university of ottawa,100.0,189,203,University of Ottawa,Canada,Americas,XL,FC,VH,A,26.2,340,23.3,406,3.5,701+,81.3,106,91.7,179,77.8,181,93.0,119,39.8,323,92.9,72,47.3,university of ottawa,QS World University Rankings 2025,International Education Costs Dataset,Excellent
Canada,Calgary,University of Calgary,Computer Science,Bachelor,4.0,37200,62.8,1300,235,600,1.35,university of calgary,university of calgary,university of calgary,100.0,198,182,University of Calgary,Canada,Americas,XL,FC,VH,A,37.9,227,44.5,207,18.1,701+,40.3,350,77.7,246,66.2,225,85.2,243,53.3,236,93.3,68=,46.3,university of calgary,QS World University Rankings 2025,International Education Costs Dataset,Excellent
Canada,Calgary,University of Calgary,Computer Science,Bachelor,4.0,37200,62.8,1300,235,600,1.35,university of calgary,university of calgary,university of calgary,100.0,198,182,University of Calgary,Canada,Americas,XL,FC,VH,A,37.9,227,44.5,207,18.1,701+,40.3,350,77.7,246,66.2,225,85.2,243,53.3,236,93.3,68=,46.3,university of calgary,QS World University Rankings 2025,International Education Costs Dataset,Excellent
Canada,Calgary,University of Calgary,Computer Science,Bachelor,4.0,37200,62.8,1300,235,600,1.35,university of calgary,university of calgary,university of calgary,100.0,198,182,University of Calgary,Canada,Americas,XL,FC,VH,A,37.9,227,44.5,207,18.1,701+,40.3,350,77.7,246,66.2,225,85.2,243,53.3,236,93.3,68=,46.3,university of calgary,QS World University Rankings 2025,International Education Costs Dataset,Excellent
Canada,Calgary,University of Calgary,Computer Science,Bachelor,4.0,37200,62.8,1300,235,600,1.35,university of calgary,university of calgary,university of calgary,100.0,198,182,University of Calgary,Canada,Americas,XL,FC,VH,A,37.9,227,44.5,207,18.1,701+,40.3,350,77.7,246,66.2,225,85.2,243,53.3,236,93.3,68=,46.3,university of calgary,QS World University Rankings 2025,International Education Costs Dataset,Excellent
Canada,Calgary,University of Calgary,Computer Science,Master,2.0,24100,62.8,1300,235,600,1.35,university of calgary,university of calgary,university of calgary,100.0,198,182,University of Calgary,Canada,Americas,XL,FC,VH,A,37.9,227,44.5,207,18.1,701+,40.3,350,77.7,246,66.2,225,85.2,243,53.3,236,93.3,68=,46.3,university of calgary,QS World University Rankings 2025,International Education Costs Dataset,Excellent
Canada,Calgary,University of Calgary,Computer Science,Master,2.0,24100,62.8,1300,235,600,1.35,university of calgary,university of calgary,university of calgary,100.0,198,182,University of Calgary,Canada,Americas,XL,FC,VH,A,37.9,227,44.5,207,18.1,701+,40.3,350,77.7,246,66.2,225,85.2,243,53.3,236,93.3,68=,46.3,university of calgary,QS World University Rankings 2025,International Education Costs Dataset,Excellent
Canada,Calgary,University of Calgary,Computer Science,Master,2.0,24100,62.8,1300,235,600,1.35,university of calgary,university of calgary,university of calgary,100.0,198,182,University of Calgary,Canada,Americas,XL,FC,VH,A,37.9,227,44.5,207,18.1,701+,40.3,350,77.7,246,66.2,225,85.2,243,53.3,236,93.3,68=,46.3,university of calgary,QS World University Rankings 2025,International Education Costs Dataset,Excellent
Canada,Calgary,University of Calgary,Computer Science,Master,2.0,24100,62.8,1300,235,600,1.35,university of calgary,university of calgary,university of calgary,100.0,198,182,University of Calgary,Canada,Americas,XL,FC,VH,A,37.9,227,44.5,207,18.1,701+,40.3,350,77.7,246,66.2,225,85.2,243,53.3,236,93.3,68=,46.3,university of calgary,QS World University Rankings 2025,International Education Costs Dataset,Excellent
Canada,Hamilton,McMaster University,Computer Science,Bachelor,4.0,36500,64.2,1250,235,600,1.35,mcmaster university,mcmaster university,mcmaster university,100.0,176,189,McMaster University,Canada,Americas,L,FC,VH,A,39.5,215,34.2,276,63.8,215,35.6,380,96.2,136,56.7,263,82.6,284,49.9,255,91.9,78=,49,mcmaster university,QS World University Rankings 2025,International Education Costs Dataset,Excellent
Canada,Hamilton,McMaster University,Computer Science,Bachelor,4.0,36500,64.2,1250,235,600,1.35,mcmaster university,mcmaster university,mcmaster university,100.0,176,189,McMaster University,Canada,Americas,L,FC,VH,A,39.5,215,34.2,276,63.8,215,35.6,380,96.2,136,56.7,263,82.6,284,49.9,255,91.9,78=,49,mcmaster university,QS World University Rankings 2025,International Education Costs Dataset,Excellent
Canada,Hamilton,McMaster University,Computer Science,Bachelor,4.0,36500,64.2,1250,235,600,1.35,mcmaster university,mcmaster university,mcmaster university,100.0,176,189,McMaster University,Canada,Americas,L,FC,VH,A,39.5,215,34.2,276,63.8,215,35.6,380,96.2,136,56.7,263,82.6,284,49.9,255,91.9,78=,49,mcmaster university,QS World University Rankings 2025,International Education Costs Dataset,Excellent
Canada,Hamilton,McMaster University,Computer Science,Master,2.0,23800,64.2,1250,235,600,1.35,mcmaster university,mcmaster university,mcmaster university,100.0,176,189,McMaster University,Canada,Americas,L,FC,VH,A,39.5,215,34.2,276,63.8,215,35.6,380,96.2,136,56.7,263,82.6,284,49.9,255,91.9,78=,49,mcmaster university,QS World University Rankings 2025,International Education Costs Dataset,Excellent
Canada,Hamilton,McMaster University,Computer Science,Master,2.0,23800,64.2,1250,235,600,1.35,mcmaster university,mcmaster university,mcmaster university,100.0,176,189,McMaster University,Canada,Americas,L,FC,VH,A,39.5,215,34.2,276,63.8,215,35.6,380,96.2,136,56.7,263,82.6,284,49.9,255,91.9,78=,49,mcmaster university,QS World University Rankings 2025,International Education Costs Dataset,Excellent
Canada,Hamilton,McMaster University,Computer Science,Master,2.0,23800,64.2,1250,235,600,1.35,mcmaster university,mcmaster university,mcmaster university,100.0,176,189,McMaster University,Canada,Americas,L,FC,VH,A,39.5,215,34.2,276,63.8,215,35.6,380,96.2,136,56.7,263,82.6,284,49.9,255,91.9,78=,49,mcmaster university,QS World University Rankings 2025,International Education Costs Dataset,Excellent
Canada,London,Western University,Computer Science,Bachelor,4.0,35900,61.5,1200,235,600,1.35,western university,western university,western university,100.0,120,114,Western University,Canada,Americas,XL,FC,VH,A,32.6,270,38.9,243,3.3,701+,93.4,60,99.8,94,49.5,299,81.5,296,96.7,38,99.3,10,55.8,western university,QS World University Rankings 2025,International Education Costs Dataset,Excellent
Canada,London,Western University,Computer Science,Bachelor,4.0,35900,61.5,1200,235,600,1.35,western university,western university,western university,100.0,120,114,Western University,Canada,Americas,XL,FC,VH,A,32.6,270,38.9,243,3.3,701+,93.4,60,99.8,94,49.5,299,81.5,296,96.7,38,99.3,10,55.8,western university,QS World University Rankings 2025,International Education Costs Dataset,Excellent
Canada,London,Western University,Computer Science,Bachelor,4.0,35900,61.5,1200,235,600,1.35,western university,western university,western university,100.0,120,114,Western University,Canada,Americas,XL,FC,VH,A,32.6,270,38.9,243,3.3,701+,93.4,60,99.8,94,49.5,299,81.5,296,96.7,38,99.3,10,55.8,western university,QS World University Rankings 2025,International Education Costs Dataset,Excellent
Canada,London,Western University,Computer Science,Master,2.0,23500,61.5,1200,235,600,1.35,western university,western university,western university,100.0,120,114,Western University,Canada,Americas,XL,FC,VH,A,32.6,270,38.9,243,3.3,701+,93.4,60,99.8,94,49.5,299,81.5,296,96.7,38,99.3,10,55.8,western university,QS World University Rankings 2025,International Education Costs Dataset,Excellent
Canada,London,Western University,Computer Science,Master,2.0,23500,61.5,1200,235,600,1.35,western university,western university,western university,100.0,120,114,Western University,Canada,Americas,XL,FC,VH,A,32.6,270,38.9,243,3.3,701+,93.4,60,99.8,94,49.5,299,81.5,296,96.7,38,99.3,10,55.8,western university,QS World University Rankings 2025,International Education Costs Dataset,Excellent
Canada,London,Western University,Computer Science,Master,2.0,23500,61.5,1200,235,600,1.35,western university,western university,western university,100.0,120,114,Western University,Canada,Americas,XL,FC,VH,A,32.6,270,38.9,243,3.3,701+,93.4,60,99.8,94,49.5,299,81.5,296,96.7,38,99.3,10,55.8,western university,QS World University Rankings 2025,International Education Costs Dataset,Excellent
Canada,Kingston,Queen's University,Computer Science,Bachelor,4.0,35400,62.1,1300,235,600,1.35,queen s university,queen s university,,,,,,,,,,,,,,,,,,,,,,,,,,,,,,,,Not Matched,International Education Costs Dataset,Unmatched
Canada,Kingston,Queen's University,Computer Science,Bachelor,4.0,35400,62.1,1300,235,600,1.35,queen s university,queen s university,,,,,,,,,,,,,,,,,,,,,,,,,,,,,,,,Not Matched,International Education Costs Dataset,Unmatched
Canada,Kingston,Queen's University,Computer Science,Master,2.0,23200,62.1,1300,235,600,1.35,queen s university,queen s university,,,,,,,,,,,,,,,,,,,,,,,,,,,,,,,,Not Matched,International Education Costs Dataset,Unmatched
Canada,Kingston,Queen's University,Computer Science,Master,2.0,23200,62.1,1300,235,600,1.35,queen s university,queen s university,,,,,,,,,,,,,,,,,,,,,,,,,,,,,,,,Not Matched,International Education Costs Dataset,Unmatched
Canada,Victoria,University of Victoria,Computer Science,Bachelor,4.0,34800,64.8,1400,235,600,1.35,university of victoria,university of victoria,victoria university,92.6829268292683,741-750,711-720,Victoria University,Australia,Oceania,L,CO,HI,A,6.9,601+,6.1,601+,2.4,701+,34.1,389,32.7,480,41.5,345,44.9,701+,6.4,701+,34.8,406=,,victoria university,QS World University Rankings 2025,International Education Costs Dataset,High
Canada,Victoria,University of Victoria,Computer Science,Bachelor,4.0,34800,64.8,1400,235,600,1.35,university of victoria,university of victoria,victoria university,92.6829268292683,741-750,711-720,Victoria University,Australia,Oceania,L,CO,HI,A,6.9,601+,6.1,601+,2.4,701+,34.1,389,32.7,480,41.5,345,44.9,701+,6.4,701+,34.8,406=,,victoria university,QS World University Rankings 2025,International Education Costs Dataset,High
Canada,Victoria,University of Victoria,Computer Science,Bachelor,4.0,34800,64.8,1400,235,600,1.35,university of victoria,university of victoria,victoria university,92.6829268292683,741-750,711-720,Victoria University,Australia,Oceania,L,CO,HI,A,6.9,601+,6.1,601+,2.4,701+,34.1,389,32.7,480,41.5,345,44.9,701+,6.4,701+,34.8,406=,,victoria university,QS World University Rankings 2025,International Education Costs Dataset,High
Canada,Victoria,University of Victoria,Computer Science,Bachelor,4.0,34800,64.8,1400,235,600,1.35,university of victoria,university of victoria,victoria university,92.6829268292683,741-750,711-720,Victoria University,Australia,Oceania,L,CO,HI,A,6.9,601+,6.1,601+,2.4,701+,34.1,389,32.7,480,41.5,345,44.9,701+,6.4,701+,34.8,406=,,victoria university,QS World University Rankings 2025,International Education Costs Dataset,High
Canada,Victoria,University of Victoria,Computer Science,Master,2.0,22900,64.8,1400,235,600,1.35,university of victoria,university of victoria,victoria university,92.6829268292683,741-750,711-720,Victoria University,Australia,Oceania,L,CO,HI,A,6.9,601+,6.1,601+,2.4,701+,34.1,389,32.7,480,41.5,345,44.9,701+,6.4,701+,34.8,406=,,victoria university,QS World University Rankings 2025,International Education Costs Dataset,High
Canada,Victoria,University of Victoria,Computer Science,Master,2.0,22900,64.8,1400,235,600,1.35,university of victoria,university of victoria,victoria university,92.6829268292683,741-750,711-720,Victoria University,Australia,Oceania,L,CO,HI,A,6.9,601+,6.1,601+,2.4,701+,34.1,389,32.7,480,41.5,345,44.9,701+,6.4,701+,34.8,406=,,victoria university,QS World University Rankings 2025,International Education Costs Dataset,High
Canada,Victoria,University of Victoria,Computer Science,Master,2.0,22900,64.8,1400,235,600,1.35,university of victoria,university of victoria,victoria university,92.6829268292683,741-750,711-720,Victoria University,Australia,Oceania,L,CO,HI,A,6.9,601+,6.1,601+,2.4,701+,34.1,389,32.7,480,41.5,345,44.9,701+,6.4,701+,34.8,406=,,victoria university,QS World University Rankings 2025,International Education Costs Dataset,High
Canada,Victoria,University of Victoria,Computer Science,Master,2.0,22900,64.8,1400,235,600,1.35,university of victoria,university of victoria,victoria university,92.6829268292683,741-750,711-720,Victoria University,Australia,Oceania,L,CO,HI,A,6.9,601+,6.1,601+,2.4,701+,34.1,389,32.7,480,41.5,345,44.9,701+,6.4,701+,34.8,406=,,victoria university,QS World University Rankings 2025,International Education Costs Dataset,High
Canada,Halifax,Dalhousie University,Computer Science,Bachelor,4.0,34200,61.2,1200,235,600,1.35,dalhousie university,dalhousie university,dalhousie university,100.0,275,298,Dalhousie University,Canada,Americas,L,FC,VH,A,19.4,463,16.7,513,12.9,701+,53.5,239,99.9,86,74.6,189,77.4,369,30.1,416,87.9,109,38.2,dalhousie university,QS World University Rankings 2025,International Education Costs Dataset,Excellent
Canada,Halifax,Dalhousie University,Computer Science,Bachelor,4.0,34200,61.2,1200,235,600,1.35,dalhousie university,dalhousie university,dalhousie university,100.0,275,298,Dalhousie University,Canada,Americas,L,FC,VH,A,19.4,463,16.7,513,12.9,701+,53.5,239,99.9,86,74.6,189,77.4,369,30.1,416,87.9,109,38.2,dalhousie university,QS World University Rankings 2025,International Education Costs Dataset,Excellent
Canada,Halifax,Dalhousie University,Computer Science,Bachelor,4.0,34200,61.2,1200,235,600,1.35,dalhousie university,dalhousie university,dalhousie university,100.0,275,298,Dalhousie University,Canada,Americas,L,FC,VH,A,19.4,463,16.7,513,12.9,701+,53.5,239,99.9,86,74.6,189,77.4,369,30.1,416,87.9,109,38.2,dalhousie university,QS World University Rankings 2025,International Education Costs Dataset,Excellent
Canada,Halifax,Dalhousie University,Computer Science,Bachelor,4.0,34200,61.2,1200,235,600,1.35,dalhousie university,dalhousie university,dalhousie university,100.0,275,298,Dalhousie University,Canada,Americas,L,FC,VH,A,19.4,463,16.7,513,12.9,701+,53.5,239,99.9,86,74.6,189,77.4,369,30.1,416,87.9,109,38.2,dalhousie university,QS World University Rankings 2025,International Education Costs Dataset,Excellent
Canada,Halifax,Dalhousie University,Computer Science,Master,2.0,22600,61.2,1200,235,600,1.35,dalhousie university,dalhousie university,dalhousie university,100.0,275,298,Dalhousie University,Canada,Americas,L,FC,VH,A,19.4,463,16.7,513,12.9,701+,53.5,239,99.9,86,74.6,189,77.4,369,30.1,416,87.9,109,38.2,dalhousie university,QS World University Rankings 2025,International Education Costs Dataset,Excellent
Canada,Halifax,Dalhousie University,Computer Science,Master,2.0,22600,61.2,1200,235,600,1.35,dalhousie university,dalhousie university,dalhousie university,100.0,275,298,Dalhousie University,Canada,Americas,L,FC,VH,A,19.4,463,16.7,513,12.9,701+,53.5,239,99.9,86,74.6,189,77.4,369,30.1,416,87.9,109,38.2,dalhousie university,QS World University Rankings 2025,International Education Costs Dataset,Excellent
Canada,Halifax,Dalhousie University,Computer Science,Master,2.0,22600,61.2,1200,235,600,1.35,dalhousie university,dalhousie university,dalhousie university,100.0,275,298,Dalhousie University,Canada,Americas,L,FC,VH,A,19.4,463,16.7,513,12.9,701+,53.5,239,99.9,86,74.6,189,77.4,369,30.1,416,87.9,109,38.2,dalhousie university,QS World University Rankings 2025,International Education Costs Dataset,Excellent
Canada,Halifax,Dalhousie University,Computer Science,Master,2.0,22600,61.2,1200,235,600,1.35,dalhousie university,dalhousie university,dalhousie university,100.0,275,298,Dalhousie University,Canada,Americas,L,FC,VH,A,19.4,463,16.7,513,12.9,701+,53.5,239,99.9,86,74.6,189,77.4,369,30.1,416,87.9,109,38.2,dalhousie university,QS World University Rankings 2025,International Education Costs Dataset,Excellent
Canada,Winnipeg,University of Manitoba,Computer Science,Bachelor,4.0,33600,59.8,1100,235,600,1.35,university of manitoba,university of manitoba,university of manitoba,100.0,661-670,671-680,University of Manitoba,Canada,Americas,L,FC,VH,A,13.6,601+,15.9,536,29.6,526,12.0,694,,,43.2,334,73.1,439,32.8,390,16.3,570=,,university of manitoba,QS World University Rankings 2025,International Education Costs Dataset,Excellent
Canada,Winnipeg,University of Manitoba,Computer Science,Bachelor,4.0,33600,59.8,1100,235,600,1.35,university of manitoba,university of manitoba,university of manitoba,100.0,661-670,671-680,University of Manitoba,Canada,Americas,L,FC,VH,A,13.6,601+,15.9,536,29.6,526,12.0,694,,,43.2,334,73.1,439,32.8,390,16.3,570=,,university of manitoba,QS World University Rankings 2025,International Education Costs Dataset,Excellent
Canada,Winnipeg,University of Manitoba,Computer Science,Bachelor,4.0,33600,59.8,1100,235,600,1.35,university of manitoba,university of manitoba,university of manitoba,100.0,661-670,671-680,University of Manitoba,Canada,Americas,L,FC,VH,A,13.6,601+,15.9,536,29.6,526,12.0,694,,,43.2,334,73.1,439,32.8,390,16.3,570=,,university of manitoba,QS World University Rankings 2025,International Education Costs Dataset,Excellent
Canada,Winnipeg,University of Manitoba,Computer Science,Bachelor,4.0,33600,59.8,1100,235,600,1.35,university of manitoba,university of manitoba,university of manitoba,100.0,661-670,671-680,University of Manitoba,Canada,Americas,L,FC,VH,A,13.6,601+,15.9,536,29.6,526,12.0,694,,,43.2,334,73.1,439,32.8,390,16.3,570=,,university of manitoba,QS World University Rankings 2025,International Education Costs Dataset,Excellent
Canada,Winnipeg,University of Manitoba,Computer Science,Master,2.0,22300,59.8,1100,235,600,1.35,university of manitoba,university of manitoba,university of manitoba,100.0,661-670,671-680,University of Manitoba,Canada,Americas,L,FC,VH,A,13.6,601+,15.9,536,29.6,526,12.0,694,,,43.2,334,73.1,439,32.8,390,16.3,570=,,university of manitoba,QS World University Rankings 2025,International Education Costs Dataset,Excellent
Canada,Winnipeg,University of Manitoba,Computer Science,Master,2.0,22300,59.8,1100,235,600,1.35,university of manitoba,university of manitoba,university of manitoba,100.0,661-670,671-680,University of Manitoba,Canada,Americas,L,FC,VH,A,13.6,601+,15.9,536,29.6,526,12.0,694,,,43.2,334,73.1,439,32.8,390,16.3,570=,,university of manitoba,QS World University Rankings 2025,International Education Costs Dataset,Excellent
Canada,Winnipeg,University of Manitoba,Computer Science,Master,2.0,22300,59.8,1100,235,600,1.35,university of manitoba,university of manitoba,university of manitoba,100.0,661-670,671-680,University of Manitoba,Canada,Americas,L,FC,VH,A,13.6,601+,15.9,536,29.6,526,12.0,694,,,43.2,334,73.1,439,32.8,390,16.3,570=,,university of manitoba,QS World University Rankings 2025,International Education Costs Dataset,Excellent
Canada,Winnipeg,University of Manitoba,Computer Science,Master,2.0,22300,59.8,1100,235,600,1.35,university of manitoba,university of manitoba,university of manitoba,100.0,661-670,671-680,University of Manitoba,Canada,Americas,L,FC,VH,A,13.6,601+,15.9,536,29.6,526,12.0,694,,,43.2,334,73.1,439,32.8,390,16.3,570=,,university of manitoba,QS World University Rankings 2025,International Education Costs Dataset,Excellent
Canada,Quebec City,Laval University,Computer Science,Bachelor,4.0,33000,58.5,1000,235,600,1.35,laval university,laval university,universit laval,96.7741935483871,423,441,Université Laval,Canada,Americas,L,FC,VH,A,19.2,468,8.1,601+,26.0,572,23.8,512,55.8,336,41.6,344,80.2,317,36.4,349,78.4,166=,28.1,universit laval,QS World University Rankings 2025,International Education Costs Dataset,Excellent
Canada,Quebec City,Laval University,Computer Science,Bachelor,4.0,33000,58.5,1000,235,600,1.35,laval university,laval university,universit laval,96.7741935483871,423,441,Université Laval,Canada,Americas,L,FC,VH,A,19.2,468,8.1,601+,26.0,572,23.8,512,55.8,336,41.6,344,80.2,317,36.4,349,78.4,166=,28.1,universit laval,QS World University Rankings 2025,International Education Costs Dataset,Excellent
Canada,Quebec City,Laval University,Computer Science,Bachelor,4.0,33000,58.5,1000,235,600,1.35,laval university,laval university,universit laval,96.7741935483871,423,441,Université Laval,Canada,Americas,L,FC,VH,A,19.2,468,8.1,601+,26.0,572,23.8,512,55.8,336,41.6,344,80.2,317,36.4,349,78.4,166=,28.1,universit laval,QS World University Rankings 2025,International Education Costs Dataset,Excellent
Canada,Quebec City,Laval University,Computer Science,Bachelor,4.0,33000,58.5,1000,235,600,1.35,laval university,laval university,universit laval,96.7741935483871,423,441,Université Laval,Canada,Americas,L,FC,VH,A,19.2,468,8.1,601+,26.0,572,23.8,512,55.8,336,41.6,344,80.2,317,36.4,349,78.4,166=,28.1,universit laval,QS World University Rankings 2025,International Education Costs Dataset,Excellent
Canada,Quebec City,Laval University,Computer Science,Master,2.0,22000,58.5,1000,235,600,1.35,laval university,laval university,universit laval,96.7741935483871,423,441,Université Laval,Canada,Americas,L,FC,VH,A,19.2,468,8.1,601+,26.0,572,23.8,512,55.8,336,41.6,344,80.2,317,36.4,349,78.4,166=,28.1,universit laval,QS World University Rankings 2025,International Education Costs Dataset,Excellent
Canada,Quebec City,Laval University,Computer Science,Master,2.0,22000,58.5,1000,235,600,1.35,laval university,laval university,universit laval,96.7741935483871,423,441,Université Laval,Canada,Americas,L,FC,VH,A,19.2,468,8.1,601+,26.0,572,23.8,512,55.8,336,41.6,344,80.2,317,36.4,349,78.4,166=,28.1,universit laval,QS World University Rankings 2025,International Education Costs Dataset,Excellent
Canada,Quebec City,Laval University,Computer Science,Master,2.0,22000,58.5,1000,235,600,1.35,laval university,laval university,universit laval,96.7741935483871,423,441,Université Laval,Canada,Americas,L,FC,VH,A,19.2,468,8.1,601+,26.0,572,23.8,512,55.8,336,41.6,344,80.2,317,36.4,349,78.4,166=,28.1,universit laval,QS World University Rankings 2025,International Education Costs Dataset,Excellent
Canada,Quebec City,Laval University,Computer Science,Master,2.0,22000,58.5,1000,235,600,1.35,laval university,laval university,universit laval,96.7741935483871,423,441,Université Laval,Canada,Americas,L,FC,VH,A,19.2,468,8.1,601+,26.0,572,23.8,512,55.8,336,41.6,344,80.2,317,36.4,349,78.4,166=,28.1,universit laval,QS World University Rankings 2025,International Education Costs Dataset,Excellent
Canada,Saskatoon,University of Saskatchewan,Computer Science,Bachelor,4.0,32400,58.2,950,235,600,1.35,university of saskatchewan,university of saskatchewan,university of saskatchewan,100.0,340,345,University of Saskatchewan,Canada,Americas,L,FC,VH,A,11.1,601+,5.3,601+,18.2,701+,57.0,219,77.3,251,49.5,298,82.3,287,32.1,394,90.7,89=,33.2,university of saskatchewan,QS World University Rankings 2025,International Education Costs Dataset,Excellent
Canada,Saskatoon,University of Saskatchewan,Computer Science,Bachelor,4.0,32400,58.2,950,235,600,1.35,university of saskatchewan,university of saskatchewan,university of saskatchewan,100.0,340,345,University of Saskatchewan,Canada,Americas,L,FC,VH,A,11.1,601+,5.3,601+,18.2,701+,57.0,219,77.3,251,49.5,298,82.3,287,32.1,394,90.7,89=,33.2,university of saskatchewan,QS World University Rankings 2025,International Education Costs Dataset,Excellent
Canada,Saskatoon,University of Saskatchewan,Computer Science,Bachelor,4.0,32400,58.2,950,235,600,1.35,university of saskatchewan,university of saskatchewan,university of saskatchewan,100.0,340,345,University of Saskatchewan,Canada,Americas,L,FC,VH,A,11.1,601+,5.3,601+,18.2,701+,57.0,219,77.3,251,49.5,298,82.3,287,32.1,394,90.7,89=,33.2,university of saskatchewan,QS World University Rankings 2025,International Education Costs Dataset,Excellent
Canada,Saskatoon,University of Saskatchewan,Computer Science,Master,2.0,21700,58.2,950,235,600,1.35,university of saskatchewan,university of saskatchewan,university of saskatchewan,100.0,340,345,University of Saskatchewan,Canada,Americas,L,FC,VH,A,11.1,601+,5.3,601+,18.2,701+,57.0,219,77.3,251,49.5,298,82.3,287,32.1,394,90.7,89=,33.2,university of saskatchewan,QS World University Rankings 2025,International Education Costs Dataset,Excellent
Canada,Saskatoon,University of Saskatchewan,Computer Science,Master,2.0,21700,58.2,950,235,600,1.35,university of saskatchewan,university of saskatchewan,university of saskatchewan,100.0,340,345,University of Saskatchewan,Canada,Americas,L,FC,VH,A,11.1,601+,5.3,601+,18.2,701+,57.0,219,77.3,251,49.5,298,82.3,287,32.1,394,90.7,89=,33.2,university of saskatchewan,QS World University Rankings 2025,International Education Costs Dataset,Excellent
Canada,Saskatoon,University of Saskatchewan,Computer Science,Master,2.0,21700,58.2,950,235,600,1.35,university of saskatchewan,university of saskatchewan,university of saskatchewan,100.0,340,345,University of Saskatchewan,Canada,Americas,L,FC,VH,A,11.1,601+,5.3,601+,18.2,701+,57.0,219,77.3,251,49.5,298,82.3,287,32.1,394,90.7,89=,33.2,university of saskatchewan,QS World University Rankings 2025,International Education Costs Dataset,Excellent
Canada,St. John's,Memorial University,Computer Science,Bachelor,4.0,31800,57.9,900,235,600,1.35,memorial university,memorial university,emory university,85.71428571428572,196,166,Emory University,United States,Americas,L,FC,VH,B,25.2,349,19.0,469,93.8,70,78.4,120,52.2,355,33.9,399,85.6,237,22.8,502,37.0,391=,46.6,emory university,QS World University Rankings 2025,International Education Costs Dataset,Medium
Canada,St. John's,Memorial University,Computer Science,Bachelor,4.0,31800,57.9,900,235,600,1.35,memorial university,memorial university,emory university,85.71428571428572,196,166,Emory University,United States,Americas,L,FC,VH,B,25.2,349,19.0,469,93.8,70,78.4,120,52.2,355,33.9,399,85.6,237,22.8,502,37.0,391=,46.6,emory university,QS World University Rankings 2025,International Education Costs Dataset,Medium
Canada,St. John's,Memorial University,Computer Science,Bachelor,4.0,31800,57.9,900,235,600,1.35,memorial university,memorial university,emory university,85.71428571428572,196,166,Emory University,United States,Americas,L,FC,VH,B,25.2,349,19.0,469,93.8,70,78.4,120,52.2,355,33.9,399,85.6,237,22.8,502,37.0,391=,46.6,emory university,QS World University Rankings 2025,International Education Costs Dataset,Medium
Canada,St. John's,Memorial University,Computer Science,Master,2.0,21400,57.9,900,235,600,1.35,memorial university,memorial university,emory university,85.71428571428572,196,166,Emory University,United States,Americas,L,FC,VH,B,25.2,349,19.0,469,93.8,70,78.4,120,52.2,355,33.9,399,85.6,237,22.8,502,37.0,391=,46.6,emory university,QS World University Rankings 2025,International Education Costs Dataset,Medium
Canada,St. John's,Memorial University,Computer Science,Master,2.0,21400,57.9,900,235,600,1.35,memorial university,memorial university,emory university,85.71428571428572,196,166,Emory University,United States,Americas,L,FC,VH,B,25.2,349,19.0,469,93.8,70,78.4,120,52.2,355,33.9,399,85.6,237,22.8,502,37.0,391=,46.6,emory university,QS World University Rankings 2025,International Education Costs Dataset,Medium
Canada,St. John's,Memorial University,Computer Science,Master,2.0,21400,57.9,900,235,600,1.35,memorial university,memorial university,emory university,85.71428571428572,196,166,Emory University,United States,Americas,L,FC,VH,B,25.2,349,19.0,469,93.8,70,78.4,120,52.2,355,33.9,399,85.6,237,22.8,502,37.0,391=,46.6,emory university,QS World University Rankings 2025,International Education Costs Dataset,Medium
Canada,Regina,University of Regina,Computer Science,Bachelor,4.0,31200,57.5,900,235,600,1.35,university of regina,university of regina,university of regina,100.0,951-1000,1001-1200,University of Regina,Canada,Americas,L,CO,HI,A,3.3,601+,2.5,601+,3.9,701+,21.0,544,7.3,701+,38.3,365,39.1,701+,4.1,701+,44.6,343=,,university of regina,QS World University Rankings 2025,International Education Costs Dataset,Excellent
Canada,Regina,University of Regina,Computer Science,Bachelor,4.0,31200,57.5,900,235,600,1.35,university of regina,university of regina,university of regina,100.0,951-1000,1001-1200,University of Regina,Canada,Americas,L,CO,HI,A,3.3,601+,2.5,601+,3.9,701+,21.0,544,7.3,701+,38.3,365,39.1,701+,4.1,701+,44.6,343=,,university of regina,QS World University Rankings 2025,International Education Costs Dataset,Excellent
Canada,Regina,University of Regina,Computer Science,Bachelor,4.0,31200,57.5,900,235,600,1.35,university of regina,university of regina,university of regina,100.0,951-1000,1001-1200,University of Regina,Canada,Americas,L,CO,HI,A,3.3,601+,2.5,601+,3.9,701+,21.0,544,7.3,701+,38.3,365,39.1,701+,4.1,701+,44.6,343=,,university of regina,QS World University Rankings 2025,International Education Costs Dataset,Excellent
Canada,Regina,University of Regina,Computer Science,Master,2.0,21100,57.5,900,235,600,1.35,university of regina,university of regina,university of regina,100.0,951-1000,1001-1200,University of Regina,Canada,Americas,L,CO,HI,A,3.3,601+,2.5,601+,3.9,701+,21.0,544,7.3,701+,38.3,365,39.1,701+,4.1,701+,44.6,343=,,university of regina,QS World University Rankings 2025,International Education Costs Dataset,Excellent
Canada,Regina,University of Regina,Computer Science,Master,2.0,21100,57.5,900,235,600,1.35,university of regina,university of regina,university of regina,100.0,951-1000,1001-1200,University of Regina,Canada,Americas,L,CO,HI,A,3.3,601+,2.5,601+,3.9,701+,21.0,544,7.3,701+,38.3,365,39.1,701+,4.1,701+,44.6,343=,,university of regina,QS World University Rankings 2025,International Education Costs Dataset,Excellent
Canada,Regina,University of Regina,Computer Science,Master,2.0,21100,57.5,900,235,600,1.35,university of regina,university of regina,university of regina,100.0,951-1000,1001-1200,University of Regina,Canada,Americas,L,CO,HI,A,3.3,601+,2.5,601+,3.9,701+,21.0,544,7.3,701+,38.3,365,39.1,701+,4.1,701+,44.6,343=,,university of regina,QS World University Rankings 2025,International Education Costs Dataset,Excellent
Canada,Sherbrooke,University of Sherbrooke,Computer Science,Bachelor,4.0,30600,56.8,850,235,600,1.35,university of sherbrooke,university of sherbrooke,universit de sherbrooke,89.36170212765957,851-900,801-850,Université de Sherbrooke,Canada,Americas,L,FC,HI,A,6.8,601+,4.2,601+,18.8,701+,16.9,604,54.7,341,7.6,701+,43.0,701+,23.4,483,8.0,701+,,universit de sherbrooke,QS World University Rankings 2025,International Education Costs Dataset,Medium
Canada,Sherbrooke,University of Sherbrooke,Computer Science,Bachelor,4.0,30600,56.8,850,235,600,1.35,university of sherbrooke,university of sherbrooke,universit de sherbrooke,89.36170212765957,851-900,801-850,Université de Sherbrooke,Canada,Americas,L,FC,HI,A,6.8,601+,4.2,601+,18.8,701+,16.9,604,54.7,341,7.6,701+,43.0,701+,23.4,483,8.0,701+,,universit de sherbrooke,QS World University Rankings 2025,International Education Costs Dataset,Medium
Canada,Sherbrooke,University of Sherbrooke,Computer Science,Master,2.0,20800,56.8,850,235,600,1.35,university of sherbrooke,university of sherbrooke,universit de sherbrooke,89.36170212765957,851-900,801-850,Université de Sherbrooke,Canada,Americas,L,FC,HI,A,6.8,601+,4.2,601+,18.8,701+,16.9,604,54.7,341,7.6,701+,43.0,701+,23.4,483,8.0,701+,,universit de sherbrooke,QS World University Rankings 2025,International Education Costs Dataset,Medium
Canada,Sherbrooke,University of Sherbrooke,Computer Science,Master,2.0,20800,56.8,850,235,600,1.35,university of sherbrooke,university of sherbrooke,universit de sherbrooke,89.36170212765957,851-900,801-850,Université de Sherbrooke,Canada,Americas,L,FC,HI,A,6.8,601+,4.2,601+,18.8,701+,16.9,604,54.7,341,7.6,701+,43.0,701+,23.4,483,8.0,701+,,universit de sherbrooke,QS World University Rankings 2025,International Education Costs Dataset,Medium
Canada,Windsor,University of Windsor,Computer Science,Bachelor,4.0,30000,58.9,950,235,600,1.35,university of windsor,university of windsor,university of windsor,100.0,547,641-650,University of Windsor,Canada,Americas,L,CO,VH,A,3.9,601+,3.9,601+,2.2,701+,36.2,378,88.7,199,83.8,159,51.1,701+,25.8,458,38.5,381=,22.6,university of windsor,QS World University Rankings 2025,International Education Costs Dataset,Excellent
Canada,Windsor,University of Windsor,Computer Science,Bachelor,4.0,30000,58.9,950,235,600,1.35,university of windsor,university of windsor,university of windsor,100.0,547,641-650,University of Windsor,Canada,Americas,L,CO,VH,A,3.9,601+,3.9,601+,2.2,701+,36.2,378,88.7,199,83.8,159,51.1,701+,25.8,458,38.5,381=,22.6,university of windsor,QS World University Rankings 2025,International Education Costs Dataset,Excellent
Canada,Windsor,University of Windsor,Computer Science,Master,2.0,20500,58.9,950,235,600,1.35,university of windsor,university of windsor,university of windsor,100.0,547,641-650,University of Windsor,Canada,Americas,L,CO,VH,A,3.9,601+,3.9,601+,2.2,701+,36.2,378,88.7,199,83.8,159,51.1,701+,25.8,458,38.5,381=,22.6,university of windsor,QS World University Rankings 2025,International Education Costs Dataset,Excellent
Canada,Windsor,University of Windsor,Computer Science,Master,2.0,20500,58.9,950,235,600,1.35,university of windsor,university of windsor,university of windsor,100.0,547,641-650,University of Windsor,Canada,Americas,L,CO,VH,A,3.9,601+,3.9,601+,2.2,701+,36.2,378,88.7,199,83.8,159,51.1,701+,25.8,458,38.5,381=,22.6,university of windsor,QS World University Rankings 2025,International Education Costs Dataset,Excellent
Canada,Moncton,University of New Brunswick,Computer Science,Bachelor,4.0,29400,57.2,900,235,600,1.35,university of new brunswick,university of new brunswick,university of new brunswick,100.0,681-690,711-720,University of New Brunswick,Canada,Americas,M,CO,VH,A,4.9,601+,8.3,601+,19.9,677,27.5,470,61.0,320,34.1,397,48.7,701+,17.3,613,29.0,453=,,university of new brunswick,QS World University Rankings 2025,International Education Costs Dataset,Excellent
Canada,Moncton,University of New Brunswick,Computer Science,Bachelor,4.0,29400,57.2,900,235,600,1.35,university of new brunswick,university of new brunswick,university of new brunswick,100.0,681-690,711-720,University of New Brunswick,Canada,Americas,M,CO,VH,A,4.9,601+,8.3,601+,19.9,677,27.5,470,61.0,320,34.1,397,48.7,701+,17.3,613,29.0,453=,,university of new brunswick,QS World University Rankings 2025,International Education Costs Dataset,Excellent
Canada,Moncton,University of New Brunswick,Computer Science,Master,2.0,20200,57.2,900,235,600,1.35,university of new brunswick,university of new brunswick,university of new brunswick,100.0,681-690,711-720,University of New Brunswick,Canada,Americas,M,CO,VH,A,4.9,601+,8.3,601+,19.9,677,27.5,470,61.0,320,34.1,397,48.7,701+,17.3,613,29.0,453=,,university of new brunswick,QS World University Rankings 2025,International Education Costs Dataset,Excellent
Canada,Moncton,University of New Brunswick,Computer Science,Master,2.0,20200,57.2,900,235,600,1.35,university of new brunswick,university of new brunswick,university of new brunswick,100.0,681-690,711-720,University of New Brunswick,Canada,Americas,M,CO,VH,A,4.9,601+,8.3,601+,19.9,677,27.5,470,61.0,320,34.1,397,48.7,701+,17.3,613,29.0,453=,,university of new brunswick,QS World University Rankings 2025,International Education Costs Dataset,Excellent
Canada,Trois-Rivieres,UQTR,Computer Science,Bachelor,4.0,28800,56.5,850,235,600,1.35,uqtr,uqtr,,,,,,,,,,,,,,,,,,,,,,,,,,,,,,,,Not Matched,International Education Costs Dataset,Unmatched
Canada,Trois-Rivieres,UQTR,Computer Science,Bachelor,4.0,28800,56.5,850,235,600,1.35,uqtr,uqtr,,,,,,,,,,,,,,,,,,,,,,,,,,,,,,,,Not Matched,International Education Costs Dataset,Unmatched
Canada,Trois-Rivieres,UQTR,Computer Science,Master,2.0,19900,56.5,850,235,600,1.35,uqtr,uqtr,,,,,,,,,,,,,,,,,,,,,,,,,,,,,,,,Not Matched,International Education Costs Dataset,Unmatched
Canada,Trois-Rivieres,UQTR,Computer Science,Master,2.0,19900,56.5,850,235,600,1.35,uqtr,uqtr,,,,,,,,,,,,,,,,,,,,,,,,,,,,,,,,Not Matched,International Education Costs Dataset,Unmatched
Canada,Thunder Bay,Lakehead University,Computer Science,Bachelor,4.0,28200,56.2,800,235,600,1.35,lakehead university,lakehead university,,,,,,,,,,,,,,,,,,,,,,,,,,,,,,,,Not Matched,International Education Costs Dataset,Unmatched
Canada,Thunder Bay,Lakehead University,Computer Science,Bachelor,4.0,28200,56.2,800,235,600,1.35,lakehead university,lakehead university,,,,,,,,,,,,,,,,,,,,,,,,,,,,,,,,Not Matched,International Education Costs Dataset,Unmatched
Canada,Thunder Bay,Lakehead University,Computer Science,Master,2.0,19600,56.2,800,235,600,1.35,lakehead university,lakehead university,,,,,,,,,,,,,,,,,,,,,,,,,,,,,,,,Not Matched,International Education Costs Dataset,Unmatched
Canada,Thunder Bay,Lakehead University,Computer Science,Master,2.0,19600,56.2,800,235,600,1.35,lakehead university,lakehead university,,,,,,,,,,,,,,,,,,,,,,,,,,,,,,,,Not Matched,International Education Costs Dataset,Unmatched
Canada,Sudbury,Laurentian University,Computer Science,Bachelor,4.0,27600,55.8,800,235,600,1.35,laurentian university,laurentian university,,,,,,,,,,,,,,,,,,,,,,,,,,,,,,,,Not Matched,International Education Costs Dataset,Unmatched
Canada,Sudbury,Laurentian University,Computer Science,Bachelor,4.0,27600,55.8,800,235,600,1.35,laurentian university,laurentian university,,,,,,,,,,,,,,,,,,,,,,,,,,,,,,,,Not Matched,International Education Costs Dataset,Unmatched
Canada,Sudbury,Laurentian University,Computer Science,Master,2.0,19300,55.8,800,235,600,1.35,laurentian university,laurentian university,,,,,,,,,,,,,,,,,,,,,,,,,,,,,,,,Not Matched,International Education Costs Dataset,Unmatched
Canada,Sudbury,Laurentian University,Computer Science,Master,2.0,19300,55.8,800,235,600,1.35,laurentian university,laurentian university,,,,,,,,,,,,,,,,,,,,,,,,,,,,,,,,Not Matched,International Education Costs Dataset,Unmatched
Canada,Prince George,UNBC,Computer Science,Bachelor,4.0,27000,55.5,750,235,600,1.35,unbc,unbc,,,,,,,,,,,,,,,,,,,,,,,,,,,,,,,,Not Matched,International Education Costs Dataset,Unmatched
Canada,Prince George,UNBC,Computer Science,Bachelor,4.0,27000,55.5,750,235,600,1.35,unbc,unbc,,,,,,,,,,,,,,,,,,,,,,,,,,,,,,,,Not Matched,International Education Costs Dataset,Unmatched
Canada,Prince George,UNBC,Computer Science,Master,2.0,19000,55.5,750,235,600,1.35,unbc,unbc,,,,,,,,,,,,,,,,,,,,,,,,,,,,,,,,Not Matched,International Education Costs Dataset,Unmatched
Canada,Prince George,UNBC,Computer Science,Master,2.0,19000,55.5,750,235,600,1.35,unbc,unbc,,,,,,,,,,,,,,,,,,,,,,,,,,,,,,,,Not Matched,International Education Costs Dataset,Unmatched
Australia,Melbourne,University of Melbourne,Computer Science,Bachelor,3.0,42500,72.8,1800,450,650,1.52,university of melbourne,university of melbourne,the university of melbourne,92.0,13,14,The University of Melbourne,Australia,Oceania,XL,FC,VH,A,98.5,21,93.9,39,15.4,701+,93.0,62,95.1,148,99.8,39,97.4,33,96.5,39,99.6,9,88.9,the university of melbourne,QS World University Rankings 2025,International Education Costs Dataset,High
Australia,Melbourne,University of Melbourne,Computer Science,Bachelor,3.0,42500,72.8,1800,450,650,1.52,university of melbourne,university of melbourne,the university of melbourne,92.0,13,14,The University of Melbourne,Australia,Oceania,XL,FC,VH,A,98.5,21,93.9,39,15.4,701+,93.0,62,95.1,148,99.8,39,97.4,33,96.5,39,99.6,9,88.9,the university of melbourne,QS World University Rankings 2025,International Education Costs Dataset,High
Australia,Melbourne,University of Melbourne,Computer Science,Bachelor,3.0,42500,72.8,1800,450,650,1.52,university of melbourne,university of melbourne,the university of melbourne,92.0,13,14,The University of Melbourne,Australia,Oceania,XL,FC,VH,A,98.5,21,93.9,39,15.4,701+,93.0,62,95.1,148,99.8,39,97.4,33,96.5,39,99.6,9,88.9,the university of melbourne,QS World University Rankings 2025,International Education Costs Dataset,High
Australia,Melbourne,University of Melbourne,Computer Science,Bachelor,3.0,42500,72.8,1800,450,650,1.52,university of melbourne,university of melbourne,the university of melbourne,92.0,13,14,The University of Melbourne,Australia,Oceania,XL,FC,VH,A,98.5,21,93.9,39,15.4,701+,93.0,62,95.1,148,99.8,39,97.4,33,96.5,39,99.6,9,88.9,the university of melbourne,QS World University Rankings 2025,International Education Costs Dataset,High
Australia,Melbourne,University of Melbourne,Computer Science,Bachelor,3.0,42500,72.8,1800,450,650,1.52,university of melbourne,university of melbourne,the university of melbourne,92.0,13,14,The University of Melbourne,Australia,Oceania,XL,FC,VH,A,98.5,21,93.9,39,15.4,701+,93.0,62,95.1,148,99.8,39,97.4,33,96.5,39,99.6,9,88.9,the university of melbourne,QS World University Rankings 2025,International Education Costs Dataset,High
Australia,Melbourne,University of Melbourne,Computer Science,Master,2.0,45800,72.8,1800,450,650,1.52,university of melbourne,university of melbourne,the university of melbourne,92.0,13,14,The University of Melbourne,Australia,Oceania,XL,FC,VH,A,98.5,21,93.9,39,15.4,701+,93.0,62,95.1,148,99.8,39,97.4,33,96.5,39,99.6,9,88.9,the university of melbourne,QS World University Rankings 2025,International Education Costs Dataset,High
Australia,Melbourne,University of Melbourne,Computer Science,Master,2.0,45800,72.8,1800,450,650,1.52,university of melbourne,university of melbourne,the university of melbourne,92.0,13,14,The University of Melbourne,Australia,Oceania,XL,FC,VH,A,98.5,21,93.9,39,15.4,701+,93.0,62,95.1,148,99.8,39,97.4,33,96.5,39,99.6,9,88.9,the university of melbourne,QS World University Rankings 2025,International Education Costs Dataset,High
Australia,Melbourne,University of Melbourne,Computer Science,Master,2.0,45800,72.8,1800,450,650,1.52,university of melbourne,university of melbourne,the university of melbourne,92.0,13,14,The University of Melbourne,Australia,Oceania,XL,FC,VH,A,98.5,21,93.9,39,15.4,701+,93.0,62,95.1,148,99.8,39,97.4,33,96.5,39,99.6,9,88.9,the university of melbourne,QS World University Rankings 2025,International Education Costs Dataset,High
Australia,Melbourne,University of Melbourne,Computer Science,Master,2.0,45800,72.8,1800,450,650,1.52,university of melbourne,university of melbourne,the university of melbourne,92.0,13,14,The University of Melbourne,Australia,Oceania,XL,FC,VH,A,98.5,21,93.9,39,15.4,701+,93.0,62,95.1,148,99.8,39,97.4,33,96.5,39,99.6,9,88.9,the university of melbourne,QS World University Rankings 2025,International Education Costs Dataset,High
Australia,Melbourne,University of Melbourne,Computer Science,Master,2.0,45800,72.8,1800,450,650,1.52,university of melbourne,university of melbourne,the university of melbourne,92.0,13,14,The University of Melbourne,Australia,Oceania,XL,FC,VH,A,98.5,21,93.9,39,15.4,701+,93.0,62,95.1,148,99.8,39,97.4,33,96.5,39,99.6,9,88.9,the university of melbourne,QS World University Rankings 2025,International Education Costs Dataset,High
Australia,Melbourne,University of Melbourne,Computer Science,PhD,4.0,35000,72.8,1800,450,650,1.52,university of melbourne,university of melbourne,the university of melbourne,92.0,13,14,The University of Melbourne,Australia,Oceania,XL,FC,VH,A,98.5,21,93.9,39,15.4,701+,93.0,62,95.1,148,99.8,39,97.4,33,96.5,39,99.6,9,88.9,the university of melbourne,QS World University Rankings 2025,International Education Costs Dataset,High
Australia,Melbourne,University of Melbourne,Computer Science,PhD,4.0,35000,72.8,1800,450,650,1.52,university of melbourne,university of melbourne,the university of melbourne,92.0,13,14,The University of Melbourne,Australia,Oceania,XL,FC,VH,A,98.5,21,93.9,39,15.4,701+,93.0,62,95.1,148,99.8,39,97.4,33,96.5,39,99.6,9,88.9,the university of melbourne,QS World University Rankings 2025,International Education Costs Dataset,High
Australia,Melbourne,University of Melbourne,Computer Science,PhD,4.0,35000,72.8,1800,450,650,1.52,university of melbourne,university of melbourne,the university of melbourne,92.0,13,14,The University of Melbourne,Australia,Oceania,XL,FC,VH,A,98.5,21,93.9,39,15.4,701+,93.0,62,95.1,148,99.8,39,97.4,33,96.5,39,99.6,9,88.9,the university of melbourne,QS World University Rankings 2025,International Education Costs Dataset,High
Australia,Melbourne,University of Melbourne,Computer Science,PhD,4.0,35000,72.8,1800,450,650,1.52,university of melbourne,university of melbourne,the university of melbourne,92.0,13,14,The University of Melbourne,Australia,Oceania,XL,FC,VH,A,98.5,21,93.9,39,15.4,701+,93.0,62,95.1,148,99.8,39,97.4,33,96.5,39,99.6,9,88.9,the university of melbourne,QS World University Rankings 2025,International Education Costs Dataset,High
Australia,Melbourne,University of Melbourne,Computer Science,PhD,4.0,35000,72.8,1800,450,650,1.52,university of melbourne,university of melbourne,the university of melbourne,92.0,13,14,The University of Melbourne,Australia,Oceania,XL,FC,VH,A,98.5,21,93.9,39,15.4,701+,93.0,62,95.1,148,99.8,39,97.4,33,96.5,39,99.6,9,88.9,the university of melbourne,QS World University Rankings 2025,International Education Costs Dataset,High
Australia,Sydney,University of Sydney,Computer Science,Bachelor,3.0,41800,74.5,2000,450,650,1.52,university of sydney,university of sydney,the university of sydney,90.9090909090909,18,19,The University of Sydney,Australia,Oceania,XL,FC,VH,A,96.4,30,90.0,51,10.9,701+,93.7,56,99.9,87,100.0,17,95.8,61,93.1,63,99.6,7,87.3,the university of sydney,QS World University Rankings 2025,International Education Costs Dataset,High
Australia,Sydney,University of Sydney,Computer Science,Bachelor,3.0,41800,74.5,2000,450,650,1.52,university of sydney,university of sydney,the university of sydney,90.9090909090909,18,19,The University of Sydney,Australia,Oceania,XL,FC,VH,A,96.4,30,90.0,51,10.9,701+,93.7,56,99.9,87,100.0,17,95.8,61,93.1,63,99.6,7,87.3,the university of sydney,QS World University Rankings 2025,International Education Costs Dataset,High
Australia,Sydney,University of Sydney,Computer Science,Bachelor,3.0,41800,74.5,2000,450,650,1.52,university of sydney,university of sydney,the university of sydney,90.9090909090909,18,19,The University of Sydney,Australia,Oceania,XL,FC,VH,A,96.4,30,90.0,51,10.9,701+,93.7,56,99.9,87,100.0,17,95.8,61,93.1,63,99.6,7,87.3,the university of sydney,QS World University Rankings 2025,International Education Costs Dataset,High
Australia,Sydney,University of Sydney,Computer Science,Bachelor,3.0,41800,74.5,2000,450,650,1.52,university of sydney,university of sydney,the university of sydney,90.9090909090909,18,19,The University of Sydney,Australia,Oceania,XL,FC,VH,A,96.4,30,90.0,51,10.9,701+,93.7,56,99.9,87,100.0,17,95.8,61,93.1,63,99.6,7,87.3,the university of sydney,QS World University Rankings 2025,International Education Costs Dataset,High
Australia,Sydney,University of Sydney,Computer Science,Bachelor,3.0,41800,74.5,2000,450,650,1.52,university of sydney,university of sydney,the university of sydney,90.9090909090909,18,19,The University of Sydney,Australia,Oceania,XL,FC,VH,A,96.4,30,90.0,51,10.9,701+,93.7,56,99.9,87,100.0,17,95.8,61,93.1,63,99.6,7,87.3,the university of sydney,QS World University Rankings 2025,International Education Costs Dataset,High
Australia,Sydney,University of Sydney,Computer Science,Master,2.0,44900,74.5,2000,450,650,1.52,university of sydney,university of sydney,the university of sydney,90.9090909090909,18,19,The University of Sydney,Australia,Oceania,XL,FC,VH,A,96.4,30,90.0,51,10.9,701+,93.7,56,99.9,87,100.0,17,95.8,61,93.1,63,99.6,7,87.3,the university of sydney,QS World University Rankings 2025,International Education Costs Dataset,High
Australia,Sydney,University of Sydney,Computer Science,Master,2.0,44900,74.5,2000,450,650,1.52,university of sydney,university of sydney,the university of sydney,90.9090909090909,18,19,The University of Sydney,Australia,Oceania,XL,FC,VH,A,96.4,30,90.0,51,10.9,701+,93.7,56,99.9,87,100.0,17,95.8,61,93.1,63,99.6,7,87.3,the university of sydney,QS World University Rankings 2025,International Education Costs Dataset,High
Australia,Sydney,University of Sydney,Computer Science,Master,2.0,44900,74.5,2000,450,650,1.52,university of sydney,university of sydney,the university of sydney,90.9090909090909,18,19,The University of Sydney,Australia,Oceania,XL,FC,VH,A,96.4,30,90.0,51,10.9,701+,93.7,56,99.9,87,100.0,17,95.8,61,93.1,63,99.6,7,87.3,the university of sydney,QS World University Rankings 2025,International Education Costs Dataset,High
Australia,Sydney,University of Sydney,Computer Science,Master,2.0,44900,74.5,2000,450,650,1.52,university of sydney,university of sydney,the university of sydney,90.9090909090909,18,19,The University of Sydney,Australia,Oceania,XL,FC,VH,A,96.4,30,90.0,51,10.9,701+,93.7,56,99.9,87,100.0,17,95.8,61,93.1,63,99.6,7,87.3,the university of sydney,QS World University Rankings 2025,International Education Costs Dataset,High
Australia,Sydney,University of Sydney,Computer Science,Master,2.0,44900,74.5,2000,450,650,1.52,university of sydney,university of sydney,the university of sydney,90.9090909090909,18,19,The University of Sydney,Australia,Oceania,XL,FC,VH,A,96.4,30,90.0,51,10.9,701+,93.7,56,99.9,87,100.0,17,95.8,61,93.1,63,99.6,7,87.3,the university of sydney,QS World University Rankings 2025,International Education Costs Dataset,High
Australia,Sydney,University of Sydney,Computer Science,PhD,4.0,34500,74.5,2000,450,650,1.52,university of sydney,university of sydney,the university of sydney,90.9090909090909,18,19,The University of Sydney,Australia,Oceania,XL,FC,VH,A,96.4,30,90.0,51,10.9,701+,93.7,56,99.9,87,100.0,17,95.8,61,93.1,63,99.6,7,87.3,the university of sydney,QS World University Rankings 2025,International Education Costs Dataset,High
Australia,Sydney,University of Sydney,Computer Science,PhD,4.0,34500,74.5,2000,450,650,1.52,university of sydney,university of sydney,the university of sydney,90.9090909090909,18,19,The University of Sydney,Australia,Oceania,XL,FC,VH,A,96.4,30,90.0,51,10.9,701+,93.7,56,99.9,87,100.0,17,95.8,61,93.1,63,99.6,7,87.3,the university of sydney,QS World University Rankings 2025,International Education Costs Dataset,High
Australia,Sydney,University of Sydney,Computer Science,PhD,4.0,34500,74.5,2000,450,650,1.52,university of sydney,university of sydney,the university of sydney,90.9090909090909,18,19,The University of Sydney,Australia,Oceania,XL,FC,VH,A,96.4,30,90.0,51,10.9,701+,93.7,56,99.9,87,100.0,17,95.8,61,93.1,63,99.6,7,87.3,the university of sydney,QS World University Rankings 2025,International Education Costs Dataset,High
Australia,Sydney,University of Sydney,Computer Science,PhD,4.0,34500,74.5,2000,450,650,1.52,university of sydney,university of sydney,the university of sydney,90.9090909090909,18,19,The University of Sydney,Australia,Oceania,XL,FC,VH,A,96.4,30,90.0,51,10.9,701+,93.7,56,99.9,87,100.0,17,95.8,61,93.1,63,99.6,7,87.3,the university of sydney,QS World University Rankings 2025,International Education Costs Dataset,High
Australia,Sydney,University of Sydney,Computer Science,PhD,4.0,34500,74.5,2000,450,650,1.52,university of sydney,university of sydney,the university of sydney,90.9090909090909,18,19,The University of Sydney,Australia,Oceania,XL,FC,VH,A,96.4,30,90.0,51,10.9,701+,93.7,56,99.9,87,100.0,17,95.8,61,93.1,63,99.6,7,87.3,the university of sydney,QS World University Rankings 2025,International Education Costs Dataset,High
Australia,Canberra,Australian National University,Computer Science,Bachelor,3.0,41200,68.9,1600,450,650,1.52,australian national university,australian national university,the australian national university,93.75,30,34,The Australian National University,Australia,Oceania,L,FC,VH,A,93.8,36,75.4,85,34.6,457,84.6,97,100.0,52,96.2,89,91.4,151,56.6,216,97.1,30=,82.4,the australian national university,QS World University Rankings 2025,International Education Costs Dataset,High
Australia,Canberra,Australian National University,Computer Science,Bachelor,3.0,41200,68.9,1600,450,650,1.52,australian national university,australian national university,the australian national university,93.75,30,34,The Australian National University,Australia,Oceania,L,FC,VH,A,93.8,36,75.4,85,34.6,457,84.6,97,100.0,52,96.2,89,91.4,151,56.6,216,97.1,30=,82.4,the australian national university,QS World University Rankings 2025,International Education Costs Dataset,High
Australia,Canberra,Australian National University,Computer Science,Bachelor,3.0,41200,68.9,1600,450,650,1.52,australian national university,australian national university,the australian national university,93.75,30,34,The Australian National University,Australia,Oceania,L,FC,VH,A,93.8,36,75.4,85,34.6,457,84.6,97,100.0,52,96.2,89,91.4,151,56.6,216,97.1,30=,82.4,the australian national university,QS World University Rankings 2025,International Education Costs Dataset,High
Australia,Canberra,Australian National University,Computer Science,Bachelor,3.0,41200,68.9,1600,450,650,1.52,australian national university,australian national university,the australian national university,93.75,30,34,The Australian National University,Australia,Oceania,L,FC,VH,A,93.8,36,75.4,85,34.6,457,84.6,97,100.0,52,96.2,89,91.4,151,56.6,216,97.1,30=,82.4,the australian national university,QS World University Rankings 2025,International Education Costs Dataset,High
Australia,Canberra,Australian National University,Computer Science,Bachelor,3.0,41200,68.9,1600,450,650,1.52,australian national university,australian national university,the australian national university,93.75,30,34,The Australian National University,Australia,Oceania,L,FC,VH,A,93.8,36,75.4,85,34.6,457,84.6,97,100.0,52,96.2,89,91.4,151,56.6,216,97.1,30=,82.4,the australian national university,QS World University Rankings 2025,International Education Costs Dataset,High
Australia,Canberra,Australian National University,Computer Science,Master,2.0,44200,68.9,1600,450,650,1.52,australian national university,australian national university,the australian national university,93.75,30,34,The Australian National University,Australia,Oceania,L,FC,VH,A,93.8,36,75.4,85,34.6,457,84.6,97,100.0,52,96.2,89,91.4,151,56.6,216,97.1,30=,82.4,the australian national university,QS World University Rankings 2025,International Education Costs Dataset,High
Australia,Canberra,Australian National University,Computer Science,Master,2.0,44200,68.9,1600,450,650,1.52,australian national university,australian national university,the australian national university,93.75,30,34,The Australian National University,Australia,Oceania,L,FC,VH,A,93.8,36,75.4,85,34.6,457,84.6,97,100.0,52,96.2,89,91.4,151,56.6,216,97.1,30=,82.4,the australian national university,QS World University Rankings 2025,International Education Costs Dataset,High
Australia,Canberra,Australian National University,Computer Science,Master,2.0,44200,68.9,1600,450,650,1.52,australian national university,australian national university,the australian national university,93.75,30,34,The Australian National University,Australia,Oceania,L,FC,VH,A,93.8,36,75.4,85,34.6,457,84.6,97,100.0,52,96.2,89,91.4,151,56.6,216,97.1,30=,82.4,the australian national university,QS World University Rankings 2025,International Education Costs Dataset,High
Australia,Canberra,Australian National University,Computer Science,Master,2.0,44200,68.9,1600,450,650,1.52,australian national university,australian national university,the australian national university,93.75,30,34,The Australian National University,Australia,Oceania,L,FC,VH,A,93.8,36,75.4,85,34.6,457,84.6,97,100.0,52,96.2,89,91.4,151,56.6,216,97.1,30=,82.4,the australian national university,QS World University Rankings 2025,International Education Costs Dataset,High
Australia,Canberra,Australian National University,Computer Science,Master,2.0,44200,68.9,1600,450,650,1.52,australian national university,australian national university,the australian national university,93.75,30,34,The Australian National University,Australia,Oceania,L,FC,VH,A,93.8,36,75.4,85,34.6,457,84.6,97,100.0,52,96.2,89,91.4,151,56.6,216,97.1,30=,82.4,the australian national university,QS World University Rankings 2025,International Education Costs Dataset,High
Australia,Canberra,Australian National University,Computer Science,PhD,4.0,34000,68.9,1600,450,650,1.52,australian national university,australian national university,the australian national university,93.75,30,34,The Australian National University,Australia,Oceania,L,FC,VH,A,93.8,36,75.4,85,34.6,457,84.6,97,100.0,52,96.2,89,91.4,151,56.6,216,97.1,30=,82.4,the australian national university,QS World University Rankings 2025,International Education Costs Dataset,High
Australia,Canberra,Australian National University,Computer Science,PhD,4.0,34000,68.9,1600,450,650,1.52,australian national university,australian national university,the australian national university,93.75,30,34,The Australian National University,Australia,Oceania,L,FC,VH,A,93.8,36,75.4,85,34.6,457,84.6,97,100.0,52,96.2,89,91.4,151,56.6,216,97.1,30=,82.4,the australian national university,QS World University Rankings 2025,International Education Costs Dataset,High
Australia,Canberra,Australian National University,Computer Science,PhD,4.0,34000,68.9,1600,450,650,1.52,australian national university,australian national university,the australian national university,93.75,30,34,The Australian National University,Australia,Oceania,L,FC,VH,A,93.8,36,75.4,85,34.6,457,84.6,97,100.0,52,96.2,89,91.4,151,56.6,216,97.1,30=,82.4,the australian national university,QS World University Rankings 2025,International Education Costs Dataset,High
Australia,Canberra,Australian National University,Computer Science,PhD,4.0,34000,68.9,1600,450,650,1.52,australian national university,australian national university,the australian national university,93.75,30,34,The Australian National University,Australia,Oceania,L,FC,VH,A,93.8,36,75.4,85,34.6,457,84.6,97,100.0,52,96.2,89,91.4,151,56.6,216,97.1,30=,82.4,the australian national university,QS World University Rankings 2025,International Education Costs Dataset,High
Australia,Canberra,Australian National University,Computer Science,PhD,4.0,34000,68.9,1600,450,650,1.52,australian national university,australian national university,the australian national university,93.75,30,34,The Australian National University,Australia,Oceania,L,FC,VH,A,93.8,36,75.4,85,34.6,457,84.6,97,100.0,52,96.2,89,91.4,151,56.6,216,97.1,30=,82.4,the australian national university,QS World University Rankings 2025,International Education Costs Dataset,High
Australia,Brisbane,University of Queensland,Computer Science,Bachelor,3.0,40500,69.2,1500,450,650,1.52,university of queensland,university of queensland,the university of queensland,92.3076923076923,40,43,The University of Queensland,Australia,Oceania,XL,FC,VH,A,86.7,50,74.0,89,21.2,653,90.2,75,100.0,54,100.0,23,96.7,47,56.7,214,96.7,36,80.2,the university of queensland,QS World University Rankings 2025,International Education Costs Dataset,High
Australia,Brisbane,University of Queensland,Computer Science,Bachelor,3.0,40500,69.2,1500,450,650,1.52,university of queensland,university of queensland,the university of queensland,92.3076923076923,40,43,The University of Queensland,Australia,Oceania,XL,FC,VH,A,86.7,50,74.0,89,21.2,653,90.2,75,100.0,54,100.0,23,96.7,47,56.7,214,96.7,36,80.2,the university of queensland,QS World University Rankings 2025,International Education Costs Dataset,High
Australia,Brisbane,University of Queensland,Computer Science,Bachelor,3.0,40500,69.2,1500,450,650,1.52,university of queensland,university of queensland,the university of queensland,92.3076923076923,40,43,The University of Queensland,Australia,Oceania,XL,FC,VH,A,86.7,50,74.0,89,21.2,653,90.2,75,100.0,54,100.0,23,96.7,47,56.7,214,96.7,36,80.2,the university of queensland,QS World University Rankings 2025,International Education Costs Dataset,High
Australia,Brisbane,University of Queensland,Computer Science,Bachelor,3.0,40500,69.2,1500,450,650,1.52,university of queensland,university of queensland,the university of queensland,92.3076923076923,40,43,The University of Queensland,Australia,Oceania,XL,FC,VH,A,86.7,50,74.0,89,21.2,653,90.2,75,100.0,54,100.0,23,96.7,47,56.7,214,96.7,36,80.2,the university of queensland,QS World University Rankings 2025,International Education Costs Dataset,High
Australia,Brisbane,University of Queensland,Computer Science,Master,2.0,43500,69.2,1500,450,650,1.52,university of queensland,university of queensland,the university of queensland,92.3076923076923,40,43,The University of Queensland,Australia,Oceania,XL,FC,VH,A,86.7,50,74.0,89,21.2,653,90.2,75,100.0,54,100.0,23,96.7,47,56.7,214,96.7,36,80.2,the university of queensland,QS World University Rankings 2025,International Education Costs Dataset,High
Australia,Brisbane,University of Queensland,Computer Science,Master,2.0,43500,69.2,1500,450,650,1.52,university of queensland,university of queensland,the university of queensland,92.3076923076923,40,43,The University of Queensland,Australia,Oceania,XL,FC,VH,A,86.7,50,74.0,89,21.2,653,90.2,75,100.0,54,100.0,23,96.7,47,56.7,214,96.7,36,80.2,the university of queensland,QS World University Rankings 2025,International Education Costs Dataset,High
Australia,Brisbane,University of Queensland,Computer Science,Master,2.0,43500,69.2,1500,450,650,1.52,university of queensland,university of queensland,the university of queensland,92.3076923076923,40,43,The University of Queensland,Australia,Oceania,XL,FC,VH,A,86.7,50,74.0,89,21.2,653,90.2,75,100.0,54,100.0,23,96.7,47,56.7,214,96.7,36,80.2,the university of queensland,QS World University Rankings 2025,International Education Costs Dataset,High
Australia,Brisbane,University of Queensland,Computer Science,Master,2.0,43500,69.2,1500,450,650,1.52,university of queensland,university of queensland,the university of queensland,92.3076923076923,40,43,The University of Queensland,Australia,Oceania,XL,FC,VH,A,86.7,50,74.0,89,21.2,653,90.2,75,100.0,54,100.0,23,96.7,47,56.7,214,96.7,36,80.2,the university of queensland,QS World University Rankings 2025,International Education Costs Dataset,High
Australia,Brisbane,University of Queensland,Computer Science,PhD,4.0,33500,69.2,1500,450,650,1.52,university of queensland,university of queensland,the university of queensland,92.3076923076923,40,43,The University of Queensland,Australia,Oceania,XL,FC,VH,A,86.7,50,74.0,89,21.2,653,90.2,75,100.0,54,100.0,23,96.7,47,56.7,214,96.7,36,80.2,the university of queensland,QS World University Rankings 2025,International Education Costs Dataset,High
Australia,Brisbane,University of Queensland,Computer Science,PhD,4.0,33500,69.2,1500,450,650,1.52,university of queensland,university of queensland,the university of queensland,92.3076923076923,40,43,The University of Queensland,Australia,Oceania,XL,FC,VH,A,86.7,50,74.0,89,21.2,653,90.2,75,100.0,54,100.0,23,96.7,47,56.7,214,96.7,36,80.2,the university of queensland,QS World University Rankings 2025,International Education Costs Dataset,High
Australia,Brisbane,University of Queensland,Computer Science,PhD,4.0,33500,69.2,1500,450,650,1.52,university of queensland,university of queensland,the university of queensland,92.3076923076923,40,43,The University of Queensland,Australia,Oceania,XL,FC,VH,A,86.7,50,74.0,89,21.2,653,90.2,75,100.0,54,100.0,23,96.7,47,56.7,214,96.7,36,80.2,the university of queensland,QS World University Rankings 2025,International Education Costs Dataset,High
Australia,Brisbane,University of Queensland,Computer Science,PhD,4.0,33500,69.2,1500,450,650,1.52,university of queensland,university of queensland,the university of queensland,92.3076923076923,40,43,The University of Queensland,Australia,Oceania,XL,FC,VH,A,86.7,50,74.0,89,21.2,653,90.2,75,100.0,54,100.0,23,96.7,47,56.7,214,96.7,36,80.2,the university of queensland,QS World University Rankings 2025,International Education Costs Dataset,High
Australia,Sydney,University of New South Wales,Computer Science,Bachelor,3.0,40200,74.5,1900,450,650,1.52,university of new south wales,university of new south wales,,,,,,,,,,,,,,,,,,,,,,,,,,,,,,,,Not Matched,International Education Costs Dataset,Unmatched
Australia,Sydney,University of New South Wales,Computer Science,Bachelor,3.0,40200,74.5,1900,450,650,1.52,university of new south wales,university of new south wales,,,,,,,,,,,,,,,,,,,,,,,,,,,,,,,,Not Matched,International Education Costs Dataset,Unmatched
Australia,Sydney,University of New South Wales,Computer Science,Bachelor,3.0,40200,74.5,1900,450,650,1.52,university of new south wales,university of new south wales,,,,,,,,,,,,,,,,,,,,,,,,,,,,,,,,Not Matched,International Education Costs Dataset,Unmatched
Australia,Sydney,University of New South Wales,Computer Science,Master,2.0,43200,74.5,1900,450,650,1.52,university of new south wales,university of new south wales,,,,,,,,,,,,,,,,,,,,,,,,,,,,,,,,Not Matched,International Education Costs Dataset,Unmatched
Australia,Sydney,University of New South Wales,Computer Science,Master,2.0,43200,74.5,1900,450,650,1.52,university of new south wales,university of new south wales,,,,,,,,,,,,,,,,,,,,,,,,,,,,,,,,Not Matched,International Education Costs Dataset,Unmatched
Australia,Sydney,University of New South Wales,Computer Science,Master,2.0,43200,74.5,1900,450,650,1.52,university of new south wales,university of new south wales,,,,,,,,,,,,,,,,,,,,,,,,,,,,,,,,Not Matched,International Education Costs Dataset,Unmatched
Australia,Sydney,University of New South Wales,Computer Science,PhD,4.0,33200,74.5,1900,450,650,1.52,university of new south wales,university of new south wales,,,,,,,,,,,,,,,,,,,,,,,,,,,,,,,,Not Matched,International Education Costs Dataset,Unmatched
Australia,Sydney,University of New South Wales,Computer Science,PhD,4.0,33200,74.5,1900,450,650,1.52,university of new south wales,university of new south wales,,,,,,,,,,,,,,,,,,,,,,,,,,,,,,,,Not Matched,International Education Costs Dataset,Unmatched
Australia,Sydney,University of New South Wales,Computer Science,PhD,4.0,33200,74.5,1900,450,650,1.52,university of new south wales,university of new south wales,,,,,,,,,,,,,,,,,,,,,,,,,,,,,,,,Not Matched,International Education Costs Dataset,Unmatched
Australia,Melbourne,Monash University,Computer Science,Bachelor,3.0,39800,72.8,1700,450,650,1.52,monash university,monash university,monash university,100.0,37,42,Monash University,Australia,Oceania,XL,FC,VH,A,89.2,47,79.6,78,9.4,701+,87.6,84,100.0,59,100.0,24,94.8,81,79.4,126,98.2,23,81.2,monash university,QS World University Rankings 2025,International Education Costs Dataset,Excellent
Australia,Melbourne,Monash University,Computer Science,Bachelor,3.0,39800,72.8,1700,450,650,1.52,monash university,monash university,monash university,100.0,37,42,Monash University,Australia,Oceania,XL,FC,VH,A,89.2,47,79.6,78,9.4,701+,87.6,84,100.0,59,100.0,24,94.8,81,79.4,126,98.2,23,81.2,monash university,QS World University Rankings 2025,International Education Costs Dataset,Excellent
Australia,Melbourne,Monash University,Computer Science,Bachelor,3.0,39800,72.8,1700,450,650,1.52,monash university,monash university,monash university,100.0,37,42,Monash University,Australia,Oceania,XL,FC,VH,A,89.2,47,79.6,78,9.4,701+,87.6,84,100.0,59,100.0,24,94.8,81,79.4,126,98.2,23,81.2,monash university,QS World University Rankings 2025,International Education Costs Dataset,Excellent
Australia,Melbourne,Monash University,Computer Science,Master,2.0,42800,72.8,1700,450,650,1.52,monash university,monash university,monash university,100.0,37,42,Monash University,Australia,Oceania,XL,FC,VH,A,89.2,47,79.6,78,9.4,701+,87.6,84,100.0,59,100.0,24,94.8,81,79.4,126,98.2,23,81.2,monash university,QS World University Rankings 2025,International Education Costs Dataset,Excellent
Australia,Melbourne,Monash University,Computer Science,Master,2.0,42800,72.8,1700,450,650,1.52,monash university,monash university,monash university,100.0,37,42,Monash University,Australia,Oceania,XL,FC,VH,A,89.2,47,79.6,78,9.4,701+,87.6,84,100.0,59,100.0,24,94.8,81,79.4,126,98.2,23,81.2,monash university,QS World University Rankings 2025,International Education Costs Dataset,Excellent
Australia,Melbourne,Monash University,Computer Science,Master,2.0,42800,72.8,1700,450,650,1.52,monash university,monash university,monash university,100.0,37,42,Monash University,Australia,Oceania,XL,FC,VH,A,89.2,47,79.6,78,9.4,701+,87.6,84,100.0,59,100.0,24,94.8,81,79.4,126,98.2,23,81.2,monash university,QS World University Rankings 2025,International Education Costs Dataset,Excellent
Australia,Melbourne,Monash University,Computer Science,PhD,4.0,32800,72.8,1700,450,650,1.52,monash university,monash university,monash university,100.0,37,42,Monash University,Australia,Oceania,XL,FC,VH,A,89.2,47,79.6,78,9.4,701+,87.6,84,100.0,59,100.0,24,94.8,81,79.4,126,98.2,23,81.2,monash university,QS World University Rankings 2025,International Education Costs Dataset,Excellent
Australia,Melbourne,Monash University,Computer Science,PhD,4.0,32800,72.8,1700,450,650,1.52,monash university,monash university,monash university,100.0,37,42,Monash University,Australia,Oceania,XL,FC,VH,A,89.2,47,79.6,78,9.4,701+,87.6,84,100.0,59,100.0,24,94.8,81,79.4,126,98.2,23,81.2,monash university,QS World University Rankings 2025,International Education Costs Dataset,Excellent
Australia,Melbourne,Monash University,Computer Science,PhD,4.0,32800,72.8,1700,450,650,1.52,monash university,monash university,monash university,100.0,37,42,Monash University,Australia,Oceania,XL,FC,VH,A,89.2,47,79.6,78,9.4,701+,87.6,84,100.0,59,100.0,24,94.8,81,79.4,126,98.2,23,81.2,monash university,QS World University Rankings 2025,International Education Costs Dataset,Excellent
Australia,Adelaide,University of Adelaide,Computer Science,Bachelor,3.0,39200,67.5,1400,450,650,1.52,university of adelaide,university of adelaide,the university of adelaide,91.66666666666666,82,89,The University of Adelaide,Australia,Oceania,L,FC,VH,A,56.0,138,38.9,242,17.9,701+,87.0,86,100.0,78,99.3,53,93.6,108,51.5,246,95.7,49,63.8,the university of adelaide,QS World University Rankings 2025,International Education Costs Dataset,High
Australia,Adelaide,University of Adelaide,Computer Science,Bachelor,3.0,39200,67.5,1400,450,650,1.52,university of adelaide,university of adelaide,the university of adelaide,91.66666666666666,82,89,The University of Adelaide,Australia,Oceania,L,FC,VH,A,56.0,138,38.9,242,17.9,701+,87.0,86,100.0,78,99.3,53,93.6,108,51.5,246,95.7,49,63.8,the university of adelaide,QS World University Rankings 2025,International Education Costs Dataset,High
Australia,Adelaide,University of Adelaide,Computer Science,Bachelor,3.0,39200,67.5,1400,450,650,1.52,university of adelaide,university of adelaide,the university of adelaide,91.66666666666666,82,89,The University of Adelaide,Australia,Oceania,L,FC,VH,A,56.0,138,38.9,242,17.9,701+,87.0,86,100.0,78,99.3,53,93.6,108,51.5,246,95.7,49,63.8,the university of adelaide,QS World University Rankings 2025,International Education Costs Dataset,High
Australia,Adelaide,University of Adelaide,Computer Science,Bachelor,3.0,39200,67.5,1400,450,650,1.52,university of adelaide,university of adelaide,the university of adelaide,91.66666666666666,82,89,The University of Adelaide,Australia,Oceania,L,FC,VH,A,56.0,138,38.9,242,17.9,701+,87.0,86,100.0,78,99.3,53,93.6,108,51.5,246,95.7,49,63.8,the university of adelaide,QS World University Rankings 2025,International Education Costs Dataset,High
Australia,Adelaide,University of Adelaide,Computer Science,Bachelor,3.0,39200,67.5,1400,450,650,1.52,university of adelaide,university of adelaide,the university of adelaide,91.66666666666666,82,89,The University of Adelaide,Australia,Oceania,L,FC,VH,A,56.0,138,38.9,242,17.9,701+,87.0,86,100.0,78,99.3,53,93.6,108,51.5,246,95.7,49,63.8,the university of adelaide,QS World University Rankings 2025,International Education Costs Dataset,High
Australia,Adelaide,University of Adelaide,Computer Science,Master,2.0,42200,67.5,1400,450,650,1.52,university of adelaide,university of adelaide,the university of adelaide,91.66666666666666,82,89,The University of Adelaide,Australia,Oceania,L,FC,VH,A,56.0,138,38.9,242,17.9,701+,87.0,86,100.0,78,99.3,53,93.6,108,51.5,246,95.7,49,63.8,the university of adelaide,QS World University Rankings 2025,International Education Costs Dataset,High
Australia,Adelaide,University of Adelaide,Computer Science,Master,2.0,42200,67.5,1400,450,650,1.52,university of adelaide,university of adelaide,the university of adelaide,91.66666666666666,82,89,The University of Adelaide,Australia,Oceania,L,FC,VH,A,56.0,138,38.9,242,17.9,701+,87.0,86,100.0,78,99.3,53,93.6,108,51.5,246,95.7,49,63.8,the university of adelaide,QS World University Rankings 2025,International Education Costs Dataset,High
Australia,Adelaide,University of Adelaide,Computer Science,Master,2.0,42200,67.5,1400,450,650,1.52,university of adelaide,university of adelaide,the university of adelaide,91.66666666666666,82,89,The University of Adelaide,Australia,Oceania,L,FC,VH,A,56.0,138,38.9,242,17.9,701+,87.0,86,100.0,78,99.3,53,93.6,108,51.5,246,95.7,49,63.8,the university of adelaide,QS World University Rankings 2025,International Education Costs Dataset,High
Australia,Adelaide,University of Adelaide,Computer Science,Master,2.0,42200,67.5,1400,450,650,1.52,university of adelaide,university of adelaide,the university of adelaide,91.66666666666666,82,89,The University of Adelaide,Australia,Oceania,L,FC,VH,A,56.0,138,38.9,242,17.9,701+,87.0,86,100.0,78,99.3,53,93.6,108,51.5,246,95.7,49,63.8,the university of adelaide,QS World University Rankings 2025,International Education Costs Dataset,High
Australia,Adelaide,University of Adelaide,Computer Science,Master,2.0,42200,67.5,1400,450,650,1.52,university of adelaide,university of adelaide,the university of adelaide,91.66666666666666,82,89,The University of Adelaide,Australia,Oceania,L,FC,VH,A,56.0,138,38.9,242,17.9,701+,87.0,86,100.0,78,99.3,53,93.6,108,51.5,246,95.7,49,63.8,the university of adelaide,QS World University Rankings 2025,International Education Costs Dataset,High
Australia,Adelaide,University of Adelaide,Computer Science,PhD,4.0,32200,67.5,1400,450,650,1.52,university of adelaide,university of adelaide,the university of adelaide,91.66666666666666,82,89,The University of Adelaide,Australia,Oceania,L,FC,VH,A,56.0,138,38.9,242,17.9,701+,87.0,86,100.0,78,99.3,53,93.6,108,51.5,246,95.7,49,63.8,the university of adelaide,QS World University Rankings 2025,International Education Costs Dataset,High
Australia,Adelaide,University of Adelaide,Computer Science,PhD,4.0,32200,67.5,1400,450,650,1.52,university of adelaide,university of adelaide,the university of adelaide,91.66666666666666,82,89,The University of Adelaide,Australia,Oceania,L,FC,VH,A,56.0,138,38.9,242,17.9,701+,87.0,86,100.0,78,99.3,53,93.6,108,51.5,246,95.7,49,63.8,the university of adelaide,QS World University Rankings 2025,International Education Costs Dataset,High
Australia,Adelaide,University of Adelaide,Computer Science,PhD,4.0,32200,67.5,1400,450,650,1.52,university of adelaide,university of adelaide,the university of adelaide,91.66666666666666,82,89,The University of Adelaide,Australia,Oceania,L,FC,VH,A,56.0,138,38.9,242,17.9,701+,87.0,86,100.0,78,99.3,53,93.6,108,51.5,246,95.7,49,63.8,the university of adelaide,QS World University Rankings 2025,International Education Costs Dataset,High
Australia,Adelaide,University of Adelaide,Computer Science,PhD,4.0,32200,67.5,1400,450,650,1.52,university of adelaide,university of adelaide,the university of adelaide,91.66666666666666,82,89,The University of Adelaide,Australia,Oceania,L,FC,VH,A,56.0,138,38.9,242,17.9,701+,87.0,86,100.0,78,99.3,53,93.6,108,51.5,246,95.7,49,63.8,the university of adelaide,QS World University Rankings 2025,International Education Costs Dataset,High
Australia,Adelaide,University of Adelaide,Computer Science,PhD,4.0,32200,67.5,1400,450,650,1.52,university of adelaide,university of adelaide,the university of adelaide,91.66666666666666,82,89,The University of Adelaide,Australia,Oceania,L,FC,VH,A,56.0,138,38.9,242,17.9,701+,87.0,86,100.0,78,99.3,53,93.6,108,51.5,246,95.7,49,63.8,the university of adelaide,QS World University Rankings 2025,International Education Costs Dataset,High
Australia,Perth,University of Western Australia,Computer Science,Bachelor,3.0,38800,68.2,1500,450,650,1.52,university of western australia,university of western australia,the university of western australia,93.93939393939394,77,72,The University of Western Australia,Australia,Oceania,L,FC,VH,A,55.5,141,41.8,225,13.1,701+,98.8,30,100.0,37,99.8,40,94.2,95,78.0,128,50.8,315=,65.2,the university of western australia,QS World University Rankings 2025,International Education Costs Dataset,High
Australia,Perth,University of Western Australia,Computer Science,Bachelor,3.0,38800,68.2,1500,450,650,1.52,university of western australia,university of western australia,the university of western australia,93.93939393939394,77,72,The University of Western Australia,Australia,Oceania,L,FC,VH,A,55.5,141,41.8,225,13.1,701+,98.8,30,100.0,37,99.8,40,94.2,95,78.0,128,50.8,315=,65.2,the university of western australia,QS World University Rankings 2025,International Education Costs Dataset,High
Australia,Perth,University of Western Australia,Computer Science,Bachelor,3.0,38800,68.2,1500,450,650,1.52,university of western australia,university of western australia,the university of western australia,93.93939393939394,77,72,The University of Western Australia,Australia,Oceania,L,FC,VH,A,55.5,141,41.8,225,13.1,701+,98.8,30,100.0,37,99.8,40,94.2,95,78.0,128,50.8,315=,65.2,the university of western australia,QS World University Rankings 2025,International Education Costs Dataset,High
Australia,Perth,University of Western Australia,Computer Science,Bachelor,3.0,38800,68.2,1500,450,650,1.52,university of western australia,university of western australia,the university of western australia,93.93939393939394,77,72,The University of Western Australia,Australia,Oceania,L,FC,VH,A,55.5,141,41.8,225,13.1,701+,98.8,30,100.0,37,99.8,40,94.2,95,78.0,128,50.8,315=,65.2,the university of western australia,QS World University Rankings 2025,International Education Costs Dataset,High
Australia,Perth,University of Western Australia,Computer Science,Bachelor,3.0,38800,68.2,1500,450,650,1.52,university of western australia,university of western australia,the university of western australia,93.93939393939394,77,72,The University of Western Australia,Australia,Oceania,L,FC,VH,A,55.5,141,41.8,225,13.1,701+,98.8,30,100.0,37,99.8,40,94.2,95,78.0,128,50.8,315=,65.2,the university of western australia,QS World University Rankings 2025,International Education Costs Dataset,High
Australia,Perth,University of Western Australia,Computer Science,Master,2.0,41800,68.2,1500,450,650,1.52,university of western australia,university of western australia,the university of western australia,93.93939393939394,77,72,The University of Western Australia,Australia,Oceania,L,FC,VH,A,55.5,141,41.8,225,13.1,701+,98.8,30,100.0,37,99.8,40,94.2,95,78.0,128,50.8,315=,65.2,the university of western australia,QS World University Rankings 2025,International Education Costs Dataset,High
Australia,Perth,University of Western Australia,Computer Science,Master,2.0,41800,68.2,1500,450,650,1.52,university of western australia,university of western australia,the university of western australia,93.93939393939394,77,72,The University of Western Australia,Australia,Oceania,L,FC,VH,A,55.5,141,41.8,225,13.1,701+,98.8,30,100.0,37,99.8,40,94.2,95,78.0,128,50.8,315=,65.2,the university of western australia,QS World University Rankings 2025,International Education Costs Dataset,High
Australia,Perth,University of Western Australia,Computer Science,Master,2.0,41800,68.2,1500,450,650,1.52,university of western australia,university of western australia,the university of western australia,93.93939393939394,77,72,The University of Western Australia,Australia,Oceania,L,FC,VH,A,55.5,141,41.8,225,13.1,701+,98.8,30,100.0,37,99.8,40,94.2,95,78.0,128,50.8,315=,65.2,the university of western australia,QS World University Rankings 2025,International Education Costs Dataset,High
Australia,Perth,University of Western Australia,Computer Science,Master,2.0,41800,68.2,1500,450,650,1.52,university of western australia,university of western australia,the university of western australia,93.93939393939394,77,72,The University of Western Australia,Australia,Oceania,L,FC,VH,A,55.5,141,41.8,225,13.1,701+,98.8,30,100.0,37,99.8,40,94.2,95,78.0,128,50.8,315=,65.2,the university of western australia,QS World University Rankings 2025,International Education Costs Dataset,High
Australia,Perth,University of Western Australia,Computer Science,Master,2.0,41800,68.2,1500,450,650,1.52,university of western australia,university of western australia,the university of western australia,93.93939393939394,77,72,The University of Western Australia,Australia,Oceania,L,FC,VH,A,55.5,141,41.8,225,13.1,701+,98.8,30,100.0,37,99.8,40,94.2,95,78.0,128,50.8,315=,65.2,the university of western australia,QS World University Rankings 2025,International Education Costs Dataset,High
Australia,Perth,University of Western Australia,Computer Science,PhD,4.0,31800,68.2,1500,450,650,1.52,university of western australia,university of western australia,the university of western australia,93.93939393939394,77,72,The University of Western Australia,Australia,Oceania,L,FC,VH,A,55.5,141,41.8,225,13.1,701+,98.8,30,100.0,37,99.8,40,94.2,95,78.0,128,50.8,315=,65.2,the university of western australia,QS World University Rankings 2025,International Education Costs Dataset,High
Australia,Perth,University of Western Australia,Computer Science,PhD,4.0,31800,68.2,1500,450,650,1.52,university of western australia,university of western australia,the university of western australia,93.93939393939394,77,72,The University of Western Australia,Australia,Oceania,L,FC,VH,A,55.5,141,41.8,225,13.1,701+,98.8,30,100.0,37,99.8,40,94.2,95,78.0,128,50.8,315=,65.2,the university of western australia,QS World University Rankings 2025,International Education Costs Dataset,High
Australia,Perth,University of Western Australia,Computer Science,PhD,4.0,31800,68.2,1500,450,650,1.52,university of western australia,university of western australia,the university of western australia,93.93939393939394,77,72,The University of Western Australia,Australia,Oceania,L,FC,VH,A,55.5,141,41.8,225,13.1,701+,98.8,30,100.0,37,99.8,40,94.2,95,78.0,128,50.8,315=,65.2,the university of western australia,QS World University Rankings 2025,International Education Costs Dataset,High
Australia,Perth,University of Western Australia,Computer Science,PhD,4.0,31800,68.2,1500,450,650,1.52,university of western australia,university of western australia,the university of western australia,93.93939393939394,77,72,The University of Western Australia,Australia,Oceania,L,FC,VH,A,55.5,141,41.8,225,13.1,701+,98.8,30,100.0,37,99.8,40,94.2,95,78.0,128,50.8,315=,65.2,the university of western australia,QS World University Rankings 2025,International Education Costs Dataset,High
Australia,Perth,University of Western Australia,Computer Science,PhD,4.0,31800,68.2,1500,450,650,1.52,university of western australia,university of western australia,the university of western australia,93.93939393939394,77,72,The University of Western Australia,Australia,Oceania,L,FC,VH,A,55.5,141,41.8,225,13.1,701+,98.8,30,100.0,37,99.8,40,94.2,95,78.0,128,50.8,315=,65.2,the university of western australia,QS World University Rankings 2025,International Education Costs Dataset,High
Australia,Brisbane,Queensland University of Technology,Computer Science,Bachelor,3.0,38200,69.2,1400,450,650,1.52,queensland university of technology,queensland university of technology,queensland university of technology qut,94.5945945945946,213,189,Queensland University of Technology (QUT),Australia,Oceania,XL,CO,VH,A,39.8,214,33.1,285,8.1,701+,59.9,202,97.9,122,20.7,530,83.4,274,19.0,581,89.4,100,44.7,queensland university of technology qut,QS World University Rankings 2025,International Education Costs Dataset,High
Australia,Brisbane,Queensland University of Technology,Computer Science,Bachelor,3.0,38200,69.2,1400,450,650,1.52,queensland university of technology,queensland university of technology,queensland university of technology qut,94.5945945945946,213,189,Queensland University of Technology (QUT),Australia,Oceania,XL,CO,VH,A,39.8,214,33.1,285,8.1,701+,59.9,202,97.9,122,20.7,530,83.4,274,19.0,581,89.4,100,44.7,queensland university of technology qut,QS World University Rankings 2025,International Education Costs Dataset,High
Australia,Brisbane,Queensland University of Technology,Computer Science,Bachelor,3.0,38200,69.2,1400,450,650,1.52,queensland university of technology,queensland university of technology,queensland university of technology qut,94.5945945945946,213,189,Queensland University of Technology (QUT),Australia,Oceania,XL,CO,VH,A,39.8,214,33.1,285,8.1,701+,59.9,202,97.9,122,20.7,530,83.4,274,19.0,581,89.4,100,44.7,queensland university of technology qut,QS World University Rankings 2025,International Education Costs Dataset,High
Australia,Brisbane,Queensland University of Technology,Computer Science,Master,2.0,41200,69.2,1400,450,650,1.52,queensland university of technology,queensland university of technology,queensland university of technology qut,94.5945945945946,213,189,Queensland University of Technology (QUT),Australia,Oceania,XL,CO,VH,A,39.8,214,33.1,285,8.1,701+,59.9,202,97.9,122,20.7,530,83.4,274,19.0,581,89.4,100,44.7,queensland university of technology qut,QS World University Rankings 2025,International Education Costs Dataset,High
Australia,Brisbane,Queensland University of Technology,Computer Science,Master,2.0,41200,69.2,1400,450,650,1.52,queensland university of technology,queensland university of technology,queensland university of technology qut,94.5945945945946,213,189,Queensland University of Technology (QUT),Australia,Oceania,XL,CO,VH,A,39.8,214,33.1,285,8.1,701+,59.9,202,97.9,122,20.7,530,83.4,274,19.0,581,89.4,100,44.7,queensland university of technology qut,QS World University Rankings 2025,International Education Costs Dataset,High
Australia,Brisbane,Queensland University of Technology,Computer Science,Master,2.0,41200,69.2,1400,450,650,1.52,queensland university of technology,queensland university of technology,queensland university of technology qut,94.5945945945946,213,189,Queensland University of Technology (QUT),Australia,Oceania,XL,CO,VH,A,39.8,214,33.1,285,8.1,701+,59.9,202,97.9,122,20.7,530,83.4,274,19.0,581,89.4,100,44.7,queensland university of technology qut,QS World University Rankings 2025,International Education Costs Dataset,High
Australia,Brisbane,Queensland University of Technology,Computer Science,PhD,4.0,31200,69.2,1400,450,650,1.52,queensland university of technology,queensland university of technology,queensland university of technology qut,94.5945945945946,213,189,Queensland University of Technology (QUT),Australia,Oceania,XL,CO,VH,A,39.8,214,33.1,285,8.1,701+,59.9,202,97.9,122,20.7,530,83.4,274,19.0,581,89.4,100,44.7,queensland university of technology qut,QS World University Rankings 2025,International Education Costs Dataset,High
Australia,Brisbane,Queensland University of Technology,Computer Science,PhD,4.0,31200,69.2,1400,450,650,1.52,queensland university of technology,queensland university of technology,queensland university of technology qut,94.5945945945946,213,189,Queensland University of Technology (QUT),Australia,Oceania,XL,CO,VH,A,39.8,214,33.1,285,8.1,701+,59.9,202,97.9,122,20.7,530,83.4,274,19.0,581,89.4,100,44.7,queensland university of technology qut,QS World University Rankings 2025,International Education Costs Dataset,High
Australia,Brisbane,Queensland University of Technology,Computer Science,PhD,4.0,31200,69.2,1400,450,650,1.52,queensland university of technology,queensland university of technology,queensland university of technology qut,94.5945945945946,213,189,Queensland University of Technology (QUT),Australia,Oceania,XL,CO,VH,A,39.8,214,33.1,285,8.1,701+,59.9,202,97.9,122,20.7,530,83.4,274,19.0,581,89.4,100,44.7,queensland university of technology qut,QS World University Rankings 2025,International Education Costs Dataset,High
Australia,Sydney,University of Technology Sydney,Computer Science,Bachelor,3.0,37800,74.5,1800,450,650,1.52,university of technology sydney,university of technology sydney,university of technology sydney,100.0,88,90,University of Technology Sydney,Australia,Oceania,L,CO,VH,A,43.9,194,55.0,153,9.8,701+,97.7,39,96.6,133,86.0,145,91.4,150,40.2,318,96.3,43,62.4,university of technology sydney,QS World University Rankings 2025,International Education Costs Dataset,Excellent
Australia,Sydney,University of Technology Sydney,Computer Science,Bachelor,3.0,37800,74.5,1800,450,650,1.52,university of technology sydney,university of technology sydney,university of technology sydney,100.0,88,90,University of Technology Sydney,Australia,Oceania,L,CO,VH,A,43.9,194,55.0,153,9.8,701+,97.7,39,96.6,133,86.0,145,91.4,150,40.2,318,96.3,43,62.4,university of technology sydney,QS World University Rankings 2025,International Education Costs Dataset,Excellent
Australia,Sydney,University of Technology Sydney,Computer Science,Bachelor,3.0,37800,74.5,1800,450,650,1.52,university of technology sydney,university of technology sydney,university of technology sydney,100.0,88,90,University of Technology Sydney,Australia,Oceania,L,CO,VH,A,43.9,194,55.0,153,9.8,701+,97.7,39,96.6,133,86.0,145,91.4,150,40.2,318,96.3,43,62.4,university of technology sydney,QS World University Rankings 2025,International Education Costs Dataset,Excellent
Australia,Sydney,University of Technology Sydney,Computer Science,Master,2.0,40800,74.5,1800,450,650,1.52,university of technology sydney,university of technology sydney,university of technology sydney,100.0,88,90,University of Technology Sydney,Australia,Oceania,L,CO,VH,A,43.9,194,55.0,153,9.8,701+,97.7,39,96.6,133,86.0,145,91.4,150,40.2,318,96.3,43,62.4,university of technology sydney,QS World University Rankings 2025,International Education Costs Dataset,Excellent
Australia,Sydney,University of Technology Sydney,Computer Science,Master,2.0,40800,74.5,1800,450,650,1.52,university of technology sydney,university of technology sydney,university of technology sydney,100.0,88,90,University of Technology Sydney,Australia,Oceania,L,CO,VH,A,43.9,194,55.0,153,9.8,701+,97.7,39,96.6,133,86.0,145,91.4,150,40.2,318,96.3,43,62.4,university of technology sydney,QS World University Rankings 2025,International Education Costs Dataset,Excellent
Australia,Sydney,University of Technology Sydney,Computer Science,Master,2.0,40800,74.5,1800,450,650,1.52,university of technology sydney,university of technology sydney,university of technology sydney,100.0,88,90,University of Technology Sydney,Australia,Oceania,L,CO,VH,A,43.9,194,55.0,153,9.8,701+,97.7,39,96.6,133,86.0,145,91.4,150,40.2,318,96.3,43,62.4,university of technology sydney,QS World University Rankings 2025,International Education Costs Dataset,Excellent
Australia,Sydney,University of Technology Sydney,Computer Science,PhD,4.0,30800,74.5,1800,450,650,1.52,university of technology sydney,university of technology sydney,university of technology sydney,100.0,88,90,University of Technology Sydney,Australia,Oceania,L,CO,VH,A,43.9,194,55.0,153,9.8,701+,97.7,39,96.6,133,86.0,145,91.4,150,40.2,318,96.3,43,62.4,university of technology sydney,QS World University Rankings 2025,International Education Costs Dataset,Excellent
Australia,Sydney,University of Technology Sydney,Computer Science,PhD,4.0,30800,74.5,1800,450,650,1.52,university of technology sydney,university of technology sydney,university of technology sydney,100.0,88,90,University of Technology Sydney,Australia,Oceania,L,CO,VH,A,43.9,194,55.0,153,9.8,701+,97.7,39,96.6,133,86.0,145,91.4,150,40.2,318,96.3,43,62.4,university of technology sydney,QS World University Rankings 2025,International Education Costs Dataset,Excellent
Australia,Sydney,University of Technology Sydney,Computer Science,PhD,4.0,30800,74.5,1800,450,650,1.52,university of technology sydney,university of technology sydney,university of technology sydney,100.0,88,90,University of Technology Sydney,Australia,Oceania,L,CO,VH,A,43.9,194,55.0,153,9.8,701+,97.7,39,96.6,133,86.0,145,91.4,150,40.2,318,96.3,43,62.4,university of technology sydney,QS World University Rankings 2025,International Education Costs Dataset,Excellent
Australia,Melbourne,RMIT University,Computer Science,Bachelor,3.0,37200,72.8,1600,450,650,1.52,rmit university,rmit university,rmit university,100.0,123,140,RMIT University,Australia,Oceania,XL,CO,VH,A,40.4,210,48.0,192,5.2,701+,77.7,122,100.0,45,91.4,116,83.2,276,38.4,334,93.9,62=,55.5,rmit university,QS World University Rankings 2025,International Education Costs Dataset,Excellent
Australia,Melbourne,RMIT University,Computer Science,Bachelor,3.0,37200,72.8,1600,450,650,1.52,rmit university,rmit university,rmit university,100.0,123,140,RMIT University,Australia,Oceania,XL,CO,VH,A,40.4,210,48.0,192,5.2,701+,77.7,122,100.0,45,91.4,116,83.2,276,38.4,334,93.9,62=,55.5,rmit university,QS World University Rankings 2025,International Education Costs Dataset,Excellent
Australia,Melbourne,RMIT University,Computer Science,Bachelor,3.0,37200,72.8,1600,450,650,1.52,rmit university,rmit university,rmit university,100.0,123,140,RMIT University,Australia,Oceania,XL,CO,VH,A,40.4,210,48.0,192,5.2,701+,77.7,122,100.0,45,91.4,116,83.2,276,38.4,334,93.9,62=,55.5,rmit university,QS World University Rankings 2025,International Education Costs Dataset,Excellent
Australia,Melbourne,RMIT University,Computer Science,Master,2.0,40200,72.8,1600,450,650,1.52,rmit university,rmit university,rmit university,100.0,123,140,RMIT University,Australia,Oceania,XL,CO,VH,A,40.4,210,48.0,192,5.2,701+,77.7,122,100.0,45,91.4,116,83.2,276,38.4,334,93.9,62=,55.5,rmit university,QS World University Rankings 2025,International Education Costs Dataset,Excellent
Australia,Melbourne,RMIT University,Computer Science,Master,2.0,40200,72.8,1600,450,650,1.52,rmit university,rmit university,rmit university,100.0,123,140,RMIT University,Australia,Oceania,XL,CO,VH,A,40.4,210,48.0,192,5.2,701+,77.7,122,100.0,45,91.4,116,83.2,276,38.4,334,93.9,62=,55.5,rmit university,QS World University Rankings 2025,International Education Costs Dataset,Excellent
Australia,Melbourne,RMIT University,Computer Science,Master,2.0,40200,72.8,1600,450,650,1.52,rmit university,rmit university,rmit university,100.0,123,140,RMIT University,Australia,Oceania,XL,CO,VH,A,40.4,210,48.0,192,5.2,701+,77.7,122,100.0,45,91.4,116,83.2,276,38.4,334,93.9,62=,55.5,rmit university,QS World University Rankings 2025,International Education Costs Dataset,Excellent
Australia,Melbourne,RMIT University,Computer Science,PhD,4.0,30200,72.8,1600,450,650,1.52,rmit university,rmit university,rmit university,100.0,123,140,RMIT University,Australia,Oceania,XL,CO,VH,A,40.4,210,48.0,192,5.2,701+,77.7,122,100.0,45,91.4,116,83.2,276,38.4,334,93.9,62=,55.5,rmit university,QS World University Rankings 2025,International Education Costs Dataset,Excellent
Australia,Melbourne,RMIT University,Computer Science,PhD,4.0,30200,72.8,1600,450,650,1.52,rmit university,rmit university,rmit university,100.0,123,140,RMIT University,Australia,Oceania,XL,CO,VH,A,40.4,210,48.0,192,5.2,701+,77.7,122,100.0,45,91.4,116,83.2,276,38.4,334,93.9,62=,55.5,rmit university,QS World University Rankings 2025,International Education Costs Dataset,Excellent
Australia,Melbourne,RMIT University,Computer Science,PhD,4.0,30200,72.8,1600,450,650,1.52,rmit university,rmit university,rmit university,100.0,123,140,RMIT University,Australia,Oceania,XL,CO,VH,A,40.4,210,48.0,192,5.2,701+,77.7,122,100.0,45,91.4,116,83.2,276,38.4,334,93.9,62=,55.5,rmit university,QS World University Rankings 2025,International Education Costs Dataset,Excellent
Australia,Wollongong,University of Wollongong,Computer Science,Bachelor,3.0,36800,65.8,1300,450,650,1.52,university of wollongong,university of wollongong,university of wollongong,100.0,167,162,University of Wollongong,Australia,Oceania,L,FC,VH,A,29.5,300,24.5,393,17.0,701+,94.6,52,91.8,178,56.3,265,89.0,185,18.3,596,93.9,62=,50.3,university of wollongong,QS World University Rankings 2025,International Education Costs Dataset,Excellent
Australia,Wollongong,University of Wollongong,Computer Science,Bachelor,3.0,36800,65.8,1300,450,650,1.52,university of wollongong,university of wollongong,university of wollongong,100.0,167,162,University of Wollongong,Australia,Oceania,L,FC,VH,A,29.5,300,24.5,393,17.0,701+,94.6,52,91.8,178,56.3,265,89.0,185,18.3,596,93.9,62=,50.3,university of wollongong,QS World University Rankings 2025,International Education Costs Dataset,Excellent
Australia,Wollongong,University of Wollongong,Computer Science,Bachelor,3.0,36800,65.8,1300,450,650,1.52,university of wollongong,university of wollongong,university of wollongong,100.0,167,162,University of Wollongong,Australia,Oceania,L,FC,VH,A,29.5,300,24.5,393,17.0,701+,94.6,52,91.8,178,56.3,265,89.0,185,18.3,596,93.9,62=,50.3,university of wollongong,QS World University Rankings 2025,International Education Costs Dataset,Excellent
Australia,Wollongong,University of Wollongong,Computer Science,Bachelor,3.0,36800,65.8,1300,450,650,1.52,university of wollongong,university of wollongong,university of wollongong,100.0,167,162,University of Wollongong,Australia,Oceania,L,FC,VH,A,29.5,300,24.5,393,17.0,701+,94.6,52,91.8,178,56.3,265,89.0,185,18.3,596,93.9,62=,50.3,university of wollongong,QS World University Rankings 2025,International Education Costs Dataset,Excellent
Australia,Wollongong,University of Wollongong,Computer Science,Bachelor,3.0,36800,65.8,1300,450,650,1.52,university of wollongong,university of wollongong,university of wollongong,100.0,167,162,University of Wollongong,Australia,Oceania,L,FC,VH,A,29.5,300,24.5,393,17.0,701+,94.6,52,91.8,178,56.3,265,89.0,185,18.3,596,93.9,62=,50.3,university of wollongong,QS World University Rankings 2025,International Education Costs Dataset,Excellent
Australia,Wollongong,University of Wollongong,Computer Science,Master,2.0,39800,65.8,1300,450,650,1.52,university of wollongong,university of wollongong,university of wollongong,100.0,167,162,University of Wollongong,Australia,Oceania,L,FC,VH,A,29.5,300,24.5,393,17.0,701+,94.6,52,91.8,178,56.3,265,89.0,185,18.3,596,93.9,62=,50.3,university of wollongong,QS World University Rankings 2025,International Education Costs Dataset,Excellent
Australia,Wollongong,University of Wollongong,Computer Science,Master,2.0,39800,65.8,1300,450,650,1.52,university of wollongong,university of wollongong,university of wollongong,100.0,167,162,University of Wollongong,Australia,Oceania,L,FC,VH,A,29.5,300,24.5,393,17.0,701+,94.6,52,91.8,178,56.3,265,89.0,185,18.3,596,93.9,62=,50.3,university of wollongong,QS World University Rankings 2025,International Education Costs Dataset,Excellent
Australia,Wollongong,University of Wollongong,Computer Science,Master,2.0,39800,65.8,1300,450,650,1.52,university of wollongong,university of wollongong,university of wollongong,100.0,167,162,University of Wollongong,Australia,Oceania,L,FC,VH,A,29.5,300,24.5,393,17.0,701+,94.6,52,91.8,178,56.3,265,89.0,185,18.3,596,93.9,62=,50.3,university of wollongong,QS World University Rankings 2025,International Education Costs Dataset,Excellent
Australia,Wollongong,University of Wollongong,Computer Science,Master,2.0,39800,65.8,1300,450,650,1.52,university of wollongong,university of wollongong,university of wollongong,100.0,167,162,University of Wollongong,Australia,Oceania,L,FC,VH,A,29.5,300,24.5,393,17.0,701+,94.6,52,91.8,178,56.3,265,89.0,185,18.3,596,93.9,62=,50.3,university of wollongong,QS World University Rankings 2025,International Education Costs Dataset,Excellent
Australia,Wollongong,University of Wollongong,Computer Science,Master,2.0,39800,65.8,1300,450,650,1.52,university of wollongong,university of wollongong,university of wollongong,100.0,167,162,University of Wollongong,Australia,Oceania,L,FC,VH,A,29.5,300,24.5,393,17.0,701+,94.6,52,91.8,178,56.3,265,89.0,185,18.3,596,93.9,62=,50.3,university of wollongong,QS World University Rankings 2025,International Education Costs Dataset,Excellent
Australia,Wollongong,University of Wollongong,Computer Science,PhD,4.0,29800,65.8,1300,450,650,1.52,university of wollongong,university of wollongong,university of wollongong,100.0,167,162,University of Wollongong,Australia,Oceania,L,FC,VH,A,29.5,300,24.5,393,17.0,701+,94.6,52,91.8,178,56.3,265,89.0,185,18.3,596,93.9,62=,50.3,university of wollongong,QS World University Rankings 2025,International Education Costs Dataset,Excellent
Australia,Wollongong,University of Wollongong,Computer Science,PhD,4.0,29800,65.8,1300,450,650,1.52,university of wollongong,university of wollongong,university of wollongong,100.0,167,162,University of Wollongong,Australia,Oceania,L,FC,VH,A,29.5,300,24.5,393,17.0,701+,94.6,52,91.8,178,56.3,265,89.0,185,18.3,596,93.9,62=,50.3,university of wollongong,QS World University Rankings 2025,International Education Costs Dataset,Excellent
Australia,Wollongong,University of Wollongong,Computer Science,PhD,4.0,29800,65.8,1300,450,650,1.52,university of wollongong,university of wollongong,university of wollongong,100.0,167,162,University of Wollongong,Australia,Oceania,L,FC,VH,A,29.5,300,24.5,393,17.0,701+,94.6,52,91.8,178,56.3,265,89.0,185,18.3,596,93.9,62=,50.3,university of wollongong,QS World University Rankings 2025,International Education Costs Dataset,Excellent
Australia,Wollongong,University of Wollongong,Computer Science,PhD,4.0,29800,65.8,1300,450,650,1.52,university of wollongong,university of wollongong,university of wollongong,100.0,167,162,University of Wollongong,Australia,Oceania,L,FC,VH,A,29.5,300,24.5,393,17.0,701+,94.6,52,91.8,178,56.3,265,89.0,185,18.3,596,93.9,62=,50.3,university of wollongong,QS World University Rankings 2025,International Education Costs Dataset,Excellent
Australia,Wollongong,University of Wollongong,Computer Science,PhD,4.0,29800,65.8,1300,450,650,1.52,university of wollongong,university of wollongong,university of wollongong,100.0,167,162,University of Wollongong,Australia,Oceania,L,FC,VH,A,29.5,300,24.5,393,17.0,701+,94.6,52,91.8,178,56.3,265,89.0,185,18.3,596,93.9,62=,50.3,university of wollongong,QS World University Rankings 2025,International Education Costs Dataset,Excellent
Australia,Newcastle,University of Newcastle,Computer Science,Bachelor,3.0,36200,66.2,1300,450,650,1.52,university of newcastle,university of newcastle,newcastle university,93.02325581395348,129,110,Newcastle University,United Kingdom,Europe,L,FC,VH,A,50.0,164,59.3,137,39.2,399,38.7,362,89.5,193,68.6,217,97.1,42,31.3,403,97.1,30=,54.5,newcastle university,QS World University Rankings 2025,International Education Costs Dataset,High
Australia,Newcastle,University of Newcastle,Computer Science,Bachelor,3.0,36200,66.2,1300,450,650,1.52,university of newcastle,university of newcastle,newcastle university,93.02325581395348,129,110,Newcastle University,United Kingdom,Europe,L,FC,VH,A,50.0,164,59.3,137,39.2,399,38.7,362,89.5,193,68.6,217,97.1,42,31.3,403,97.1,30=,54.5,newcastle university,QS World University Rankings 2025,International Education Costs Dataset,High
Australia,Newcastle,University of Newcastle,Computer Science,Bachelor,3.0,36200,66.2,1300,450,650,1.52,university of newcastle,university of newcastle,newcastle university,93.02325581395348,129,110,Newcastle University,United Kingdom,Europe,L,FC,VH,A,50.0,164,59.3,137,39.2,399,38.7,362,89.5,193,68.6,217,97.1,42,31.3,403,97.1,30=,54.5,newcastle university,QS World University Rankings 2025,International Education Costs Dataset,High
Australia,Newcastle,University of Newcastle,Computer Science,Bachelor,3.0,36200,66.2,1300,450,650,1.52,university of newcastle,university of newcastle,newcastle university,93.02325581395348,129,110,Newcastle University,United Kingdom,Europe,L,FC,VH,A,50.0,164,59.3,137,39.2,399,38.7,362,89.5,193,68.6,217,97.1,42,31.3,403,97.1,30=,54.5,newcastle university,QS World University Rankings 2025,International Education Costs Dataset,High
Australia,Newcastle,University of Newcastle,Computer Science,Bachelor,3.0,36200,66.2,1300,450,650,1.52,university of newcastle,university of newcastle,newcastle university,93.02325581395348,129,110,Newcastle University,United Kingdom,Europe,L,FC,VH,A,50.0,164,59.3,137,39.2,399,38.7,362,89.5,193,68.6,217,97.1,42,31.3,403,97.1,30=,54.5,newcastle university,QS World University Rankings 2025,International Education Costs Dataset,High
Australia,Newcastle,University of Newcastle,Computer Science,Master,2.0,39200,66.2,1300,450,650,1.52,university of newcastle,university of newcastle,newcastle university,93.02325581395348,129,110,Newcastle University,United Kingdom,Europe,L,FC,VH,A,50.0,164,59.3,137,39.2,399,38.7,362,89.5,193,68.6,217,97.1,42,31.3,403,97.1,30=,54.5,newcastle university,QS World University Rankings 2025,International Education Costs Dataset,High
Australia,Newcastle,University of Newcastle,Computer Science,Master,2.0,39200,66.2,1300,450,650,1.52,university of newcastle,university of newcastle,newcastle university,93.02325581395348,129,110,Newcastle University,United Kingdom,Europe,L,FC,VH,A,50.0,164,59.3,137,39.2,399,38.7,362,89.5,193,68.6,217,97.1,42,31.3,403,97.1,30=,54.5,newcastle university,QS World University Rankings 2025,International Education Costs Dataset,High
Australia,Newcastle,University of Newcastle,Computer Science,Master,2.0,39200,66.2,1300,450,650,1.52,university of newcastle,university of newcastle,newcastle university,93.02325581395348,129,110,Newcastle University,United Kingdom,Europe,L,FC,VH,A,50.0,164,59.3,137,39.2,399,38.7,362,89.5,193,68.6,217,97.1,42,31.3,403,97.1,30=,54.5,newcastle university,QS World University Rankings 2025,International Education Costs Dataset,High
Australia,Newcastle,University of Newcastle,Computer Science,Master,2.0,39200,66.2,1300,450,650,1.52,university of newcastle,university of newcastle,newcastle university,93.02325581395348,129,110,Newcastle University,United Kingdom,Europe,L,FC,VH,A,50.0,164,59.3,137,39.2,399,38.7,362,89.5,193,68.6,217,97.1,42,31.3,403,97.1,30=,54.5,newcastle university,QS World University Rankings 2025,International Education Costs Dataset,High
Australia,Newcastle,University of Newcastle,Computer Science,Master,2.0,39200,66.2,1300,450,650,1.52,university of newcastle,university of newcastle,newcastle university,93.02325581395348,129,110,Newcastle University,United Kingdom,Europe,L,FC,VH,A,50.0,164,59.3,137,39.2,399,38.7,362,89.5,193,68.6,217,97.1,42,31.3,403,97.1,30=,54.5,newcastle university,QS World University Rankings 2025,International Education Costs Dataset,High
Australia,Newcastle,University of Newcastle,Computer Science,PhD,4.0,29200,66.2,1300,450,650,1.52,university of newcastle,university of newcastle,newcastle university,93.02325581395348,129,110,Newcastle University,United Kingdom,Europe,L,FC,VH,A,50.0,164,59.3,137,39.2,399,38.7,362,89.5,193,68.6,217,97.1,42,31.3,403,97.1,30=,54.5,newcastle university,QS World University Rankings 2025,International Education Costs Dataset,High
Australia,Newcastle,University of Newcastle,Computer Science,PhD,4.0,29200,66.2,1300,450,650,1.52,university of newcastle,university of newcastle,newcastle university,93.02325581395348,129,110,Newcastle University,United Kingdom,Europe,L,FC,VH,A,50.0,164,59.3,137,39.2,399,38.7,362,89.5,193,68.6,217,97.1,42,31.3,403,97.1,30=,54.5,newcastle university,QS World University Rankings 2025,International Education Costs Dataset,High
Australia,Newcastle,University of Newcastle,Computer Science,PhD,4.0,29200,66.2,1300,450,650,1.52,university of newcastle,university of newcastle,newcastle university,93.02325581395348,129,110,Newcastle University,United Kingdom,Europe,L,FC,VH,A,50.0,164,59.3,137,39.2,399,38.7,362,89.5,193,68.6,217,97.1,42,31.3,403,97.1,30=,54.5,newcastle university,QS World University Rankings 2025,International Education Costs Dataset,High
Australia,Newcastle,University of Newcastle,Computer Science,PhD,4.0,29200,66.2,1300,450,650,1.52,university of newcastle,university of newcastle,newcastle university,93.02325581395348,129,110,Newcastle University,United Kingdom,Europe,L,FC,VH,A,50.0,164,59.3,137,39.2,399,38.7,362,89.5,193,68.6,217,97.1,42,31.3,403,97.1,30=,54.5,newcastle university,QS World University Rankings 2025,International Education Costs Dataset,High
Australia,Newcastle,University of Newcastle,Computer Science,PhD,4.0,29200,66.2,1300,450,650,1.52,university of newcastle,university of newcastle,newcastle university,93.02325581395348,129,110,Newcastle University,United Kingdom,Europe,L,FC,VH,A,50.0,164,59.3,137,39.2,399,38.7,362,89.5,193,68.6,217,97.1,42,31.3,403,97.1,30=,54.5,newcastle university,QS World University Rankings 2025,International Education Costs Dataset,High
Australia,Hobart,University of Tasmania,Computer Science,Bachelor,3.0,35800,64.5,1200,450,650,1.52,university of tasmania,university of tasmania,university of tasmania,100.0,293,307,University of Tasmania,Australia,Oceania,M,CO,VH,A,16.0,552,7.4,601+,22.1,635,59.8,203,79.9,240,89.7,123,80.0,323,15.9,636,85.6,123,37,university of tasmania,QS World University Rankings 2025,International Education Costs Dataset,Excellent
Australia,Hobart,University of Tasmania,Computer Science,Bachelor,3.0,35800,64.5,1200,450,650,1.52,university of tasmania,university of tasmania,university of tasmania,100.0,293,307,University of Tasmania,Australia,Oceania,M,CO,VH,A,16.0,552,7.4,601+,22.1,635,59.8,203,79.9,240,89.7,123,80.0,323,15.9,636,85.6,123,37,university of tasmania,QS World University Rankings 2025,International Education Costs Dataset,Excellent
Australia,Hobart,University of Tasmania,Computer Science,Bachelor,3.0,35800,64.5,1200,450,650,1.52,university of tasmania,university of tasmania,university of tasmania,100.0,293,307,University of Tasmania,Australia,Oceania,M,CO,VH,A,16.0,552,7.4,601+,22.1,635,59.8,203,79.9,240,89.7,123,80.0,323,15.9,636,85.6,123,37,university of tasmania,QS World University Rankings 2025,International Education Costs Dataset,Excellent
Australia,Hobart,University of Tasmania,Computer Science,Bachelor,3.0,35800,64.5,1200,450,650,1.52,university of tasmania,university of tasmania,university of tasmania,100.0,293,307,University of Tasmania,Australia,Oceania,M,CO,VH,A,16.0,552,7.4,601+,22.1,635,59.8,203,79.9,240,89.7,123,80.0,323,15.9,636,85.6,123,37,university of tasmania,QS World University Rankings 2025,International Education Costs Dataset,Excellent
Australia,Hobart,University of Tasmania,Computer Science,Bachelor,3.0,35800,64.5,1200,450,650,1.52,university of tasmania,university of tasmania,university of tasmania,100.0,293,307,University of Tasmania,Australia,Oceania,M,CO,VH,A,16.0,552,7.4,601+,22.1,635,59.8,203,79.9,240,89.7,123,80.0,323,15.9,636,85.6,123,37,university of tasmania,QS World University Rankings 2025,International Education Costs Dataset,Excellent
Australia,Hobart,University of Tasmania,Computer Science,Master,2.0,38800,64.5,1200,450,650,1.52,university of tasmania,university of tasmania,university of tasmania,100.0,293,307,University of Tasmania,Australia,Oceania,M,CO,VH,A,16.0,552,7.4,601+,22.1,635,59.8,203,79.9,240,89.7,123,80.0,323,15.9,636,85.6,123,37,university of tasmania,QS World University Rankings 2025,International Education Costs Dataset,Excellent
Australia,Hobart,University of Tasmania,Computer Science,Master,2.0,38800,64.5,1200,450,650,1.52,university of tasmania,university of tasmania,university of tasmania,100.0,293,307,University of Tasmania,Australia,Oceania,M,CO,VH,A,16.0,552,7.4,601+,22.1,635,59.8,203,79.9,240,89.7,123,80.0,323,15.9,636,85.6,123,37,university of tasmania,QS World University Rankings 2025,International Education Costs Dataset,Excellent
Australia,Hobart,University of Tasmania,Computer Science,Master,2.0,38800,64.5,1200,450,650,1.52,university of tasmania,university of tasmania,university of tasmania,100.0,293,307,University of Tasmania,Australia,Oceania,M,CO,VH,A,16.0,552,7.4,601+,22.1,635,59.8,203,79.9,240,89.7,123,80.0,323,15.9,636,85.6,123,37,university of tasmania,QS World University Rankings 2025,International Education Costs Dataset,Excellent
Australia,Hobart,University of Tasmania,Computer Science,Master,2.0,38800,64.5,1200,450,650,1.52,university of tasmania,university of tasmania,university of tasmania,100.0,293,307,University of Tasmania,Australia,Oceania,M,CO,VH,A,16.0,552,7.4,601+,22.1,635,59.8,203,79.9,240,89.7,123,80.0,323,15.9,636,85.6,123,37,university of tasmania,QS World University Rankings 2025,International Education Costs Dataset,Excellent
Australia,Hobart,University of Tasmania,Computer Science,Master,2.0,38800,64.5,1200,450,650,1.52,university of tasmania,university of tasmania,university of tasmania,100.0,293,307,University of Tasmania,Australia,Oceania,M,CO,VH,A,16.0,552,7.4,601+,22.1,635,59.8,203,79.9,240,89.7,123,80.0,323,15.9,636,85.6,123,37,university of tasmania,QS World University Rankings 2025,International Education Costs Dataset,Excellent
Australia,Hobart,University of Tasmania,Computer Science,PhD,4.0,28800,64.5,1200,450,650,1.52,university of tasmania,university of tasmania,university of tasmania,100.0,293,307,University of Tasmania,Australia,Oceania,M,CO,VH,A,16.0,552,7.4,601+,22.1,635,59.8,203,79.9,240,89.7,123,80.0,323,15.9,636,85.6,123,37,university of tasmania,QS World University Rankings 2025,International Education Costs Dataset,Excellent
Australia,Hobart,University of Tasmania,Computer Science,PhD,4.0,28800,64.5,1200,450,650,1.52,university of tasmania,university of tasmania,university of tasmania,100.0,293,307,University of Tasmania,Australia,Oceania,M,CO,VH,A,16.0,552,7.4,601+,22.1,635,59.8,203,79.9,240,89.7,123,80.0,323,15.9,636,85.6,123,37,university of tasmania,QS World University Rankings 2025,International Education Costs Dataset,Excellent
Australia,Hobart,University of Tasmania,Computer Science,PhD,4.0,28800,64.5,1200,450,650,1.52,university of tasmania,university of tasmania,university of tasmania,100.0,293,307,University of Tasmania,Australia,Oceania,M,CO,VH,A,16.0,552,7.4,601+,22.1,635,59.8,203,79.9,240,89.7,123,80.0,323,15.9,636,85.6,123,37,university of tasmania,QS World University Rankings 2025,International Education Costs Dataset,Excellent
Australia,Hobart,University of Tasmania,Computer Science,PhD,4.0,28800,64.5,1200,450,650,1.52,university of tasmania,university of tasmania,university of tasmania,100.0,293,307,University of Tasmania,Australia,Oceania,M,CO,VH,A,16.0,552,7.4,601+,22.1,635,59.8,203,79.9,240,89.7,123,80.0,323,15.9,636,85.6,123,37,university of tasmania,QS World University Rankings 2025,International Education Costs Dataset,Excellent
Australia,Hobart,University of Tasmania,Computer Science,PhD,4.0,28800,64.5,1200,450,650,1.52,university of tasmania,university of tasmania,university of tasmania,100.0,293,307,University of Tasmania,Australia,Oceania,M,CO,VH,A,16.0,552,7.4,601+,22.1,635,59.8,203,79.9,240,89.7,123,80.0,323,15.9,636,85.6,123,37,university of tasmania,QS World University Rankings 2025,International Education Costs Dataset,Excellent
Australia,Gold Coast,Griffith University,Computer Science,Bachelor,3.0,35200,68.5,1400,450,650,1.52,griffith university,griffith university,griffith university,100.0,255,243,Griffith University,Australia,Oceania,L,FC,VH,A,27.0,324,13.7,593,8.4,701+,62.5,187,99.8,90,38.5,363,92.1,135,17.9,602,96.4,40,40.1,griffith university,QS World University Rankings 2025,International Education Costs Dataset,Excellent
Australia,Gold Coast,Griffith University,Computer Science,Bachelor,3.0,35200,68.5,1400,450,650,1.52,griffith university,griffith university,griffith university,100.0,255,243,Griffith University,Australia,Oceania,L,FC,VH,A,27.0,324,13.7,593,8.4,701+,62.5,187,99.8,90,38.5,363,92.1,135,17.9,602,96.4,40,40.1,griffith university,QS World University Rankings 2025,International Education Costs Dataset,Excellent
Australia,Gold Coast,Griffith University,Computer Science,Bachelor,3.0,35200,68.5,1400,450,650,1.52,griffith university,griffith university,griffith university,100.0,255,243,Griffith University,Australia,Oceania,L,FC,VH,A,27.0,324,13.7,593,8.4,701+,62.5,187,99.8,90,38.5,363,92.1,135,17.9,602,96.4,40,40.1,griffith university,QS World University Rankings 2025,International Education Costs Dataset,Excellent
Australia,Gold Coast,Griffith University,Computer Science,Bachelor,3.0,35200,68.5,1400,450,650,1.52,griffith university,griffith university,griffith university,100.0,255,243,Griffith University,Australia,Oceania,L,FC,VH,A,27.0,324,13.7,593,8.4,701+,62.5,187,99.8,90,38.5,363,92.1,135,17.9,602,96.4,40,40.1,griffith university,QS World University Rankings 2025,International Education Costs Dataset,Excellent
Australia,Gold Coast,Griffith University,Computer Science,Bachelor,3.0,35200,68.5,1400,450,650,1.52,griffith university,griffith university,griffith university,100.0,255,243,Griffith University,Australia,Oceania,L,FC,VH,A,27.0,324,13.7,593,8.4,701+,62.5,187,99.8,90,38.5,363,92.1,135,17.9,602,96.4,40,40.1,griffith university,QS World University Rankings 2025,International Education Costs Dataset,Excellent
Australia,Gold Coast,Griffith University,Computer Science,Master,2.0,38200,68.5,1400,450,650,1.52,griffith university,griffith university,griffith university,100.0,255,243,Griffith University,Australia,Oceania,L,FC,VH,A,27.0,324,13.7,593,8.4,701+,62.5,187,99.8,90,38.5,363,92.1,135,17.9,602,96.4,40,40.1,griffith university,QS World University Rankings 2025,International Education Costs Dataset,Excellent
Australia,Gold Coast,Griffith University,Computer Science,Master,2.0,38200,68.5,1400,450,650,1.52,griffith university,griffith university,griffith university,100.0,255,243,Griffith University,Australia,Oceania,L,FC,VH,A,27.0,324,13.7,593,8.4,701+,62.5,187,99.8,90,38.5,363,92.1,135,17.9,602,96.4,40,40.1,griffith university,QS World University Rankings 2025,International Education Costs Dataset,Excellent
Australia,Gold Coast,Griffith University,Computer Science,Master,2.0,38200,68.5,1400,450,650,1.52,griffith university,griffith university,griffith university,100.0,255,243,Griffith University,Australia,Oceania,L,FC,VH,A,27.0,324,13.7,593,8.4,701+,62.5,187,99.8,90,38.5,363,92.1,135,17.9,602,96.4,40,40.1,griffith university,QS World University Rankings 2025,International Education Costs Dataset,Excellent
Australia,Gold Coast,Griffith University,Computer Science,Master,2.0,38200,68.5,1400,450,650,1.52,griffith university,griffith university,griffith university,100.0,255,243,Griffith University,Australia,Oceania,L,FC,VH,A,27.0,324,13.7,593,8.4,701+,62.5,187,99.8,90,38.5,363,92.1,135,17.9,602,96.4,40,40.1,griffith university,QS World University Rankings 2025,International Education Costs Dataset,Excellent
Australia,Gold Coast,Griffith University,Computer Science,Master,2.0,38200,68.5,1400,450,650,1.52,griffith university,griffith university,griffith university,100.0,255,243,Griffith University,Australia,Oceania,L,FC,VH,A,27.0,324,13.7,593,8.4,701+,62.5,187,99.8,90,38.5,363,92.1,135,17.9,602,96.4,40,40.1,griffith university,QS World University Rankings 2025,International Education Costs Dataset,Excellent
Australia,Gold Coast,Griffith University,Computer Science,PhD,4.0,28200,68.5,1400,450,650,1.52,griffith university,griffith university,griffith university,100.0,255,243,Griffith University,Australia,Oceania,L,FC,VH,A,27.0,324,13.7,593,8.4,701+,62.5,187,99.8,90,38.5,363,92.1,135,17.9,602,96.4,40,40.1,griffith university,QS World University Rankings 2025,International Education Costs Dataset,Excellent
Australia,Gold Coast,Griffith University,Computer Science,PhD,4.0,28200,68.5,1400,450,650,1.52,griffith university,griffith university,griffith university,100.0,255,243,Griffith University,Australia,Oceania,L,FC,VH,A,27.0,324,13.7,593,8.4,701+,62.5,187,99.8,90,38.5,363,92.1,135,17.9,602,96.4,40,40.1,griffith university,QS World University Rankings 2025,International Education Costs Dataset,Excellent
Australia,Gold Coast,Griffith University,Computer Science,PhD,4.0,28200,68.5,1400,450,650,1.52,griffith university,griffith university,griffith university,100.0,255,243,Griffith University,Australia,Oceania,L,FC,VH,A,27.0,324,13.7,593,8.4,701+,62.5,187,99.8,90,38.5,363,92.1,135,17.9,602,96.4,40,40.1,griffith university,QS World University Rankings 2025,International Education Costs Dataset,Excellent
Australia,Gold Coast,Griffith University,Computer Science,PhD,4.0,28200,68.5,1400,450,650,1.52,griffith university,griffith university,griffith university,100.0,255,243,Griffith University,Australia,Oceania,L,FC,VH,A,27.0,324,13.7,593,8.4,701+,62.5,187,99.8,90,38.5,363,92.1,135,17.9,602,96.4,40,40.1,griffith university,QS World University Rankings 2025,International Education Costs Dataset,Excellent
Australia,Gold Coast,Griffith University,Computer Science,PhD,4.0,28200,68.5,1400,450,650,1.52,griffith university,griffith university,griffith university,100.0,255,243,Griffith University,Australia,Oceania,L,FC,VH,A,27.0,324,13.7,593,8.4,701+,62.5,187,99.8,90,38.5,363,92.1,135,17.9,602,96.4,40,40.1,griffith university,QS World University Rankings 2025,International Education Costs Dataset,Excellent
Australia,Canberra,University of Canberra,Computer Science,Bachelor,3.0,34800,68.9,1500,450,650,1.52,university of canberra,university of canberra,university of canberra,100.0,403,421,University of Canberra,Australia,Oceania,M,CO,VH,A,14.3,601+,7.7,601+,2.4,701+,51.2,255,79.6,243,69.4,213,63.1,583,5.6,701+,70.9,217=,29.5,university of canberra,QS World University Rankings 2025,International Education Costs Dataset,Excellent
Australia,Canberra,University of Canberra,Computer Science,Bachelor,3.0,34800,68.9,1500,450,650,1.52,university of canberra,university of canberra,university of canberra,100.0,403,421,University of Canberra,Australia,Oceania,M,CO,VH,A,14.3,601+,7.7,601+,2.4,701+,51.2,255,79.6,243,69.4,213,63.1,583,5.6,701+,70.9,217=,29.5,university of canberra,QS World University Rankings 2025,International Education Costs Dataset,Excellent
Australia,Canberra,University of Canberra,Computer Science,Bachelor,3.0,34800,68.9,1500,450,650,1.52,university of canberra,university of canberra,university of canberra,100.0,403,421,University of Canberra,Australia,Oceania,M,CO,VH,A,14.3,601+,7.7,601+,2.4,701+,51.2,255,79.6,243,69.4,213,63.1,583,5.6,701+,70.9,217=,29.5,university of canberra,QS World University Rankings 2025,International Education Costs Dataset,Excellent
Australia,Canberra,University of Canberra,Computer Science,Master,2.0,37800,68.9,1500,450,650,1.52,university of canberra,university of canberra,university of canberra,100.0,403,421,University of Canberra,Australia,Oceania,M,CO,VH,A,14.3,601+,7.7,601+,2.4,701+,51.2,255,79.6,243,69.4,213,63.1,583,5.6,701+,70.9,217=,29.5,university of canberra,QS World University Rankings 2025,International Education Costs Dataset,Excellent
Australia,Canberra,University of Canberra,Computer Science,Master,2.0,37800,68.9,1500,450,650,1.52,university of canberra,university of canberra,university of canberra,100.0,403,421,University of Canberra,Australia,Oceania,M,CO,VH,A,14.3,601+,7.7,601+,2.4,701+,51.2,255,79.6,243,69.4,213,63.1,583,5.6,701+,70.9,217=,29.5,university of canberra,QS World University Rankings 2025,International Education Costs Dataset,Excellent
Australia,Canberra,University of Canberra,Computer Science,Master,2.0,37800,68.9,1500,450,650,1.52,university of canberra,university of canberra,university of canberra,100.0,403,421,University of Canberra,Australia,Oceania,M,CO,VH,A,14.3,601+,7.7,601+,2.4,701+,51.2,255,79.6,243,69.4,213,63.1,583,5.6,701+,70.9,217=,29.5,university of canberra,QS World University Rankings 2025,International Education Costs Dataset,Excellent
Australia,Canberra,University of Canberra,Computer Science,PhD,4.0,27800,68.9,1500,450,650,1.52,university of canberra,university of canberra,university of canberra,100.0,403,421,University of Canberra,Australia,Oceania,M,CO,VH,A,14.3,601+,7.7,601+,2.4,701+,51.2,255,79.6,243,69.4,213,63.1,583,5.6,701+,70.9,217=,29.5,university of canberra,QS World University Rankings 2025,International Education Costs Dataset,Excellent
Australia,Canberra,University of Canberra,Computer Science,PhD,4.0,27800,68.9,1500,450,650,1.52,university of canberra,university of canberra,university of canberra,100.0,403,421,University of Canberra,Australia,Oceania,M,CO,VH,A,14.3,601+,7.7,601+,2.4,701+,51.2,255,79.6,243,69.4,213,63.1,583,5.6,701+,70.9,217=,29.5,university of canberra,QS World University Rankings 2025,International Education Costs Dataset,Excellent
Australia,Canberra,University of Canberra,Computer Science,PhD,4.0,27800,68.9,1500,450,650,1.52,university of canberra,university of canberra,university of canberra,100.0,403,421,University of Canberra,Australia,Oceania,M,CO,VH,A,14.3,601+,7.7,601+,2.4,701+,51.2,255,79.6,243,69.4,213,63.1,583,5.6,701+,70.9,217=,29.5,university of canberra,QS World University Rankings 2025,International Education Costs Dataset,Excellent
Australia,Townsville,James Cook University,Computer Science,Bachelor,3.0,34200,65.2,1200,450,650,1.52,james cook university,james cook university,james cook university,100.0,445,415,James Cook University,Australia,Oceania,M,FC,VH,A,14.4,601+,6.5,601+,17.5,701+,46.9,292,36.7,434,16.0,607,76.0,389,6.7,701+,88.9,103=,26.7,james cook university,QS World University Rankings 2025,International Education Costs Dataset,Excellent
Australia,Townsville,James Cook University,Computer Science,Bachelor,3.0,34200,65.2,1200,450,650,1.52,james cook university,james cook university,james cook university,100.0,445,415,James Cook University,Australia,Oceania,M,FC,VH,A,14.4,601+,6.5,601+,17.5,701+,46.9,292,36.7,434,16.0,607,76.0,389,6.7,701+,88.9,103=,26.7,james cook university,QS World University Rankings 2025,International Education Costs Dataset,Excellent
Australia,Townsville,James Cook University,Computer Science,Bachelor,3.0,34200,65.2,1200,450,650,1.52,james cook university,james cook university,james cook university,100.0,445,415,James Cook University,Australia,Oceania,M,FC,VH,A,14.4,601+,6.5,601+,17.5,701+,46.9,292,36.7,434,16.0,607,76.0,389,6.7,701+,88.9,103=,26.7,james cook university,QS World University Rankings 2025,International Education Costs Dataset,Excellent
Australia,Townsville,James Cook University,Computer Science,Bachelor,3.0,34200,65.2,1200,450,650,1.52,james cook university,james cook university,james cook university,100.0,445,415,James Cook University,Australia,Oceania,M,FC,VH,A,14.4,601+,6.5,601+,17.5,701+,46.9,292,36.7,434,16.0,607,76.0,389,6.7,701+,88.9,103=,26.7,james cook university,QS World University Rankings 2025,International Education Costs Dataset,Excellent
Australia,Townsville,James Cook University,Computer Science,Master,2.0,37200,65.2,1200,450,650,1.52,james cook university,james cook university,james cook university,100.0,445,415,James Cook University,Australia,Oceania,M,FC,VH,A,14.4,601+,6.5,601+,17.5,701+,46.9,292,36.7,434,16.0,607,76.0,389,6.7,701+,88.9,103=,26.7,james cook university,QS World University Rankings 2025,International Education Costs Dataset,Excellent
Australia,Townsville,James Cook University,Computer Science,Master,2.0,37200,65.2,1200,450,650,1.52,james cook university,james cook university,james cook university,100.0,445,415,James Cook University,Australia,Oceania,M,FC,VH,A,14.4,601+,6.5,601+,17.5,701+,46.9,292,36.7,434,16.0,607,76.0,389,6.7,701+,88.9,103=,26.7,james cook university,QS World University Rankings 2025,International Education Costs Dataset,Excellent
Australia,Townsville,James Cook University,Computer Science,Master,2.0,37200,65.2,1200,450,650,1.52,james cook university,james cook university,james cook university,100.0,445,415,James Cook University,Australia,Oceania,M,FC,VH,A,14.4,601+,6.5,601+,17.5,701+,46.9,292,36.7,434,16.0,607,76.0,389,6.7,701+,88.9,103=,26.7,james cook university,QS World University Rankings 2025,International Education Costs Dataset,Excellent
Australia,Townsville,James Cook University,Computer Science,Master,2.0,37200,65.2,1200,450,650,1.52,james cook university,james cook university,james cook university,100.0,445,415,James Cook University,Australia,Oceania,M,FC,VH,A,14.4,601+,6.5,601+,17.5,701+,46.9,292,36.7,434,16.0,607,76.0,389,6.7,701+,88.9,103=,26.7,james cook university,QS World University Rankings 2025,International Education Costs Dataset,Excellent
Australia,Townsville,James Cook University,Computer Science,PhD,4.0,27200,65.2,1200,450,650,1.52,james cook university,james cook university,james cook university,100.0,445,415,James Cook University,Australia,Oceania,M,FC,VH,A,14.4,601+,6.5,601+,17.5,701+,46.9,292,36.7,434,16.0,607,76.0,389,6.7,701+,88.9,103=,26.7,james cook university,QS World University Rankings 2025,International Education Costs Dataset,Excellent
Australia,Townsville,James Cook University,Computer Science,PhD,4.0,27200,65.2,1200,450,650,1.52,james cook university,james cook university,james cook university,100.0,445,415,James Cook University,Australia,Oceania,M,FC,VH,A,14.4,601+,6.5,601+,17.5,701+,46.9,292,36.7,434,16.0,607,76.0,389,6.7,701+,88.9,103=,26.7,james cook university,QS World University Rankings 2025,International Education Costs Dataset,Excellent
Australia,Townsville,James Cook University,Computer Science,PhD,4.0,27200,65.2,1200,450,650,1.52,james cook university,james cook university,james cook university,100.0,445,415,James Cook University,Australia,Oceania,M,FC,VH,A,14.4,601+,6.5,601+,17.5,701+,46.9,292,36.7,434,16.0,607,76.0,389,6.7,701+,88.9,103=,26.7,james cook university,QS World University Rankings 2025,International Education Costs Dataset,Excellent
Australia,Townsville,James Cook University,Computer Science,PhD,4.0,27200,65.2,1200,450,650,1.52,james cook university,james cook university,james cook university,100.0,445,415,James Cook University,Australia,Oceania,M,FC,VH,A,14.4,601+,6.5,601+,17.5,701+,46.9,292,36.7,434,16.0,607,76.0,389,6.7,701+,88.9,103=,26.7,james cook university,QS World University Rankings 2025,International Education Costs Dataset,Excellent
Australia,Armidale,University of New England,Computer Science,Bachelor,3.0,33800,63.8,1100,450,650,1.52,university of new england,university of new england,,,,,,,,,,,,,,,,,,,,,,,,,,,,,,,,Not Matched,International Education Costs Dataset,Unmatched
Australia,Armidale,University of New England,Computer Science,Bachelor,3.0,33800,63.8,1100,450,650,1.52,university of new england,university of new england,,,,,,,,,,,,,,,,,,,,,,,,,,,,,,,,Not Matched,International Education Costs Dataset,Unmatched
Australia,Armidale,University of New England,Computer Science,Bachelor,3.0,33800,63.8,1100,450,650,1.52,university of new england,university of new england,,,,,,,,,,,,,,,,,,,,,,,,,,,,,,,,Not Matched,International Education Costs Dataset,Unmatched
Australia,Armidale,University of New England,Computer Science,Bachelor,3.0,33800,63.8,1100,450,650,1.52,university of new england,university of new england,,,,,,,,,,,,,,,,,,,,,,,,,,,,,,,,Not Matched,International Education Costs Dataset,Unmatched
Australia,Armidale,University of New England,Computer Science,Master,2.0,36800,63.8,1100,450,650,1.52,university of new england,university of new england,,,,,,,,,,,,,,,,,,,,,,,,,,,,,,,,Not Matched,International Education Costs Dataset,Unmatched
Australia,Armidale,University of New England,Computer Science,Master,2.0,36800,63.8,1100,450,650,1.52,university of new england,university of new england,,,,,,,,,,,,,,,,,,,,,,,,,,,,,,,,Not Matched,International Education Costs Dataset,Unmatched
Australia,Armidale,University of New England,Computer Science,Master,2.0,36800,63.8,1100,450,650,1.52,university of new england,university of new england,,,,,,,,,,,,,,,,,,,,,,,,,,,,,,,,Not Matched,International Education Costs Dataset,Unmatched
Australia,Armidale,University of New England,Computer Science,Master,2.0,36800,63.8,1100,450,650,1.52,university of new england,university of new england,,,,,,,,,,,,,,,,,,,,,,,,,,,,,,,,Not Matched,International Education Costs Dataset,Unmatched
Australia,Armidale,University of New England,Computer Science,PhD,4.0,26800,63.8,1100,450,650,1.52,university of new england,university of new england,,,,,,,,,,,,,,,,,,,,,,,,,,,,,,,,Not Matched,International Education Costs Dataset,Unmatched
Australia,Armidale,University of New England,Computer Science,PhD,4.0,26800,63.8,1100,450,650,1.52,university of new england,university of new england,,,,,,,,,,,,,,,,,,,,,,,,,,,,,,,,Not Matched,International Education Costs Dataset,Unmatched
Australia,Armidale,University of New England,Computer Science,PhD,4.0,26800,63.8,1100,450,650,1.52,university of new england,university of new england,,,,,,,,,,,,,,,,,,,,,,,,,,,,,,,,Not Matched,International Education Costs Dataset,Unmatched
Australia,Armidale,University of New England,Computer Science,PhD,4.0,26800,63.8,1100,450,650,1.52,university of new england,university of new england,,,,,,,,,,,,,,,,,,,,,,,,,,,,,,,,Not Matched,International Education Costs Dataset,Unmatched
Australia,Toowoomba,University of Southern Queensland,Computer Science,Bachelor,3.0,33200,64.2,1100,450,650,1.52,university of southern queensland,university of southern queensland,university of southern queensland,100.0,396,410,University of Southern Queensland,Australia,Oceania,M,CO,VH,A,8.8,601+,5.7,601+,4.8,701+,73.1,143,84.1,223,23.0,503,81.0,310,8.6,701+,43.0,353,29.7,university of southern queensland,QS World University Rankings 2025,International Education Costs Dataset,Excellent
Australia,Toowoomba,University of Southern Queensland,Computer Science,Bachelor,3.0,33200,64.2,1100,450,650,1.52,university of southern queensland,university of southern queensland,university of southern queensland,100.0,396,410,University of Southern Queensland,Australia,Oceania,M,CO,VH,A,8.8,601+,5.7,601+,4.8,701+,73.1,143,84.1,223,23.0,503,81.0,310,8.6,701+,43.0,353,29.7,university of southern queensland,QS World University Rankings 2025,International Education Costs Dataset,Excellent
Australia,Toowoomba,University of Southern Queensland,Computer Science,Bachelor,3.0,33200,64.2,1100,450,650,1.52,university of southern queensland,university of southern queensland,university of southern queensland,100.0,396,410,University of Southern Queensland,Australia,Oceania,M,CO,VH,A,8.8,601+,5.7,601+,4.8,701+,73.1,143,84.1,223,23.0,503,81.0,310,8.6,701+,43.0,353,29.7,university of southern queensland,QS World University Rankings 2025,International Education Costs Dataset,Excellent
Australia,Toowoomba,University of Southern Queensland,Computer Science,Master,2.0,36200,64.2,1100,450,650,1.52,university of southern queensland,university of southern queensland,university of southern queensland,100.0,396,410,University of Southern Queensland,Australia,Oceania,M,CO,VH,A,8.8,601+,5.7,601+,4.8,701+,73.1,143,84.1,223,23.0,503,81.0,310,8.6,701+,43.0,353,29.7,university of southern queensland,QS World University Rankings 2025,International Education Costs Dataset,Excellent
Australia,Toowoomba,University of Southern Queensland,Computer Science,Master,2.0,36200,64.2,1100,450,650,1.52,university of southern queensland,university of southern queensland,university of southern queensland,100.0,396,410,University of Southern Queensland,Australia,Oceania,M,CO,VH,A,8.8,601+,5.7,601+,4.8,701+,73.1,143,84.1,223,23.0,503,81.0,310,8.6,701+,43.0,353,29.7,university of southern queensland,QS World University Rankings 2025,International Education Costs Dataset,Excellent
Australia,Toowoomba,University of Southern Queensland,Computer Science,Master,2.0,36200,64.2,1100,450,650,1.52,university of southern queensland,university of southern queensland,university of southern queensland,100.0,396,410,University of Southern Queensland,Australia,Oceania,M,CO,VH,A,8.8,601+,5.7,601+,4.8,701+,73.1,143,84.1,223,23.0,503,81.0,310,8.6,701+,43.0,353,29.7,university of southern queensland,QS World University Rankings 2025,International Education Costs Dataset,Excellent
Australia,Toowoomba,University of Southern Queensland,Computer Science,PhD,4.0,26200,64.2,1100,450,650,1.52,university of southern queensland,university of southern queensland,university of southern queensland,100.0,396,410,University of Southern Queensland,Australia,Oceania,M,CO,VH,A,8.8,601+,5.7,601+,4.8,701+,73.1,143,84.1,223,23.0,503,81.0,310,8.6,701+,43.0,353,29.7,university of southern queensland,QS World University Rankings 2025,International Education Costs Dataset,Excellent
Australia,Toowoomba,University of Southern Queensland,Computer Science,PhD,4.0,26200,64.2,1100,450,650,1.52,university of southern queensland,university of southern queensland,university of southern queensland,100.0,396,410,University of Southern Queensland,Australia,Oceania,M,CO,VH,A,8.8,601+,5.7,601+,4.8,701+,73.1,143,84.1,223,23.0,503,81.0,310,8.6,701+,43.0,353,29.7,university of southern queensland,QS World University Rankings 2025,International Education Costs Dataset,Excellent
Australia,Toowoomba,University of Southern Queensland,Computer Science,PhD,4.0,26200,64.2,1100,450,650,1.52,university of southern queensland,university of southern queensland,university of southern queensland,100.0,396,410,University of Southern Queensland,Australia,Oceania,M,CO,VH,A,8.8,601+,5.7,601+,4.8,701+,73.1,143,84.1,223,23.0,503,81.0,310,8.6,701+,43.0,353,29.7,university of southern queensland,QS World University Rankings 2025,International Education Costs Dataset,Excellent
Australia,Ballarat,Federation University,Computer Science,Bachelor,3.0,32800,63.5,1000,450,650,1.52,federation university,federation university,,,,,,,,,,,,,,,,,,,,,,,,,,,,,,,,Not Matched,International Education Costs Dataset,Unmatched
Australia,Ballarat,Federation University,Computer Science,Bachelor,3.0,32800,63.5,1000,450,650,1.52,federation university,federation university,,,,,,,,,,,,,,,,,,,,,,,,,,,,,,,,Not Matched,International Education Costs Dataset,Unmatched
Australia,Ballarat,Federation University,Computer Science,Bachelor,3.0,32800,63.5,1000,450,650,1.52,federation university,federation university,,,,,,,,,,,,,,,,,,,,,,,,,,,,,,,,Not Matched,International Education Costs Dataset,Unmatched
Australia,Ballarat,Federation University,Computer Science,Master,2.0,35800,63.5,1000,450,650,1.52,federation university,federation university,,,,,,,,,,,,,,,,,,,,,,,,,,,,,,,,Not Matched,International Education Costs Dataset,Unmatched
Australia,Ballarat,Federation University,Computer Science,Master,2.0,35800,63.5,1000,450,650,1.52,federation university,federation university,,,,,,,,,,,,,,,,,,,,,,,,,,,,,,,,Not Matched,International Education Costs Dataset,Unmatched
Australia,Ballarat,Federation University,Computer Science,Master,2.0,35800,63.5,1000,450,650,1.52,federation university,federation university,,,,,,,,,,,,,,,,,,,,,,,,,,,,,,,,Not Matched,International Education Costs Dataset,Unmatched
Australia,Ballarat,Federation University,Computer Science,PhD,4.0,25800,63.5,1000,450,650,1.52,federation university,federation university,,,,,,,,,,,,,,,,,,,,,,,,,,,,,,,,Not Matched,International Education Costs Dataset,Unmatched
Australia,Ballarat,Federation University,Computer Science,PhD,4.0,25800,63.5,1000,450,650,1.52,federation university,federation university,,,,,,,,,,,,,,,,,,,,,,,,,,,,,,,,Not Matched,International Education Costs Dataset,Unmatched
Australia,Ballarat,Federation University,Computer Science,PhD,4.0,25800,63.5,1000,450,650,1.52,federation university,federation university,,,,,,,,,,,,,,,,,,,,,,,,,,,,,,,,Not Matched,International Education Costs Dataset,Unmatched
Australia,Lismore,Southern Cross University,Computer Science,Bachelor,3.0,32200,63.2,1000,450,650,1.52,southern cross university,southern cross university,southern cross university,100.0,576,651-660,Southern Cross University,Australia,Oceania,M,CO,VH,A,4.4,601+,2.8,601+,2.9,701+,46.3,299,81.1,234,44.8,327,44.2,701+,4.8,701+,48.2,327,21.4,southern cross university,QS World University Rankings 2025,International Education Costs Dataset,Excellent
Australia,Lismore,Southern Cross University,Computer Science,Bachelor,3.0,32200,63.2,1000,450,650,1.52,southern cross university,southern cross university,southern cross university,100.0,576,651-660,Southern Cross University,Australia,Oceania,M,CO,VH,A,4.4,601+,2.8,601+,2.9,701+,46.3,299,81.1,234,44.8,327,44.2,701+,4.8,701+,48.2,327,21.4,southern cross university,QS World University Rankings 2025,International Education Costs Dataset,Excellent
Australia,Lismore,Southern Cross University,Computer Science,Bachelor,3.0,32200,63.2,1000,450,650,1.52,southern cross university,southern cross university,southern cross university,100.0,576,651-660,Southern Cross University,Australia,Oceania,M,CO,VH,A,4.4,601+,2.8,601+,2.9,701+,46.3,299,81.1,234,44.8,327,44.2,701+,4.8,701+,48.2,327,21.4,southern cross university,QS World University Rankings 2025,International Education Costs Dataset,Excellent
Australia,Lismore,Southern Cross University,Computer Science,Master,2.0,35200,63.2,1000,450,650,1.52,southern cross university,southern cross university,southern cross university,100.0,576,651-660,Southern Cross University,Australia,Oceania,M,CO,VH,A,4.4,601+,2.8,601+,2.9,701+,46.3,299,81.1,234,44.8,327,44.2,701+,4.8,701+,48.2,327,21.4,southern cross university,QS World University Rankings 2025,International Education Costs Dataset,Excellent
Australia,Lismore,Southern Cross University,Computer Science,Master,2.0,35200,63.2,1000,450,650,1.52,southern cross university,southern cross university,southern cross university,100.0,576,651-660,Southern Cross University,Australia,Oceania,M,CO,VH,A,4.4,601+,2.8,601+,2.9,701+,46.3,299,81.1,234,44.8,327,44.2,701+,4.8,701+,48.2,327,21.4,southern cross university,QS World University Rankings 2025,International Education Costs Dataset,Excellent
Australia,Lismore,Southern Cross University,Computer Science,Master,2.0,35200,63.2,1000,450,650,1.52,southern cross university,southern cross university,southern cross university,100.0,576,651-660,Southern Cross University,Australia,Oceania,M,CO,VH,A,4.4,601+,2.8,601+,2.9,701+,46.3,299,81.1,234,44.8,327,44.2,701+,4.8,701+,48.2,327,21.4,southern cross university,QS World University Rankings 2025,International Education Costs Dataset,Excellent
Australia,Lismore,Southern Cross University,Computer Science,PhD,4.0,25200,63.2,1000,450,650,1.52,southern cross university,southern cross university,southern cross university,100.0,576,651-660,Southern Cross University,Australia,Oceania,M,CO,VH,A,4.4,601+,2.8,601+,2.9,701+,46.3,299,81.1,234,44.8,327,44.2,701+,4.8,701+,48.2,327,21.4,southern cross university,QS World University Rankings 2025,International Education Costs Dataset,Excellent
Australia,Lismore,Southern Cross University,Computer Science,PhD,4.0,25200,63.2,1000,450,650,1.52,southern cross university,southern cross university,southern cross university,100.0,576,651-660,Southern Cross University,Australia,Oceania,M,CO,VH,A,4.4,601+,2.8,601+,2.9,701+,46.3,299,81.1,234,44.8,327,44.2,701+,4.8,701+,48.2,327,21.4,southern cross university,QS World University Rankings 2025,International Education Costs Dataset,Excellent
Australia,Lismore,Southern Cross University,Computer Science,PhD,4.0,25200,63.2,1000,450,650,1.52,southern cross university,southern cross university,southern cross university,100.0,576,651-660,Southern Cross University,Australia,Oceania,M,CO,VH,A,4.4,601+,2.8,601+,2.9,701+,46.3,299,81.1,234,44.8,327,44.2,701+,4.8,701+,48.2,327,21.4,southern cross university,QS World University Rankings 2025,International Education Costs Dataset,Excellent
USA,Boston,MIT,Computer Science,Master,2.0,58000,82.1,2100,160,1500,1.0,mit,mit,,,,,,,,,,,,,,,,,,,,,,,,,,,,,,,,Not Matched,International Education Costs Dataset,Unmatched
USA,Boston,MIT,Computer Science,Master,2.0,58000,82.1,2100,160,1500,1.0,mit,mit,,,,,,,,,,,,,,,,,,,,,,,,,,,,,,,,Not Matched,International Education Costs Dataset,Unmatched
USA,Boston,MIT,Computer Science,Master,2.0,58000,82.1,2100,160,1500,1.0,mit,mit,,,,,,,,,,,,,,,,,,,,,,,,,,,,,,,,Not Matched,International Education Costs Dataset,Unmatched
UK,London,Imperial College London,Data Science,Master,1.0,42000,75.3,1800,485,800,0.79,imperial college london,imperial college london,imperial college london,100.0,2,6,Imperial College London,United Kingdom,Europe,L,FC,VH,A,98.5,22,99.5,11,98.2,45,93.9,54,100.0,66,99.6,44,97.4,34,93.4,61,99.7,6,98.5,imperial college london,QS World University Rankings 2025,International Education Costs Dataset,Excellent
UK,London,Imperial College London,Data Science,Master,1.0,42000,75.3,1800,485,800,0.79,imperial college london,imperial college london,imperial college london,100.0,2,6,Imperial College London,United Kingdom,Europe,L,FC,VH,A,98.5,22,99.5,11,98.2,45,93.9,54,100.0,66,99.6,44,97.4,34,93.4,61,99.7,6,98.5,imperial college london,QS World University Rankings 2025,International Education Costs Dataset,Excellent
UK,London,Imperial College London,Data Science,Master,1.0,42000,75.3,1800,485,800,0.79,imperial college london,imperial college london,imperial college london,100.0,2,6,Imperial College London,United Kingdom,Europe,L,FC,VH,A,98.5,22,99.5,11,98.2,45,93.9,54,100.0,66,99.6,44,97.4,34,93.4,61,99.7,6,98.5,imperial college london,QS World University Rankings 2025,International Education Costs Dataset,Excellent
Germany,Munich,TU Munich,Mechanical Engineering,Master,2.0,0,71.5,1200,110,900,0.92,tu munich,tu munich,,,,,,,,,,,,,,,,,,,,,,,,,,,,,,,,Not Matched,International Education Costs Dataset,Unmatched
Canada,Toronto,University of Toronto,Business Analytics,Master,2.0,45000,73.8,1700,235,750,1.35,university of toronto,university of toronto,university of toronto,100.0,25,21,University of Toronto,Canada,Americas,XL,FC,VH,A,99.7,11,96.9,27,44.9,344,50.8,257,96.9,132,96.1,90,97.7,29,98.7,19,100.0,1,84.1,university of toronto,QS World University Rankings 2025,International Education Costs Dataset,Excellent
Canada,Toronto,University of Toronto,Business Analytics,Master,2.0,45000,73.8,1700,235,750,1.35,university of toronto,university of toronto,university of toronto,100.0,25,21,University of Toronto,Canada,Americas,XL,FC,VH,A,99.7,11,96.9,27,44.9,344,50.8,257,96.9,132,96.1,90,97.7,29,98.7,19,100.0,1,84.1,university of toronto,QS World University Rankings 2025,International Education Costs Dataset,Excellent
Canada,Toronto,University of Toronto,Business Analytics,Master,2.0,45000,73.8,1700,235,750,1.35,university of toronto,university of toronto,university of toronto,100.0,25,21,University of Toronto,Canada,Americas,XL,FC,VH,A,99.7,11,96.9,27,44.9,344,50.8,257,96.9,132,96.1,90,97.7,29,98.7,19,100.0,1,84.1,university of toronto,QS World University Rankings 2025,International Education Costs Dataset,Excellent
Canada,Toronto,University of Toronto,Business Analytics,Master,2.0,45000,73.8,1700,235,750,1.35,university of toronto,university of toronto,university of toronto,100.0,25,21,University of Toronto,Canada,Americas,XL,FC,VH,A,99.7,11,96.9,27,44.9,344,50.8,257,96.9,132,96.1,90,97.7,29,98.7,19,100.0,1,84.1,university of toronto,QS World University Rankings 2025,International Education Costs Dataset,Excellent
Australia,Melbourne,University of Melbourne,Artificial Intelligence,PhD,4.0,29000,72.4,1500,450,650,1.52,university of melbourne,university of melbourne,the university of melbourne,92.0,13,14,The University of Melbourne,Australia,Oceania,XL,FC,VH,A,98.5,21,93.9,39,15.4,701+,93.0,62,95.1,148,99.8,39,97.4,33,96.5,39,99.6,9,88.9,the university of melbourne,QS World University Rankings 2025,International Education Costs Dataset,High
Australia,Melbourne,University of Melbourne,Artificial Intelligence,PhD,4.0,29000,72.4,1500,450,650,1.52,university of melbourne,university of melbourne,the university of melbourne,92.0,13,14,The University of Melbourne,Australia,Oceania,XL,FC,VH,A,98.5,21,93.9,39,15.4,701+,93.0,62,95.1,148,99.8,39,97.4,33,96.5,39,99.6,9,88.9,the university of melbourne,QS World University Rankings 2025,International Education Costs Dataset,High
Australia,Melbourne,University of Melbourne,Artificial Intelligence,PhD,4.0,29000,72.4,1500,450,650,1.52,university of melbourne,university of melbourne,the university of melbourne,92.0,13,14,The University of Melbourne,Australia,Oceania,XL,FC,VH,A,98.5,21,93.9,39,15.4,701+,93.0,62,95.1,148,99.8,39,97.4,33,96.5,39,99.6,9,88.9,the university of melbourne,QS World University Rankings 2025,International Education Costs Dataset,High
Australia,Melbourne,University of Melbourne,Artificial Intelligence,PhD,4.0,29000,72.4,1500,450,650,1.52,university of melbourne,university of melbourne,the university of melbourne,92.0,13,14,The University of Melbourne,Australia,Oceania,XL,FC,VH,A,98.5,21,93.9,39,15.4,701+,93.0,62,95.1,148,99.8,39,97.4,33,96.5,39,99.6,9,88.9,the university of melbourne,QS World University Rankings 2025,International Education Costs Dataset,High
Australia,Melbourne,University of Melbourne,Artificial Intelligence,PhD,4.0,29000,72.4,1500,450,650,1.52,university of melbourne,university of melbourne,the university of melbourne,92.0,13,14,The University of Melbourne,Australia,Oceania,XL,FC,VH,A,98.5,21,93.9,39,15.4,701+,93.0,62,95.1,148,99.8,39,97.4,33,96.5,39,99.6,9,88.9,the university of melbourne,QS World University Rankings 2025,International Education Costs Dataset,High
USA,Stanford,Stanford University,Physics,PhD,5.0,52000,84.3,2300,160,1500,1.0,stanford university,stanford university,stanford university,100.0,6,5,Stanford University,United States,Americas,L,FC,VH,B,100.0,5,100.0,3,100.0,12,99.0,27,70.3,284,60.8,244,96.8,45,100.0,2,81.2,148=,96.1,stanford university,QS World University Rankings 2025,International Education Costs Dataset,Excellent
USA,Stanford,Stanford University,Physics,PhD,5.0,52000,84.3,2300,160,1500,1.0,stanford university,stanford university,stanford university,100.0,6,5,Stanford University,United States,Americas,L,FC,VH,B,100.0,5,100.0,3,100.0,12,99.0,27,70.3,284,60.8,244,96.8,45,100.0,2,81.2,148=,96.1,stanford university,QS World University Rankings 2025,International Education Costs Dataset,Excellent
USA,Stanford,Stanford University,Physics,PhD,5.0,52000,84.3,2300,160,1500,1.0,stanford university,stanford university,stanford university,100.0,6,5,Stanford University,United States,Americas,L,FC,VH,B,100.0,5,100.0,3,100.0,12,99.0,27,70.3,284,60.8,244,96.8,45,100.0,2,81.2,148=,96.1,stanford university,QS World University Rankings 2025,International Education Costs Dataset,Excellent
USA,Stanford,Stanford University,Physics,PhD,5.0,52000,84.3,2300,160,1500,1.0,stanford university,stanford university,stanford university,100.0,6,5,Stanford University,United States,Americas,L,FC,VH,B,100.0,5,100.0,3,100.0,12,99.0,27,70.3,284,60.8,244,96.8,45,100.0,2,81.2,148=,96.1,stanford university,QS World University Rankings 2025,International Education Costs Dataset,Excellent
USA,Stanford,Stanford University,Physics,PhD,5.0,52000,84.3,2300,160,1500,1.0,stanford university,stanford university,stanford university,100.0,6,5,Stanford University,United States,Americas,L,FC,VH,B,100.0,5,100.0,3,100.0,12,99.0,27,70.3,284,60.8,244,96.8,45,100.0,2,81.2,148=,96.1,stanford university,QS World University Rankings 2025,International Education Costs Dataset,Excellent
UK,Edinburgh,University of Edinburgh,Chemistry,Master,2.0,38000,67.8,1100,485,800,0.79,university of edinburgh,university of edinburgh,the university of edinburgh,92.0,27,22,The University of Edinburgh,United Kingdom,Europe,XL,FC,VH,A,98.3,24,97.2,24,65.5,201,47.7,282,98.7,111,99.8,41,99.5,7,55.9,222,99.0,15=,83.3,the university of edinburgh,QS World University Rankings 2025,International Education Costs Dataset,High
UK,Edinburgh,University of Edinburgh,Chemistry,Master,2.0,38000,67.8,1100,485,800,0.79,university of edinburgh,university of edinburgh,the university of edinburgh,92.0,27,22,The University of Edinburgh,United Kingdom,Europe,XL,FC,VH,A,98.3,24,97.2,24,65.5,201,47.7,282,98.7,111,99.8,41,99.5,7,55.9,222,99.0,15=,83.3,the university of edinburgh,QS World University Rankings 2025,International Education Costs Dataset,High
UK,Edinburgh,University of Edinburgh,Chemistry,Master,2.0,38000,67.8,1100,485,800,0.79,university of edinburgh,university of edinburgh,the university of edinburgh,92.0,27,22,The University of Edinburgh,United Kingdom,Europe,XL,FC,VH,A,98.3,24,97.2,24,65.5,201,47.7,282,98.7,111,99.8,41,99.5,7,55.9,222,99.0,15=,83.3,the university of edinburgh,QS World University Rankings 2025,International Education Costs Dataset,High
Germany,Berlin,Humboldt University,Computer Science,Bachelor,3.0,0,68.9,950,110,900,0.92,humboldt university,humboldt university,humboldt state university,86.36363636363636,1401+,1401+,Humboldt State University,United States,Americas,M,CO,HI,A,3.0,601+,2.5,601+,9.7,701+,3.7,701+,2.9,701+,1.2,701+,9.9,701+,3.1,701+,1.0,701+,,humboldt state university,QS World University Rankings 2025,International Education Costs Dataset,Medium
Canada,Vancouver,University of British Columbia,Environmental Science,Master,2.0,42000,71.2,1600,235,750,1.35,university of british columbia,university of british columbia,university of british columbia,100.0,38,34,University of British Columbia,Canada,Americas,XL,FC,VH,A,98.3,23,94.3,36,34.5,459,57.7,214,95.5,142,72.8,200,96.2,53,74.6,141,99.8,4,81,university of british columbia,QS World University Rankings 2025,International Education Costs Dataset,Excellent
Canada,Vancouver,University of British Columbia,Environmental Science,Master,2.0,42000,71.2,1600,235,750,1.35,university of british columbia,university of british columbia,university of british columbia,100.0,38,34,University of British Columbia,Canada,Americas,XL,FC,VH,A,98.3,23,94.3,36,34.5,459,57.7,214,95.5,142,72.8,200,96.2,53,74.6,141,99.8,4,81,university of british columbia,QS World University Rankings 2025,International Education Costs Dataset,Excellent
Canada,Vancouver,University of British Columbia,Environmental Science,Master,2.0,42000,71.2,1600,235,750,1.35,university of british columbia,university of british columbia,university of british columbia,100.0,38,34,University of British Columbia,Canada,Americas,XL,FC,VH,A,98.3,23,94.3,36,34.5,459,57.7,214,95.5,142,72.8,200,96.2,53,74.6,141,99.8,4,81,university of british columbia,QS World University Rankings 2025,International Education Costs Dataset,Excellent
Canada,Vancouver,University of British Columbia,Environmental Science,Master,2.0,42000,71.2,1600,235,750,1.35,university of british columbia,university of british columbia,university of british columbia,100.0,38,34,University of British Columbia,Canada,Americas,XL,FC,VH,A,98.3,23,94.3,36,34.5,459,57.7,214,95.5,142,72.8,200,96.2,53,74.6,141,99.8,4,81,university of british columbia,QS World University Rankings 2025,International Education Costs Dataset,Excellent
Australia,Sydney,University of Sydney,Biotechnology,PhD,4.0,31000,75.6,1700,450,650,1.52,university of sydney,university of sydney,the university of sydney,90.9090909090909,18,19,The University of Sydney,Australia,Oceania,XL,FC,VH,A,96.4,30,90.0,51,10.9,701+,93.7,56,99.9,87,100.0,17,95.8,61,93.1,63,99.6,7,87.3,the university of sydney,QS World University Rankings 2025,International Education Costs Dataset,High
Australia,Sydney,University of Sydney,Biotechnology,PhD,4.0,31000,75.6,1700,450,650,1.52,university of sydney,university of sydney,the university of sydney,90.9090909090909,18,19,The University of Sydney,Australia,Oceania,XL,FC,VH,A,96.4,30,90.0,51,10.9,701+,93.7,56,99.9,87,100.0,17,95.8,61,93.1,63,99.6,7,87.3,the university of sydney,QS World University Rankings 2025,International Education Costs Dataset,High
Australia,Sydney,University of Sydney,Biotechnology,PhD,4.0,31000,75.6,1700,450,650,1.52,university of sydney,university of sydney,the university of sydney,90.9090909090909,18,19,The University of Sydney,Australia,Oceania,XL,FC,VH,A,96.4,30,90.0,51,10.9,701+,93.7,56,99.9,87,100.0,17,95.8,61,93.1,63,99.6,7,87.3,the university of sydney,QS World University Rankings 2025,International Education Costs Dataset,High
Australia,Sydney,University of Sydney,Biotechnology,PhD,4.0,31000,75.6,1700,450,650,1.52,university of sydney,university of sydney,the university of sydney,90.9090909090909,18,19,The University of Sydney,Australia,Oceania,XL,FC,VH,A,96.4,30,90.0,51,10.9,701+,93.7,56,99.9,87,100.0,17,95.8,61,93.1,63,99.6,7,87.3,the university of sydney,QS World University Rankings 2025,International Education Costs Dataset,High
Australia,Sydney,University of Sydney,Biotechnology,PhD,4.0,31000,75.6,1700,450,650,1.52,university of sydney,university of sydney,the university of sydney,90.9090909090909,18,19,The University of Sydney,Australia,Oceania,XL,FC,VH,A,96.4,30,90.0,51,10.9,701+,93.7,56,99.9,87,100.0,17,95.8,61,93.1,63,99.6,7,87.3,the university of sydney,QS World University Rankings 2025,International Education Costs Dataset,High
USA,Berkeley,UC Berkeley,Mathematics,Master,2.0,54000,83.2,2000,160,1500,1.0,uc berkeley,uc berkeley,,,,,,,,,,,,,,,,,,,,,,,,,,,,,,,,Not Matched,International Education Costs Dataset,Unmatched
USA,Berkeley,UC Berkeley,Mathematics,Master,2.0,54000,83.2,2000,160,1500,1.0,uc berkeley,uc berkeley,,,,,,,,,,,,,,,,,,,,,,,,,,,,,,,,Not Matched,International Education Costs Dataset,Unmatched
USA,Berkeley,UC Berkeley,Mathematics,Master,2.0,54000,83.2,2000,160,1500,1.0,uc berkeley,uc berkeley,,,,,,,,,,,,,,,,,,,,,,,,,,,,,,,,Not Matched,International Education Costs Dataset,Unmatched
USA,Berkeley,UC Berkeley,Mathematics,Master,2.0,54000,83.2,2000,160,1500,1.0,uc berkeley,uc berkeley,,,,,,,,,,,,,,,,,,,,,,,,,,,,,,,,Not Matched,International Education Costs Dataset,Unmatched
UK,Manchester,University of Manchester,Engineering,Bachelor,3.0,35000,65.4,900,485,800,0.79,university of manchester,university of manchester,the university of manchester,92.3076923076923,34,32,The University of Manchester,United Kingdom,Europe,XL,FC,VH,A,95.6,33,98.1,20,51.3,297,45.1,307,93.1,169,99.2,55,99.2,12,87.6,90,99.8,3,82,the university of manchester,QS World University Rankings 2025,International Education Costs Dataset,High
UK,Manchester,University of Manchester,Engineering,Bachelor,3.0,35000,65.4,900,485,800,0.79,university of manchester,university of manchester,the university of manchester,92.3076923076923,34,32,The University of Manchester,United Kingdom,Europe,XL,FC,VH,A,95.6,33,98.1,20,51.3,297,45.1,307,93.1,169,99.2,55,99.2,12,87.6,90,99.8,3,82,the university of manchester,QS World University Rankings 2025,International Education Costs Dataset,High
UK,Manchester,University of Manchester,Engineering,Bachelor,3.0,35000,65.4,900,485,800,0.79,university of manchester,university of manchester,the university of manchester,92.3076923076923,34,32,The University of Manchester,United Kingdom,Europe,XL,FC,VH,A,95.6,33,98.1,20,51.3,297,45.1,307,93.1,169,99.2,55,99.2,12,87.6,90,99.8,3,82,the university of manchester,QS World University Rankings 2025,International Education Costs Dataset,High
UK,Manchester,University of Manchester,Engineering,Bachelor,3.0,35000,65.4,900,485,800,0.79,university of manchester,university of manchester,the university of manchester,92.3076923076923,34,32,The University of Manchester,United Kingdom,Europe,XL,FC,VH,A,95.6,33,98.1,20,51.3,297,45.1,307,93.1,169,99.2,55,99.2,12,87.6,90,99.8,3,82,the university of manchester,QS World University Rankings 2025,International Education Costs Dataset,High
Germany,Hamburg,University of Hamburg,Physics,Master,2.0,0,69.8,1100,110,900,0.92,university of hamburg,university of hamburg,universit t hamburg,90.0,191,205,Universität Hamburg,Germany,Europe,L,FO,VH,A,50.7,159,35.7,264,16.5,701+,54.7,233,40.2,418,20.4,532,93.4,109,42.8,300,90.6,91,47.1,universit t hamburg,QS World University Rankings 2025,International Education Costs Dataset,High
Canada,Montreal,McGill University,Computer Science,PhD,4.0,38000,68.9,1400,235,750,1.35,mcgill university,mcgill university,mcgill university,100.0,29,30,McGill University,Canada,Americas,L,FC,VH,A,94.3,34,87.6,56,62.3,224,57.9,212,83.7,225,89.6,124,94.2,94,98.3,24,99.1,13,83,mcgill university,QS World University Rankings 2025,International Education Costs Dataset,Excellent
Canada,Montreal,McGill University,Computer Science,PhD,4.0,38000,68.9,1400,235,750,1.35,mcgill university,mcgill university,mcgill university,100.0,29,30,McGill University,Canada,Americas,L,FC,VH,A,94.3,34,87.6,56,62.3,224,57.9,212,83.7,225,89.6,124,94.2,94,98.3,24,99.1,13,83,mcgill university,QS World University Rankings 2025,International Education Costs Dataset,Excellent
Canada,Montreal,McGill University,Computer Science,PhD,4.0,38000,68.9,1400,235,750,1.35,mcgill university,mcgill university,mcgill university,100.0,29,30,McGill University,Canada,Americas,L,FC,VH,A,94.3,34,87.6,56,62.3,224,57.9,212,83.7,225,89.6,124,94.2,94,98.3,24,99.1,13,83,mcgill university,QS World University Rankings 2025,International Education Costs Dataset,Excellent
Australia,Brisbane,University of Queensland,Data Science,Master,2.0,32000,68.7,1200,450,650,1.52,university of queensland,university of queensland,the university of queensland,92.3076923076923,40,43,The University of Queensland,Australia,Oceania,XL,FC,VH,A,86.7,50,74.0,89,21.2,653,90.2,75,100.0,54,100.0,23,96.7,47,56.7,214,96.7,36,80.2,the university of queensland,QS World University Rankings 2025,International Education Costs Dataset,High
Australia,Brisbane,University of Queensland,Data Science,Master,2.0,32000,68.7,1200,450,650,1.52,university of queensland,university of queensland,the university of queensland,92.3076923076923,40,43,The University of Queensland,Australia,Oceania,XL,FC,VH,A,86.7,50,74.0,89,21.2,653,90.2,75,100.0,54,100.0,23,96.7,47,56.7,214,96.7,36,80.2,the university of queensland,QS World University Rankings 2025,International Education Costs Dataset,High
Australia,Brisbane,University of Queensland,Data Science,Master,2.0,32000,68.7,1200,450,650,1.52,university of queensland,university of queensland,the university of queensland,92.3076923076923,40,43,The University of Queensland,Australia,Oceania,XL,FC,VH,A,86.7,50,74.0,89,21.2,653,90.2,75,100.0,54,100.0,23,96.7,47,56.7,214,96.7,36,80.2,the university of queensland,QS World University Rankings 2025,International Education Costs Dataset,High
Australia,Brisbane,University of Queensland,Data Science,Master,2.0,32000,68.7,1200,450,650,1.52,university of queensland,university of queensland,the university of queensland,92.3076923076923,40,43,The University of Queensland,Australia,Oceania,XL,FC,VH,A,86.7,50,74.0,89,21.2,653,90.2,75,100.0,54,100.0,23,96.7,47,56.7,214,96.7,36,80.2,the university of queensland,QS World University Rankings 2025,International Education Costs Dataset,High
USA,New York,Columbia University,Economics,Master,2.0,62000,100.0,2500,160,1500,1.0,columbia university,columbia university,columbia university,100.0,34,23,Columbia University,United States,Americas,XL,FC,VH,B,99.6,12,98.8,15,100.0,16,31.7,417,41.5,413,97.0,79,98.5,19,99.9,9,71.8,211=,82,columbia university,QS World University Rankings 2025,International Education Costs Dataset,Excellent
USA,New York,Columbia University,Economics,Master,2.0,62000,100.0,2500,160,1500,1.0,columbia university,columbia university,columbia university,100.0,34,23,Columbia University,United States,Americas,XL,FC,VH,B,99.6,12,98.8,15,100.0,16,31.7,417,41.5,413,97.0,79,98.5,19,99.9,9,71.8,211=,82,columbia university,QS World University Rankings 2025,International Education Costs Dataset,Excellent
USA,New York,Columbia University,Economics,Master,2.0,62000,100.0,2500,160,1500,1.0,columbia university,columbia university,columbia university,100.0,34,23,Columbia University,United States,Americas,XL,FC,VH,B,99.6,12,98.8,15,100.0,16,31.7,417,41.5,413,97.0,79,98.5,19,99.9,9,71.8,211=,82,columbia university,QS World University Rankings 2025,International Education Costs Dataset,Excellent
UK,Oxford,University of Oxford,Computer Science,PhD,4.0,40000,71.5,1400,485,800,0.79,university of oxford,university of oxford,university of oxford,100.0,3,3,University of Oxford,United Kingdom,Europe,L,FC,VH,A,100.0,2,100.0,5,100.0,8,84.8,93,98.1,120,97.7,73,100.0,1,100.0,3,85.0,126,96.9,university of oxford,QS World University Rankings 2025,International Education Costs Dataset,Excellent
UK,Oxford,University of Oxford,Computer Science,PhD,4.0,40000,71.5,1400,485,800,0.79,university of oxford,university of oxford,university of oxford,100.0,3,3,University of Oxford,United Kingdom,Europe,L,FC,VH,A,100.0,2,100.0,5,100.0,8,84.8,93,98.1,120,97.7,73,100.0,1,100.0,3,85.0,126,96.9,university of oxford,QS World University Rankings 2025,International Education Costs Dataset,Excellent
UK,Oxford,University of Oxford,Computer Science,PhD,4.0,40000,71.5,1400,485,800,0.79,university of oxford,university of oxford,university of oxford,100.0,3,3,University of Oxford,United Kingdom,Europe,L,FC,VH,A,100.0,2,100.0,5,100.0,8,84.8,93,98.1,120,97.7,73,100.0,1,100.0,3,85.0,126,96.9,university of oxford,QS World University Rankings 2025,International Education Costs Dataset,Excellent
UK,Oxford,University of Oxford,Computer Science,PhD,4.0,40000,71.5,1400,485,800,0.79,university of oxford,university of oxford,university of oxford,100.0,3,3,University of Oxford,United Kingdom,Europe,L,FC,VH,A,100.0,2,100.0,5,100.0,8,84.8,93,98.1,120,97.7,73,100.0,1,100.0,3,85.0,126,96.9,university of oxford,QS World University Rankings 2025,International Education Costs Dataset,Excellent
Germany,Dresden,TU Dresden,Mechanical Engineering,Bachelor,3.0,0,65.4,800,110,900,0.92,tu dresden,tu dresden,,,,,,,,,,,,,,,,,,,,,,,,,,,,,,,,Not Matched,International Education Costs Dataset,Unmatched
Germany,Dresden,TU Dresden,Mechanical Engineering,Bachelor,3.0,0,65.4,800,110,900,0.92,tu dresden,tu dresden,,,,,,,,,,,,,,,,,,,,,,,,,,,,,,,,Not Matched,International Education Costs Dataset,Unmatched
Germany,Dresden,TU Dresden,Mechanical Engineering,Bachelor,3.0,0,65.4,800,110,900,0.92,tu dresden,tu dresden,,,,,,,,,,,,,,,,,,,,,,,,,,,,,,,,Not Matched,International Education Costs Dataset,Unmatched
Canada,Ottawa,University of Ottawa,Artificial Intelligence,Master,2.0,40000,67.8,1300,235,750,1.35,university of ottawa,university of ottawa,university of ottawa,100.0,189,203,University of Ottawa,Canada,Americas,XL,FC,VH,A,26.2,340,23.3,406,3.5,701+,81.3,106,91.7,179,77.8,181,93.0,119,39.8,323,92.9,72,47.3,university of ottawa,QS World University Rankings 2025,International Education Costs Dataset,Excellent
Canada,Ottawa,University of Ottawa,Artificial Intelligence,Master,2.0,40000,67.8,1300,235,750,1.35,university of ottawa,university of ottawa,university of ottawa,100.0,189,203,University of Ottawa,Canada,Americas,XL,FC,VH,A,26.2,340,23.3,406,3.5,701+,81.3,106,91.7,179,77.8,181,93.0,119,39.8,323,92.9,72,47.3,university of ottawa,QS World University Rankings 2025,International Education Costs Dataset,Excellent
Canada,Ottawa,University of Ottawa,Artificial Intelligence,Master,2.0,40000,67.8,1300,235,750,1.35,university of ottawa,university of ottawa,university of ottawa,100.0,189,203,University of Ottawa,Canada,Americas,XL,FC,VH,A,26.2,340,23.3,406,3.5,701+,81.3,106,91.7,179,77.8,181,93.0,119,39.8,323,92.9,72,47.3,university of ottawa,QS World University Rankings 2025,International Education Costs Dataset,Excellent
Canada,Ottawa,University of Ottawa,Artificial Intelligence,Master,2.0,40000,67.8,1300,235,750,1.35,university of ottawa,university of ottawa,university of ottawa,100.0,189,203,University of Ottawa,Canada,Americas,XL,FC,VH,A,26.2,340,23.3,406,3.5,701+,81.3,106,91.7,179,77.8,181,93.0,119,39.8,323,92.9,72,47.3,university of ottawa,QS World University Rankings 2025,International Education Costs Dataset,Excellent
Australia,Perth,University of Western Australia,Physics,Master,2.0,30000,67.2,1100,450,650,1.52,university of western australia,university of western australia,the university of western australia,93.93939393939394,77,72,The University of Western Australia,Australia,Oceania,L,FC,VH,A,55.5,141,41.8,225,13.1,701+,98.8,30,100.0,37,99.8,40,94.2,95,78.0,128,50.8,315=,65.2,the university of western australia,QS World University Rankings 2025,International Education Costs Dataset,High
Australia,Perth,University of Western Australia,Physics,Master,2.0,30000,67.2,1100,450,650,1.52,university of western australia,university of western australia,the university of western australia,93.93939393939394,77,72,The University of Western Australia,Australia,Oceania,L,FC,VH,A,55.5,141,41.8,225,13.1,701+,98.8,30,100.0,37,99.8,40,94.2,95,78.0,128,50.8,315=,65.2,the university of western australia,QS World University Rankings 2025,International Education Costs Dataset,High
Australia,Perth,University of Western Australia,Physics,Master,2.0,30000,67.2,1100,450,650,1.52,university of western australia,university of western australia,the university of western australia,93.93939393939394,77,72,The University of Western Australia,Australia,Oceania,L,FC,VH,A,55.5,141,41.8,225,13.1,701+,98.8,30,100.0,37,99.8,40,94.2,95,78.0,128,50.8,315=,65.2,the university of western australia,QS World University Rankings 2025,International Education Costs Dataset,High
Australia,Perth,University of Western Australia,Physics,Master,2.0,30000,67.2,1100,450,650,1.52,university of western australia,university of western australia,the university of western australia,93.93939393939394,77,72,The University of Western Australia,Australia,Oceania,L,FC,VH,A,55.5,141,41.8,225,13.1,701+,98.8,30,100.0,37,99.8,40,94.2,95,78.0,128,50.8,315=,65.2,the university of western australia,QS World University Rankings 2025,International Education Costs Dataset,High
Australia,Perth,University of Western Australia,Physics,Master,2.0,30000,67.2,1100,450,650,1.52,university of western australia,university of western australia,the university of western australia,93.93939393939394,77,72,The University of Western Australia,Australia,Oceania,L,FC,VH,A,55.5,141,41.8,225,13.1,701+,98.8,30,100.0,37,99.8,40,94.2,95,78.0,128,50.8,315=,65.2,the university of western australia,QS World University Rankings 2025,International Education Costs Dataset,High
USA,Atlanta,Georgia Tech,Engineering,PhD,5.0,48000,71.2,1700,160,1500,1.0,georgia technology,georgia technology,,,,,,,,,,,,,,,,,,,,,,,,,,,,,,,,Not Matched,International Education Costs Dataset,Unmatched
USA,Atlanta,Georgia Tech,Engineering,PhD,5.0,48000,71.2,1700,160,1500,1.0,georgia technology,georgia technology,,,,,,,,,,,,,,,,,,,,,,,,,,,,,,,,Not Matched,International Education Costs Dataset,Unmatched
USA,Atlanta,Georgia Tech,Engineering,PhD,5.0,48000,71.2,1700,160,1500,1.0,georgia technology,georgia technology,,,,,,,,,,,,,,,,,,,,,,,,,,,,,,,,Not Matched,International Education Costs Dataset,Unmatched
USA,Atlanta,Georgia Tech,Engineering,PhD,5.0,48000,71.2,1700,160,1500,1.0,georgia technology,georgia technology,,,,,,,,,,,,,,,,,,,,,,,,,,,,,,,,Not Matched,International Education Costs Dataset,Unmatched
UK,Bristol,University of Bristol,Data Science,Master,2.0,36000,68.9,1200,485,800,0.79,university of bristol,university of bristol,university of bristol,100.0,54,55,University of Bristol,United Kingdom,Europe,L,FC,VH,A,75.8,78,82.5,69,36.7,437,75.9,134,87.5,206,89.8,121,94.6,84,51.2,250,98.9,17,75.4,university of bristol,QS World University Rankings 2025,International Education Costs Dataset,Excellent
UK,Bristol,University of Bristol,Data Science,Master,2.0,36000,68.9,1200,485,800,0.79,university of bristol,university of bristol,university of bristol,100.0,54,55,University of Bristol,United Kingdom,Europe,L,FC,VH,A,75.8,78,82.5,69,36.7,437,75.9,134,87.5,206,89.8,121,94.6,84,51.2,250,98.9,17,75.4,university of bristol,QS World University Rankings 2025,International Education Costs Dataset,Excellent
UK,Bristol,University of Bristol,Data Science,Master,2.0,36000,68.9,1200,485,800,0.79,university of bristol,university of bristol,university of bristol,100.0,54,55,University of Bristol,United Kingdom,Europe,L,FC,VH,A,75.8,78,82.5,69,36.7,437,75.9,134,87.5,206,89.8,121,94.6,84,51.2,250,98.9,17,75.4,university of bristol,QS World University Rankings 2025,International Education Costs Dataset,Excellent
UK,Bristol,University of Bristol,Data Science,Master,2.0,36000,68.9,1200,485,800,0.79,university of bristol,university of bristol,university of bristol,100.0,54,55,University of Bristol,United Kingdom,Europe,L,FC,VH,A,75.8,78,82.5,69,36.7,437,75.9,134,87.5,206,89.8,121,94.6,84,51.2,250,98.9,17,75.4,university of bristol,QS World University Rankings 2025,International Education Costs Dataset,Excellent
Germany,Frankfurt,Goethe University,Computer Science,Master,2.0,0,72.3,1300,110,900,0.92,goethe university,goethe university,,,,,,,,,,,,,,,,,,,,,,,,,,,,,,,,Not Matched,International Education Costs Dataset,Unmatched
Canada,Calgary,University of Calgary,Mathematics,Bachelor,4.0,35000,65.4,1200,235,750,1.35,university of calgary,university of calgary,university of calgary,100.0,198,182,University of Calgary,Canada,Americas,XL,FC,VH,A,37.9,227,44.5,207,18.1,701+,40.3,350,77.7,246,66.2,225,85.2,243,53.3,236,93.3,68=,46.3,university of calgary,QS World University Rankings 2025,International Education Costs Dataset,Excellent
Canada,Calgary,University of Calgary,Mathematics,Bachelor,4.0,35000,65.4,1200,235,750,1.35,university of calgary,university of calgary,university of calgary,100.0,198,182,University of Calgary,Canada,Americas,XL,FC,VH,A,37.9,227,44.5,207,18.1,701+,40.3,350,77.7,246,66.2,225,85.2,243,53.3,236,93.3,68=,46.3,university of calgary,QS World University Rankings 2025,International Education Costs Dataset,Excellent
Canada,Calgary,University of Calgary,Mathematics,Bachelor,4.0,35000,65.4,1200,235,750,1.35,university of calgary,university of calgary,university of calgary,100.0,198,182,University of Calgary,Canada,Americas,XL,FC,VH,A,37.9,227,44.5,207,18.1,701+,40.3,350,77.7,246,66.2,225,85.2,243,53.3,236,93.3,68=,46.3,university of calgary,QS World University Rankings 2025,International Education Costs Dataset,Excellent
Canada,Calgary,University of Calgary,Mathematics,Bachelor,4.0,35000,65.4,1200,235,750,1.35,university of calgary,university of calgary,university of calgary,100.0,198,182,University of Calgary,Canada,Americas,XL,FC,VH,A,37.9,227,44.5,207,18.1,701+,40.3,350,77.7,246,66.2,225,85.2,243,53.3,236,93.3,68=,46.3,university of calgary,QS World University Rankings 2025,International Education Costs Dataset,Excellent
Australia,Adelaide,University of Adelaide,Chemistry,PhD,4.0,28000,64.5,1000,450,650,1.52,university of adelaide,university of adelaide,the university of adelaide,91.66666666666666,82,89,The University of Adelaide,Australia,Oceania,L,FC,VH,A,56.0,138,38.9,242,17.9,701+,87.0,86,100.0,78,99.3,53,93.6,108,51.5,246,95.7,49,63.8,the university of adelaide,QS World University Rankings 2025,International Education Costs Dataset,High
Australia,Adelaide,University of Adelaide,Chemistry,PhD,4.0,28000,64.5,1000,450,650,1.52,university of adelaide,university of adelaide,the university of adelaide,91.66666666666666,82,89,The University of Adelaide,Australia,Oceania,L,FC,VH,A,56.0,138,38.9,242,17.9,701+,87.0,86,100.0,78,99.3,53,93.6,108,51.5,246,95.7,49,63.8,the university of adelaide,QS World University Rankings 2025,International Education Costs Dataset,High
Australia,Adelaide,University of Adelaide,Chemistry,PhD,4.0,28000,64.5,1000,450,650,1.52,university of adelaide,university of adelaide,the university of adelaide,91.66666666666666,82,89,The University of Adelaide,Australia,Oceania,L,FC,VH,A,56.0,138,38.9,242,17.9,701+,87.0,86,100.0,78,99.3,53,93.6,108,51.5,246,95.7,49,63.8,the university of adelaide,QS World University Rankings 2025,International Education Costs Dataset,High
Australia,Adelaide,University of Adelaide,Chemistry,PhD,4.0,28000,64.5,1000,450,650,1.52,university of adelaide,university of adelaide,the university of adelaide,91.66666666666666,82,89,The University of Adelaide,Australia,Oceania,L,FC,VH,A,56.0,138,38.9,242,17.9,701+,87.0,86,100.0,78,99.3,53,93.6,108,51.5,246,95.7,49,63.8,the university of adelaide,QS World University Rankings 2025,International Education Costs Dataset,High
Australia,Adelaide,University of Adelaide,Chemistry,PhD,4.0,28000,64.5,1000,450,650,1.52,university of adelaide,university of adelaide,the university of adelaide,91.66666666666666,82,89,The University of Adelaide,Australia,Oceania,L,FC,VH,A,56.0,138,38.9,242,17.9,701+,87.0,86,100.0,78,99.3,53,93.6,108,51.5,246,95.7,49,63.8,the university of adelaide,QS World University Rankings 2025,International Education Costs Dataset,High
USA,Los Angeles,UCLA,Computer Science,Master,2.0,52000,79.8,2200,160,1500,1.0,ucla,ucla,ucl,85.71428571428572,9,9,UCL,United Kingdom,Europe,XL,FC,VH,A,99.5,14,98.3,18,95.9,56,72.2,145,99.0,106,100.0,21,99.9,2,70.3,157,74.8,190=,91.6,ucl,QS World University Rankings 2025,International Education Costs Dataset,Medium
USA,Los Angeles,UCLA,Computer Science,Master,2.0,52000,79.8,2200,160,1500,1.0,ucla,ucla,ucl,85.71428571428572,9,9,UCL,United Kingdom,Europe,XL,FC,VH,A,99.5,14,98.3,18,95.9,56,72.2,145,99.0,106,100.0,21,99.9,2,70.3,157,74.8,190=,91.6,ucl,QS World University Rankings 2025,International Education Costs Dataset,Medium
USA,Los Angeles,UCLA,Computer Science,Master,2.0,52000,79.8,2200,160,1500,1.0,ucla,ucla,ucl,85.71428571428572,9,9,UCL,United Kingdom,Europe,XL,FC,VH,A,99.5,14,98.3,18,95.9,56,72.2,145,99.0,106,100.0,21,99.9,2,70.3,157,74.8,190=,91.6,ucl,QS World University Rankings 2025,International Education Costs Dataset,Medium
UK,Glasgow,University of Glasgow,Physics,Bachelor,3.0,34000,64.5,950,485,800,0.79,university of glasgow,university of glasgow,university of glasgow,100.0,78,76,University of Glasgow,United Kingdom,Europe,XL,FC,VH,A,77.4,75,67.7,110,38.0,418,32.5,405,95.7,141,99.4,49,97.6,30,33.5,378,98.5,20,65,university of glasgow,QS World University Rankings 2025,International Education Costs Dataset,Excellent
UK,Glasgow,University of Glasgow,Physics,Bachelor,3.0,34000,64.5,950,485,800,0.79,university of glasgow,university of glasgow,university of glasgow,100.0,78,76,University of Glasgow,United Kingdom,Europe,XL,FC,VH,A,77.4,75,67.7,110,38.0,418,32.5,405,95.7,141,99.4,49,97.6,30,33.5,378,98.5,20,65,university of glasgow,QS World University Rankings 2025,International Education Costs Dataset,Excellent
UK,Glasgow,University of Glasgow,Physics,Bachelor,3.0,34000,64.5,950,485,800,0.79,university of glasgow,university of glasgow,university of glasgow,100.0,78,76,University of Glasgow,United Kingdom,Europe,XL,FC,VH,A,77.4,75,67.7,110,38.0,418,32.5,405,95.7,141,99.4,49,97.6,30,33.5,378,98.5,20,65,university of glasgow,QS World University Rankings 2025,International Education Costs Dataset,Excellent
UK,Glasgow,University of Glasgow,Physics,Bachelor,3.0,34000,64.5,950,485,800,0.79,university of glasgow,university of glasgow,university of glasgow,100.0,78,76,University of Glasgow,United Kingdom,Europe,XL,FC,VH,A,77.4,75,67.7,110,38.0,418,32.5,405,95.7,141,99.4,49,97.6,30,33.5,378,98.5,20,65,university of glasgow,QS World University Rankings 2025,International Education Costs Dataset,Excellent
Germany,Stuttgart,University of Stuttgart,Engineering,Master,2.0,0,68.7,1100,110,900,0.92,university of stuttgart,university of stuttgart,universit t stuttgart,86.36363636363636,314,312,Universität Stuttgart,Germany,Europe,L,FO,VH,A,23.1,386,33.0,286,6.8,701+,55.2,228,36.0,442,46.8,314,70.4,479,21.7,527,65.3,239=,34.9,universit t stuttgart,QS World University Rankings 2025,International Education Costs Dataset,Medium
Germany,Stuttgart,University of Stuttgart,Engineering,Master,2.0,0,68.7,1100,110,900,0.92,university of stuttgart,university of stuttgart,universit t stuttgart,86.36363636363636,314,312,Universität Stuttgart,Germany,Europe,L,FO,VH,A,23.1,386,33.0,286,6.8,701+,55.2,228,36.0,442,46.8,314,70.4,479,21.7,527,65.3,239=,34.9,universit t stuttgart,QS World University Rankings 2025,International Education Costs Dataset,Medium
Germany,Stuttgart,University of Stuttgart,Engineering,Master,2.0,0,68.7,1100,110,900,0.92,university of stuttgart,university of stuttgart,universit t stuttgart,86.36363636363636,314,312,Universität Stuttgart,Germany,Europe,L,FO,VH,A,23.1,386,33.0,286,6.8,701+,55.2,228,36.0,442,46.8,314,70.4,479,21.7,527,65.3,239=,34.9,universit t stuttgart,QS World University Rankings 2025,International Education Costs Dataset,Medium
Canada,Edmonton,University of Alberta,Data Science,Master,2.0,37000,64.3,1100,235,750,1.35,university of alberta,university of alberta,university of alberta,100.0,96,111,University of Alberta,Canada,Americas,XL,FC,VH,A,57.0,136,42.2,222,39.1,400,61.3,194,98.3,116,71.0,207,96.0,55,70.0,159,97.6,28,61.2,university of alberta,QS World University Rankings 2025,International Education Costs Dataset,Excellent
Canada,Edmonton,University of Alberta,Data Science,Master,2.0,37000,64.3,1100,235,750,1.35,university of alberta,university of alberta,university of alberta,100.0,96,111,University of Alberta,Canada,Americas,XL,FC,VH,A,57.0,136,42.2,222,39.1,400,61.3,194,98.3,116,71.0,207,96.0,55,70.0,159,97.6,28,61.2,university of alberta,QS World University Rankings 2025,International Education Costs Dataset,Excellent
Canada,Edmonton,University of Alberta,Data Science,Master,2.0,37000,64.3,1100,235,750,1.35,university of alberta,university of alberta,university of alberta,100.0,96,111,University of Alberta,Canada,Americas,XL,FC,VH,A,57.0,136,42.2,222,39.1,400,61.3,194,98.3,116,71.0,207,96.0,55,70.0,159,97.6,28,61.2,university of alberta,QS World University Rankings 2025,International Education Costs Dataset,Excellent
Canada,Edmonton,University of Alberta,Data Science,Master,2.0,37000,64.3,1100,235,750,1.35,university of alberta,university of alberta,university of alberta,100.0,96,111,University of Alberta,Canada,Americas,XL,FC,VH,A,57.0,136,42.2,222,39.1,400,61.3,194,98.3,116,71.0,207,96.0,55,70.0,159,97.6,28,61.2,university of alberta,QS World University Rankings 2025,International Education Costs Dataset,Excellent
Australia,Canberra,Australian National University,Computer Science,PhD,4.0,33000,69.8,1300,450,650,1.52,australian national university,australian national university,the australian national university,93.75,30,34,The Australian National University,Australia,Oceania,L,FC,VH,A,93.8,36,75.4,85,34.6,457,84.6,97,100.0,52,96.2,89,91.4,151,56.6,216,97.1,30=,82.4,the australian national university,QS World University Rankings 2025,International Education Costs Dataset,High
Australia,Canberra,Australian National University,Computer Science,PhD,4.0,33000,69.8,1300,450,650,1.52,australian national university,australian national university,the australian national university,93.75,30,34,The Australian National University,Australia,Oceania,L,FC,VH,A,93.8,36,75.4,85,34.6,457,84.6,97,100.0,52,96.2,89,91.4,151,56.6,216,97.1,30=,82.4,the australian national university,QS World University Rankings 2025,International Education Costs Dataset,High
Australia,Canberra,Australian National University,Computer Science,PhD,4.0,33000,69.8,1300,450,650,1.52,australian national university,australian national university,the australian national university,93.75,30,34,The Australian National University,Australia,Oceania,L,FC,VH,A,93.8,36,75.4,85,34.6,457,84.6,97,100.0,52,96.2,89,91.4,151,56.6,216,97.1,30=,82.4,the australian national university,QS World University Rankings 2025,International Education Costs Dataset,High
Australia,Canberra,Australian National University,Computer Science,PhD,4.0,33000,69.8,1300,450,650,1.52,australian national university,australian national university,the australian national university,93.75,30,34,The Australian National University,Australia,Oceania,L,FC,VH,A,93.8,36,75.4,85,34.6,457,84.6,97,100.0,52,96.2,89,91.4,151,56.6,216,97.1,30=,82.4,the australian national university,QS World University Rankings 2025,International Education Costs Dataset,High
Australia,Canberra,Australian National University,Computer Science,PhD,4.0,33000,69.8,1300,450,650,1.52,australian national university,australian national university,the australian national university,93.75,30,34,The Australian National University,Australia,Oceania,L,FC,VH,A,93.8,36,75.4,85,34.6,457,84.6,97,100.0,52,96.2,89,91.4,151,56.6,216,97.1,30=,82.4,the australian national university,QS World University Rankings 2025,International Education Costs Dataset,High
USA,Austin,UT Austin,Mathematics,Master,2.0,45000,68.9,1600,160,1500,1.0,ut austin,ut austin,,,,,,,,,,,,,,,,,,,,,,,,,,,,,,,,Not Matched,International Education Costs Dataset,Unmatched
USA,Austin,UT Austin,Mathematics,Master,2.0,45000,68.9,1600,160,1500,1.0,ut austin,ut austin,,,,,,,,,,,,,,,,,,,,,,,,,,,,,,,,Not Matched,International Education Costs Dataset,Unmatched
USA,Austin,UT Austin,Mathematics,Master,2.0,45000,68.9,1600,160,1500,1.0,ut austin,ut austin,,,,,,,,,,,,,,,,,,,,,,,,,,,,,,,,Not Matched,International Education Costs Dataset,Unmatched
USA,Austin,UT Austin,Mathematics,Master,2.0,45000,68.9,1600,160,1500,1.0,ut austin,ut austin,,,,,,,,,,,,,,,,,,,,,,,,,,,,,,,,Not Matched,International Education Costs Dataset,Unmatched
UK,Leeds,University of Leeds,Chemistry,PhD,4.0,35000,63.2,900,485,800,0.79,university of leeds,university of leeds,university of leeds,100.0,82,75,University of Leeds,United Kingdom,Europe,XL,FC,VH,A,70.5,91,75.9,83,36.4,438,39.8,355,82.5,230,88.5,132,98.8,14,50.9,251,71.8,211=,63.8,university of leeds,QS World University Rankings 2025,International Education Costs Dataset,Excellent
UK,Leeds,University of Leeds,Chemistry,PhD,4.0,35000,63.2,900,485,800,0.79,university of leeds,university of leeds,university of leeds,100.0,82,75,University of Leeds,United Kingdom,Europe,XL,FC,VH,A,70.5,91,75.9,83,36.4,438,39.8,355,82.5,230,88.5,132,98.8,14,50.9,251,71.8,211=,63.8,university of leeds,QS World University Rankings 2025,International Education Costs Dataset,Excellent
UK,Leeds,University of Leeds,Chemistry,PhD,4.0,35000,63.2,900,485,800,0.79,university of leeds,university of leeds,university of leeds,100.0,82,75,University of Leeds,United Kingdom,Europe,XL,FC,VH,A,70.5,91,75.9,83,36.4,438,39.8,355,82.5,230,88.5,132,98.8,14,50.9,251,71.8,211=,63.8,university of leeds,QS World University Rankings 2025,International Education Costs Dataset,Excellent
UK,Leeds,University of Leeds,Chemistry,PhD,4.0,35000,63.2,900,485,800,0.79,university of leeds,university of leeds,university of leeds,100.0,82,75,University of Leeds,United Kingdom,Europe,XL,FC,VH,A,70.5,91,75.9,83,36.4,438,39.8,355,82.5,230,88.5,132,98.8,14,50.9,251,71.8,211=,63.8,university of leeds,QS World University Rankings 2025,International Education Costs Dataset,Excellent
Germany,Heidelberg,Heidelberg University,Physics,Bachelor,3.0,0,67.8,1000,110,900,0.92,heidelberg university,heidelberg university,,,,,,,,,,,,,,,,,,,,,,,,,,,,,,,,Not Matched,International Education Costs Dataset,Unmatched
Germany,Heidelberg,Heidelberg University,Physics,Bachelor,3.0,0,67.8,1000,110,900,0.92,heidelberg university,heidelberg university,,,,,,,,,,,,,,,,,,,,,,,,,,,,,,,,Not Matched,International Education Costs Dataset,Unmatched
Canada,Halifax,Dalhousie University,Engineering,Master,2.0,36000,63.4,1000,235,750,1.35,dalhousie university,dalhousie university,dalhousie university,100.0,275,298,Dalhousie University,Canada,Americas,L,FC,VH,A,19.4,463,16.7,513,12.9,701+,53.5,239,99.9,86,74.6,189,77.4,369,30.1,416,87.9,109,38.2,dalhousie university,QS World University Rankings 2025,International Education Costs Dataset,Excellent
Canada,Halifax,Dalhousie University,Engineering,Master,2.0,36000,63.4,1000,235,750,1.35,dalhousie university,dalhousie university,dalhousie university,100.0,275,298,Dalhousie University,Canada,Americas,L,FC,VH,A,19.4,463,16.7,513,12.9,701+,53.5,239,99.9,86,74.6,189,77.4,369,30.1,416,87.9,109,38.2,dalhousie university,QS World University Rankings 2025,International Education Costs Dataset,Excellent
Canada,Halifax,Dalhousie University,Engineering,Master,2.0,36000,63.4,1000,235,750,1.35,dalhousie university,dalhousie university,dalhousie university,100.0,275,298,Dalhousie University,Canada,Americas,L,FC,VH,A,19.4,463,16.7,513,12.9,701+,53.5,239,99.9,86,74.6,189,77.4,369,30.1,416,87.9,109,38.2,dalhousie university,QS World University Rankings 2025,International Education Costs Dataset,Excellent
Canada,Halifax,Dalhousie University,Engineering,Master,2.0,36000,63.4,1000,235,750,1.35,dalhousie university,dalhousie university,dalhousie university,100.0,275,298,Dalhousie University,Canada,Americas,L,FC,VH,A,19.4,463,16.7,513,12.9,701+,53.5,239,99.9,86,74.6,189,77.4,369,30.1,416,87.9,109,38.2,dalhousie university,QS World University Rankings 2025,International Education Costs Dataset,Excellent
Australia,Gold Coast,Griffith University,Data Science,Master,2.0,29000,65.4,1100,450,650,1.52,griffith university,griffith university,griffith university,100.0,255,243,Griffith University,Australia,Oceania,L,FC,VH,A,27.0,324,13.7,593,8.4,701+,62.5,187,99.8,90,38.5,363,92.1,135,17.9,602,96.4,40,40.1,griffith university,QS World University Rankings 2025,International Education Costs Dataset,Excellent
Australia,Gold Coast,Griffith University,Data Science,Master,2.0,29000,65.4,1100,450,650,1.52,griffith university,griffith university,griffith university,100.0,255,243,Griffith University,Australia,Oceania,L,FC,VH,A,27.0,324,13.7,593,8.4,701+,62.5,187,99.8,90,38.5,363,92.1,135,17.9,602,96.4,40,40.1,griffith university,QS World University Rankings 2025,International Education Costs Dataset,Excellent
Australia,Gold Coast,Griffith University,Data Science,Master,2.0,29000,65.4,1100,450,650,1.52,griffith university,griffith university,griffith university,100.0,255,243,Griffith University,Australia,Oceania,L,FC,VH,A,27.0,324,13.7,593,8.4,701+,62.5,187,99.8,90,38.5,363,92.1,135,17.9,602,96.4,40,40.1,griffith university,QS World University Rankings 2025,International Education Costs Dataset,Excellent
Australia,Gold Coast,Griffith University,Data Science,Master,2.0,29000,65.4,1100,450,650,1.52,griffith university,griffith university,griffith university,100.0,255,243,Griffith University,Australia,Oceania,L,FC,VH,A,27.0,324,13.7,593,8.4,701+,62.5,187,99.8,90,38.5,363,92.1,135,17.9,602,96.4,40,40.1,griffith university,QS World University Rankings 2025,International Education Costs Dataset,Excellent
Australia,Gold Coast,Griffith University,Data Science,Master,2.0,29000,65.4,1100,450,650,1.52,griffith university,griffith university,griffith university,100.0,255,243,Griffith University,Australia,Oceania,L,FC,VH,A,27.0,324,13.7,593,8.4,701+,62.5,187,99.8,90,38.5,363,92.1,135,17.9,602,96.4,40,40.1,griffith university,QS World University Rankings 2025,International Education Costs Dataset,Excellent
USA,Seattle,University of Washington,Computer Science,PhD,5.0,50000,77.8,2000,160,1500,1.0,university of washington,university of washington,university of washington,100.0,76,63,University of Washington,United States,Americas,XL,FC,VH,A,81.9,66,55.5,150,28.6,542,78.8,119,11.0,701+,32.8,407,95.6,67,68.7,170,66.5,235,65.3,university of washington,QS World University Rankings 2025,International Education Costs Dataset,Excellent
USA,Seattle,University of Washington,Computer Science,PhD,5.0,50000,77.8,2000,160,1500,1.0,university of washington,university of washington,university of washington,100.0,76,63,University of Washington,United States,Americas,XL,FC,VH,A,81.9,66,55.5,150,28.6,542,78.8,119,11.0,701+,32.8,407,95.6,67,68.7,170,66.5,235,65.3,university of washington,QS World University Rankings 2025,International Education Costs Dataset,Excellent
USA,Seattle,University of Washington,Computer Science,PhD,5.0,50000,77.8,2000,160,1500,1.0,university of washington,university of washington,university of washington,100.0,76,63,University of Washington,United States,Americas,XL,FC,VH,A,81.9,66,55.5,150,28.6,542,78.8,119,11.0,701+,32.8,407,95.6,67,68.7,170,66.5,235,65.3,university of washington,QS World University Rankings 2025,International Education Costs Dataset,Excellent
USA,Seattle,University of Washington,Computer Science,PhD,5.0,50000,77.8,2000,160,1500,1.0,university of washington,university of washington,university of washington,100.0,76,63,University of Washington,United States,Americas,XL,FC,VH,A,81.9,66,55.5,150,28.6,542,78.8,119,11.0,701+,32.8,407,95.6,67,68.7,170,66.5,235,65.3,university of washington,QS World University Rankings 2025,International Education Costs Dataset,Excellent
USA,Seattle,University of Washington,Computer Science,PhD,5.0,50000,77.8,2000,160,1500,1.0,university of washington,university of washington,university of washington,100.0,76,63,University of Washington,United States,Americas,XL,FC,VH,A,81.9,66,55.5,150,28.6,542,78.8,119,11.0,701+,32.8,407,95.6,67,68.7,170,66.5,235,65.3,university of washington,QS World University Rankings 2025,International Education Costs Dataset,Excellent
USA,Seattle,University of Washington,Computer Science,PhD,5.0,50000,77.8,2000,160,1500,1.0,university of washington,university of washington,university of washington,100.0,76,63,University of Washington,United States,Americas,XL,FC,VH,A,81.9,66,55.5,150,28.6,542,78.8,119,11.0,701+,32.8,407,95.6,67,68.7,170,66.5,235,65.3,university of washington,QS World University Rankings 2025,International Education Costs Dataset,Excellent
UK,Sheffield,University of Sheffield,Engineering,Master,2.0,33000,62.3,850,485,800,0.79,university of sheffield,university of sheffield,the university of sheffield,92.0,105,104,The University of Sheffield,United Kingdom,Europe,L,FC,VH,A,58.3,132,48.7,187,52.5,290,43.9,313,83.3,228,96.8,80,95.8,62,33.8,374,97.7,24=,59.1,the university of sheffield,QS World University Rankings 2025,International Education Costs Dataset,High
UK,Sheffield,University of Sheffield,Engineering,Master,2.0,33000,62.3,850,485,800,0.79,university of sheffield,university of sheffield,the university of sheffield,92.0,105,104,The University of Sheffield,United Kingdom,Europe,L,FC,VH,A,58.3,132,48.7,187,52.5,290,43.9,313,83.3,228,96.8,80,95.8,62,33.8,374,97.7,24=,59.1,the university of sheffield,QS World University Rankings 2025,International Education Costs Dataset,High
UK,Sheffield,University of Sheffield,Engineering,Master,2.0,33000,62.3,850,485,800,0.79,university of sheffield,university of sheffield,the university of sheffield,92.0,105,104,The University of Sheffield,United Kingdom,Europe,L,FC,VH,A,58.3,132,48.7,187,52.5,290,43.9,313,83.3,228,96.8,80,95.8,62,33.8,374,97.7,24=,59.1,the university of sheffield,QS World University Rankings 2025,International Education Costs Dataset,High
Germany,Cologne,University of Cologne,Mathematics,Master,2.0,0,69.8,1200,110,900,0.92,university of cologne,university of cologne,university of cologne,100.0,285,268,University of Cologne,Germany,Europe,L,FO,VH,A,35.2,250,30.4,310,15.7,701+,29.3,440,35.9,444,30.1,429,90.8,158,56.8,212,91.9,78=,37.2,university of cologne,QS World University Rankings 2025,International Education Costs Dataset,Excellent
Canada,Quebec City,Laval University,Physics,Bachelor,3.0,34000,62.1,900,235,750,1.35,laval university,laval university,universit laval,96.7741935483871,423,441,Université Laval,Canada,Americas,L,FC,VH,A,19.2,468,8.1,601+,26.0,572,23.8,512,55.8,336,41.6,344,80.2,317,36.4,349,78.4,166=,28.1,universit laval,QS World University Rankings 2025,International Education Costs Dataset,Excellent
Canada,Quebec City,Laval University,Physics,Bachelor,3.0,34000,62.1,900,235,750,1.35,laval university,laval university,universit laval,96.7741935483871,423,441,Université Laval,Canada,Americas,L,FC,VH,A,19.2,468,8.1,601+,26.0,572,23.8,512,55.8,336,41.6,344,80.2,317,36.4,349,78.4,166=,28.1,universit laval,QS World University Rankings 2025,International Education Costs Dataset,Excellent
Canada,Quebec City,Laval University,Physics,Bachelor,3.0,34000,62.1,900,235,750,1.35,laval university,laval university,universit laval,96.7741935483871,423,441,Université Laval,Canada,Americas,L,FC,VH,A,19.2,468,8.1,601+,26.0,572,23.8,512,55.8,336,41.6,344,80.2,317,36.4,349,78.4,166=,28.1,universit laval,QS World University Rankings 2025,International Education Costs Dataset,Excellent
Canada,Quebec City,Laval University,Physics,Bachelor,3.0,34000,62.1,900,235,750,1.35,laval university,laval university,universit laval,96.7741935483871,423,441,Université Laval,Canada,Americas,L,FC,VH,A,19.2,468,8.1,601+,26.0,572,23.8,512,55.8,336,41.6,344,80.2,317,36.4,349,78.4,166=,28.1,universit laval,QS World University Rankings 2025,International Education Costs Dataset,Excellent
Australia,Newcastle,University of Newcastle,Chemistry,Master,2.0,27000,63.2,950,450,650,1.52,university of newcastle,university of newcastle,newcastle university,93.02325581395348,129,110,Newcastle University,United Kingdom,Europe,L,FC,VH,A,50.0,164,59.3,137,39.2,399,38.7,362,89.5,193,68.6,217,97.1,42,31.3,403,97.1,30=,54.5,newcastle university,QS World University Rankings 2025,International Education Costs Dataset,High
Australia,Newcastle,University of Newcastle,Chemistry,Master,2.0,27000,63.2,950,450,650,1.52,university of newcastle,university of newcastle,newcastle university,93.02325581395348,129,110,Newcastle University,United Kingdom,Europe,L,FC,VH,A,50.0,164,59.3,137,39.2,399,38.7,362,89.5,193,68.6,217,97.1,42,31.3,403,97.1,30=,54.5,newcastle university,QS World University Rankings 2025,International Education Costs Dataset,High
Australia,Newcastle,University of Newcastle,Chemistry,Master,2.0,27000,63.2,950,450,650,1.52,university of newcastle,university of newcastle,newcastle university,93.02325581395348,129,110,Newcastle University,United Kingdom,Europe,L,FC,VH,A,50.0,164,59.3,137,39.2,399,38.7,362,89.5,193,68.6,217,97.1,42,31.3,403,97.1,30=,54.5,newcastle university,QS World University Rankings 2025,International Education Costs Dataset,High
Australia,Newcastle,University of Newcastle,Chemistry,Master,2.0,27000,63.2,950,450,650,1.52,university of newcastle,university of newcastle,newcastle university,93.02325581395348,129,110,Newcastle University,United Kingdom,Europe,L,FC,VH,A,50.0,164,59.3,137,39.2,399,38.7,362,89.5,193,68.6,217,97.1,42,31.3,403,97.1,30=,54.5,newcastle university,QS World University Rankings 2025,International Education Costs Dataset,High
Australia,Newcastle,University of Newcastle,Chemistry,Master,2.0,27000,63.2,950,450,650,1.52,university of newcastle,university of newcastle,newcastle university,93.02325581395348,129,110,Newcastle University,United Kingdom,Europe,L,FC,VH,A,50.0,164,59.3,137,39.2,399,38.7,362,89.5,193,68.6,217,97.1,42,31.3,403,97.1,30=,54.5,newcastle university,QS World University Rankings 2025,International Education Costs Dataset,High
USA,Pittsburgh,Carnegie Mellon,Data Science,Master,2.0,56000,65.4,1500,160,1500,1.0,carnegie mellon,carnegie mellon,,,,,,,,,,,,,,,,,,,,,,,,,,,,,,,,Not Matched,International Education Costs Dataset,Unmatched
USA,Pittsburgh,Carnegie Mellon,Data Science,Master,2.0,56000,65.4,1500,160,1500,1.0,carnegie mellon,carnegie mellon,,,,,,,,,,,,,,,,,,,,,,,,,,,,,,,,Not Matched,International Education Costs Dataset,Unmatched
USA,Pittsburgh,Carnegie Mellon,Data Science,Master,2.0,56000,65.4,1500,160,1500,1.0,carnegie mellon,carnegie mellon,,,,,,,,,,,,,,,,,,,,,,,,,,,,,,,,Not Matched,International Education Costs Dataset,Unmatched
UK,Nottingham,University of Nottingham,Computer Science,PhD,4.0,34000,61.2,800,485,800,0.79,university of nottingham,university of nottingham,university of nottingham,100.0,108,100,University of Nottingham,United Kingdom,Europe,XL,FC,VH,A,61.1,117,65.8,116,32.8,481,37.6,368,89.4,194,70.5,208,98.0,25,38.0,339,97.0,33,58.5,university of nottingham,QS World University Rankings 2025,International Education Costs Dataset,Excellent
UK,Nottingham,University of Nottingham,Computer Science,PhD,4.0,34000,61.2,800,485,800,0.79,university of nottingham,university of nottingham,university of nottingham,100.0,108,100,University of Nottingham,United Kingdom,Europe,XL,FC,VH,A,61.1,117,65.8,116,32.8,481,37.6,368,89.4,194,70.5,208,98.0,25,38.0,339,97.0,33,58.5,university of nottingham,QS World University Rankings 2025,International Education Costs Dataset,Excellent
UK,Nottingham,University of Nottingham,Computer Science,PhD,4.0,34000,61.2,800,485,800,0.79,university of nottingham,university of nottingham,university of nottingham,100.0,108,100,University of Nottingham,United Kingdom,Europe,XL,FC,VH,A,61.1,117,65.8,116,32.8,481,37.6,368,89.4,194,70.5,208,98.0,25,38.0,339,97.0,33,58.5,university of nottingham,QS World University Rankings 2025,International Education Costs Dataset,Excellent
UK,Nottingham,University of Nottingham,Computer Science,PhD,4.0,34000,61.2,800,485,800,0.79,university of nottingham,university of nottingham,university of nottingham,100.0,108,100,University of Nottingham,United Kingdom,Europe,XL,FC,VH,A,61.1,117,65.8,116,32.8,481,37.6,368,89.4,194,70.5,208,98.0,25,38.0,339,97.0,33,58.5,university of nottingham,QS World University Rankings 2025,International Education Costs Dataset,Excellent
Germany,Bonn,University of Bonn,Engineering,Master,2.0,0,67.8,1100,110,900,0.92,university of bonn,university of bonn,university of lisbon,89.47368421052632,260,266,University of Lisbon,Portugal,Europe,XL,FC,VH,A,44.0,193,20.7,443,10.7,701+,36.5,376,9.0,701+,39.4,356,98.2,23,94.0,57,70.9,217=,39.6,university of lisbon,QS World University Rankings 2025,International Education Costs Dataset,Medium
Canada,Victoria,University of Victoria,Mathematics,Master,2.0,35000,64.5,1100,235,750,1.35,university of victoria,university of victoria,victoria university,92.6829268292683,741-750,711-720,Victoria University,Australia,Oceania,L,CO,HI,A,6.9,601+,6.1,601+,2.4,701+,34.1,389,32.7,480,41.5,345,44.9,701+,6.4,701+,34.8,406=,,victoria university,QS World University Rankings 2025,International Education Costs Dataset,High
Canada,Victoria,University of Victoria,Mathematics,Master,2.0,35000,64.5,1100,235,750,1.35,university of victoria,university of victoria,victoria university,92.6829268292683,741-750,711-720,Victoria University,Australia,Oceania,L,CO,HI,A,6.9,601+,6.1,601+,2.4,701+,34.1,389,32.7,480,41.5,345,44.9,701+,6.4,701+,34.8,406=,,victoria university,QS World University Rankings 2025,International Education Costs Dataset,High
Canada,Victoria,University of Victoria,Mathematics,Master,2.0,35000,64.5,1100,235,750,1.35,university of victoria,university of victoria,victoria university,92.6829268292683,741-750,711-720,Victoria University,Australia,Oceania,L,CO,HI,A,6.9,601+,6.1,601+,2.4,701+,34.1,389,32.7,480,41.5,345,44.9,701+,6.4,701+,34.8,406=,,victoria university,QS World University Rankings 2025,International Education Costs Dataset,High
Canada,Victoria,University of Victoria,Mathematics,Master,2.0,35000,64.5,1100,235,750,1.35,university of victoria,university of victoria,victoria university,92.6829268292683,741-750,711-720,Victoria University,Australia,Oceania,L,CO,HI,A,6.9,601+,6.1,601+,2.4,701+,34.1,389,32.7,480,41.5,345,44.9,701+,6.4,701+,34.8,406=,,victoria university,QS World University Rankings 2025,International Education Costs Dataset,High
Australia,Hobart,University of Tasmania,Physics,Bachelor,3.0,26000,62.1,900,450,650,1.52,university of tasmania,university of tasmania,university of tasmania,100.0,293,307,University of Tasmania,Australia,Oceania,M,CO,VH,A,16.0,552,7.4,601+,22.1,635,59.8,203,79.9,240,89.7,123,80.0,323,15.9,636,85.6,123,37,university of tasmania,QS World University Rankings 2025,International Education Costs Dataset,Excellent
Australia,Hobart,University of Tasmania,Physics,Bachelor,3.0,26000,62.1,900,450,650,1.52,university of tasmania,university of tasmania,university of tasmania,100.0,293,307,University of Tasmania,Australia,Oceania,M,CO,VH,A,16.0,552,7.4,601+,22.1,635,59.8,203,79.9,240,89.7,123,80.0,323,15.9,636,85.6,123,37,university of tasmania,QS World University Rankings 2025,International Education Costs Dataset,Excellent
Australia,Hobart,University of Tasmania,Physics,Bachelor,3.0,26000,62.1,900,450,650,1.52,university of tasmania,university of tasmania,university of tasmania,100.0,293,307,University of Tasmania,Australia,Oceania,M,CO,VH,A,16.0,552,7.4,601+,22.1,635,59.8,203,79.9,240,89.7,123,80.0,323,15.9,636,85.6,123,37,university of tasmania,QS World University Rankings 2025,International Education Costs Dataset,Excellent
Australia,Hobart,University of Tasmania,Physics,Bachelor,3.0,26000,62.1,900,450,650,1.52,university of tasmania,university of tasmania,university of tasmania,100.0,293,307,University of Tasmania,Australia,Oceania,M,CO,VH,A,16.0,552,7.4,601+,22.1,635,59.8,203,79.9,240,89.7,123,80.0,323,15.9,636,85.6,123,37,university of tasmania,QS World University Rankings 2025,International Education Costs Dataset,Excellent
Australia,Hobart,University of Tasmania,Physics,Bachelor,3.0,26000,62.1,900,450,650,1.52,university of tasmania,university of tasmania,university of tasmania,100.0,293,307,University of Tasmania,Australia,Oceania,M,CO,VH,A,16.0,552,7.4,601+,22.1,635,59.8,203,79.9,240,89.7,123,80.0,323,15.9,636,85.6,123,37,university of tasmania,QS World University Rankings 2025,International Education Costs Dataset,Excellent
USA,San Diego,UC San Diego,Chemistry,PhD,5.0,49000,75.6,1900,160,1500,1.0,uc san diego,uc san diego,,,,,,,,,,,,,,,,,,,,,,,,,,,,,,,,Not Matched,International Education Costs Dataset,Unmatched
USA,San Diego,UC San Diego,Chemistry,PhD,5.0,49000,75.6,1900,160,1500,1.0,uc san diego,uc san diego,,,,,,,,,,,,,,,,,,,,,,,,,,,,,,,,Not Matched,International Education Costs Dataset,Unmatched
USA,San Diego,UC San Diego,Chemistry,PhD,5.0,49000,75.6,1900,160,1500,1.0,uc san diego,uc san diego,,,,,,,,,,,,,,,,,,,,,,,,,,,,,,,,Not Matched,International Education Costs Dataset,Unmatched
UK,Durham,Durham University,Engineering,Master,2.0,35000,63.4,900,485,800,0.79,durham university,durham university,durham university,100.0,89,78,Durham University,United Kingdom,Europe,L,FC,VH,A,59.6,126,83.9,65,26.3,567,40.9,342,97.3,125,84.9,153,89.7,172,39.4,326,98.6,19,61.7,durham university,QS World University Rankings 2025,International Education Costs Dataset,Excellent
UK,Durham,Durham University,Engineering,Master,2.0,35000,63.4,900,485,800,0.79,durham university,durham university,durham university,100.0,89,78,Durham University,United Kingdom,Europe,L,FC,VH,A,59.6,126,83.9,65,26.3,567,40.9,342,97.3,125,84.9,153,89.7,172,39.4,326,98.6,19,61.7,durham university,QS World University Rankings 2025,International Education Costs Dataset,Excellent
Germany,Aachen,RWTH Aachen,Computer Science,Bachelor,3.0,0,68.9,1000,110,900,0.92,rwth aachen,rwth aachen,,,,,,,,,,,,,,,,,,,,,,,,,,,,,,,,Not Matched,International Education Costs Dataset,Unmatched
Germany,Aachen,RWTH Aachen,Computer Science,Bachelor,3.0,0,68.9,1000,110,900,0.92,rwth aachen,rwth aachen,,,,,,,,,,,,,,,,,,,,,,,,,,,,,,,,Not Matched,International Education Costs Dataset,Unmatched
Germany,Aachen,RWTH Aachen,Computer Science,Bachelor,3.0,0,68.9,1000,110,900,0.92,rwth aachen,rwth aachen,,,,,,,,,,,,,,,,,,,,,,,,,,,,,,,,Not Matched,International Education Costs Dataset,Unmatched
Canada,Winnipeg,University of Manitoba,Data Science,Master,2.0,33000,61.2,900,235,750,1.35,university of manitoba,university of manitoba,university of manitoba,100.0,661-670,671-680,University of Manitoba,Canada,Americas,L,FC,VH,A,13.6,601+,15.9,536,29.6,526,12.0,694,,,43.2,334,73.1,439,32.8,390,16.3,570=,,university of manitoba,QS World University Rankings 2025,International Education Costs Dataset,Excellent
Canada,Winnipeg,University of Manitoba,Data Science,Master,2.0,33000,61.2,900,235,750,1.35,university of manitoba,university of manitoba,university of manitoba,100.0,661-670,671-680,University of Manitoba,Canada,Americas,L,FC,VH,A,13.6,601+,15.9,536,29.6,526,12.0,694,,,43.2,334,73.1,439,32.8,390,16.3,570=,,university of manitoba,QS World University Rankings 2025,International Education Costs Dataset,Excellent
Canada,Winnipeg,University of Manitoba,Data Science,Master,2.0,33000,61.2,900,235,750,1.35,university of manitoba,university of manitoba,university of manitoba,100.0,661-670,671-680,University of Manitoba,Canada,Americas,L,FC,VH,A,13.6,601+,15.9,536,29.6,526,12.0,694,,,43.2,334,73.1,439,32.8,390,16.3,570=,,university of manitoba,QS World University Rankings 2025,International Education Costs Dataset,Excellent
Canada,Winnipeg,University of Manitoba,Data Science,Master,2.0,33000,61.2,900,235,750,1.35,university of manitoba,university of manitoba,university of manitoba,100.0,661-670,671-680,University of Manitoba,Canada,Americas,L,FC,VH,A,13.6,601+,15.9,536,29.6,526,12.0,694,,,43.2,334,73.1,439,32.8,390,16.3,570=,,university of manitoba,QS World University Rankings 2025,International Education Costs Dataset,Excellent
Australia,Wollongong,University of Wollongong,Mathematics,PhD,4.0,28000,63.4,950,450,650,1.52,university of wollongong,university of wollongong,university of wollongong,100.0,167,162,University of Wollongong,Australia,Oceania,L,FC,VH,A,29.5,300,24.5,393,17.0,701+,94.6,52,91.8,178,56.3,265,89.0,185,18.3,596,93.9,62=,50.3,university of wollongong,QS World University Rankings 2025,International Education Costs Dataset,Excellent
Australia,Wollongong,University of Wollongong,Mathematics,PhD,4.0,28000,63.4,950,450,650,1.52,university of wollongong,university of wollongong,university of wollongong,100.0,167,162,University of Wollongong,Australia,Oceania,L,FC,VH,A,29.5,300,24.5,393,17.0,701+,94.6,52,91.8,178,56.3,265,89.0,185,18.3,596,93.9,62=,50.3,university of wollongong,QS World University Rankings 2025,International Education Costs Dataset,Excellent
Australia,Wollongong,University of Wollongong,Mathematics,PhD,4.0,28000,63.4,950,450,650,1.52,university of wollongong,university of wollongong,university of wollongong,100.0,167,162,University of Wollongong,Australia,Oceania,L,FC,VH,A,29.5,300,24.5,393,17.0,701+,94.6,52,91.8,178,56.3,265,89.0,185,18.3,596,93.9,62=,50.3,university of wollongong,QS World University Rankings 2025,International Education Costs Dataset,Excellent
Australia,Wollongong,University of Wollongong,Mathematics,PhD,4.0,28000,63.4,950,450,650,1.52,university of wollongong,university of wollongong,university of wollongong,100.0,167,162,University of Wollongong,Australia,Oceania,L,FC,VH,A,29.5,300,24.5,393,17.0,701+,94.6,52,91.8,178,56.3,265,89.0,185,18.3,596,93.9,62=,50.3,university of wollongong,QS World University Rankings 2025,International Education Costs Dataset,Excellent
Australia,Wollongong,University of Wollongong,Mathematics,PhD,4.0,28000,63.4,950,450,650,1.52,university of wollongong,university of wollongong,university of wollongong,100.0,167,162,University of Wollongong,Australia,Oceania,L,FC,VH,A,29.5,300,24.5,393,17.0,701+,94.6,52,91.8,178,56.3,265,89.0,185,18.3,596,93.9,62=,50.3,university of wollongong,QS World University Rankings 2025,International Education Costs Dataset,Excellent
USA,San Francisco,UC Berkeley Extension,Data Science,Master,2.0,52000,95.2,2400,160,1500,1.0,uc berkeley extension,uc berkeley extension,,,,,,,,,,,,,,,,,,,,,,,,,,,,,,,,Not Matched,International Education Costs Dataset,Unmatched
UK,London,King's College London,Computer Science,Master,1.0,39000,75.3,1900,485,800,0.79,king s college london,king s college london,king s college london,100.0,40,40,King's College London,United Kingdom,Europe,XL,FC,VH,A,90.3,44,85.7,64,64.3,210,53.6,238,99.1,103,99.5,47,98.6,17,59.8,205,96.2,44=,80.2,king s college london,QS World University Rankings 2025,International Education Costs Dataset,Excellent
UK,London,King's College London,Computer Science,Master,1.0,39000,75.3,1900,485,800,0.79,king s college london,king s college london,king s college london,100.0,40,40,King's College London,United Kingdom,Europe,XL,FC,VH,A,90.3,44,85.7,64,64.3,210,53.6,238,99.1,103,99.5,47,98.6,17,59.8,205,96.2,44=,80.2,king s college london,QS World University Rankings 2025,International Education Costs Dataset,Excellent
Switzerland,Zurich,ETH Zurich,Computer Science,Master,2.0,1500,122.4,2000,140,1200,0.89,eth zurich,eth zurich,,,,,,,,,,,,,,,,,,,,,,,,,,,,,,,,Not Matched,International Education Costs Dataset,Unmatched
Switzerland,Zurich,ETH Zurich,Computer Science,Master,2.0,1500,122.4,2000,140,1200,0.89,eth zurich,eth zurich,,,,,,,,,,,,,,,,,,,,,,,,,,,,,,,,Not Matched,International Education Costs Dataset,Unmatched
France,Paris,Sorbonne University,Data Analytics,Master,2.0,4500,84.3,1800,99,850,0.92,sorbonne university,sorbonne university,sorbonne university,100.0,63,59,Sorbonne University,France,Europe,XL,FC,VH,A,87.2,49,52.0,166,43.0,363,72.3,144,33.8,471,46.7,315,99.8,4,79.7,125,87.6,111,70.3,sorbonne university,QS World University Rankings 2025,International Education Costs Dataset,Excellent
France,Paris,Sorbonne University,Data Analytics,Master,2.0,4500,84.3,1800,99,850,0.92,sorbonne university,sorbonne university,sorbonne university,100.0,63,59,Sorbonne University,France,Europe,XL,FC,VH,A,87.2,49,52.0,166,43.0,363,72.3,144,33.8,471,46.7,315,99.8,4,79.7,125,87.6,111,70.3,sorbonne university,QS World University Rankings 2025,International Education Costs Dataset,Excellent
France,Paris,Sorbonne University,Data Analytics,Master,2.0,4500,84.3,1800,99,850,0.92,sorbonne university,sorbonne university,sorbonne university,100.0,63,59,Sorbonne University,France,Europe,XL,FC,VH,A,87.2,49,52.0,166,43.0,363,72.3,144,33.8,471,46.7,315,99.8,4,79.7,125,87.6,111,70.3,sorbonne university,QS World University Rankings 2025,International Education Costs Dataset,Excellent
Ireland,Dublin,Trinity College Dublin,Computer Science,PhD,4.0,18900,83.6,1700,150,750,0.92,trinity college dublin,trinity college dublin,,,,,,,,,,,,,,,,,,,,,,,,,,,,,,,,Not Matched,International Education Costs Dataset,Unmatched
Ireland,Dublin,Trinity College Dublin,Computer Science,PhD,4.0,18900,83.6,1700,150,750,0.92,trinity college dublin,trinity college dublin,,,,,,,,,,,,,,,,,,,,,,,,,,,,,,,,Not Matched,International Education Costs Dataset,Unmatched
USA,Chicago,University of Chicago,Data Science,Master,2.0,58000,84.1,1900,160,1500,1.0,university of chicago,university of chicago,university of chicago,100.0,21,11,University of Chicago,United States,Americas,L,FC,VH,B,99.1,17,96.4,29,94.2,69,60.8,197,79.0,244,87.0,140,85.1,245,99.1,16,46.9,330=,86.2,university of chicago,QS World University Rankings 2025,International Education Costs Dataset,Excellent
USA,Chicago,University of Chicago,Data Science,Master,2.0,58000,84.1,1900,160,1500,1.0,university of chicago,university of chicago,university of chicago,100.0,21,11,University of Chicago,United States,Americas,L,FC,VH,B,99.1,17,96.4,29,94.2,69,60.8,197,79.0,244,87.0,140,85.1,245,99.1,16,46.9,330=,86.2,university of chicago,QS World University Rankings 2025,International Education Costs Dataset,Excellent
USA,Chicago,University of Chicago,Data Science,Master,2.0,58000,84.1,1900,160,1500,1.0,university of chicago,university of chicago,university of chicago,100.0,21,11,University of Chicago,United States,Americas,L,FC,VH,B,99.1,17,96.4,29,94.2,69,60.8,197,79.0,244,87.0,140,85.1,245,99.1,16,46.9,330=,86.2,university of chicago,QS World University Rankings 2025,International Education Costs Dataset,Excellent
UK,Cambridge,Anglia Ruskin University,Data Analytics,Bachelor,3.0,35000,71.2,1500,485,800,0.79,anglia ruskin university,anglia ruskin university,,,,,,,,,,,,,,,,,,,,,,,,,,,,,,,,Not Matched,International Education Costs Dataset,Unmatched
Switzerland,Lausanne,EPFL,Computer Science,PhD,4.0,1500,119.8,1900,140,1200,0.89,epfl,epfl,epfl,100.0,26,36,EPFL,Switzerland,Europe,M,FO,VH,A,84.2,56,67.2,111,91.2,80,93.6,57,100.0,28,100.0,14,81.7,291,27.2,440,86.7,114=,83.5,epfl,QS World University Rankings 2025,International Education Costs Dataset,Excellent
Switzerland,Lausanne,EPFL,Computer Science,PhD,4.0,1500,119.8,1900,140,1200,0.89,epfl,epfl,epfl,100.0,26,36,EPFL,Switzerland,Europe,M,FO,VH,A,84.2,56,67.2,111,91.2,80,93.6,57,100.0,28,100.0,14,81.7,291,27.2,440,86.7,114=,83.5,epfl,QS World University Rankings 2025,International Education Costs Dataset,Excellent
France,Lyon,University of Lyon,Data Science,Master,2.0,4200,75.6,1200,99,850,0.92,university of lyon,university of lyon,university of lisbon,89.47368421052632,260,266,University of Lisbon,Portugal,Europe,XL,FC,VH,A,44.0,193,20.7,443,10.7,701+,36.5,376,9.0,701+,39.4,356,98.2,23,94.0,57,70.9,217=,39.6,university of lisbon,QS World University Rankings 2025,International Education Costs Dataset,Medium
Ireland,Cork,University College Cork,Computer Science,Master,2.0,16800,75.4,1300,150,750,0.92,university college cork,university college cork,university college cork,100.0,273,292,University College Cork,Ireland,Europe,L,FC,VH,A,30.1,294,35.1,270,22.1,636,28.5,457,89.0,198,52.1,281,69.1,497,34.0,371,91.0,88,38.3,university college cork,QS World University Rankings 2025,International Education Costs Dataset,Excellent
USA,Boston,Northeastern University,Data Analytics,Master,2.0,54000,82.1,2200,160,1500,1.0,northeastern university,northeastern university,northeastern university,100.0,396,375,Northeastern University,United States,Americas,XL,CO,VH,B,19.2,470,11.8,601+,15.4,701+,24.6,501,51.6,360,96.4,85,67.3,516,44.0,291,72.3,205=,29.7,northeastern university,QS World University Rankings 2025,International Education Costs Dataset,Excellent
USA,Boston,Northeastern University,Data Analytics,Master,2.0,54000,82.1,2200,160,1500,1.0,northeastern university,northeastern university,northeastern university,100.0,396,375,Northeastern University,United States,Americas,XL,CO,VH,B,19.2,470,11.8,601+,15.4,701+,24.6,501,51.6,360,96.4,85,67.3,516,44.0,291,72.3,205=,29.7,northeastern university,QS World University Rankings 2025,International Education Costs Dataset,Excellent
UK,Edinburgh,Heriot-Watt University,Computer Science,Master,1.0,37000,67.8,1200,485,800,0.79,heriot watt university,heriot watt university,heriot watt university,100.0,256,235,Heriot-Watt University,United Kingdom,Europe,M,CO,VH,A,17.8,507,27.1,356,17.6,701+,65.2,171,100.0,79,98.1,69,75.4,402,26.3,451,25.7,483=,39.9,heriot watt university,QS World University Rankings 2025,International Education Costs Dataset,Excellent
UK,Edinburgh,Heriot-Watt University,Computer Science,Master,1.0,37000,67.8,1200,485,800,0.79,heriot watt university,heriot watt university,heriot watt university,100.0,256,235,Heriot-Watt University,United Kingdom,Europe,M,CO,VH,A,17.8,507,27.1,356,17.6,701+,65.2,171,100.0,79,98.1,69,75.4,402,26.3,451,25.7,483=,39.9,heriot watt university,QS World University Rankings 2025,International Education Costs Dataset,Excellent
Switzerland,Geneva,University of Geneva,Data Science,Master,2.0,1500,116.5,1800,140,1200,0.89,university of geneva,university of geneva,university of geneva,100.0,155,128,University of Geneva,Switzerland,Europe,L,FC,VH,A,45.5,183,17.2,499,40.4,387,62.4,189,100.0,51,97.6,74,94.2,93,49.5,258,42.3,355=,51.6,university of geneva,QS World University Rankings 2025,International Education Costs Dataset,Excellent
Switzerland,Geneva,University of Geneva,Data Science,Master,2.0,1500,116.5,1800,140,1200,0.89,university of geneva,university of geneva,university of geneva,100.0,155,128,University of Geneva,Switzerland,Europe,L,FC,VH,A,45.5,183,17.2,499,40.4,387,62.4,189,100.0,51,97.6,74,94.2,93,49.5,258,42.3,355=,51.6,university of geneva,QS World University Rankings 2025,International Education Costs Dataset,Excellent
France,Toulouse,University of Toulouse,Computer Science,Bachelor,3.0,4000,71.2,900,99,850,0.92,university of toulouse,university of toulouse,university of oulu,90.0,344,313,University of Oulu,Finland,Europe,M,FC,VH,A,15.1,582,13.5,600,25.3,587,59.4,207,65.3,300,8.6,701+,89.4,175,21.7,528,68.6,226,32.9,university of oulu,QS World University Rankings 2025,International Education Costs Dataset,High
Ireland,Galway,NUI Galway,Data Analytics,Master,2.0,15900,72.3,1100,150,750,0.92,nui galway,nui galway,,,,,,,,,,,,,,,,,,,,,,,,,,,,,,,,Not Matched,International Education Costs Dataset,Unmatched
Ireland,Galway,NUI Galway,Data Analytics,Master,2.0,15900,72.3,1100,150,750,0.92,nui galway,nui galway,,,,,,,,,,,,,,,,,,,,,,,,,,,,,,,,Not Matched,International Education Costs Dataset,Unmatched
USA,Seattle,University of Washington,Data Science,PhD,4.0,51000,77.8,2100,160,1500,1.0,university of washington,university of washington,university of washington,100.0,76,63,University of Washington,United States,Americas,XL,FC,VH,A,81.9,66,55.5,150,28.6,542,78.8,119,11.0,701+,32.8,407,95.6,67,68.7,170,66.5,235,65.3,university of washington,QS World University Rankings 2025,International Education Costs Dataset,Excellent
USA,Seattle,University of Washington,Data Science,PhD,4.0,51000,77.8,2100,160,1500,1.0,university of washington,university of washington,university of washington,100.0,76,63,University of Washington,United States,Americas,XL,FC,VH,A,81.9,66,55.5,150,28.6,542,78.8,119,11.0,701+,32.8,407,95.6,67,68.7,170,66.5,235,65.3,university of washington,QS World University Rankings 2025,International Education Costs Dataset,Excellent
USA,Seattle,University of Washington,Data Science,PhD,4.0,51000,77.8,2100,160,1500,1.0,university of washington,university of washington,university of washington,100.0,76,63,University of Washington,United States,Americas,XL,FC,VH,A,81.9,66,55.5,150,28.6,542,78.8,119,11.0,701+,32.8,407,95.6,67,68.7,170,66.5,235,65.3,university of washington,QS World University Rankings 2025,International Education Costs Dataset,Excellent
USA,Seattle,University of Washington,Data Science,PhD,4.0,51000,77.8,2100,160,1500,1.0,university of washington,university of washington,university of washington,100.0,76,63,University of Washington,United States,Americas,XL,FC,VH,A,81.9,66,55.5,150,28.6,542,78.8,119,11.0,701+,32.8,407,95.6,67,68.7,170,66.5,235,65.3,university of washington,QS World University Rankings 2025,International Education Costs Dataset,Excellent
USA,Seattle,University of Washington,Data Science,PhD,4.0,51000,77.8,2100,160,1500,1.0,university of washington,university of washington,university of washington,100.0,76,63,University of Washington,United States,Americas,XL,FC,VH,A,81.9,66,55.5,150,28.6,542,78.8,119,11.0,701+,32.8,407,95.6,67,68.7,170,66.5,235,65.3,university of washington,QS World University Rankings 2025,International Education Costs Dataset,Excellent
USA,Seattle,University of Washington,Data Science,PhD,4.0,51000,77.8,2100,160,1500,1.0,university of washington,university of washington,university of washington,100.0,76,63,University of Washington,United States,Americas,XL,FC,VH,A,81.9,66,55.5,150,28.6,542,78.8,119,11.0,701+,32.8,407,95.6,67,68.7,170,66.5,235,65.3,university of washington,QS World University Rankings 2025,International Education Costs Dataset,Excellent
UK,Birmingham,University of Birmingham,Computer Science,Master,1.0,36000,65.4,1100,485,800,0.79,university of birmingham,university of birmingham,university of birmingham,100.0,80,84,University of Birmingham,United Kingdom,Europe,XL,FC,VH,A,68.9,94,69.0,105,39.0,402,40.5,348,92.6,171,89.3,127,97.5,31,44.5,285,96.8,35,64.1,university of birmingham,QS World University Rankings 2025,International Education Costs Dataset,Excellent
UK,Birmingham,University of Birmingham,Computer Science,Master,1.0,36000,65.4,1100,485,800,0.79,university of birmingham,university of birmingham,university of birmingham,100.0,80,84,University of Birmingham,United Kingdom,Europe,XL,FC,VH,A,68.9,94,69.0,105,39.0,402,40.5,348,92.6,171,89.3,127,97.5,31,44.5,285,96.8,35,64.1,university of birmingham,QS World University Rankings 2025,International Education Costs Dataset,Excellent
UK,Birmingham,University of Birmingham,Computer Science,Master,1.0,36000,65.4,1100,485,800,0.79,university of birmingham,university of birmingham,university of birmingham,100.0,80,84,University of Birmingham,United Kingdom,Europe,XL,FC,VH,A,68.9,94,69.0,105,39.0,402,40.5,348,92.6,171,89.3,127,97.5,31,44.5,285,96.8,35,64.1,university of birmingham,QS World University Rankings 2025,International Education Costs Dataset,Excellent
Switzerland,Basel,University of Basel,Data Science,Master,2.0,1500,114.3,1700,140,1200,0.89,university of basel,university of basel,university of basel,100.0,131,124,University of Basel,Switzerland,Europe,M,FC,VH,A,26.6,331,13.5,601+,61.4,232,94.5,53,100.0,44,85.8,147,89.4,176,69.9,160,44.6,343=,54.3,university of basel,QS World University Rankings 2025,International Education Costs Dataset,Excellent
Switzerland,Basel,University of Basel,Data Science,Master,2.0,1500,114.3,1700,140,1200,0.89,university of basel,university of basel,university of basel,100.0,131,124,University of Basel,Switzerland,Europe,M,FC,VH,A,26.6,331,13.5,601+,61.4,232,94.5,53,100.0,44,85.8,147,89.4,176,69.9,160,44.6,343=,54.3,university of basel,QS World University Rankings 2025,International Education Costs Dataset,Excellent
France,Bordeaux,University of Bordeaux,Data Analytics,Master,2.0,4300,72.1,1000,99,850,0.92,university of bordeaux,university of bordeaux,university of bordeaux,100.0,535,465,University of Bordeaux,France,Europe,XL,FO,VH,A,31.3,284,5.5,601+,11.5,701+,17.6,588,27.1,517,23.3,500,92.9,120,16.7,620,20.1,530=,22.9,university of bordeaux,QS World University Rankings 2025,International Education Costs Dataset,Excellent
France,Bordeaux,University of Bordeaux,Data Analytics,Master,2.0,4300,72.1,1000,99,850,0.92,university of bordeaux,university of bordeaux,university of bordeaux,100.0,535,465,University of Bordeaux,France,Europe,XL,FO,VH,A,31.3,284,5.5,601+,11.5,701+,17.6,588,27.1,517,23.3,500,92.9,120,16.7,620,20.1,530=,22.9,university of bordeaux,QS World University Rankings 2025,International Education Costs Dataset,Excellent
France,Bordeaux,University of Bordeaux,Data Analytics,Master,2.0,4300,72.1,1000,99,850,0.92,university of bordeaux,university of bordeaux,university of bordeaux,100.0,535,465,University of Bordeaux,France,Europe,XL,FO,VH,A,31.3,284,5.5,601+,11.5,701+,17.6,588,27.1,517,23.3,500,92.9,120,16.7,620,20.1,530=,22.9,university of bordeaux,QS World University Rankings 2025,International Education Costs Dataset,Excellent
Ireland,Limerick,University of Limerick,Computer Science,Bachelor,4.0,15400,71.2,1000,150,750,0.92,university of limerick,university of limerick,university of limerick,100.0,421,426,University of Limerick,Ireland,Europe,L,FC,HI,A,18.3,497,25.5,371,15.7,701+,23.0,520,87.1,209,30.8,421,72.5,447,8.0,701+,76.4,176=,28.3,university of limerick,QS World University Rankings 2025,International Education Costs Dataset,Excellent
USA,Austin,UT Austin,Computer Science,Master,2.0,49000,68.9,1800,160,1500,1.0,ut austin,ut austin,,,,,,,,,,,,,,,,,,,,,,,,,,,,,,,,Not Matched,International Education Costs Dataset,Unmatched
USA,Austin,UT Austin,Computer Science,Master,2.0,49000,68.9,1800,160,1500,1.0,ut austin,ut austin,,,,,,,,,,,,,,,,,,,,,,,,,,,,,,,,Not Matched,International Education Costs Dataset,Unmatched
USA,Austin,UT Austin,Computer Science,Master,2.0,49000,68.9,1800,160,1500,1.0,ut austin,ut austin,,,,,,,,,,,,,,,,,,,,,,,,,,,,,,,,Not Matched,International Education Costs Dataset,Unmatched
USA,Austin,UT Austin,Computer Science,Master,2.0,49000,68.9,1800,160,1500,1.0,ut austin,ut austin,,,,,,,,,,,,,,,,,,,,,,,,,,,,,,,,Not Matched,International Education Costs Dataset,Unmatched
UK,Manchester,University of Salford,Data Science,Master,1.0,35000,65.4,1000,485,800,0.79,university of salford,university of salford,university of salford,100.0,901-950,851-900,University of Salford,United Kingdom,Europe,L,CO,HI,A,6.8,601+,3.9,601+,6.4,701+,6.9,701+,36.7,435,69.8,212,63.6,579,9.6,701+,5.8,701+,,university of salford,QS World University Rankings 2025,International Education Costs Dataset,Excellent
Switzerland,St. Gallen,University of St. Gallen,Data Analytics,Master,2.0,1500,112.1,1600,140,1200,0.89,university of st gallen,university of st gallen,,,,,,,,,,,,,,,,,,,,,,,,,,,,,,,,Not Matched,International Education Costs Dataset,Unmatched
Switzerland,St. Gallen,University of St. Gallen,Data Analytics,Master,2.0,1500,112.1,1600,140,1200,0.89,university of st gallen,university of st gallen,,,,,,,,,,,,,,,,,,,,,,,,,,,,,,,,Not Matched,International Education Costs Dataset,Unmatched
France,Nice,University of Nice,Computer Science,Master,2.0,4100,76.5,1300,99,850,0.92,university of nice,university of nice,university of ni,94.11764705882352,1201-1400,1201-1400,University of Ni,Serbia,Europe,L,FC,HI,A,5.0,601+,5.5,601+,12.5,701+,2.4,701+,,,5.7,701+,49.0,701+,4.0,701+,1.0,701+,,university of ni,QS World University Rankings 2025,International Education Costs Dataset,High
France,Nice,University of Nice,Computer Science,Master,2.0,4100,76.5,1300,99,850,0.92,university of nice,university of nice,university of ni,94.11764705882352,1201-1400,1201-1400,University of Ni,Serbia,Europe,L,FC,HI,A,5.0,601+,5.5,601+,12.5,701+,2.4,701+,,,5.7,701+,49.0,701+,4.0,701+,1.0,701+,,university of ni,QS World University Rankings 2025,International Education Costs Dataset,High
Ireland,Maynooth,Maynooth University,Data Science,PhD,4.0,14900,70.1,950,150,750,0.92,maynooth university,maynooth university,maynooth university,100.0,801-850,801-850,Maynooth University,Ireland,Europe,M,FO,VH,A,10.4,601+,7.7,601+,9.2,701+,12.7,673,87.4,207,16.7,591,48.5,701+,9.2,701+,6.4,701+,,maynooth university,QS World University Rankings 2025,International Education Costs Dataset,Excellent
USA,Denver,University of Denver,Data Analytics,Master,2.0,47000,69.8,1700,160,1500,1.0,university of denver,university of denver,university of denver,100.0,951-1000,901-950,University of Denver,United States,Americas,M,CO,VH,B,5.4,601+,7.4,601+,42.2,368,7.8,701+,7.7,701+,5.8,701+,32.7,701+,25.6,460,9.9,667=,,university of denver,QS World University Rankings 2025,International Education Costs Dataset,Excellent
UK,Leeds,Leeds Beckett University,Computer Science,Bachelor,3.0,34000,63.2,900,485,800,0.79,leeds beckett university,leeds beckett university,leeds beckett university,100.0,1001-1200,1001-1200,Leeds Beckett University,United Kingdom,Europe,L,CO,HI,A,4.5,601+,5.9,601+,3.8,701+,7.5,701+,39.1,424,27.4,452,24.8,701+,8.5,701+,1.5,701+,,leeds beckett university,QS World University Rankings 2025,International Education Costs Dataset,Excellent
Switzerland,Bern,University of Bern,Data Science,Master,2.0,1500,110.4,1500,140,1200,0.89,university of bern,university of bern,university of bern,100.0,161,126,University of Bern,Switzerland,Europe,M,FO,VH,A,29.7,298,16.1,530,45.9,338,99.3,22,100.0,48,38.0,370,93.8,103,30.7,410,52.1,305=,51.2,university of bern,QS World University Rankings 2025,International Education Costs Dataset,Excellent
Switzerland,Bern,University of Bern,Data Science,Master,2.0,1500,110.4,1500,140,1200,0.89,university of bern,university of bern,university of bern,100.0,161,126,University of Bern,Switzerland,Europe,M,FO,VH,A,29.7,298,16.1,530,45.9,338,99.3,22,100.0,48,38.0,370,93.8,103,30.7,410,52.1,305=,51.2,university of bern,QS World University Rankings 2025,International Education Costs Dataset,Excellent
France,Lille,University of Lille,Data Analytics,PhD,4.0,4200,69.8,950,99,850,0.92,university of lille,university of lille,university of louisville,88.37209302325581,1001-1200,1001-1200,University of Louisville,United States,Americas,L,FC,HI,A,3.5,601+,3.2,601+,30.5,513,7.7,701+,24.8,539,3.2,701+,59.0,644,5.1,701+,2.4,701+,,university of louisville,QS World University Rankings 2025,International Education Costs Dataset,Medium
France,Lille,University of Lille,Data Analytics,PhD,4.0,4200,69.8,950,99,850,0.92,university of lille,university of lille,university of louisville,88.37209302325581,1001-1200,1001-1200,University of Louisville,United States,Americas,L,FC,HI,A,3.5,601+,3.2,601+,30.5,513,7.7,701+,24.8,539,3.2,701+,59.0,644,5.1,701+,2.4,701+,,university of louisville,QS World University Rankings 2025,International Education Costs Dataset,Medium
Ireland,Waterford,Waterford IT,Computer Science,Master,2.0,14500,68.9,900,150,750,0.92,waterford it,waterford it,,,,,,,,,,,,,,,,,,,,,,,,,,,,,,,,Not Matched,International Education Costs Dataset,Unmatched
USA,Portland,Portland State University,Data Science,Master,2.0,45000,71.2,1600,160,1500,1.0,portland state university,portland state university,portland state university,100.0,1201-1400,1201-1400,Portland State University,United States,Americas,L,CO,VH,A,4.1,601+,1.7,601+,9.3,701+,9.2,701+,1.6,701+,6.1,701+,44.4,701+,9.7,701+,6.8,701+,,portland state university,QS World University Rankings 2025,International Education Costs Dataset,Excellent
UK,Bristol,UWE Bristol,Computer Science,Master,1.0,33000,68.9,1100,485,800,0.79,uwe bristol,uwe bristol,,,,,,,,,,,,,,,,,,,,,,,,,,,,,,,,Not Matched,International Education Costs Dataset,Unmatched
Switzerland,Lugano,USI Lugano,Data Analytics,Master,2.0,1500,108.9,1400,140,1200,0.89,usi lugano,usi lugano,,,,,,,,,,,,,,,,,,,,,,,,,,,,,,,,Not Matched,International Education Costs Dataset,Unmatched
France,Strasbourg,University of Strasbourg,Computer Science,Master,2.0,4000,70.2,1000,99,850,0.92,university of strasbourg,university of strasbourg,universit de strasbourg,89.36170212765957,456,421,Université de Strasbourg,France,Europe,XL,FC,VH,A,39.1,219,10.3,601+,5.1,701+,20.7,549,34.2,469,35.9,384,90.7,161,20.4,558,5.4,701+,26.3,universit de strasbourg,QS World University Rankings 2025,International Education Costs Dataset,Medium
France,Strasbourg,University of Strasbourg,Computer Science,Master,2.0,4000,70.2,1000,99,850,0.92,university of strasbourg,university of strasbourg,universit de strasbourg,89.36170212765957,456,421,Université de Strasbourg,France,Europe,XL,FC,VH,A,39.1,219,10.3,601+,5.1,701+,20.7,549,34.2,469,35.9,384,90.7,161,20.4,558,5.4,701+,26.3,universit de strasbourg,QS World University Rankings 2025,International Education Costs Dataset,Medium
France,Strasbourg,University of Strasbourg,Computer Science,Master,2.0,4000,70.2,1000,99,850,0.92,university of strasbourg,university of strasbourg,universit de strasbourg,89.36170212765957,456,421,Université de Strasbourg,France,Europe,XL,FC,VH,A,39.1,219,10.3,601+,5.1,701+,20.7,549,34.2,469,35.9,384,90.7,161,20.4,558,5.4,701+,26.3,universit de strasbourg,QS World University Rankings 2025,International Education Costs Dataset,Medium
Ireland,Sligo,IT Sligo,Data Science,Bachelor,4.0,14000,67.5,850,150,750,0.92,it sligo,it sligo,,,,,,,,,,,,,,,,,,,,,,,,,,,,,,,,Not Matched,International Education Costs Dataset,Unmatched
USA,Minneapolis,University of Minnesota,Computer Science,PhD,4.0,48000,72.3,1700,160,1500,1.0,university of minnesota,university of minnesota,university of minho,85.71428571428572,611-620,611-620,University of Minho,Portugal,Europe,L,FC,VH,A,15.6,565,7.1,601+,26.5,566,21.0,543,15.9,652,14.9,624,83.7,268,8.6,701+,52.1,305=,,university of minho,QS World University Rankings 2025,International Education Costs Dataset,Medium
USA,Minneapolis,University of Minnesota,Computer Science,PhD,4.0,48000,72.3,1700,160,1500,1.0,university of minnesota,university of minnesota,university of minho,85.71428571428572,611-620,611-620,University of Minho,Portugal,Europe,L,FC,VH,A,15.6,565,7.1,601+,26.5,566,21.0,543,15.9,652,14.9,624,83.7,268,8.6,701+,52.1,305=,,university of minho,QS World University Rankings 2025,International Education Costs Dataset,Medium
UK,Cardiff,Cardiff University,Data Analytics,Master,1.0,34000,64.5,950,485,800,0.79,cardiff university,cardiff university,cardiff university,100.0,186,154,Cardiff University,United Kingdom,Europe,L,FC,VH,A,46.8,171,43.2,213,36.1,441,30.0,437,82.8,229,67.7,219,92.3,132,18.9,584,96.0,46=,47.6,cardiff university,QS World University Rankings 2025,International Education Costs Dataset,Excellent
UK,Cardiff,Cardiff University,Data Analytics,Master,1.0,34000,64.5,950,485,800,0.79,cardiff university,cardiff university,cardiff university,100.0,186,154,Cardiff University,United Kingdom,Europe,L,FC,VH,A,46.8,171,43.2,213,36.1,441,30.0,437,82.8,229,67.7,219,92.3,132,18.9,584,96.0,46=,47.6,cardiff university,QS World University Rankings 2025,International Education Costs Dataset,Excellent
UK,Cardiff,Cardiff University,Data Analytics,Master,1.0,34000,64.5,950,485,800,0.79,cardiff university,cardiff university,cardiff university,100.0,186,154,Cardiff University,United Kingdom,Europe,L,FC,VH,A,46.8,171,43.2,213,36.1,441,30.0,437,82.8,229,67.7,219,92.3,132,18.9,584,96.0,46=,47.6,cardiff university,QS World University Rankings 2025,International Education Costs Dataset,Excellent
Switzerland,Fribourg,University of Fribourg,Computer Science,Master,2.0,1500,107.8,1300,140,1200,0.89,university of fribourg,university of fribourg,university of maribor,88.37209302325581,901-950,851-900,University of Maribor,Slovenia,Europe,L,FC,HI,A,8.0,601+,6.6,601+,29.2,530,6.8,701+,1.8,701+,13.0,658,61.0,622,33.4,380,9.1,686=,,university of maribor,QS World University Rankings 2025,International Education Costs Dataset,Medium
Switzerland,Fribourg,University of Fribourg,Computer Science,Master,2.0,1500,107.8,1300,140,1200,0.89,university of fribourg,university of fribourg,university of maribor,88.37209302325581,901-950,851-900,University of Maribor,Slovenia,Europe,L,FC,HI,A,8.0,601+,6.6,601+,29.2,530,6.8,701+,1.8,701+,13.0,658,61.0,622,33.4,380,9.1,686=,,university of maribor,QS World University Rankings 2025,International Education Costs Dataset,Medium
France,Grenoble,Grenoble INP,Data Science,Master,2.0,4100,71.5,1100,99,850,0.92,grenoble inp,grenoble inp,,,,,,,,,,,,,,,,,,,,,,,,,,,,,,,,Not Matched,International Education Costs Dataset,Unmatched
France,Grenoble,Grenoble INP,Data Science,Master,2.0,4100,71.5,1100,99,850,0.92,grenoble inp,grenoble inp,,,,,,,,,,,,,,,,,,,,,,,,,,,,,,,,Not Matched,International Education Costs Dataset,Unmatched
Ireland,Athlone,Athlone IT,Data Analytics,Master,2.0,13800,66.7,800,150,750,0.92,athlone it,athlone it,,,,,,,,,,,,,,,,,,,,,,,,,,,,,,,,Not Matched,International Education Costs Dataset,Unmatched
Norway,Oslo,University of Oslo,Computer Science,Master,2.0,0,83.2,1400,275,700,10.45,university of oslo,university of oslo,university of oslo,100.0,119,117,University of Oslo,Norway,Europe,L,FC,VH,A,55.6,139,16.0,534,73.8,175,55.7,225,91.6,180,31.7,416,97.3,35,80.9,121,72.1,208=,56.1,university of oslo,QS World University Rankings 2025,International Education Costs Dataset,Excellent
Norway,Oslo,University of Oslo,Computer Science,Master,2.0,0,83.2,1400,275,700,10.45,university of oslo,university of oslo,university of oslo,100.0,119,117,University of Oslo,Norway,Europe,L,FC,VH,A,55.6,139,16.0,534,73.8,175,55.7,225,91.6,180,31.7,416,97.3,35,80.9,121,72.1,208=,56.1,university of oslo,QS World University Rankings 2025,International Education Costs Dataset,Excellent
Finland,Helsinki,University of Helsinki,Data Science,Master,2.0,0,79.4,1200,350,650,0.92,university of helsinki,university of helsinki,university of helsinki,100.0,117,115,University of Helsinki,Finland,Europe,L,CO,VH,A,62.3,110,29.1,324,59.4,246,49.6,267,73.4,272,5.7,701+,96.9,43,90.5,74,94.5,60,56.8,university of helsinki,QS World University Rankings 2025,International Education Costs Dataset,Excellent
Finland,Helsinki,University of Helsinki,Data Science,Master,2.0,0,79.4,1200,350,650,0.92,university of helsinki,university of helsinki,university of helsinki,100.0,117,115,University of Helsinki,Finland,Europe,L,CO,VH,A,62.3,110,29.1,324,59.4,246,49.6,267,73.4,272,5.7,701+,96.9,43,90.5,74,94.5,60,56.8,university of helsinki,QS World University Rankings 2025,International Education Costs Dataset,Excellent
Germany,Berlin,Technical University Berlin,Mechanical Engineering,Master,2.0,0,68.9,1100,110,900,0.92,technical university berlin,technical university berlin,georgian technical university,89.28571428571429,901-950,1401+,Georgian Technical University,Georgia,Asia,L,FO,MD,A,7.1,601+,6.6,601+,1.0,701+,46.9,291,,,,,5.4,701+,25.9,457,1.0,701+,,georgian technical university,QS World University Rankings 2025,International Education Costs Dataset,Medium
Denmark,Copenhagen,University of Copenhagen,Physics,PhD,4.0,0,82.1,1500,450,800,7.45,university of copenhagen,university of copenhagen,university of copenhagen,100.0,100,107,University of Copenhagen,Denmark,Europe,XL,FC,VH,A,74.0,83,31.6,299,99.8,27,23.1,519,84.9,221,15.6,613,98.2,22,90.8,72,73.2,198=,59.6,university of copenhagen,QS World University Rankings 2025,International Education Costs Dataset,Excellent
Denmark,Copenhagen,University of Copenhagen,Physics,PhD,4.0,0,82.1,1500,450,800,7.45,university of copenhagen,university of copenhagen,university of copenhagen,100.0,100,107,University of Copenhagen,Denmark,Europe,XL,FC,VH,A,74.0,83,31.6,299,99.8,27,23.1,519,84.9,221,15.6,613,98.2,22,90.8,72,73.2,198=,59.6,university of copenhagen,QS World University Rankings 2025,International Education Costs Dataset,Excellent
Denmark,Copenhagen,University of Copenhagen,Physics,PhD,4.0,0,82.1,1500,450,800,7.45,university of copenhagen,university of copenhagen,university of copenhagen,100.0,100,107,University of Copenhagen,Denmark,Europe,XL,FC,VH,A,74.0,83,31.6,299,99.8,27,23.1,519,84.9,221,15.6,613,98.2,22,90.8,72,73.2,198=,59.6,university of copenhagen,QS World University Rankings 2025,International Education Costs Dataset,Excellent
Denmark,Copenhagen,University of Copenhagen,Physics,PhD,4.0,0,82.1,1500,450,800,7.45,university of copenhagen,university of copenhagen,university of copenhagen,100.0,100,107,University of Copenhagen,Denmark,Europe,XL,FC,VH,A,74.0,83,31.6,299,99.8,27,23.1,519,84.9,221,15.6,613,98.2,22,90.8,72,73.2,198=,59.6,university of copenhagen,QS World University Rankings 2025,International Education Costs Dataset,Excellent
Norway,Trondheim,NTNU,Robotics,Master,2.0,0,75.6,1100,275,700,10.45,ntnu,ntnu,,,,,,,,,,,,,,,,,,,,,,,,,,,,,,,,Not Matched,International Education Costs Dataset,Unmatched
Finland,Espoo,Aalto University,Computer Engineering,Bachelor,3.0,0,77.8,1000,350,650,0.92,aalto university,aalto university,aalto university,100.0,113,109,Aalto University,Finland,Europe,L,FO,VH,A,45.7,180,40.6,231,33.2,476,73.6,141,95.2,146,40.1,354,78.2,355,95.1,52,94.7,59,57.9,aalto university,QS World University Rankings 2025,International Education Costs Dataset,Excellent
Germany,Munich,LMU Munich,Mathematics,PhD,4.0,0,71.5,1300,110,900,0.92,lmu munich,lmu munich,,,,,,,,,,,,,,,,,,,,,,,,,,,,,,,,Not Matched,International Education Costs Dataset,Unmatched
Denmark,Aarhus,Aarhus University,Data Analytics,Master,2.0,0,76.5,1200,450,800,7.45,aarhus university,aarhus university,aarhus university,100.0,144,143,Aarhus University,Denmark,Europe,L,FC,VH,A,54.7,144,27.6,349,30.8,509,63.8,177,89.8,192,11.9,682,96.1,54,69.5,162,76.4,176=,53.3,aarhus university,QS World University Rankings 2025,International Education Costs Dataset,Excellent
Denmark,Aarhus,Aarhus University,Data Analytics,Master,2.0,0,76.5,1200,450,800,7.45,aarhus university,aarhus university,aarhus university,100.0,144,143,Aarhus University,Denmark,Europe,L,FC,VH,A,54.7,144,27.6,349,30.8,509,63.8,177,89.8,192,11.9,682,96.1,54,69.5,162,76.4,176=,53.3,aarhus university,QS World University Rankings 2025,International Education Costs Dataset,Excellent
Denmark,Aarhus,Aarhus University,Data Analytics,Master,2.0,0,76.5,1200,450,800,7.45,aarhus university,aarhus university,aarhus university,100.0,144,143,Aarhus University,Denmark,Europe,L,FC,VH,A,54.7,144,27.6,349,30.8,509,63.8,177,89.8,192,11.9,682,96.1,54,69.5,162,76.4,176=,53.3,aarhus university,QS World University Rankings 2025,International Education Costs Dataset,Excellent
Norway,Bergen,University of Bergen,Artificial Intelligence,Master,2.0,0,74.3,1200,275,700,10.45,university of bergen,university of bergen,university of bergen,100.0,291,281,University of Bergen,Norway,Europe,L,FC,VH,A,31.6,280,8.3,601+,64.9,205,28.3,460,93.3,167,16.9,589,90.7,160,63.9,184,33.6,416=,37.1,university of bergen,QS World University Rankings 2025,International Education Costs Dataset,Excellent
Finland,Tampere,Tampere University,Software Engineering,Master,2.0,0,72.1,900,350,650,0.92,tampere university,tampere university,tampere university,100.0,462,436,Tampere University,Finland,Europe,L,FC,VH,A,21.7,407,15.4,548,20.4,662,33.1,400,44.5,398,5.9,701+,84.8,251,30.8,409,23.0,508,26,tampere university,QS World University Rankings 2025,International Education Costs Dataset,Excellent
Germany,Dresden,TU Dresden,Computer Science,Bachelor,3.0,0,65.4,900,110,900,0.92,tu dresden,tu dresden,,,,,,,,,,,,,,,,,,,,,,,,,,,,,,,,Not Matched,International Education Costs Dataset,Unmatched
Germany,Dresden,TU Dresden,Computer Science,Bachelor,3.0,0,65.4,900,110,900,0.92,tu dresden,tu dresden,,,,,,,,,,,,,,,,,,,,,,,,,,,,,,,,Not Matched,International Education Costs Dataset,Unmatched
Germany,Dresden,TU Dresden,Computer Science,Bachelor,3.0,0,65.4,900,110,900,0.92,tu dresden,tu dresden,,,,,,,,,,,,,,,,,,,,,,,,,,,,,,,,Not Matched,International Education Costs Dataset,Unmatched
Denmark,Odense,University of Southern Denmark,Biotechnology,Master,2.0,0,73.2,1100,450,800,7.45,university of southern denmark,university of southern denmark,university of southern denmark sdu,93.75,324,326,University of Southern Denmark (SDU),Denmark,Europe,L,CO,VH,A,20.2,440,15.9,538,22.3,631,49.3,270,85.5,217,24.1,491,81.1,309,21.3,540,73.2,198=,34.1,university of southern denmark sdu,QS World University Rankings 2025,International Education Costs Dataset,High
Denmark,Odense,University of Southern Denmark,Biotechnology,Master,2.0,0,73.2,1100,450,800,7.45,university of southern denmark,university of southern denmark,university of southern denmark sdu,93.75,324,326,University of Southern Denmark (SDU),Denmark,Europe,L,CO,VH,A,20.2,440,15.9,538,22.3,631,49.3,270,85.5,217,24.1,491,81.1,309,21.3,540,73.2,198=,34.1,university of southern denmark sdu,QS World University Rankings 2025,International Education Costs Dataset,High
Denmark,Odense,University of Southern Denmark,Biotechnology,Master,2.0,0,73.2,1100,450,800,7.45,university of southern denmark,university of southern denmark,university of southern denmark sdu,93.75,324,326,University of Southern Denmark (SDU),Denmark,Europe,L,CO,VH,A,20.2,440,15.9,538,22.3,631,49.3,270,85.5,217,24.1,491,81.1,309,21.3,540,73.2,198=,34.1,university of southern denmark sdu,QS World University Rankings 2025,International Education Costs Dataset,High
Norway,Tromsø,UiT Arctic University,Marine Technology,PhD,4.0,0,71.2,1000,275,700,10.45,uit arctic university,uit arctic university,,,,,,,,,,,,,,,,,,,,,,,,,,,,,,,,Not Matched,International Education Costs Dataset,Unmatched
Finland,Turku,University of Turku,Bioinformatics,Master,2.0,0,71.8,850,350,650,0.92,university of turku,university of turku,university of turku,100.0,375,315,University of Turku,Finland,Europe,L,FC,VH,A,27.8,317,12.1,601+,52.3,291,29.3,442,33.2,477,4.4,701+,86.3,229,39.9,321,52.5,302=,31.2,university of turku,QS World University Rankings 2025,International Education Costs Dataset,Excellent
Germany,Hamburg,TU Hamburg,Electrical Engineering,Master,2.0,0,69.8,1200,110,900,0.92,tu hamburg,tu hamburg,,,,,,,,,,,,,,,,,,,,,,,,,,,,,,,,Not Matched,International Education Costs Dataset,Unmatched
Germany,Hamburg,TU Hamburg,Electrical Engineering,Master,2.0,0,69.8,1200,110,900,0.92,tu hamburg,tu hamburg,,,,,,,,,,,,,,,,,,,,,,,,,,,,,,,,Not Matched,International Education Costs Dataset,Unmatched
Denmark,Aalborg,Aalborg University,Energy Engineering,Bachelor,3.0,0,71.5,1000,450,800,7.45,aalborg university,aalborg university,aalborg university,100.0,306,336,Aalborg University,Denmark,Europe,L,FC,VH,A,19.9,450,20.8,439,25.5,580,53.2,241,77.3,250,14.9,627,92.1,134,23.3,486,75.6,183,35.7,aalborg university,QS World University Rankings 2025,International Education Costs Dataset,Excellent
Denmark,Aalborg,Aalborg University,Energy Engineering,Bachelor,3.0,0,71.5,1000,450,800,7.45,aalborg university,aalborg university,aalborg university,100.0,306,336,Aalborg University,Denmark,Europe,L,FC,VH,A,19.9,450,20.8,439,25.5,580,53.2,241,77.3,250,14.9,627,92.1,134,23.3,486,75.6,183,35.7,aalborg university,QS World University Rankings 2025,International Education Costs Dataset,Excellent
Denmark,Aalborg,Aalborg University,Energy Engineering,Bachelor,3.0,0,71.5,1000,450,800,7.45,aalborg university,aalborg university,aalborg university,100.0,306,336,Aalborg University,Denmark,Europe,L,FC,VH,A,19.9,450,20.8,439,25.5,580,53.2,241,77.3,250,14.9,627,92.1,134,23.3,486,75.6,183,35.7,aalborg university,QS World University Rankings 2025,International Education Costs Dataset,Excellent
Norway,Stavanger,University of Stavanger,Petroleum Engineering,Master,2.0,0,72.4,1100,275,700,10.45,university of stavanger,university of stavanger,university of stavanger,100.0,801-850,1401+,University of Stavanger,Norway,Europe,M,CO,VH,,7.1,601+,5.8,601+,84.6,108,5.0,701+,,,,,69.6,489,10.0,701+,5.1,701+,,university of stavanger,QS World University Rankings 2025,International Education Costs Dataset,Excellent
Finland,Oulu,University of Oulu,Computer Science,PhD,4.0,0,70.2,800,350,650,0.92,university of oulu,university of oulu,university of oulu,100.0,344,313,University of Oulu,Finland,Europe,M,FC,VH,A,15.1,582,13.5,600,25.3,587,59.4,207,65.3,300,8.6,701+,89.4,175,21.7,528,68.6,226,32.9,university of oulu,QS World University Rankings 2025,International Education Costs Dataset,Excellent
Germany,Stuttgart,University of Stuttgart,Aerospace Engineering,Master,2.0,0,68.7,1100,110,900,0.92,university of stuttgart,university of stuttgart,universit t stuttgart,86.36363636363636,314,312,Universität Stuttgart,Germany,Europe,L,FO,VH,A,23.1,386,33.0,286,6.8,701+,55.2,228,36.0,442,46.8,314,70.4,479,21.7,527,65.3,239=,34.9,universit t stuttgart,QS World University Rankings 2025,International Education Costs Dataset,Medium
Germany,Stuttgart,University of Stuttgart,Aerospace Engineering,Master,2.0,0,68.7,1100,110,900,0.92,university of stuttgart,university of stuttgart,universit t stuttgart,86.36363636363636,314,312,Universität Stuttgart,Germany,Europe,L,FO,VH,A,23.1,386,33.0,286,6.8,701+,55.2,228,36.0,442,46.8,314,70.4,479,21.7,527,65.3,239=,34.9,universit t stuttgart,QS World University Rankings 2025,International Education Costs Dataset,Medium
Germany,Stuttgart,University of Stuttgart,Aerospace Engineering,Master,2.0,0,68.7,1100,110,900,0.92,university of stuttgart,university of stuttgart,universit t stuttgart,86.36363636363636,314,312,Universität Stuttgart,Germany,Europe,L,FO,VH,A,23.1,386,33.0,286,6.8,701+,55.2,228,36.0,442,46.8,314,70.4,479,21.7,527,65.3,239=,34.9,universit t stuttgart,QS World University Rankings 2025,International Education Costs Dataset,Medium
Denmark,Roskilde,Roskilde University,Environmental Science,Master,2.0,0,70.8,1000,450,800,7.45,roskilde university,roskilde university,,,,,,,,,,,,,,,,,,,,,,,,,,,,,,,,Not Matched,International Education Costs Dataset,Unmatched
Norway,Ås,Norwegian University of Life Sciences,Biotechnology,Master,2.0,0,70.5,900,275,700,10.45,norwegian university of life sciences,norwegian university of life sciences,norwegian university of life sciences umb,94.87179487179486,691-700,1201-1400,Norwegian University of Life Sciences (UMB),Norway,Europe,M,FO,VH,,5.8,601+,4.3,601+,100.0,14,8.5,701+,,,,,74.7,414,18.6,592,9.9,667=,,norwegian university of life sciences umb,QS World University Rankings 2025,International Education Costs Dataset,High
Finland,Vaasa,University of Vaasa,Industrial Management,Master,2.0,0,69.8,800,350,650,0.92,university of vaasa,university of vaasa,university of warsaw,87.17948717948718,258,262,University of Warsaw,Poland,Europe,XL,CO,VH,A,50.0,163,53.6,158,46.4,330,5.5,701+,10.5,701+,8.4,701+,84.1,262,60.0,203,69.8,222,39.8,university of warsaw,QS World University Rankings 2025,International Education Costs Dataset,Medium
Germany,Karlsruhe,KIT,Mechatronics,PhD,4.0,0,67.9,1000,110,900,0.92,kit,kit,,,,,,,,,,,,,,,,,,,,,,,,,,,,,,,,Not Matched,International Education Costs Dataset,Unmatched
Germany,Karlsruhe,KIT,Mechatronics,PhD,4.0,0,67.9,1000,110,900,0.92,kit,kit,,,,,,,,,,,,,,,,,,,,,,,,,,,,,,,,Not Matched,International Education Costs Dataset,Unmatched
Denmark,Lyngby,Technical University of Denmark,Quantum Engineering,Master,2.0,0,81.2,1400,450,800,7.45,technical university of denmark,technical university of denmark,technical university of denmark,100.0,109,121,Technical University of Denmark,Denmark,Europe,M,FO,VH,A,33.2,265,22.1,421,99.1,34,84.4,98,100.0,55,87.7,135,88.1,194,43.6,293,47.9,328,58.3,technical university of denmark,QS World University Rankings 2025,International Education Costs Dataset,Excellent
Norway,Bodø,Nord University,Marine Biology,Bachelor,3.0,0,69.4,850,275,700,10.45,nord university,nord university,stanford university,88.23529411764706,6,5,Stanford University,United States,Americas,L,FC,VH,B,100.0,5,100.0,3,100.0,12,99.0,27,70.3,284,60.8,244,96.8,45,100.0,2,81.2,148=,96.1,stanford university,QS World University Rankings 2025,International Education Costs Dataset,Medium
Finland,Jyväskylä,University of Jyväskylä,Data Science,Master,2.0,0,68.7,750,350,650,0.92,university of jyv skyl,university of jyv skyl,university of jyv skyl,100.0,489,446,University of Jyväskylä,Finland,Europe,M,FO,VH,A,16.2,548,11.4,601+,87.7,96,12.1,687,44.0,400,2.6,701+,81.2,303,10.4,701+,16.3,570=,24.5,university of jyv skyl,QS World University Rankings 2025,International Education Costs Dataset,Excellent
Germany,Darmstadt,TU Darmstadt,Computer Engineering,Master,2.0,0,66.8,950,110,900,0.92,tu darmstadt,tu darmstadt,,,,,,,,,,,,,,,,,,,,,,,,,,,,,,,,Not Matched,International Education Costs Dataset,Unmatched
Germany,Darmstadt,TU Darmstadt,Computer Engineering,Master,2.0,0,66.8,950,110,900,0.92,tu darmstadt,tu darmstadt,,,,,,,,,,,,,,,,,,,,,,,,,,,,,,,,Not Matched,International Education Costs Dataset,Unmatched
Denmark,Kolding,University of Southern Denmark,Software Engineering,PhD,4.0,0,69.5,900,450,800,7.45,university of southern denmark,university of southern denmark,university of southern denmark sdu,93.75,324,326,University of Southern Denmark (SDU),Denmark,Europe,L,CO,VH,A,20.2,440,15.9,538,22.3,631,49.3,270,85.5,217,24.1,491,81.1,309,21.3,540,73.2,198=,34.1,university of southern denmark sdu,QS World University Rankings 2025,International Education Costs Dataset,High
Denmark,Kolding,University of Southern Denmark,Software Engineering,PhD,4.0,0,69.5,900,450,800,7.45,university of southern denmark,university of southern denmark,university of southern denmark sdu,93.75,324,326,University of Southern Denmark (SDU),Denmark,Europe,L,CO,VH,A,20.2,440,15.9,538,22.3,631,49.3,270,85.5,217,24.1,491,81.1,309,21.3,540,73.2,198=,34.1,university of southern denmark sdu,QS World University Rankings 2025,International Education Costs Dataset,High
Denmark,Kolding,University of Southern Denmark,Software Engineering,PhD,4.0,0,69.5,900,450,800,7.45,university of southern denmark,university of southern denmark,university of southern denmark sdu,93.75,324,326,University of Southern Denmark (SDU),Denmark,Europe,L,CO,VH,A,20.2,440,15.9,538,22.3,631,49.3,270,85.5,217,24.1,491,81.1,309,21.3,540,73.2,198=,34.1,university of southern denmark sdu,QS World University Rankings 2025,International Education Costs Dataset,High
Norway,Gjøvik,NTNU Gjøvik,Information Security,Master,2.0,0,68.9,800,275,700,10.45,ntnu gj vik,ntnu gj vik,,,,,,,,,,,,,,,,,,,,,,,,,,,,,,,,Not Matched,International Education Costs Dataset,Unmatched
Finland,Lappeenranta,LUT University,Industrial Engineering,Master,2.0,0,67.5,700,350,650,0.92,lut university,lut university,lund university,89.65517241379311,75,85,Lund University,Sweden,Europe,L,FC,VH,A,68.3,96,52.5,160,55.5,271,44.6,309,97.4,124,73.4,198,96.7,48,86.5,95,99.6,8,65.6,lund university,QS World University Rankings 2025,International Education Costs Dataset,Medium
Germany,Bremen,University of Bremen,Robotics,Master,2.0,0,66.5,900,110,900,0.92,university of bremen,university of bremen,university of aberdeen,90.47619047619048,236,208,University of Aberdeen,United Kingdom,Europe,L,FC,VH,A,30.5,292,28.8,330,32.7,482,32.0,412,94.5,154,92.6,103,88.5,190,22.2,519,96.5,37=,42.3,university of aberdeen,QS World University Rankings 2025,International Education Costs Dataset,High
Denmark,Esbjerg,University of Southern Denmark,Environmental Engineering,Master,2.0,0,68.4,850,450,800,7.45,university of southern denmark,university of southern denmark,university of southern denmark sdu,93.75,324,326,University of Southern Denmark (SDU),Denmark,Europe,L,CO,VH,A,20.2,440,15.9,538,22.3,631,49.3,270,85.5,217,24.1,491,81.1,309,21.3,540,73.2,198=,34.1,university of southern denmark sdu,QS World University Rankings 2025,International Education Costs Dataset,High
Denmark,Esbjerg,University of Southern Denmark,Environmental Engineering,Master,2.0,0,68.4,850,450,800,7.45,university of southern denmark,university of southern denmark,university of southern denmark sdu,93.75,324,326,University of Southern Denmark (SDU),Denmark,Europe,L,CO,VH,A,20.2,440,15.9,538,22.3,631,49.3,270,85.5,217,24.1,491,81.1,309,21.3,540,73.2,198=,34.1,university of southern denmark sdu,QS World University Rankings 2025,International Education Costs Dataset,High
Denmark,Esbjerg,University of Southern Denmark,Environmental Engineering,Master,2.0,0,68.4,850,450,800,7.45,university of southern denmark,university of southern denmark,university of southern denmark sdu,93.75,324,326,University of Southern Denmark (SDU),Denmark,Europe,L,CO,VH,A,20.2,440,15.9,538,22.3,631,49.3,270,85.5,217,24.1,491,81.1,309,21.3,540,73.2,198=,34.1,university of southern denmark sdu,QS World University Rankings 2025,International Education Costs Dataset,High
Norway,Kristiansand,University of Agder,Renewable Energy,PhD,4.0,0,67.8,850,275,700,10.45,university of agder,university of agder,university of derby,89.47368421052632,1001-1200,1001-1200,University of Derby,United Kingdom,Europe,L,CO,HI,A,4.8,601+,4.8,601+,10.7,701+,5.1,701+,29.1,501,45.5,322,45.7,701+,2.1,701+,2.4,701+,,university of derby,QS World University Rankings 2025,International Education Costs Dataset,Medium
Finland,Kuopio,University of Eastern Finland,Environmental Science,Bachelor,3.0,0,66.9,700,350,650,0.92,university of eastern finland,university of eastern finland,university of eastern finland,100.0,535,548,University of Eastern Finland,Finland,Europe,L,CO,VH,A,13.8,601+,7.6,601+,43.7,357,18.4,576,37.4,431,5.2,701+,86.4,224,4.2,701+,78.6,164=,22.9,university of eastern finland,QS World University Rankings 2025,International Education Costs Dataset,Excellent
Finland,Kuopio,University of Eastern Finland,Environmental Science,Bachelor,3.0,0,66.9,700,350,650,0.92,university of eastern finland,university of eastern finland,university of eastern finland,100.0,535,548,University of Eastern Finland,Finland,Europe,L,CO,VH,A,13.8,601+,7.6,601+,43.7,357,18.4,576,37.4,431,5.2,701+,86.4,224,4.2,701+,78.6,164=,22.9,university of eastern finland,QS World University Rankings 2025,International Education Costs Dataset,Excellent
Germany,Aachen,RWTH Aachen,Materials Science,Master,2.0,0,68.9,1000,110,900,0.92,rwth aachen,rwth aachen,,,,,,,,,,,,,,,,,,,,,,,,,,,,,,,,Not Matched,International Education Costs Dataset,Unmatched
Germany,Aachen,RWTH Aachen,Materials Science,Master,2.0,0,68.9,1000,110,900,0.92,rwth aachen,rwth aachen,,,,,,,,,,,,,,,,,,,,,,,,,,,,,,,,Not Matched,International Education Costs Dataset,Unmatched
Germany,Aachen,RWTH Aachen,Materials Science,Master,2.0,0,68.9,1000,110,900,0.92,rwth aachen,rwth aachen,,,,,,,,,,,,,,,,,,,,,,,,,,,,,,,,Not Matched,International Education Costs Dataset,Unmatched
Denmark,Slagelse,University of Copenhagen,Bioinformatics,Master,2.0,0,67.5,900,450,800,7.45,university of copenhagen,university of copenhagen,university of copenhagen,100.0,100,107,University of Copenhagen,Denmark,Europe,XL,FC,VH,A,74.0,83,31.6,299,99.8,27,23.1,519,84.9,221,15.6,613,98.2,22,90.8,72,73.2,198=,59.6,university of copenhagen,QS World University Rankings 2025,International Education Costs Dataset,Excellent
Denmark,Slagelse,University of Copenhagen,Bioinformatics,Master,2.0,0,67.5,900,450,800,7.45,university of copenhagen,university of copenhagen,university of copenhagen,100.0,100,107,University of Copenhagen,Denmark,Europe,XL,FC,VH,A,74.0,83,31.6,299,99.8,27,23.1,519,84.9,221,15.6,613,98.2,22,90.8,72,73.2,198=,59.6,university of copenhagen,QS World University Rankings 2025,International Education Costs Dataset,Excellent
Denmark,Slagelse,University of Copenhagen,Bioinformatics,Master,2.0,0,67.5,900,450,800,7.45,university of copenhagen,university of copenhagen,university of copenhagen,100.0,100,107,University of Copenhagen,Denmark,Europe,XL,FC,VH,A,74.0,83,31.6,299,99.8,27,23.1,519,84.9,221,15.6,613,98.2,22,90.8,72,73.2,198=,59.6,university of copenhagen,QS World University Rankings 2025,International Education Costs Dataset,Excellent
Denmark,Slagelse,University of Copenhagen,Bioinformatics,Master,2.0,0,67.5,900,450,800,7.45,university of copenhagen,university of copenhagen,university of copenhagen,100.0,100,107,University of Copenhagen,Denmark,Europe,XL,FC,VH,A,74.0,83,31.6,299,99.8,27,23.1,519,84.9,221,15.6,613,98.2,22,90.8,72,73.2,198=,59.6,university of copenhagen,QS World University Rankings 2025,International Education Costs Dataset,Excellent
Norway,Horten,University of South-Eastern Norway,Systems Engineering,Master,2.0,0,66.7,800,275,700,10.45,university of south eastern norway,university of south eastern norway,,,,,,,,,,,,,,,,,,,,,,,,,,,,,,,,Not Matched,International Education Costs Dataset,Unmatched
Finland,Joensuu,University of Eastern Finland,Forestry Sciences,PhD,4.0,0,65.8,650,350,650,0.92,university of eastern finland,university of eastern finland,university of eastern finland,100.0,535,548,University of Eastern Finland,Finland,Europe,L,CO,VH,A,13.8,601+,7.6,601+,43.7,357,18.4,576,37.4,431,5.2,701+,86.4,224,4.2,701+,78.6,164=,22.9,university of eastern finland,QS World University Rankings 2025,International Education Costs Dataset,Excellent
Finland,Joensuu,University of Eastern Finland,Forestry Sciences,PhD,4.0,0,65.8,650,350,650,0.92,university of eastern finland,university of eastern finland,university of eastern finland,100.0,535,548,University of Eastern Finland,Finland,Europe,L,CO,VH,A,13.8,601+,7.6,601+,43.7,357,18.4,576,37.4,431,5.2,701+,86.4,224,4.2,701+,78.6,164=,22.9,university of eastern finland,QS World University Rankings 2025,International Education Costs Dataset,Excellent
Germany,Jena,University of Jena,Photonics,Master,2.0,0,65.4,850,110,900,0.92,university of jena,university of jena,university of genoa,91.89189189189189,547,530,University of Genoa,Italy,Europe,L,FC,VH,A,18.8,479,4.9,601+,12.7,701+,43.7,314,5.4,701+,9.2,701+,81.2,304,10.5,701+,39.5,371=,22.6,university of genoa,QS World University Rankings 2025,International Education Costs Dataset,High
Germany,Jena,University of Jena,Photonics,Master,2.0,0,65.4,850,110,900,0.92,university of jena,university of jena,university of genoa,91.89189189189189,547,530,University of Genoa,Italy,Europe,L,FC,VH,A,18.8,479,4.9,601+,12.7,701+,43.7,314,5.4,701+,9.2,701+,81.2,304,10.5,701+,39.5,371=,22.6,university of genoa,QS World University Rankings 2025,International Education Costs Dataset,High
Denmark,Herning,Aarhus University,Engineering Management,Master,2.0,0,66.2,800,450,800,7.45,aarhus university,aarhus university,aarhus university,100.0,144,143,Aarhus University,Denmark,Europe,L,FC,VH,A,54.7,144,27.6,349,30.8,509,63.8,177,89.8,192,11.9,682,96.1,54,69.5,162,76.4,176=,53.3,aarhus university,QS World University Rankings 2025,International Education Costs Dataset,Excellent
Denmark,Herning,Aarhus University,Engineering Management,Master,2.0,0,66.2,800,450,800,7.45,aarhus university,aarhus university,aarhus university,100.0,144,143,Aarhus University,Denmark,Europe,L,FC,VH,A,54.7,144,27.6,349,30.8,509,63.8,177,89.8,192,11.9,682,96.1,54,69.5,162,76.4,176=,53.3,aarhus university,QS World University Rankings 2025,International Education Costs Dataset,Excellent
Denmark,Herning,Aarhus University,Engineering Management,Master,2.0,0,66.2,800,450,800,7.45,aarhus university,aarhus university,aarhus university,100.0,144,143,Aarhus University,Denmark,Europe,L,FC,VH,A,54.7,144,27.6,349,30.8,509,63.8,177,89.8,192,11.9,682,96.1,54,69.5,162,76.4,176=,53.3,aarhus university,QS World University Rankings 2025,International Education Costs Dataset,Excellent
New Zealand,Auckland,University of Auckland,Computer Science,Master,2.0,32000,79.5,1200,330,600,1.65,university of auckland,university of auckland,the university of auckland,91.66666666666666,65,68,The University of Auckland,New Zealand,Oceania,XL,FC,VH,A,82.2,65,44.7,205,15.5,701+,66.9,166,100.0,76,84.0,156,87.4,206,92.9,64,99.7,5,69.7,the university of auckland,QS World University Rankings 2025,International Education Costs Dataset,High
New Zealand,Auckland,University of Auckland,Computer Science,Master,2.0,32000,79.5,1200,330,600,1.65,university of auckland,university of auckland,the university of auckland,91.66666666666666,65,68,The University of Auckland,New Zealand,Oceania,XL,FC,VH,A,82.2,65,44.7,205,15.5,701+,66.9,166,100.0,76,84.0,156,87.4,206,92.9,64,99.7,5,69.7,the university of auckland,QS World University Rankings 2025,International Education Costs Dataset,High
USA,Boston,Northeastern University,Data Science,Master,2.0,54000,82.1,2000,160,1500,1.0,northeastern university,northeastern university,northeastern university,100.0,396,375,Northeastern University,United States,Americas,XL,CO,VH,B,19.2,470,11.8,601+,15.4,701+,24.6,501,51.6,360,96.4,85,67.3,516,44.0,291,72.3,205=,29.7,northeastern university,QS World University Rankings 2025,International Education Costs Dataset,Excellent
USA,Boston,Northeastern University,Data Science,Master,2.0,54000,82.1,2000,160,1500,1.0,northeastern university,northeastern university,northeastern university,100.0,396,375,Northeastern University,United States,Americas,XL,CO,VH,B,19.2,470,11.8,601+,15.4,701+,24.6,501,51.6,360,96.4,85,67.3,516,44.0,291,72.3,205=,29.7,northeastern university,QS World University Rankings 2025,International Education Costs Dataset,Excellent
Sweden,Stockholm,KTH Royal Institute,Engineering Physics,Master,2.0,0,78.4,1100,120,750,10.45,kth royal institute,kth royal institute,,,,,,,,,,,,,,,,,,,,,,,,,,,,,,,,Not Matched,International Education Costs Dataset,Unmatched
Sweden,Stockholm,KTH Royal Institute,Engineering Physics,Master,2.0,0,78.4,1100,120,750,10.45,kth royal institute,kth royal institute,,,,,,,,,,,,,,,,,,,,,,,,,,,,,,,,Not Matched,International Education Costs Dataset,Unmatched
Netherlands,Amsterdam,University of Amsterdam,Artificial Intelligence,PhD,4.0,15000,81.2,1300,171,720,0.92,university of amsterdam,university of amsterdam,university of amsterdam,100.0,55,53,University of Amsterdam,Netherlands,Europe,XL,FC,VH,A,83.8,60,52.1,163,21.4,648,92.2,67,96.0,139,87.5,138,96.3,50,79.8,124,38.2,384=,73.7,university of amsterdam,QS World University Rankings 2025,International Education Costs Dataset,Excellent
Netherlands,Amsterdam,University of Amsterdam,Artificial Intelligence,PhD,4.0,15000,81.2,1300,171,720,0.92,university of amsterdam,university of amsterdam,university of amsterdam,100.0,55,53,University of Amsterdam,Netherlands,Europe,XL,FC,VH,A,83.8,60,52.1,163,21.4,648,92.2,67,96.0,139,87.5,138,96.3,50,79.8,124,38.2,384=,73.7,university of amsterdam,QS World University Rankings 2025,International Education Costs Dataset,Excellent
Portugal,Lisbon,University of Lisbon,Computer Engineering,Master,2.0,7000,65.8,800,75,400,0.92,university of lisbon,university of lisbon,university of lisbon,100.0,260,266,University of Lisbon,Portugal,Europe,XL,FC,VH,A,44.0,193,20.7,443,10.7,701+,36.5,376,9.0,701+,39.4,356,98.2,23,94.0,57,70.9,217=,39.6,university of lisbon,QS World University Rankings 2025,International Education Costs Dataset,Excellent
Portugal,Lisbon,University of Lisbon,Computer Engineering,Master,2.0,7000,65.8,800,75,400,0.92,university of lisbon,university of lisbon,university of lisbon,100.0,260,266,University of Lisbon,Portugal,Europe,XL,FC,VH,A,44.0,193,20.7,443,10.7,701+,36.5,376,9.0,701+,39.4,356,98.2,23,94.0,57,70.9,217=,39.6,university of lisbon,QS World University Rankings 2025,International Education Costs Dataset,Excellent
New Zealand,Wellington,Victoria University,Data Analytics,Master,2.0,30000,75.6,1100,330,600,1.65,victoria university,victoria university,victoria university,100.0,741-750,711-720,Victoria University,Australia,Oceania,L,CO,HI,A,6.9,601+,6.1,601+,2.4,701+,34.1,389,32.7,480,41.5,345,44.9,701+,6.4,701+,34.8,406=,,victoria university,QS World University Rankings 2025,International Education Costs Dataset,Excellent
USA,Austin,UT Austin,Robotics,PhD,5.0,48000,68.9,1600,160,1500,1.0,ut austin,ut austin,,,,,,,,,,,,,,,,,,,,,,,,,,,,,,,,Not Matched,International Education Costs Dataset,Unmatched
USA,Austin,UT Austin,Robotics,PhD,5.0,48000,68.9,1600,160,1500,1.0,ut austin,ut austin,,,,,,,,,,,,,,,,,,,,,,,,,,,,,,,,Not Matched,International Education Costs Dataset,Unmatched
USA,Austin,UT Austin,Robotics,PhD,5.0,48000,68.9,1600,160,1500,1.0,ut austin,ut austin,,,,,,,,,,,,,,,,,,,,,,,,,,,,,,,,Not Matched,International Education Costs Dataset,Unmatched
USA,Austin,UT Austin,Robotics,PhD,5.0,48000,68.9,1600,160,1500,1.0,ut austin,ut austin,,,,,,,,,,,,,,,,,,,,,,,,,,,,,,,,Not Matched,International Education Costs Dataset,Unmatched
Sweden,Uppsala,Uppsala University,Mathematics,Bachelor,3.0,0,72.3,900,120,750,10.45,uppsala university,uppsala university,uppsala university,100.0,103,105,Uppsala University,Sweden,Europe,L,FC,VH,A,61.4,115,33.7,277,52.0,292,42.3,326,99.4,99,81.1,170,96.7,49,68.4,171,99.2,11=,59.3,uppsala university,QS World University Rankings 2025,International Education Costs Dataset,Excellent
Netherlands,Rotterdam,Erasmus University,Business Analytics,Master,2.0,14500,77.8,1200,171,720,0.92,erasmus university,erasmus university,,,,,,,,,,,,,,,,,,,,,,,,,,,,,,,,Not Matched,International Education Costs Dataset,Unmatched
Netherlands,Rotterdam,Erasmus University,Business Analytics,Master,2.0,14500,77.8,1200,171,720,0.92,erasmus university,erasmus university,,,,,,,,,,,,,,,,,,,,,,,,,,,,,,,,Not Matched,International Education Costs Dataset,Unmatched
Portugal,Porto,University of Porto,Software Engineering,Master,2.0,6500,62.4,700,75,400,0.92,university of porto,university of porto,university of porto,100.0,278,253,University of Porto,Portugal,Europe,XL,FC,VH,A,41.3,206,17.9,492,10.8,701+,59.6,205,6.6,701+,19.8,543,95.1,77,39.1,327,53.1,298=,38.1,university of porto,QS World University Rankings 2025,International Education Costs Dataset,Excellent
New Zealand,Christchurch,University of Canterbury,Mechanical Engineering,PhD,4.0,31000,72.4,950,330,600,1.65,university of canterbury,university of canterbury,university of canberra,86.95652173913044,403,421,University of Canberra,Australia,Oceania,M,CO,VH,A,14.3,601+,7.7,601+,2.4,701+,51.2,255,79.6,243,69.4,213,63.1,583,5.6,701+,70.9,217=,29.5,university of canberra,QS World University Rankings 2025,International Education Costs Dataset,Medium
USA,San Diego,UC San Diego,Biotechnology,Master,2.0,49000,75.6,1900,160,1500,1.0,uc san diego,uc san diego,,,,,,,,,,,,,,,,,,,,,,,,,,,,,,,,Not Matched,International Education Costs Dataset,Unmatched
USA,San Diego,UC San Diego,Biotechnology,Master,2.0,49000,75.6,1900,160,1500,1.0,uc san diego,uc san diego,,,,,,,,,,,,,,,,,,,,,,,,,,,,,,,,Not Matched,International Education Costs Dataset,Unmatched
USA,San Diego,UC San Diego,Biotechnology,Master,2.0,49000,75.6,1900,160,1500,1.0,uc san diego,uc san diego,,,,,,,,,,,,,,,,,,,,,,,,,,,,,,,,Not Matched,International Education Costs Dataset,Unmatched
Sweden,Gothenburg,Chalmers University,Sustainable Energy,Master,2.0,0,71.2,950,120,750,10.45,chalmers university,chalmers university,charles university,91.89189189189189,246,248,Charles University,Czech Republic,Europe,XL,FC,VH,A,45.6,182,49.1,183,32.2,491,8.0,701+,25.0,535,50.5,291,96.3,51,65.5,178,77.4,173=,41,charles university,QS World University Rankings 2025,International Education Costs Dataset,High
Netherlands,Delft,TU Delft,Computer Science,Master,2.0,15500,76.5,1100,171,720,0.92,tu delft,tu delft,,,,,,,,,,,,,,,,,,,,,,,,,,,,,,,,Not Matched,International Education Costs Dataset,Unmatched
Netherlands,Delft,TU Delft,Computer Science,Master,2.0,15500,76.5,1100,171,720,0.92,tu delft,tu delft,,,,,,,,,,,,,,,,,,,,,,,,,,,,,,,,Not Matched,International Education Costs Dataset,Unmatched
Portugal,Coimbra,University of Coimbra,Data Science,Bachelor,3.0,6000,58.9,600,75,400,0.92,university of coimbra,university of coimbra,university of coimbra,100.0,355,351,University of Coimbra,Portugal,Europe,L,FC,VH,A,29.4,301,10.8,601+,10.3,701+,49.8,264,8.1,701+,22.9,504,91.2,154,31.1,404,75.8,181=,32.1,university of coimbra,QS World University Rankings 2025,International Education Costs Dataset,Excellent
New Zealand,Dunedin,University of Otago,Information Systems,Master,2.0,29000,70.2,900,330,600,1.65,university of otago,university of otago,university of otago,100.0,214,206,University of Otago,New Zealand,Oceania,L,FC,VH,A,45.0,187,24.6,388,12.8,701+,38.8,361,100.0,50,37.6,375,79.5,332,59.1,208,96.0,48,44.4,university of otago,QS World University Rankings 2025,International Education Costs Dataset,Excellent
USA,Seattle,University of Washington,Computer Engineering,Master,2.0,51000,77.8,2100,160,1500,1.0,university of washington,university of washington,university of washington,100.0,76,63,University of Washington,United States,Americas,XL,FC,VH,A,81.9,66,55.5,150,28.6,542,78.8,119,11.0,701+,32.8,407,95.6,67,68.7,170,66.5,235,65.3,university of washington,QS World University Rankings 2025,International Education Costs Dataset,Excellent
USA,Seattle,University of Washington,Computer Engineering,Master,2.0,51000,77.8,2100,160,1500,1.0,university of washington,university of washington,university of washington,100.0,76,63,University of Washington,United States,Americas,XL,FC,VH,A,81.9,66,55.5,150,28.6,542,78.8,119,11.0,701+,32.8,407,95.6,67,68.7,170,66.5,235,65.3,university of washington,QS World University Rankings 2025,International Education Costs Dataset,Excellent
USA,Seattle,University of Washington,Computer Engineering,Master,2.0,51000,77.8,2100,160,1500,1.0,university of washington,university of washington,university of washington,100.0,76,63,University of Washington,United States,Americas,XL,FC,VH,A,81.9,66,55.5,150,28.6,542,78.8,119,11.0,701+,32.8,407,95.6,67,68.7,170,66.5,235,65.3,university of washington,QS World University Rankings 2025,International Education Costs Dataset,Excellent
USA,Seattle,University of Washington,Computer Engineering,Master,2.0,51000,77.8,2100,160,1500,1.0,university of washington,university of washington,university of washington,100.0,76,63,University of Washington,United States,Americas,XL,FC,VH,A,81.9,66,55.5,150,28.6,542,78.8,119,11.0,701+,32.8,407,95.6,67,68.7,170,66.5,235,65.3,university of washington,QS World University Rankings 2025,International Education Costs Dataset,Excellent
USA,Seattle,University of Washington,Computer Engineering,Master,2.0,51000,77.8,2100,160,1500,1.0,university of washington,university of washington,university of washington,100.0,76,63,University of Washington,United States,Americas,XL,FC,VH,A,81.9,66,55.5,150,28.6,542,78.8,119,11.0,701+,32.8,407,95.6,67,68.7,170,66.5,235,65.3,university of washington,QS World University Rankings 2025,International Education Costs Dataset,Excellent
USA,Seattle,University of Washington,Computer Engineering,Master,2.0,51000,77.8,2100,160,1500,1.0,university of washington,university of washington,university of washington,100.0,76,63,University of Washington,United States,Americas,XL,FC,VH,A,81.9,66,55.5,150,28.6,542,78.8,119,11.0,701+,32.8,407,95.6,67,68.7,170,66.5,235,65.3,university of washington,QS World University Rankings 2025,International Education Costs Dataset,Excellent
Sweden,Lund,Lund University,Physics,PhD,4.0,0,73.4,1000,120,750,10.45,lund university,lund university,lund university,100.0,75,85,Lund University,Sweden,Europe,L,FC,VH,A,68.3,96,52.5,160,55.5,271,44.6,309,97.4,124,73.4,198,96.7,48,86.5,95,99.6,8,65.6,lund university,QS World University Rankings 2025,International Education Costs Dataset,Excellent
Sweden,Lund,Lund University,Physics,PhD,4.0,0,73.4,1000,120,750,10.45,lund university,lund university,lund university,100.0,75,85,Lund University,Sweden,Europe,L,FC,VH,A,68.3,96,52.5,160,55.5,271,44.6,309,97.4,124,73.4,198,96.7,48,86.5,95,99.6,8,65.6,lund university,QS World University Rankings 2025,International Education Costs Dataset,Excellent
Netherlands,Eindhoven,TU Eindhoven,Artificial Intelligence,Master,2.0,14800,72.3,950,171,720,0.92,tu eindhoven,tu eindhoven,,,,,,,,,,,,,,,,,,,,,,,,,,,,,,,,Not Matched,International Education Costs Dataset,Unmatched
Netherlands,Eindhoven,TU Eindhoven,Artificial Intelligence,Master,2.0,14800,72.3,950,171,720,0.92,tu eindhoven,tu eindhoven,,,,,,,,,,,,,,,,,,,,,,,,,,,,,,,,Not Matched,International Education Costs Dataset,Unmatched
Portugal,Braga,University of Minho,Computer Science,Master,2.0,6200,57.8,550,75,400,0.92,university of minho,university of minho,university of minho,100.0,611-620,611-620,University of Minho,Portugal,Europe,L,FC,VH,A,15.6,565,7.1,601+,26.5,566,21.0,543,15.9,652,14.9,624,83.7,268,8.6,701+,52.1,305=,,university of minho,QS World University Rankings 2025,International Education Costs Dataset,Excellent
New Zealand,Hamilton,University of Waikato,Environmental Science,Master,2.0,28500,68.9,850,330,600,1.65,university of waikato,university of waikato,university of waikato,100.0,235,250,University of Waikato,New Zealand,Oceania,M,CO,VH,A,19.1,473,11.7,601+,12.4,701+,84.7,94,99.0,107,56.9,261,55.1,697,46.4,276,89.5,99,42.5,university of waikato,QS World University Rankings 2025,International Education Costs Dataset,Excellent
USA,Atlanta,Georgia Tech,Machine Learning,PhD,5.0,48000,71.2,1700,160,1500,1.0,georgia technology,georgia technology,,,,,,,,,,,,,,,,,,,,,,,,,,,,,,,,Not Matched,International Education Costs Dataset,Unmatched
USA,Atlanta,Georgia Tech,Machine Learning,PhD,5.0,48000,71.2,1700,160,1500,1.0,georgia technology,georgia technology,,,,,,,,,,,,,,,,,,,,,,,,,,,,,,,,Not Matched,International Education Costs Dataset,Unmatched
USA,Atlanta,Georgia Tech,Machine Learning,PhD,5.0,48000,71.2,1700,160,1500,1.0,georgia technology,georgia technology,,,,,,,,,,,,,,,,,,,,,,,,,,,,,,,,Not Matched,International Education Costs Dataset,Unmatched
USA,Atlanta,Georgia Tech,Machine Learning,PhD,5.0,48000,71.2,1700,160,1500,1.0,georgia technology,georgia technology,,,,,,,,,,,,,,,,,,,,,,,,,,,,,,,,Not Matched,International Education Costs Dataset,Unmatched
Sweden,Linköping,Linköping University,Computer Science,Master,2.0,0,69.8,850,120,750,10.45,link ping university,link ping university,link ping university,100.0,304,268,Linköping University,Sweden,Europe,L,CO,VH,A,18.5,489,26.6,360,37.9,420,45.4,304,81.9,231,32.6,409,84.6,253,42.4,305,41.0,360=,35.8,link ping university,QS World University Rankings 2025,International Education Costs Dataset,Excellent
Netherlands,Utrecht,Utrecht University,Data Science,Bachelor,3.0,13900,75.4,1100,171,720,0.92,utrecht university,utrecht university,utrecht university,100.0,105,107,Utrecht University,Netherlands,Europe,XL,FC,VH,A,66.5,103,38.8,244,31.0,508,79.5,112,55.7,337,19.4,559,97.3,37,54.7,228,61.9,258=,59.1,utrecht university,QS World University Rankings 2025,International Education Costs Dataset,Excellent
Netherlands,Utrecht,Utrecht University,Data Science,Bachelor,3.0,13900,75.4,1100,171,720,0.92,utrecht university,utrecht university,utrecht university,100.0,105,107,Utrecht University,Netherlands,Europe,XL,FC,VH,A,66.5,103,38.8,244,31.0,508,79.5,112,55.7,337,19.4,559,97.3,37,54.7,228,61.9,258=,59.1,utrecht university,QS World University Rankings 2025,International Education Costs Dataset,Excellent
Portugal,Aveiro,University of Aveiro,Robotics,PhD,4.0,6800,56.7,500,75,400,0.92,university of aveiro,university of aveiro,university of aveiro,100.0,359,344,University of Aveiro,Portugal,Europe,L,CO,VH,A,13.9,601+,5.6,601+,11.1,701+,90.6,73,4.2,701+,15.3,617,89.0,183,2.7,701+,57.7,276=,31.9,university of aveiro,QS World University Rankings 2025,International Education Costs Dataset,Excellent
New Zealand,Palmerston North,Massey University,Computer Engineering,Bachelor,3.0,27500,67.5,800,330,600,1.65,massey university,massey university,massey university,100.0,239,239,Massey University,New Zealand,Oceania,M,CO,VH,A,30.1,293,14.0,585,48.0,324,27.4,473,98.5,112,95.2,96,85.1,244,49.2,259,91.4,81=,41.8,massey university,QS World University Rankings 2025,International Education Costs Dataset,Excellent
USA,Pittsburgh,Carnegie Mellon,Software Engineering,Master,2.0,56000,65.4,1500,160,1500,1.0,carnegie mellon,carnegie mellon,,,,,,,,,,,,,,,,,,,,,,,,,,,,,,,,Not Matched,International Education Costs Dataset,Unmatched
USA,Pittsburgh,Carnegie Mellon,Software Engineering,Master,2.0,56000,65.4,1500,160,1500,1.0,carnegie mellon,carnegie mellon,,,,,,,,,,,,,,,,,,,,,,,,,,,,,,,,Not Matched,International Education Costs Dataset,Unmatched
USA,Pittsburgh,Carnegie Mellon,Software Engineering,Master,2.0,56000,65.4,1500,160,1500,1.0,carnegie mellon,carnegie mellon,,,,,,,,,,,,,,,,,,,,,,,,,,,,,,,,Not Matched,International Education Costs Dataset,Unmatched
Sweden,Umeå,Umeå University,Artificial Intelligence,Master,2.0,0,68.5,800,120,750,10.45,ume university,ume university,umea university,96.55172413793103,456,465,Umea University,Sweden,Europe,L,FC,VH,A,19.9,447,11.6,601+,71.8,182,15.2,631,51.1,362,21.8,518,78.0,360,9.0,701+,26.3,478=,26.3,umea university,QS World University Rankings 2025,International Education Costs Dataset,Excellent
Netherlands,Groningen,University of Groningen,Computing Science,PhD,4.0,14200,71.2,900,171,720,0.92,university of groningen,university of groningen,university of groningen,100.0,159,139,University of Groningen,Netherlands,Europe,XL,FC,VH,A,52.3,156,34.4,275,49.3,318,41.2,339,93.2,168,83.5,161,94.1,97,40.0,319,40.1,368,51.3,university of groningen,QS World University Rankings 2025,International Education Costs Dataset,Excellent
Netherlands,Groningen,University of Groningen,Computing Science,PhD,4.0,14200,71.2,900,171,720,0.92,university of groningen,university of groningen,university of groningen,100.0,159,139,University of Groningen,Netherlands,Europe,XL,FC,VH,A,52.3,156,34.4,275,49.3,318,41.2,339,93.2,168,83.5,161,94.1,97,40.0,319,40.1,368,51.3,university of groningen,QS World University Rankings 2025,International Education Costs Dataset,Excellent
Portugal,Faro,University of Algarve,Information Systems,Master,2.0,5900,55.4,480,75,400,0.92,university of algarve,university of algarve,university of calgary,90.47619047619048,198,182,University of Calgary,Canada,Americas,XL,FC,VH,A,37.9,227,44.5,207,18.1,701+,40.3,350,77.7,246,66.2,225,85.2,243,53.3,236,93.3,68=,46.3,university of calgary,QS World University Rankings 2025,International Education Costs Dataset,High
New Zealand,Auckland,AUT University,Data Analytics,Master,2.0,29500,79.5,1150,330,600,1.65,aut university,aut university,assiut university,90.32258064516128,1001-1200,1001-1200,Assiut University,Egypt,Africa,XL,FC,HI,A,11.4,601+,9.8,601+,13.6,701+,2.2,701+,11.8,701+,3.5,701+,56.0,678,2.5,701+,5.4,701+,,assiut university,QS World University Rankings 2025,International Education Costs Dataset,High
USA,Raleigh,NC State University,Computer Science,Master,2.0,47000,67.8,1400,160,1500,1.0,nc state university,nc state university,kent state university,90.0,1001-1200,1001-1200,Kent State University,United States,Americas,L,FO,VH,A,5.5,601+,2.9,601+,6.2,701+,12.7,674,19.2,611,6.6,701+,57.1,660,7.6,701+,2.8,701+,,kent state university,QS World University Rankings 2025,International Education Costs Dataset,High
USA,Raleigh,NC State University,Computer Science,Master,2.0,47000,67.8,1400,160,1500,1.0,nc state university,nc state university,kent state university,90.0,1001-1200,1001-1200,Kent State University,United States,Americas,L,FO,VH,A,5.5,601+,2.9,601+,6.2,701+,12.7,674,19.2,611,6.6,701+,57.1,660,7.6,701+,2.8,701+,,kent state university,QS World University Rankings 2025,International Education Costs Dataset,High
Sweden,Karlstad,Karlstad University,Information Systems,Bachelor,3.0,0,67.2,750,120,750,10.45,karlstad university,karlstad university,,,,,,,,,,,,,,,,,,,,,,,,,,,,,,,,Not Matched,International Education Costs Dataset,Unmatched
Netherlands,Tilburg,Tilburg University,Data Science,Master,2.0,14000,70.5,950,171,720,0.92,tilburg university,tilburg university,tilburg university,100.0,347,371,Tilburg University,Netherlands,Europe,L,SP,VH,A,14.7,594,32.5,291,10.5,701+,55.1,229,98.4,114,60.6,245,56.8,667,14.3,685,15.2,590=,32.8,tilburg university,QS World University Rankings 2025,International Education Costs Dataset,Excellent
Netherlands,Tilburg,Tilburg University,Data Science,Master,2.0,14000,70.5,950,171,720,0.92,tilburg university,tilburg university,tilburg university,100.0,347,371,Tilburg University,Netherlands,Europe,L,SP,VH,A,14.7,594,32.5,291,10.5,701+,55.1,229,98.4,114,60.6,245,56.8,667,14.3,685,15.2,590=,32.8,tilburg university,QS World University Rankings 2025,International Education Costs Dataset,Excellent
Portugal,Vila Real,UTAD,Computer Engineering,Master,2.0,5700,54.3,450,75,400,0.92,utad,utad,,,,,,,,,,,,,,,,,,,,,,,,,,,,,,,,Not Matched,International Education Costs Dataset,Unmatched
New Zealand,Christchurch,Lincoln University,Environmental Computing,PhD,4.0,28000,72.4,900,330,600,1.65,lincoln university,lincoln university,lincoln university,100.0,371,362,Lincoln University,New Zealand,Oceania,S,CO,VH,A,8.2,601+,5.0,601+,31.8,496,52.1,249,100.0,61,96.3,88,20.2,701+,40.0,320,48.9,324=,31.3,lincoln university,QS World University Rankings 2025,International Education Costs Dataset,Excellent
USA,Davis,UC Davis,Data Science,Master,2.0,48000,73.2,1600,160,1500,1.0,uc davis,uc davis,,,,,,,,,,,,,,,,,,,,,,,,,,,,,,,,Not Matched,International Education Costs Dataset,Unmatched
USA,Davis,UC Davis,Data Science,Master,2.0,48000,73.2,1600,160,1500,1.0,uc davis,uc davis,,,,,,,,,,,,,,,,,,,,,,,,,,,,,,,,Not Matched,International Education Costs Dataset,Unmatched
Sweden,Växjö,Linnaeus University,Software Engineering,Master,2.0,0,66.5,700,120,750,10.45,linnaeus university,linnaeus university,,,,,,,,,,,,,,,,,,,,,,,,,,,,,,,,Not Matched,International Education Costs Dataset,Unmatched
Netherlands,Wageningen,Wageningen University,Bioinformatics,Master,2.0,14500,69.8,900,171,720,0.92,wageningen university,wageningen university,,,,,,,,,,,,,,,,,,,,,,,,,,,,,,,,Not Matched,International Education Costs Dataset,Unmatched
Netherlands,Wageningen,Wageningen University,Bioinformatics,Master,2.0,14500,69.8,900,171,720,0.92,wageningen university,wageningen university,,,,,,,,,,,,,,,,,,,,,,,,,,,,,,,,Not Matched,International Education Costs Dataset,Unmatched
Portugal,Funchal,University of Madeira,Computing,Bachelor,3.0,5500,53.2,400,75,400,0.92,university of madeira,university of madeira,university of aveiro,87.8048780487805,359,344,University of Aveiro,Portugal,Europe,L,CO,VH,A,13.9,601+,5.6,601+,11.1,701+,90.6,73,4.2,701+,15.3,617,89.0,183,2.7,701+,57.7,276=,31.9,university of aveiro,QS World University Rankings 2025,International Education Costs Dataset,Medium
Spain,Madrid,Universidad Politécnica de Madrid,Computer Science,Master,2.0,3500,71.4,1100,80,750,0.92,universidad polit cnica de madrid,universidad polit cnica de madrid,universidad polit cnica de madrid upm,94.28571428571428,321,349,Universidad Politécnica de Madrid (UPM),Spain,Europe,XL,SP,VH,A,31.3,283,56.5,146,16.7,701+,11.4,701+,3.2,701+,32.1,414,81.1,308,60.7,199,86.3,119,34.2,universidad polit cnica de madrid upm,QS World University Rankings 2025,International Education Costs Dataset,High
Italy,Milan,Politecnico di Milano,Data Engineering,Master,2.0,4000,73.2,1200,120,700,0.92,politecnico di milano,politecnico di milano,politecnico di milano,100.0,111,123,Politecnico di Milano,Italy,Europe,XL,FO,VH,A,70.8,90,77.0,82,5.8,701+,40.2,351,67.4,292,56.8,262,88.1,197,52.9,239,72.6,202=,58.2,politecnico di milano,QS World University Rankings 2025,International Education Costs Dataset,Excellent
Italy,Milan,Politecnico di Milano,Data Engineering,Master,2.0,4000,73.2,1200,120,700,0.92,politecnico di milano,politecnico di milano,politecnico di milano,100.0,111,123,Politecnico di Milano,Italy,Europe,XL,FO,VH,A,70.8,90,77.0,82,5.8,701+,40.2,351,67.4,292,56.8,262,88.1,197,52.9,239,72.6,202=,58.2,politecnico di milano,QS World University Rankings 2025,International Education Costs Dataset,Excellent
Italy,Milan,Politecnico di Milano,Data Engineering,Master,2.0,4000,73.2,1200,120,700,0.92,politecnico di milano,politecnico di milano,politecnico di milano,100.0,111,123,Politecnico di Milano,Italy,Europe,XL,FO,VH,A,70.8,90,77.0,82,5.8,701+,40.2,351,67.4,292,56.8,262,88.1,197,52.9,239,72.6,202=,58.2,politecnico di milano,QS World University Rankings 2025,International Education Costs Dataset,Excellent
Greece,Athens,National Technical University,Electrical Engineering,PhD,4.0,0,65.8,650,100,600,0.92,national technical university,national technical university,national technical university of athens,85.29411764705883,321,347,National Technical University of Athens,Greece,Europe,L,FO,VH,A,21.3,412,44.9,204,4.6,701+,76.0,132,1.3,701+,4.6,701+,72.7,444,39.6,325,5.0,701+,34.2,national technical university of athens,QS World University Rankings 2025,International Education Costs Dataset,Medium
Greece,Athens,National Technical University,Electrical Engineering,PhD,4.0,0,65.8,650,100,600,0.92,national technical university,national technical university,national technical university of athens,85.29411764705883,321,347,National Technical University of Athens,Greece,Europe,L,FO,VH,A,21.3,412,44.9,204,4.6,701+,76.0,132,1.3,701+,4.6,701+,72.7,444,39.6,325,5.0,701+,34.2,national technical university of athens,QS World University Rankings 2025,International Education Costs Dataset,Medium
Austria,Vienna,TU Wien,Software Engineering,Master,2.0,1500,78.5,950,160,850,0.92,tu wien,tu wien,,,,,,,,,,,,,,,,,,,,,,,,,,,,,,,,Not Matched,International Education Costs Dataset,Unmatched
Mexico,Mexico City,UNAM,Computer Engineering,Bachelor,4.0,800,52.4,600,40,400,17.05,unam,unam,,,,,,,,,,,,,,,,,,,,,,,,,,,,,,,,Not Matched,International Education Costs Dataset,Unmatched
Mexico,Mexico City,UNAM,Computer Engineering,Bachelor,4.0,800,52.4,600,40,400,17.05,unam,unam,,,,,,,,,,,,,,,,,,,,,,,,,,,,,,,,Not Matched,International Education Costs Dataset,Unmatched
Spain,Barcelona,Universitat Politècnica Catalunya,Artificial Intelligence,Master,2.0,3800,73.6,1000,80,750,0.92,universitat polit cnica catalunya,universitat polit cnica catalunya,,,,,,,,,,,,,,,,,,,,,,,,,,,,,,,,Not Matched,International Education Costs Dataset,Unmatched
Italy,Rome,Sapienza University,Robotics,PhD,4.0,3500,71.2,1100,120,700,0.92,sapienza university,sapienza university,,,,,,,,,,,,,,,,,,,,,,,,,,,,,,,,Not Matched,International Education Costs Dataset,Unmatched
Italy,Rome,Sapienza University,Robotics,PhD,4.0,3500,71.2,1100,120,700,0.92,sapienza university,sapienza university,,,,,,,,,,,,,,,,,,,,,,,,,,,,,,,,Not Matched,International Education Costs Dataset,Unmatched
Greece,Thessaloniki,Aristotle University,Computer Engineering,Master,2.0,0,62.4,500,100,600,0.92,aristotle university,aristotle university,,,,,,,,,,,,,,,,,,,,,,,,,,,,,,,,Not Matched,International Education Costs Dataset,Unmatched
Austria,Graz,TU Graz,Mechanical Engineering,Bachelor,3.0,1500,71.2,750,160,850,0.92,tu graz,tu graz,,,,,,,,,,,,,,,,,,,,,,,,,,,,,,,,Not Matched,International Education Costs Dataset,Unmatched
Mexico,Monterrey,Tecnológico de Monterrey,Data Science,Master,2.0,12000,48.9,700,40,400,17.05,tecnol gico de monterrey,tecnol gico de monterrey,tecnol gico de monterrey,100.0,185,184,Tecnológico de Monterrey,Mexico,Americas,XL,FC,HI,B,53.8,149,91.4,47,62.5,223,2.4,701+,20.8,589,10.6,701+,56.6,670,96.1,43,54.4,291=,48.1,tecnol gico de monterrey,QS World University Rankings 2025,International Education Costs Dataset,Excellent
Spain,Valencia,Universitat de València,Data Science,Master,2.0,3200,68.5,800,80,750,0.92,universitat de val ncia,universitat de val ncia,,,,,,,,,,,,,,,,,,,,,,,,,,,,,,,,Not Matched,International Education Costs Dataset,Unmatched
Italy,Turin,Politecnico di Torino,Computer Engineering,Master,2.0,3800,69.8,900,120,700,0.92,politecnico di torino,politecnico di torino,politecnico di torino,100.0,241,252,Politecnico di Torino,Italy,Europe,XL,FO,VH,A,40.2,213,52.1,165,3.1,701+,51.6,254,4.9,701+,41.0,349,81.4,297,30.6,412,77.9,169,41.7,politecnico di torino,QS World University Rankings 2025,International Education Costs Dataset,Excellent
Italy,Turin,Politecnico di Torino,Computer Engineering,Master,2.0,3800,69.8,900,120,700,0.92,politecnico di torino,politecnico di torino,politecnico di torino,100.0,241,252,Politecnico di Torino,Italy,Europe,XL,FO,VH,A,40.2,213,52.1,165,3.1,701+,51.6,254,4.9,701+,41.0,349,81.4,297,30.6,412,77.9,169,41.7,politecnico di torino,QS World University Rankings 2025,International Education Costs Dataset,Excellent
Greece,Patras,University of Patras,Electronics,PhD,4.0,0,60.5,450,100,600,0.92,university of patras,university of patras,university of patras,100.0,761-770,791-800,University of Patras,Greece,Europe,L,FC,VH,A,11.7,601+,17.1,502,2.7,701+,27.0,475,1.4,701+,4.8,701+,60.6,626,3.7,701+,44.9,338=,,university of patras,QS World University Rankings 2025,International Education Costs Dataset,Excellent
Greece,Patras,University of Patras,Electronics,PhD,4.0,0,60.5,450,100,600,0.92,university of patras,university of patras,university of patras,100.0,761-770,791-800,University of Patras,Greece,Europe,L,FC,VH,A,11.7,601+,17.1,502,2.7,701+,27.0,475,1.4,701+,4.8,701+,60.6,626,3.7,701+,44.9,338=,,university of patras,QS World University Rankings 2025,International Education Costs Dataset,Excellent
Austria,Linz,Johannes Kepler University,Artificial Intelligence,Master,2.0,1500,70.4,700,160,850,0.92,johannes kepler university,johannes kepler university,johannes kepler university linz,91.22807017543859,472,446,Johannes Kepler University Linz,Austria,Europe,M,FO,VH,A,12.8,601+,12.3,601+,75.9,162,14.3,649,83.5,226,33.5,402,59.7,636,12.2,701+,13.2,606=,25.3,johannes kepler university linz,QS World University Rankings 2025,International Education Costs Dataset,High
Mexico,Guadalajara,Universidad de Guadalajara,Software Engineering,Bachelor,4.0,900,45.6,500,40,400,17.05,universidad de guadalajara,universidad de guadalajara,universidad de guadalajara udg,92.85714285714286,1001-1200,851-900,Universidad de Guadalajara (UDG),Mexico,Americas,XL,FC,HI,A,18.9,477,7.5,601+,17.1,701+,1.2,701+,2.2,701+,1.1,701+,47.1,701+,5.8,701+,6.0,701+,,universidad de guadalajara udg,QS World University Rankings 2025,International Education Costs Dataset,High
Spain,Seville,Universidad de Sevilla,Robotics,Master,2.0,3000,65.4,750,80,750,0.92,universidad de sevilla,universidad de sevilla,universidad de sevilla,100.0,462,494,Universidad de Sevilla,Spain,Europe,XL,FC,VH,A,39.1,221,12.6,601+,18.4,701+,8.2,701+,3.5,701+,18.9,567,91.4,152,16.0,634,67.4,231,26,universidad de sevilla,QS World University Rankings 2025,International Education Costs Dataset,Excellent
Spain,Seville,Universidad de Sevilla,Robotics,Master,2.0,3000,65.4,750,80,750,0.92,universidad de sevilla,universidad de sevilla,universidad de sevilla,100.0,462,494,Universidad de Sevilla,Spain,Europe,XL,FC,VH,A,39.1,221,12.6,601+,18.4,701+,8.2,701+,3.5,701+,18.9,567,91.4,152,16.0,634,67.4,231,26,universidad de sevilla,QS World University Rankings 2025,International Education Costs Dataset,Excellent
Italy,Bologna,University of Bologna,Information Technology,PhD,4.0,3600,70.5,950,120,700,0.92,university of bologna,university of bologna,university of cologne,90.47619047619048,285,268,University of Cologne,Germany,Europe,L,FO,VH,A,35.2,250,30.4,310,15.7,701+,29.3,440,35.9,444,30.1,429,90.8,158,56.8,212,91.9,78=,37.2,university of cologne,QS World University Rankings 2025,International Education Costs Dataset,High
Italy,Bologna,University of Bologna,Information Technology,PhD,4.0,3600,70.5,950,120,700,0.92,university of bologna,university of bologna,university of cologne,90.47619047619048,285,268,University of Cologne,Germany,Europe,L,FO,VH,A,35.2,250,30.4,310,15.7,701+,29.3,440,35.9,444,30.1,429,90.8,158,56.8,212,91.9,78=,37.2,university of cologne,QS World University Rankings 2025,International Education Costs Dataset,High
Greece,Heraklion,University of Crete,Computer Science,Master,2.0,0,61.2,480,100,600,0.92,university of crete,university of crete,university of crete,100.0,601-610,534,University of Crete,Greece,Europe,L,FC,HI,A,13.9,601+,12.7,601+,2.4,701+,58.7,208,2.3,701+,3.5,701+,57.0,663,3.6,701+,1.8,701+,,university of crete,QS World University Rankings 2025,International Education Costs Dataset,Excellent
Greece,Heraklion,University of Crete,Computer Science,Master,2.0,0,61.2,480,100,600,0.92,university of crete,university of crete,university of crete,100.0,601-610,534,University of Crete,Greece,Europe,L,FC,HI,A,13.9,601+,12.7,601+,2.4,701+,58.7,208,2.3,701+,3.5,701+,57.0,663,3.6,701+,1.8,701+,,university of crete,QS World University Rankings 2025,International Education Costs Dataset,Excellent
Austria,Salzburg,University of Salzburg,Data Analytics,Bachelor,3.0,1500,72.3,800,160,850,0.92,university of salzburg,university of salzburg,,,,,,,,,,,,,,,,,,,,,,,,,,,,,,,,Not Matched,International Education Costs Dataset,Unmatched
Mexico,Puebla,UDLAP,Computer Engineering,Master,2.0,10000,44.5,450,40,400,17.05,udlap,udlap,,,,,,,,,,,,,,,,,,,,,,,,,,,,,,,,Not Matched,International Education Costs Dataset,Unmatched
Spain,Bilbao,University of the Basque Country,Computer Science,PhD,4.0,3400,67.8,850,80,750,0.92,university of the basque country,university of the basque country,university of the basque country,100.0,641-650,621-630,University of the Basque Country,Spain,Europe,XL,CO,VH,A,19.5,461,7.3,601+,32.8,480,19.0,569,2.4,701+,3.5,701+,90.8,159,22.8,500,7.3,701+,,university of the basque country,QS World University Rankings 2025,International Education Costs Dataset,Excellent
Spain,Bilbao,University of the Basque Country,Computer Science,PhD,4.0,3400,67.8,850,80,750,0.92,university of the basque country,university of the basque country,university of the basque country,100.0,641-650,621-630,University of the Basque Country,Spain,Europe,XL,CO,VH,A,19.5,461,7.3,601+,32.8,480,19.0,569,2.4,701+,3.5,701+,90.8,159,22.8,500,7.3,701+,,university of the basque country,QS World University Rankings 2025,International Education Costs Dataset,Excellent
Italy,Florence,University of Florence,Cybersecurity,Master,2.0,3500,71.2,1000,120,700,0.92,university of florence,university of florence,university of florence,100.0,375,358,University of Florence,Italy,Europe,XL,FC,VH,A,34.6,255,8.4,601+,4.4,701+,46.6,295,7.3,701+,12.3,671,88.5,189,30.3,415,74.5,193=,31.2,university of florence,QS World University Rankings 2025,International Education Costs Dataset,Excellent
Italy,Florence,University of Florence,Cybersecurity,Master,2.0,3500,71.2,1000,120,700,0.92,university of florence,university of florence,university of florence,100.0,375,358,University of Florence,Italy,Europe,XL,FC,VH,A,34.6,255,8.4,601+,4.4,701+,46.6,295,7.3,701+,12.3,671,88.5,189,30.3,415,74.5,193=,31.2,university of florence,QS World University Rankings 2025,International Education Costs Dataset,Excellent
Greece,Volos,University of Thessaly,Digital Systems,Master,2.0,0,59.8,400,100,600,0.92,university of thessaly,university of thessaly,,,,,,,,,,,,,,,,,,,,,,,,,,,,,,,,Not Matched,International Education Costs Dataset,Unmatched
Greece,Volos,University of Thessaly,Digital Systems,Master,2.0,0,59.8,400,100,600,0.92,university of thessaly,university of thessaly,,,,,,,,,,,,,,,,,,,,,,,,,,,,,,,,Not Matched,International Education Costs Dataset,Unmatched
Austria,Innsbruck,University of Innsbruck,Mechatronics,Master,2.0,1500,71.5,780,160,850,0.92,university of innsbruck,university of innsbruck,universit t innsbruck,90.9090909090909,309,362,Universität Innsbruck,Austria,Europe,L,FC,HI,A,20.3,434,7.8,601+,73.1,177,9.3,701+,100.0,68,100.0,27,71.5,461,55.8,223,61.6,263=,35.2,universit t innsbruck,QS World University Rankings 2025,International Education Costs Dataset,High
Mexico,Queretaro,Tecnologico de Monterrey,Data Analytics,Bachelor,4.0,11000,46.7,480,40,400,17.05,tecnologico de monterrey,tecnologico de monterrey,,,,,,,,,,,,,,,,,,,,,,,,,,,,,,,,Not Matched,International Education Costs Dataset,Unmatched
Spain,Granada,University of Granada,Artificial Intelligence,Master,2.0,2800,64.5,700,80,750,0.92,university of granada,university of granada,university of granada,100.0,431,403,University of Granada,Spain,Europe,XL,FC,VH,A,44.4,191,14.1,581,5.7,701+,26.2,482,3.1,701+,14.8,628,96.3,52,4.9,701+,26.3,478=,27.6,university of granada,QS World University Rankings 2025,International Education Costs Dataset,Excellent
Italy,Naples,University of Naples,Software Engineering,PhD,4.0,3200,67.8,800,120,700,0.92,university of naples,university of naples,university of leeds,87.17948717948718,82,75,University of Leeds,United Kingdom,Europe,XL,FC,VH,A,70.5,91,75.9,83,36.4,438,39.8,355,82.5,230,88.5,132,98.8,14,50.9,251,71.8,211=,63.8,university of leeds,QS World University Rankings 2025,International Education Costs Dataset,Medium
Italy,Naples,University of Naples,Software Engineering,PhD,4.0,3200,67.8,800,120,700,0.92,university of naples,university of naples,university of leeds,87.17948717948718,82,75,University of Leeds,United Kingdom,Europe,XL,FC,VH,A,70.5,91,75.9,83,36.4,438,39.8,355,82.5,230,88.5,132,98.8,14,50.9,251,71.8,211=,63.8,university of leeds,QS World University Rankings 2025,International Education Costs Dataset,Medium
Greece,Ioannina,University of Ioannina,Information Systems,Bachelor,4.0,0,58.9,380,100,600,0.92,university of ioannina,university of ioannina,university of ioannina,100.0,1001-1200,1001-1200,University of Ioannina,Greece,Europe,XL,FC,HI,,7.2,601+,3.8,601+,1.5,701+,19.5,561,1.7,701+,2.5,701+,61.3,612,3.6,701+,2.0,701+,,university of ioannina,QS World University Rankings 2025,International Education Costs Dataset,Excellent
Austria,Klagenfurt,University of Klagenfurt,Data Science,Master,2.0,1500,69.4,720,160,850,0.92,university of klagenfurt,university of klagenfurt,university of klagenfurt,100.0,611-620,580,University of Klagenfurt,Austria,Europe,S,FO,VH,A,5.7,601+,3.7,601+,51.3,298,11.3,701+,96.0,138,87.8,134,35.6,701+,9.2,701+,1.6,701+,,university of klagenfurt,QS World University Rankings 2025,International Education Costs Dataset,Excellent
Mexico,Merida,Universidad Autonoma de Yucatan,Computer Engineering,Master,2.0,3500,43.2,400,40,400,17.05,universidad autonoma de yucatan,universidad autonoma de yucatan,universidad autonoma de yucatan,100.0,1401+,1401+,Universidad Autonoma de Yucatan,Mexico,Americas,L,CO,HI,A,5.5,601+,1.5,601+,4.9,701+,2.4,701+,2.2,701+,1.1,701+,10.1,701+,1.6,701+,1.0,701+,,universidad autonoma de yucatan,QS World University Rankings 2025,International Education Costs Dataset,Excellent
Spain,Zaragoza,University of Zaragoza,Robotics,Master,2.0,2900,63.2,650,80,750,0.92,university of zaragoza,university of zaragoza,,,,,,,,,,,,,,,,,,,,,,,,,,,,,,,,Not Matched,International Education Costs Dataset,Unmatched
Spain,Zaragoza,University of Zaragoza,Robotics,Master,2.0,2900,63.2,650,80,750,0.92,university of zaragoza,university of zaragoza,,,,,,,,,,,,,,,,,,,,,,,,,,,,,,,,Not Matched,International Education Costs Dataset,Unmatched
Italy,Pisa,University of Pisa,Computer Engineering,Master,2.0,3300,68.9,850,120,700,0.92,university of pisa,university of pisa,university of pisa,100.0,382,349,University of Pisa,Italy,Europe,L,FC,VH,A,40.4,212,15.1,556,8.6,701+,38.8,359,5.9,701+,4.2,701+,88.3,193,15.0,665,56.7,281,30.7,university of pisa,QS World University Rankings 2025,International Education Costs Dataset,Excellent
Italy,Pisa,University of Pisa,Computer Engineering,Master,2.0,3300,68.9,850,120,700,0.92,university of pisa,university of pisa,university of pisa,100.0,382,349,University of Pisa,Italy,Europe,L,FC,VH,A,40.4,212,15.1,556,8.6,701+,38.8,359,5.9,701+,4.2,701+,88.3,193,15.0,665,56.7,281,30.7,university of pisa,QS World University Rankings 2025,International Education Costs Dataset,Excellent
Greece,Rhodes,University of the Aegean,Digital Innovation,Master,2.0,0,61.2,420,100,600,0.92,university of the aegean,university of the aegean,the university of georgia,85.71428571428572,587,514,The University of Georgia,United States,Americas,XL,FC,VH,A,20.6,427,18.6,473,9.8,701+,24.4,504,6.7,701+,4.5,701+,83.7,267,21.5,531,30.7,440=,21.1,the university of georgia,QS World University Rankings 2025,International Education Costs Dataset,Medium
Greece,Rhodes,University of the Aegean,Digital Innovation,Master,2.0,0,61.2,420,100,600,0.92,university of the aegean,university of the aegean,the university of georgia,85.71428571428572,587,514,The University of Georgia,United States,Americas,XL,FC,VH,A,20.6,427,18.6,473,9.8,701+,24.4,504,6.7,701+,4.5,701+,83.7,267,21.5,531,30.7,440=,21.1,the university of georgia,QS World University Rankings 2025,International Education Costs Dataset,Medium
Austria,Leoben,Montanuniversität Leoben,Industrial Engineering,PhD,4.0,1500,68.7,700,160,850,0.92,montanuniversit t leoben,montanuniversit t leoben,,,,,,,,,,,,,,,,,,,,,,,,,,,,,,,,Not Matched,International Education Costs Dataset,Unmatched
Mexico,Tijuana,CETYS Universidad,Information Technology,Bachelor,4.0,9500,45.4,550,40,400,17.05,cetys universidad,cetys universidad,universidad icesi,88.23529411764706,1001-1200,901-950,Universidad ICESI,Colombia,Americas,M,FO,HI,B,5.7,601+,6.1,601+,78.6,146,1.6,701+,3.7,701+,2.5,701+,8.7,701+,9.7,701+,1.0,701+,,universidad icesi,QS World University Rankings 2025,International Education Costs Dataset,Medium
Spain,Salamanca,University of Salamanca,Data Science,PhD,4.0,3100,62.1,600,80,750,0.92,university of salamanca,university of salamanca,university of salamanca,100.0,539,534,University of Salamanca,Spain,Europe,L,FC,VH,A,26.9,328,14.6,567,26.0,570,6.2,701+,6.9,701+,14.9,625,80.0,322,23.4,484,69.5,223=,22.8,university of salamanca,QS World University Rankings 2025,International Education Costs Dataset,Excellent
Spain,Salamanca,University of Salamanca,Data Science,PhD,4.0,3100,62.1,600,80,750,0.92,university of salamanca,university of salamanca,university of salamanca,100.0,539,534,University of Salamanca,Spain,Europe,L,FC,VH,A,26.9,328,14.6,567,26.0,570,6.2,701+,6.9,701+,14.9,625,80.0,322,23.4,484,69.5,223=,22.8,university of salamanca,QS World University Rankings 2025,International Education Costs Dataset,Excellent
Italy,Padua,University of Padua,Artificial Intelligence,Master,2.0,3400,69.5,900,120,700,0.92,university of padua,university of padua,university of parma,89.47368421052632,951-1000,851-900,University of Parma,Italy,Europe,XL,FC,HI,A,9.5,601+,2.7,601+,2.9,701+,25.4,492,3.8,701+,9.1,701+,69.4,491,9.2,701+,2.3,701+,,university of parma,QS World University Rankings 2025,International Education Costs Dataset,Medium
Italy,Padua,University of Padua,Artificial Intelligence,Master,2.0,3400,69.5,900,120,700,0.92,university of padua,university of padua,university of parma,89.47368421052632,951-1000,851-900,University of Parma,Italy,Europe,XL,FC,HI,A,9.5,601+,2.7,601+,2.9,701+,25.4,492,3.8,701+,9.1,701+,69.4,491,9.2,701+,2.3,701+,,university of parma,QS World University Rankings 2025,International Education Costs Dataset,Medium
Greece,Chania,Technical University of Crete,Electronic Engineering,Master,2.0,0,60.4,450,100,600,0.92,technical university of crete,technical university of crete,technical university of kosice,88.13559322033898,1001-1200,1001-1200,Technical University of Kosice,Slovakia,Europe,M,FO,VH,A,7.5,601+,4.4,601+,19.8,679,5.5,701+,1.5,701+,56.2,268,37.2,701+,4.5,701+,1.0,701+,,technical university of kosice,QS World University Rankings 2025,International Education Costs Dataset,Medium
Austria,Dornbirn,FH Vorarlberg,Software Development,Bachelor,3.0,1500,70.2,800,160,850,0.92,fh vorarlberg,fh vorarlberg,,,,,,,,,,,,,,,,,,,,,,,,,,,,,,,,Not Matched,International Education Costs Dataset,Unmatched
Mexico,San Luis Potosi,UASLP,Computer Systems,Master,2.0,2800,42.8,380,40,400,17.05,uaslp,uaslp,,,,,,,,,,,,,,,,,,,,,,,,,,,,,,,,Not Matched,International Education Costs Dataset,Unmatched
Turkey,Istanbul,Bogazici University,Computer Engineering,Master,2.0,1500,51.2,600,90,500,28.5,bogazici university,bogazici university,bogazi i university,94.73684210526316,418,514,Bogaziçi University,Turkey,Asia,L,CO,HI,A,24.9,353,65.3,118,4.1,701+,10.7,701+,10.7,701+,2.6,701+,46.8,701+,84.9,102,46.2,334=,28.5,bogazi i university,QS World University Rankings 2025,International Education Costs Dataset,High
Turkey,Istanbul,Bogazici University,Computer Engineering,Master,2.0,1500,51.2,600,90,500,28.5,bogazici university,bogazici university,bogazi i university,94.73684210526316,418,514,Bogaziçi University,Turkey,Asia,L,CO,HI,A,24.9,353,65.3,118,4.1,701+,10.7,701+,10.7,701+,2.6,701+,46.8,701+,84.9,102,46.2,334=,28.5,bogazi i university,QS World University Rankings 2025,International Education Costs Dataset,High
Greece,Athens,Athens University of Economics,Data Science,Master,2.0,0,65.8,650,100,600,0.92,athens university of economics,athens university of economics,,,,,,,,,,,,,,,,,,,,,,,,,,,,,,,,Not Matched,International Education Costs Dataset,Unmatched
Belgium,Leuven,KU Leuven,Artificial Intelligence,PhD,4.0,3800,76.5,950,180,800,0.92,ku leuven,ku leuven,ku leuven,100.0,63,61,KU Leuven,Belgium,Europe,XL,FC,VH,A,84.6,55,49.6,181,7.1,701+,91.0,72,93.8,163,47.7,305,99.5,8,75.3,139,51.2,313=,70.3,ku leuven,QS World University Rankings 2025,International Education Costs Dataset,Excellent
Belgium,Leuven,KU Leuven,Artificial Intelligence,PhD,4.0,3800,76.5,950,180,800,0.92,ku leuven,ku leuven,ku leuven,100.0,63,61,KU Leuven,Belgium,Europe,XL,FC,VH,A,84.6,55,49.6,181,7.1,701+,91.0,72,93.8,163,47.7,305,99.5,8,75.3,139,51.2,313=,70.3,ku leuven,QS World University Rankings 2025,International Education Costs Dataset,Excellent
Hungary,Budapest,Budapest University of Technology,Software Engineering,Master,2.0,6500,53.4,500,140,450,350.25,budapest university of technology,budapest university of technology,delft university of technology,88.88888888888889,49,47,Delft University of Technology,Netherlands,Europe,L,CO,VH,A,74.4,82,83.0,66,39.4,396,79.7,110,100.0,69,91.4,117,93.7,105,54.8,227,99.1,14,77,delft university of technology,QS World University Rankings 2025,International Education Costs Dataset,Medium
Russia,Moscow,Moscow State University,Computer Science,Bachelor,4.0,5500,62.3,600,160,400,95.5,moscow state university,moscow state university,iowa state university,86.36363636363636,470,400,Iowa State University,United States,Americas,L,CO,VH,A,20.7,425,12.0,601+,9.1,701+,47.9,280,7.5,701+,12.5,667,77.3,374,32.9,388,31.3,435=,25.6,iowa state university,QS World University Rankings 2025,International Education Costs Dataset,Medium
Russia,Moscow,Moscow State University,Computer Science,Bachelor,4.0,5500,62.3,600,160,400,95.5,moscow state university,moscow state university,iowa state university,86.36363636363636,470,400,Iowa State University,United States,Americas,L,CO,VH,A,20.7,425,12.0,601+,9.1,701+,47.9,280,7.5,701+,12.5,667,77.3,374,32.9,388,31.3,435=,25.6,iowa state university,QS World University Rankings 2025,International Education Costs Dataset,Medium
Turkey,Ankara,Middle East Technical University,Data Engineering,Master,2.0,1200,48.5,450,90,500,28.5,middle east technical university,middle east technical university,middle east technical university,100.0,285,336,Middle East Technical University,Turkey,Asia,L,CO,VH,A,31.2,286,70.2,101,9.0,701+,22.3,528,12.0,701+,18.3,576,74.7,412,77.5,130,69.5,223=,37.2,middle east technical university,QS World University Rankings 2025,International Education Costs Dataset,Excellent
Greece,Thessaloniki,University of Macedonia,Information Systems,PhD,4.0,0,62.4,500,100,600,0.92,university of macedonia,university of macedonia,university of macau,85.71428571428572,245,254,University of Macau,Macau SAR,Asia,L,CO,VH,A,11.9,601+,10.5,601+,9.8,701+,99.1,23,100.0,21,99.9,36,57.0,664,50.3,253,7.7,701+,41.1,university of macau,QS World University Rankings 2025,International Education Costs Dataset,Medium
Belgium,Ghent,Ghent University,Computer Science,Master,2.0,3500,72.8,850,180,800,0.92,ghent university,ghent university,ghent university,100.0,169,159,Ghent University,Belgium,Europe,XL,FC,VH,A,53.2,150,24.8,384,78.5,148,21.5,538,79.7,241,21.4,522,99.5,9,72.9,145,98.3,21,50.1,ghent university,QS World University Rankings 2025,International Education Costs Dataset,Excellent
Hungary,Debrecen,University of Debrecen,Mechatronics,Bachelor,3.0,5800,48.9,400,140,450,350.25,university of debrecen,university of debrecen,university of debrecen,100.0,574,671-680,University of Debrecen,Hungary,Europe,L,FC,HI,A,17.9,505,13.9,588,34.0,464,3.9,701+,10.6,701+,70.0,209,76.7,385,21.4,537,39.5,371=,21.5,university of debrecen,QS World University Rankings 2025,International Education Costs Dataset,Excellent
Russia,Saint Petersburg,ITMO University,Data Science,Master,2.0,5000,60.1,550,160,400,95.5,itmo university,itmo university,itmo university,100.0,595,542,ITMO University,Russia,Europe,M,FO,VH,A,10.5,601+,13.0,601+,95.5,59,5.4,701+,20.3,592,36.2,382,65.3,550,1.9,701+,1.2,701+,20.9,itmo university,QS World University Rankings 2025,International Education Costs Dataset,Excellent
Turkey,Izmir,Ege University,Electronics Engineering,PhD,4.0,1300,47.8,400,90,500,28.5,ege university,ege university,ege university,100.0,1001-1200,1001-1200,EGE UNIVERSITY,Turkey,Asia,L,FC,HI,A,10.0,601+,13.6,595,15.8,701+,3.2,701+,1.3,701+,7.8,701+,68.6,506,2.1,701+,1.4,701+,,ege university,QS World University Rankings 2025,International Education Costs Dataset,Excellent
Greece,Patras,University of Patras,Computer Engineering,Master,2.0,0,60.5,450,100,600,0.92,university of patras,university of patras,university of patras,100.0,761-770,791-800,University of Patras,Greece,Europe,L,FC,VH,A,11.7,601+,17.1,502,2.7,701+,27.0,475,1.4,701+,4.8,701+,60.6,626,3.7,701+,44.9,338=,,university of patras,QS World University Rankings 2025,International Education Costs Dataset,Excellent
Greece,Patras,University of Patras,Computer Engineering,Master,2.0,0,60.5,450,100,600,0.92,university of patras,university of patras,university of patras,100.0,761-770,791-800,University of Patras,Greece,Europe,L,FC,VH,A,11.7,601+,17.1,502,2.7,701+,27.0,475,1.4,701+,4.8,701+,60.6,626,3.7,701+,44.9,338=,,university of patras,QS World University Rankings 2025,International Education Costs Dataset,Excellent
Belgium,Brussels,Vrije Universiteit Brussel,Robotics,Master,2.0,3600,75.4,900,180,800,0.92,vrije universiteit brussel,vrije universiteit brussel,vrije universiteit brussel vub,92.85714285714286,278,259,Vrije Universiteit Brussel (VUB),Belgium,Europe,L,FC,VH,A,23.3,381,13.7,592,76.1,159,18.2,581,93.6,165,58.2,255,93.1,115,51.8,243,72.1,208=,38.1,vrije universiteit brussel vub,QS World University Rankings 2025,International Education Costs Dataset,High
Hungary,Szeged,University of Szeged,Computer Science,PhD,4.0,6000,47.2,380,140,450,350.25,university of szeged,university of szeged,university of szeged,100.0,570,601-610,University of Szeged,Hungary,Europe,L,FC,HI,B,18.5,491,16.8,510,37.0,434,4.8,701+,11.8,701+,41.2,347,73.1,440,15.0,663,61.9,258=,21.8,university of szeged,QS World University Rankings 2025,International Education Costs Dataset,Excellent
Russia,Novosibirsk,Novosibirsk State University,Mathematics,Master,2.0,4800,55.4,400,160,400,95.5,novosibirsk state university,novosibirsk state university,novosibirsk state university,100.0,442,421,Novosibirsk State University,Russia,Europe,M,CO,VH,A,24.7,354,18.4,480,91.0,81,9.5,701+,6.3,701+,57.0,259,56.5,671,5.8,701+,5.3,701+,26.8,novosibirsk state university,QS World University Rankings 2025,International Education Costs Dataset,Excellent
Turkey,Eskisehir,Anadolu University,Information Systems,Bachelor,4.0,1000,45.6,350,90,500,28.5,anadolu university,anadolu university,anadolu university,100.0,1201-1400,1201-1400,Anadolu University,Turkey,Asia,L,FO,HI,A,4.9,601+,3.9,601+,13.1,701+,2.6,701+,1.8,701+,2.9,701+,17.5,701+,13.9,697,1.0,701+,,anadolu university,QS World University Rankings 2025,International Education Costs Dataset,Excellent
Greece,Heraklion,University of Crete,Data Analytics,Master,2.0,0,61.2,480,100,600,0.92,university of crete,university of crete,university of crete,100.0,601-610,534,University of Crete,Greece,Europe,L,FC,HI,A,13.9,601+,12.7,601+,2.4,701+,58.7,208,2.3,701+,3.5,701+,57.0,663,3.6,701+,1.8,701+,,university of crete,QS World University Rankings 2025,International Education Costs Dataset,Excellent
Greece,Heraklion,University of Crete,Data Analytics,Master,2.0,0,61.2,480,100,600,0.92,university of crete,university of crete,university of crete,100.0,601-610,534,University of Crete,Greece,Europe,L,FC,HI,A,13.9,601+,12.7,601+,2.4,701+,58.7,208,2.3,701+,3.5,701+,57.0,663,3.6,701+,1.8,701+,,university of crete,QS World University Rankings 2025,International Education Costs Dataset,Excellent
Belgium,Antwerp,University of Antwerp,Computer Science,PhD,4.0,3700,71.2,800,180,800,0.92,university of antwerp,university of antwerp,university of antwerp,100.0,267,248,University of Antwerp,Belgium,Europe,L,FC,VH,A,24.1,361,11.3,601+,37.5,427,48.1,278,94.4,157,32.0,415,94.6,85,44.8,284,74.8,190=,38.7,university of antwerp,QS World University Rankings 2025,International Education Costs Dataset,Excellent
Hungary,Pecs,University of Pecs,Software Development,Master,2.0,5500,46.8,350,140,450,350.25,university of pecs,university of pecs,university of pecs,100.0,771-780,801-850,University of Pecs,Hungary,Europe,L,FC,HI,A,14.3,601+,11.9,601+,41.4,377,2.8,701+,9.3,701+,64.3,233,40.3,701+,4.0,701+,11.3,636=,,university of pecs,QS World University Rankings 2025,International Education Costs Dataset,Excellent
Russia,Kazan,Kazan Federal University,Artificial Intelligence,Bachelor,4.0,4500,52.3,380,160,400,95.5,kazan federal university,kazan federal university,,,,,,,,,,,,,,,,,,,,,,,,,,,,,,,,Not Matched,International Education Costs Dataset,Unmatched
Turkey,Bursa,Uludag University,Computer Science,Master,2.0,1100,46.5,380,90,500,28.5,uludag university,uludag university,lund university,87.5,75,85,Lund University,Sweden,Europe,L,FC,VH,A,68.3,96,52.5,160,55.5,271,44.6,309,97.4,124,73.4,198,96.7,48,86.5,95,99.6,8,65.6,lund university,QS World University Rankings 2025,International Education Costs Dataset,Medium
Greece,Volos,University of Thessaly,Cybersecurity,PhD,4.0,0,59.8,400,100,600,0.92,university of thessaly,university of thessaly,,,,,,,,,,,,,,,,,,,,,,,,,,,,,,,,Not Matched,International Education Costs Dataset,Unmatched
Greece,Volos,University of Thessaly,Cybersecurity,PhD,4.0,0,59.8,400,100,600,0.92,university of thessaly,university of thessaly,,,,,,,,,,,,,,,,,,,,,,,,,,,,,,,,Not Matched,International Education Costs Dataset,Unmatched
Belgium,Louvain,UCLouvain,Data Engineering,Master,2.0,3500,70.5,780,180,800,0.92,uclouvain,uclouvain,,,,,,,,,,,,,,,,,,,,,,,,,,,,,,,,Not Matched,International Education Costs Dataset,Unmatched
Hungary,Gyor,Szechenyi Istvan University,Robotics,Bachelor,3.0,5200,45.6,320,140,450,350.25,szechenyi istvan university,szechenyi istvan university,,,,,,,,,,,,,,,,,,,,,,,,,,,,,,,,Not Matched,International Education Costs Dataset,Unmatched
Russia,Tomsk,Tomsk State University,Software Engineering,Master,2.0,4600,51.2,350,160,400,95.5,tomsk state university,tomsk state university,tomsk state university,100.0,431,418,Tomsk State University,Russia,Europe,M,CO,VH,A,22.0,403,13.5,601+,99.0,36,4.2,701+,21.6,574,91.6,113,64.1,571,4.4,701+,1.4,701+,27.6,tomsk state university,QS World University Rankings 2025,International Education Costs Dataset,Excellent
Turkey,Antalya,Akdeniz University,Data Science,PhD,4.0,1400,47.8,420,90,500,28.5,akdeniz university,akdeniz university,akdeniz niversitesi,86.48648648648648,1401+,1401+,Akdeniz Üniversitesi,Turkey,Asia,XL,FO,VH,A,5.7,601+,4.8,601+,3.5,701+,3.0,701+,1.2,701+,1.1,701+,33.7,701+,2.0,701+,1.0,701+,,akdeniz niversitesi,QS World University Rankings 2025,International Education Costs Dataset,Medium
Greece,Piraeus,University of Piraeus,Information Technology,Master,2.0,0,63.4,550,100,600,0.92,university of piraeus,university of piraeus,university of patras,87.8048780487805,761-770,791-800,University of Patras,Greece,Europe,L,FC,VH,A,11.7,601+,17.1,502,2.7,701+,27.0,475,1.4,701+,4.8,701+,60.6,626,3.7,701+,44.9,338=,,university of patras,QS World University Rankings 2025,International Education Costs Dataset,Medium
Belgium,Hasselt,Hasselt University,Artificial Intelligence,Bachelor,3.0,3400,69.8,750,180,800,0.92,hasselt university,hasselt university,hasselt university,100.0,554,551,Hasselt University,Belgium,Europe,M,FO,VH,A,5.8,601+,3.3,601+,82.1,120,15.4,630,74.2,268,25.3,476,69.6,490,2.4,701+,26.8,473=,22.4,hasselt university,QS World University Rankings 2025,International Education Costs Dataset,Excellent
Hungary,Miskolc,University of Miskolc,Computer Engineering,Master,2.0,5300,44.5,300,140,450,350.25,university of miskolc,university of miskolc,university of miskolc,100.0,1201-1400,1201-1400,University of Miskolc,Hungary,Europe,M,FO,VH,B,6.6,601+,5.7,601+,18.6,701+,2.4,701+,3.1,701+,3.8,701+,19.2,701+,13.0,701+,1.0,701+,,university of miskolc,QS World University Rankings 2025,International Education Costs Dataset,Excellent
Russia,Yekaterinburg,Ural Federal University,Data Analytics,PhD,4.0,4700,53.4,400,160,400,95.5,ural federal university,ural federal university,ural federal university urfu,90.19607843137256,516,473,Ural Federal University - UrFU,Russia,Europe,XL,CO,VH,A,19.6,455,14.2,577,95.5,60,2.1,701+,5.4,701+,25.3,475,86.6,220,1.9,701+,12.7,615=,23.6,ural federal university urfu,QS World University Rankings 2025,International Education Costs Dataset,High
Turkey,Kayseri,Erciyes University,Software Engineering,Master,2.0,1200,45.2,350,90,500,28.5,erciyes university,erciyes university,erciyes niversitesi,86.48648648648648,1201-1400,1201-1400,Erciyes Üniversitesi,Turkey,Asia,XL,FC,HI,A,4.4,601+,3.0,601+,2.0,701+,5.3,701+,3.1,701+,5.7,701+,45.1,701+,1.7,701+,8.8,692=,,erciyes niversitesi,QS World University Rankings 2025,International Education Costs Dataset,Medium
Greece,Xanthi,Democritus University,Computer Engineering,Bachelor,4.0,0,58.7,380,100,600,0.92,democritus university,democritus university,,,,,,,,,,,,,,,,,,,,,,,,,,,,,,,,Not Matched,International Education Costs Dataset,Unmatched
Belgium,Liege,University of Liege,Data Science,PhD,4.0,3600,68.9,720,180,800,0.92,university of liege,university of liege,university of leeds,89.47368421052632,82,75,University of Leeds,United Kingdom,Europe,XL,FC,VH,A,70.5,91,75.9,83,36.4,438,39.8,355,82.5,230,88.5,132,98.8,14,50.9,251,71.8,211=,63.8,university of leeds,QS World University Rankings 2025,International Education Costs Dataset,Medium
Hungary,Veszprem,University of Pannonia,Information Systems,Master,2.0,5100,44.8,310,140,450,350.25,university of pannonia,university of pannonia,university of pannonia,100.0,1201-1400,1201-1400,University of Pannonia,Hungary,Europe,S,FO,VH,A,4.2,601+,4.0,601+,22.0,637,8.5,701+,3.3,701+,8.3,701+,44.7,701+,4.0,701+,1.0,701+,,university of pannonia,QS World University Rankings 2025,International Education Costs Dataset,Excellent
Russia,Samara,Samara State University,Computer Science,Master,2.0,4400,50.5,370,160,400,95.5,samara state university,samara state university,arizona state university,85.1063829787234,200,179,Arizona State University,United States,Americas,XL,CO,VH,A,48.6,165,44.1,209,7.4,701+,47.1,289,52.1,357,37.2,378,95.7,66,23.6,479,96.3,41=,46.2,arizona state university,QS World University Rankings 2025,International Education Costs Dataset,Medium
Turkey,Konya,Selcuk University,Artificial Intelligence,Bachelor,4.0,1000,44.5,330,90,500,28.5,selcuk university,selcuk university,,,,,,,,,,,,,,,,,,,,,,,,,,,,,,,,Not Matched,International Education Costs Dataset,Unmatched
Greece,Chios,University of the Aegean,Digital Systems,Master,2.0,0,59.2,400,100,600,0.92,university of the aegean,university of the aegean,the university of georgia,85.71428571428572,587,514,The University of Georgia,United States,Americas,XL,FC,VH,A,20.6,427,18.6,473,9.8,701+,24.4,504,6.7,701+,4.5,701+,83.7,267,21.5,531,30.7,440=,21.1,the university of georgia,QS World University Rankings 2025,International Education Costs Dataset,Medium
Greece,Chios,University of the Aegean,Digital Systems,Master,2.0,0,59.2,400,100,600,0.92,university of the aegean,university of the aegean,the university of georgia,85.71428571428572,587,514,The University of Georgia,United States,Americas,XL,FC,VH,A,20.6,427,18.6,473,9.8,701+,24.4,504,6.7,701+,4.5,701+,83.7,267,21.5,531,30.7,440=,21.1,the university of georgia,QS World University Rankings 2025,International Education Costs Dataset,Medium
Belgium,Mons,University of Mons,Computer Engineering,Master,2.0,3500,67.8,700,180,800,0.92,university of mons,university of mons,university of mons,100.0,781-790,691-700,University of Mons,Belgium,Europe,M,CO,VH,A,7.1,601+,7.0,601+,3.4,701+,37.3,369,35.0,458,33.7,400,43.7,701+,6.1,701+,1.6,701+,,university of mons,QS World University Rankings 2025,International Education Costs Dataset,Excellent
Hungary,Kecskemet,John von Neumann University,Data Analytics,PhD,4.0,5400,43.9,290,140,450,350.25,john von neumann university,john von neumann university,,,,,,,,,,,,,,,,,,,,,,,,,,,,,,,,Not Matched,International Education Costs Dataset,Unmatched
Russia,Rostov-on-Don,Southern Federal University,Information Technology,Bachelor,4.0,4200,49.8,350,160,400,95.5,southern federal university,southern federal university,southern federal university,100.0,951-1000,851-900,Southern Federal University,Russia,Europe,L,CO,VH,A,6.6,601+,3.8,601+,67.9,194,1.9,701+,2.9,701+,25.2,477,40.1,701+,1.8,701+,1.2,701+,,southern federal university,QS World University Rankings 2025,International Education Costs Dataset,Excellent
Brazil,Sao Paulo,University of Sao Paulo,Computer Science,Master,2.0,0,55.8,600,90,400,4.95,university of sao paulo,university of sao paulo,university of ulsan,85.71428571428572,801-850,751-760,University of Ulsan,South Korea,Asia,M,FC,VH,B,5.0,601+,2.3,601+,60.0,241,33.6,392,2.0,701+,2.4,701+,28.8,701+,3.8,701+,5.6,701+,,university of ulsan,QS World University Rankings 2025,International Education Costs Dataset,Medium
Brazil,Sao Paulo,University of Sao Paulo,Computer Science,Master,2.0,0,55.8,600,90,400,4.95,university of sao paulo,university of sao paulo,university of ulsan,85.71428571428572,801-850,751-760,University of Ulsan,South Korea,Asia,M,FC,VH,B,5.0,601+,2.3,601+,60.0,241,33.6,392,2.0,701+,2.4,701+,28.8,701+,3.8,701+,5.6,701+,,university of ulsan,QS World University Rankings 2025,International Education Costs Dataset,Medium
India,Bangalore,Indian Institute of Science,Data Science,PhD,4.0,2000,45.2,300,180,300,82.75,indian institute of science,indian institute of science,indian institute of science,100.0,211,225,Indian Institute of Science,India,Asia,S,SP,VH,A,45.7,181,26.3,362,37.9,419,99.9,11,3.7,701+,1.5,701+,39.1,701+,13.1,701+,23.7,500=,45,indian institute of science,QS World University Rankings 2025,International Education Costs Dataset,Excellent
India,Bangalore,Indian Institute of Science,Data Science,PhD,4.0,2000,45.2,300,180,300,82.75,indian institute of science,indian institute of science,indian institute of science,100.0,211,225,Indian Institute of Science,India,Asia,S,SP,VH,A,45.7,181,26.3,362,37.9,419,99.9,11,3.7,701+,1.5,701+,39.1,701+,13.1,701+,23.7,500=,45,indian institute of science,QS World University Rankings 2025,International Education Costs Dataset,Excellent
Thailand,Bangkok,Chulalongkorn University,Software Engineering,Master,2.0,15000,51.4,500,80,350,35.25,chulalongkorn university,chulalongkorn university,chulalongkorn university,100.0,229,211,Chulalongkorn University,Thailand,Asia,XL,FC,VH,A,68.2,97,35.9,261,31.7,499,7.5,701+,18.7,617,3.0,701+,79.6,331,93.6,60,73.2,198=,43.4,chulalongkorn university,QS World University Rankings 2025,International Education Costs Dataset,Excellent
Thailand,Bangkok,Chulalongkorn University,Software Engineering,Master,2.0,15000,51.4,500,80,350,35.25,chulalongkorn university,chulalongkorn university,chulalongkorn university,100.0,229,211,Chulalongkorn University,Thailand,Asia,XL,FC,VH,A,68.2,97,35.9,261,31.7,499,7.5,701+,18.7,617,3.0,701+,79.6,331,93.6,60,73.2,198=,43.4,chulalongkorn university,QS World University Rankings 2025,International Education Costs Dataset,Excellent
Egypt,Cairo,Cairo University,Computer Engineering,Bachelor,4.0,2500,31.8,250,100,200,30.9,cairo university,cairo university,cairo university,100.0,350,371,Cairo University,Egypt,Africa,XL,FC,VH,A,45.8,179,41.0,229,8.8,701+,3.0,701+,2.9,701+,7.2,701+,86.4,223,95.5,50,47.2,329,32.5,cairo university,QS World University Rankings 2025,International Education Costs Dataset,Excellent
Singapore,Singapore,National University of Singapore,Artificial Intelligence,Master,2.0,42000,83.8,1200,90,800,1.35,national university of singapore,national university of singapore,national university of singapore nus,94.11764705882352,8,8,National University of Singapore (NUS),Singapore,Asia,XL,FC,VH,A,99.5,15,91.1,48,68.8,189,93.1,61,100.0,41,88.9,129,91.6,146,100.0,6,97.7,26=,93.7,national university of singapore nus,QS World University Rankings 2025,International Education Costs Dataset,High
Singapore,Singapore,National University of Singapore,Artificial Intelligence,Master,2.0,42000,83.8,1200,90,800,1.35,national university of singapore,national university of singapore,national university of singapore nus,94.11764705882352,8,8,National University of Singapore (NUS),Singapore,Asia,XL,FC,VH,A,99.5,15,91.1,48,68.8,189,93.1,61,100.0,41,88.9,129,91.6,146,100.0,6,97.7,26=,93.7,national university of singapore nus,QS World University Rankings 2025,International Education Costs Dataset,High
UAE,Dubai,University of Dubai,Data Analytics,Master,2.0,25000,72.4,1100,270,750,3.67,university of dubai,university of dubai,university of dubai,100.0,851-900,801-850,University of Dubai,United Arab Emirates,Asia,S,SP,LO,B,5.2,601+,4.2,601+,10.6,701+,11.0,701+,100.0,1=,72.0,204,8.2,701+,10.2,701+,1.0,701+,,university of dubai,QS World University Rankings 2025,International Education Costs Dataset,Excellent
Brazil,Rio de Janeiro,PUC-Rio,Information Systems,PhD,4.0,8000,53.2,550,90,400,4.95,puc rio,puc rio,,,,,,,,,,,,,,,,,,,,,,,,,,,,,,,,Not Matched,International Education Costs Dataset,Unmatched
India,Mumbai,IIT Bombay,Computer Engineering,Master,2.0,1800,47.5,350,180,300,82.75,iit bombay,iit bombay,,,,,,,,,,,,,,,,,,,,,,,,,,,,,,,,Not Matched,International Education Costs Dataset,Unmatched
Thailand,Chiang Mai,Chiang Mai University,Data Science,Bachelor,4.0,12000,45.6,300,80,350,35.25,chiang mai university,chiang mai university,chiang mai university,100.0,567,571,Chiang Mai University,Thailand,Asia,XL,FC,HI,A,34.8,252,17.1,501,17.3,701+,4.2,701+,4.8,701+,4.2,701+,62.5,596,19.1,578,56.1,282=,21.9,chiang mai university,QS World University Rankings 2025,International Education Costs Dataset,Excellent
Singapore,Singapore,Nanyang Technological University,Computer Science,PhD,4.0,40000,83.8,1100,90,800,1.35,nanyang technological university,nanyang technological university,almaty technological university,85.71428571428572,951-1000,801-850,Almaty Technological University,Kazakhstan,Asia,M,FO,HI,A,6.2,601+,4.2,601+,88.1,93,1.0,701+,25.0,536,4.8,701+,2.9,701+,3.3,701+,1.1,701+,,almaty technological university,QS World University Rankings 2025,International Education Costs Dataset,Medium
Singapore,Singapore,Nanyang Technological University,Computer Science,PhD,4.0,40000,83.8,1100,90,800,1.35,nanyang technological university,nanyang technological university,almaty technological university,85.71428571428572,951-1000,801-850,Almaty Technological University,Kazakhstan,Asia,M,FO,HI,A,6.2,601+,4.2,601+,88.1,93,1.0,701+,25.0,536,4.8,701+,2.9,701+,3.3,701+,1.1,701+,,almaty technological university,QS World University Rankings 2025,International Education Costs Dataset,Medium
UAE,Abu Dhabi,Khalifa University,Robotics,Master,2.0,27000,71.8,1000,270,750,3.67,khalifa university,khalifa university,ahlia university,88.23529411764706,711-720,751-760,Ahlia University,Bahrain,Asia,S,SP,HI,B,16.7,536,8.4,601+,31.7,497,3.8,701+,100.0,47,42.7,339,9.3,701+,12.7,701+,2.5,701+,,ahlia university,QS World University Rankings 2025,International Education Costs Dataset,Medium
Brazil,Campinas,UNICAMP,Computer Engineering,Master,2.0,0,51.4,450,90,400,4.95,unicamp,unicamp,,,,,,,,,,,,,,,,,,,,,,,,,,,,,,,,Not Matched,International Education Costs Dataset,Unmatched
India,Delhi,IIT Delhi,Artificial Intelligence,PhD,4.0,1900,44.8,320,180,300,82.75,iit delhi,iit delhi,,,,,,,,,,,,,,,,,,,,,,,,,,,,,,,,Not Matched,International Education Costs Dataset,Unmatched
Thailand,Khon Kaen,Khon Kaen University,Information Technology,Master,2.0,11000,42.5,250,80,350,35.25,khon kaen university,khon kaen university,khon kaen university,100.0,951-1000,951-1000,Khon Kaen University,Thailand,Asia,XL,FC,HI,A,17.2,524,10.7,601+,7.4,701+,4.4,701+,5.3,701+,2.3,701+,50.9,701+,4.4,701+,31.8,431,,khon kaen university,QS World University Rankings 2025,International Education Costs Dataset,Excellent
Egypt,Alexandria,Alexandria University,Software Engineering,Master,2.0,2200,30.5,200,100,200,30.9,alexandria university,alexandria university,alexandria university,100.0,801-850,901-950,Alexandria University,Egypt,Africa,XL,FC,VH,A,23.1,385,18.3,482,4.5,701+,2.0,701+,1.7,701+,4.8,701+,76.4,386,24.3,467,6.9,701+,,alexandria university,QS World University Rankings 2025,International Education Costs Dataset,Excellent
Singapore,Singapore,Singapore Management University,Data Analytics,Bachelor,4.0,38000,83.8,1150,90,800,1.35,singapore management university,singapore management university,singapore management university,100.0,585,545,Singapore Management University,Singapore,Asia,M,SP,VH,A,12.3,601+,14.2,578,10.2,701+,18.8,572,100.0,46,58.9,251,20.8,701+,27.1,443,26.3,478=,21.2,singapore management university,QS World University Rankings 2025,International Education Costs Dataset,Excellent
Singapore,Singapore,Singapore Management University,Data Analytics,Bachelor,4.0,38000,83.8,1150,90,800,1.35,singapore management university,singapore management university,singapore management university,100.0,585,545,Singapore Management University,Singapore,Asia,M,SP,VH,A,12.3,601+,14.2,578,10.2,701+,18.8,572,100.0,46,58.9,251,20.8,701+,27.1,443,26.3,478=,21.2,singapore management university,QS World University Rankings 2025,International Education Costs Dataset,Excellent
UAE,Sharjah,American University of Sharjah,Computer Science,PhD,4.0,26000,68.5,900,270,750,3.67,american university of sharjah,american university of sharjah,american university of sharjah,100.0,332,364,American University of Sharjah,United Arab Emirates,Asia,M,CO,VH,B,20.9,421,38.6,245,19.1,696,23.9,511,100.0,3,100.0,8,48.1,701+,48.0,267,16.5,567=,33.6,american university of sharjah,QS World University Rankings 2025,International Education Costs Dataset,Excellent
Brazil,Porto Alegre,UFRGS,Data Science,Bachelor,4.0,0,49.8,400,90,400,4.95,ufrgs,ufrgs,,,,,,,,,,,,,,,,,,,,,,,,,,,,,,,,Not Matched,International Education Costs Dataset,Unmatched
India,Chennai,IIT Madras,Software Engineering,Master,2.0,1700,42.4,280,180,300,82.75,iit madras,iit madras,,,,,,,,,,,,,,,,,,,,,,,,,,,,,,,,Not Matched,International Education Costs Dataset,Unmatched
Thailand,Phuket,Prince of Songkla University,Computer Engineering,Master,2.0,10000,44.8,300,80,350,35.25,prince of songkla university,prince of songkla university,prince of songkla university,100.0,951-1000,901-950,Prince of Songkla University,Thailand,Asia,XL,FC,HI,A,21.6,408,5.6,601+,16.4,701+,3.3,701+,5.3,701+,1.9,701+,40.3,701+,3.9,701+,24.2,497,,prince of songkla university,QS World University Rankings 2025,International Education Costs Dataset,Excellent
Thailand,Phuket,Prince of Songkla University,Computer Engineering,Master,2.0,10000,44.8,300,80,350,35.25,prince of songkla university,prince of songkla university,prince of songkla university,100.0,951-1000,901-950,Prince of Songkla University,Thailand,Asia,XL,FC,HI,A,21.6,408,5.6,601+,16.4,701+,3.3,701+,5.3,701+,1.9,701+,40.3,701+,3.9,701+,24.2,497,,prince of songkla university,QS World University Rankings 2025,International Education Costs Dataset,Excellent
Egypt,Giza,Ain Shams University,Data Science,PhD,4.0,2400,31.2,220,100,200,30.9,ain shams university,ain shams university,ain shams university,100.0,592,721-730,Ain Shams University,Egypt,Africa,XL,FC,VH,A,24.0,364,32.2,292,11.3,701+,1.9,701+,23.1,557,7.5,701+,74.2,418,56.3,219,9.8,672=,21,ain shams university,QS World University Rankings 2025,International Education Costs Dataset,Excellent
Singapore,Singapore,Singapore University of Technology,Artificial Intelligence,Master,2.0,39000,83.8,1100,90,800,1.35,singapore university of technology,singapore university of technology,swinburne university of technology,88.23529411764706,291,285,Swinburne University of Technology,Australia,Oceania,L,CO,VH,A,13.9,601+,11.4,601+,12.4,701+,86.5,88,94.9,150,77.3,183,66.1,538,13.9,696,15.4,585=,37.1,swinburne university of technology,QS World University Rankings 2025,International Education Costs Dataset,Medium
UAE,Ajman,Ajman University,Information Systems,Bachelor,4.0,23000,65.4,800,270,750,3.67,ajman university,ajman university,ajman university,100.0,477,551,Ajman University,United Arab Emirates,Asia,S,FO,VH,B,17.3,521,42.2,221,9.6,701+,3.2,701+,100.0,6,100.0,3,48.4,701+,9.8,701+,1.4,701+,25.1,ajman university,QS World University Rankings 2025,International Education Costs Dataset,Excellent
Brazil,Recife,UFPE,Computer Engineering,Master,2.0,0,47.5,350,90,400,4.95,ufpe,ufpe,,,,,,,,,,,,,,,,,,,,,,,,,,,,,,,,Not Matched,International Education Costs Dataset,Unmatched
India,Hyderabad,IIT Hyderabad,Data Analytics,PhD,4.0,1800,41.2,260,180,300,82.75,iit hyderabad,iit hyderabad,,,,,,,,,,,,,,,,,,,,,,,,,,,,,,,,Not Matched,International Education Costs Dataset,Unmatched
Thailand,Hat Yai,Prince of Songkla University,Software Engineering,Bachelor,4.0,9500,43.2,280,80,350,35.25,prince of songkla university,prince of songkla university,prince of songkla university,100.0,951-1000,901-950,Prince of Songkla University,Thailand,Asia,XL,FC,HI,A,21.6,408,5.6,601+,16.4,701+,3.3,701+,5.3,701+,1.9,701+,40.3,701+,3.9,701+,24.2,497,,prince of songkla university,QS World University Rankings 2025,International Education Costs Dataset,Excellent
Thailand,Hat Yai,Prince of Songkla University,Software Engineering,Bachelor,4.0,9500,43.2,280,80,350,35.25,prince of songkla university,prince of songkla university,prince of songkla university,100.0,951-1000,901-950,Prince of Songkla University,Thailand,Asia,XL,FC,HI,A,21.6,408,5.6,601+,16.4,701+,3.3,701+,5.3,701+,1.9,701+,40.3,701+,3.9,701+,24.2,497,,prince of songkla university,QS World University Rankings 2025,International Education Costs Dataset,Excellent
Egypt,Port Said,Port Said University,Computer Science,Master,2.0,2100,29.8,180,100,200,30.9,port said university,port said university,,,,,,,,,,,,,,,,,,,,,,,,,,,,,,,,Not Matched,International Education Costs Dataset,Unmatched
Singapore,Singapore,SUTD,Robotics,PhD,4.0,37000,83.8,1050,90,800,1.35,sutd,sutd,,,,,,,,,,,,,,,,,,,,,,,,,,,,,,,,Not Matched,International Education Costs Dataset,Unmatched
Singapore,Singapore,SUTD,Robotics,PhD,4.0,37000,83.8,1050,90,800,1.35,sutd,sutd,,,,,,,,,,,,,,,,,,,,,,,,,,,,,,,,Not Matched,International Education Costs Dataset,Unmatched
Singapore,Singapore,SUTD,Robotics,PhD,4.0,37000,83.8,1050,90,800,1.35,sutd,sutd,,,,,,,,,,,,,,,,,,,,,,,,,,,,,,,,Not Matched,International Education Costs Dataset,Unmatched
UAE,Al Ain,UAE University,Data Science,Master,2.0,24000,64.2,750,270,750,3.67,uae university,uae university,hue university,92.85714285714286,1201-1400,,Hue University,Vietnam,Asia,XL,CO,HI,A,4.6,601+,12.9,601+,3.0,701+,1.6,701+,4.8,701+,1.4,701+,41.6,701+,4.5,701+,1.1,701+,,hue university,QS World University Rankings 2025,International Education Costs Dataset,High
Brazil,Florianopolis,UFSC,Information Technology,PhD,4.0,0,48.9,400,90,400,4.95,ufsc,ufsc,,,,,,,,,,,,,,,,,,,,,,,,,,,,,,,,Not Matched,International Education Costs Dataset,Unmatched
India,Pune,IIT Pune,Computer Science,Master,2.0,1600,40.5,250,180,300,82.75,iit pune,iit pune,,,,,,,,,,,,,,,,,,,,,,,,,,,,,,,,Not Matched,International Education Costs Dataset,Unmatched
Thailand,Nakhon Ratchasima,Suranaree University,Data Engineering,Master,2.0,9000,41.8,250,80,350,35.25,suranaree university,suranaree university,,,,,,,,,,,,,,,,,,,,,,,,,,,,,,,,Not Matched,International Education Costs Dataset,Unmatched
Egypt,Mansoura,Mansoura University,Information Systems,Bachelor,4.0,2000,28.5,170,100,200,30.9,mansoura university,mansoura university,mansoura university,100.0,951-1000,1001-1200,Mansoura University,Egypt,Africa,XL,FC,VH,A,14.1,601+,12.0,601+,3.3,701+,2.6,701+,6.7,701+,5.7,701+,74.7,413,4.4,701+,40.4,363=,,mansoura university,QS World University Rankings 2025,International Education Costs Dataset,Excellent
Singapore,Singapore,SIM Global Education,Software Engineering,Bachelor,4.0,35000,83.8,1000,90,800,1.35,sim global education,sim global education,,,,,,,,,,,,,,,,,,,,,,,,,,,,,,,,Not Matched,International Education Costs Dataset,Unmatched
UAE,Ras Al Khaimah,RAK University,Computer Engineering,Master,2.0,22000,62.5,700,270,750,3.67,rak university,rak university,brac university,89.65517241379311,1001-1200,1001-1200,BRAC University,Bangladesh,Asia,L,CO,HI,B,11.6,601+,27.9,344,10.0,701+,2.0,701+,2.0,701+,1.4,701+,21.4,701+,3.8,701+,1.1,701+,,brac university,QS World University Rankings 2025,International Education Costs Dataset,Medium
Brazil,Salvador,UFBA,Data Science,Master,2.0,0,46.8,380,90,400,4.95,ufba,ufba,,,,,,,,,,,,,,,,,,,,,,,,,,,,,,,,Not Matched,International Education Costs Dataset,Unmatched
India,Kanpur,IIT Kanpur,Artificial Intelligence,PhD,4.0,1900,39.8,240,180,300,82.75,iit kanpur,iit kanpur,,,,,,,,,,,,,,,,,,,,,,,,,,,,,,,,Not Matched,International Education Costs Dataset,Unmatched
Thailand,Songkhla,Thaksin University,Computer Engineering,Bachelor,4.0,8500,42.5,270,80,350,35.25,thaksin university,thaksin university,deakin university,85.71428571428572,197,233,Deakin University,Australia,Oceania,XL,FC,VH,A,31.3,282,23.9,400,4.6,701+,73.6,140,96.4,135,63.8,236,82.7,280,36.8,347,93.7,66,46.4,deakin university,QS World University Rankings 2025,International Education Costs Dataset,Medium
Egypt,Aswan,Aswan University,Data Analytics,Master,2.0,1900,27.8,160,100,200,30.9,aswan university,aswan university,swansea university,88.23529411764706,298,307,Swansea University,United Kingdom,Europe,L,FC,VH,A,23.1,387,43.1,214,25.1,591,27.9,467,71.0,278,59.6,249,82.3,286,8.3,701+,91.8,80,36.5,swansea university,QS World University Rankings 2025,International Education Costs Dataset,Medium
UAE,Fujairah,Fujairah University,Information Technology,Bachelor,4.0,21000,61.4,650,270,750,3.67,fujairah university,fujairah university,,,,,,,,,,,,,,,,,,,,,,,,,,,,,,,,Not Matched,International Education Costs Dataset,Unmatched
Iceland,Reykjavik,University of Iceland,Computer Science,Master,2.0,0,84.5,1200,140,900,137.5,university of iceland,university of iceland,university of iceland,100.0,547,1201-1400,University of Iceland,Iceland,Europe,M,CO,VH,,6.8,601+,2.5,601+,99.9,21,6.7,701+,25.7,525,10.3,701+,73.5,427,83.2,108,5.9,701+,22.6,university of iceland,QS World University Rankings 2025,International Education Costs Dataset,Excellent
Colombia,Bogota,Universidad Nacional,Software Engineering,Master,2.0,3500,41.2,400,80,300,3950.0,universidad nacional,universidad nacional,,,,,,,,,,,,,,,,,,,,,,,,,,,,,,,,Not Matched,International Education Costs Dataset,Unmatched
Poland,Warsaw,University of Warsaw,Data Science,PhD,4.0,3000,54.8,650,80,400,4.1,university of warsaw,university of warsaw,university of warsaw,100.0,258,262,University of Warsaw,Poland,Europe,XL,CO,VH,A,50.0,163,53.6,158,46.4,330,5.5,701+,10.5,701+,8.4,701+,84.1,262,60.0,203,69.8,222,39.8,university of warsaw,QS World University Rankings 2025,International Education Costs Dataset,Excellent
Poland,Warsaw,University of Warsaw,Data Science,PhD,4.0,3000,54.8,650,80,400,4.1,university of warsaw,university of warsaw,university of warsaw,100.0,258,262,University of Warsaw,Poland,Europe,XL,CO,VH,A,50.0,163,53.6,158,46.4,330,5.5,701+,10.5,701+,8.4,701+,84.1,262,60.0,203,69.8,222,39.8,university of warsaw,QS World University Rankings 2025,International Education Costs Dataset,Excellent
Romania,Bucharest,University Politehnica,Computer Engineering,Bachelor,3.0,2500,45.2,450,120,350,4.65,university politehnica,university politehnica,,,,,,,,,,,,,,,,,,,,,,,,,,,,,,,,Not Matched,International Education Costs Dataset,Unmatched
Luxembourg,Luxembourg City,University of Luxembourg,Artificial Intelligence,Master,2.0,400,83.2,1400,100,800,0.92,university of luxembourg,university of luxembourg,university of luxembourg,100.0,355,381,University of Luxembourg,Luxembourg,Europe,M,CO,VH,,9.2,601+,4.5,601+,80.8,128,25.2,495,100.0,16,100.0,26,70.1,486,52.8,240,3.1,701+,32.1,university of luxembourg,QS World University Rankings 2025,International Education Costs Dataset,Excellent
Indonesia,Jakarta,University of Indonesia,Information Systems,Master,2.0,5000,45.8,400,150,250,15600.0,university of indonesia,university of indonesia,universitas indonesia,86.36363636363636,206,237,Universitas Indonesia,Indonesia,Asia,XL,FC,VH,A,53.8,148,79.2,79,55.7,268,2.1,701+,88.3,202,7.1,701+,37.2,701+,77.3,131,32.7,424=,45.7,universitas indonesia,QS World University Rankings 2025,International Education Costs Dataset,Medium
Indonesia,Jakarta,University of Indonesia,Information Systems,Master,2.0,5000,45.8,400,150,250,15600.0,university of indonesia,university of indonesia,universitas indonesia,86.36363636363636,206,237,Universitas Indonesia,Indonesia,Asia,XL,FC,VH,A,53.8,148,79.2,79,55.7,268,2.1,701+,88.3,202,7.1,701+,37.2,701+,77.3,131,32.7,424=,45.7,universitas indonesia,QS World University Rankings 2025,International Education Costs Dataset,Medium
Iceland,Akureyri,University of Akureyri,Data Analytics,Bachelor,3.0,0,78.4,900,140,900,137.5,university of akureyri,university of akureyri,university of bari,85.0,801-850,741-750,University of Bari,Italy,Europe,L,FO,VH,A,12.4,601+,3.0,601+,4.6,701+,25.0,497,4.9,701+,2.0,701+,81.6,292,7.7,701+,25.7,483=,,university of bari,QS World University Rankings 2025,International Education Costs Dataset,Medium
Colombia,Medellin,Universidad de Antioquia,Computer Science,PhD,4.0,4000,38.5,350,80,300,3950.0,universidad de antioquia,universidad de antioquia,universidad de antioquia,100.0,791-800,701-710,Universidad de Antioquia,Colombia,Americas,XL,FC,HI,A,29.1,303,20.8,440,4.1,701+,4.3,701+,3.7,701+,1.2,701+,48.1,701+,20.4,556,2.9,701+,,universidad de antioquia,QS World University Rankings 2025,International Education Costs Dataset,Excellent
Poland,Krakow,Jagiellonian University,Software Development,Master,2.0,2800,52.4,600,80,400,4.1,jagiellonian university,jagiellonian university,jagiellonian university,100.0,312,304,Jagiellonian University,Poland,Europe,XL,FO,VH,A,37.8,228,46.4,199,65.1,203,5.5,701+,5.7,701+,15.4,615,88.6,188,51.3,249,35.4,400=,35,jagiellonian university,QS World University Rankings 2025,International Education Costs Dataset,Excellent
Romania,Cluj-Napoca,Babes-Bolyai University,Data Science,Master,2.0,2200,43.8,400,120,350,4.65,babes bolyai university,babes bolyai university,babes bolyai university,100.0,781-790,801-850,Babes-Bolyai University,Romania,Europe,XL,CO,VH,A,15.5,569,19.5,463,5.3,701+,4.4,701+,7.8,701+,3.8,701+,80.1,321,26.7,445,42.7,354,,babes bolyai university,QS World University Rankings 2025,International Education Costs Dataset,Excellent
Luxembourg,Esch-sur-Alzette,Luxembourg School of Business,Data Engineering,Master,2.0,400,79.5,1200,100,800,0.92,luxembourg school of business,luxembourg school of business,,,,,,,,,,,,,,,,,,,,,,,,,,,,,,,,Not Matched,International Education Costs Dataset,Unmatched
Indonesia,Bandung,Institut Teknologi Bandung,Computer Engineering,PhD,4.0,4500,42.4,300,150,250,15600.0,institut teknologi bandung,institut teknologi bandung,,,,,,,,,,,,,,,,,,,,,,,,,,,,,,,,Not Matched,International Education Costs Dataset,Unmatched
Iceland,Reykjavik,Reykjavik University,Robotics,Master,2.0,0,84.5,1150,140,900,137.5,reykjavik university,reykjavik university,,,,,,,,,,,,,,,,,,,,,,,,,,,,,,,,Not Matched,International Education Costs Dataset,Unmatched
Colombia,Cali,Universidad del Valle,Information Technology,Bachelor,4.0,3200,36.8,300,80,300,3950.0,universidad del valle,universidad del valle,universidad del valle,100.0,1001-1200,1001-1200,Universidad del Valle,Colombia,Americas,XL,FC,MD,A,18.1,500,8.2,601+,7.7,701+,1.9,701+,2.1,701+,1.3,701+,20.5,701+,21.4,535,1.7,701+,,universidad del valle,QS World University Rankings 2025,International Education Costs Dataset,Excellent
Poland,Wroclaw,Wroclaw University of Technology,Artificial Intelligence,Master,2.0,2600,50.5,550,80,400,4.1,wroclaw university of technology,wroclaw university of technology,warsaw university of technology,92.06349206349206,527,571,Warsaw University of Technology,Poland,Europe,L,FO,VH,A,23.3,380,51.9,168,42.6,366,4.7,701+,2.4,701+,10.3,701+,60.6,627,9.8,701+,1.4,701+,23.2,warsaw university of technology,QS World University Rankings 2025,International Education Costs Dataset,High
Romania,Timisoara,Politehnica University,Software Engineering,PhD,4.0,2400,42.5,380,120,350,4.65,politehnica university,politehnica university,,,,,,,,,,,,,,,,,,,,,,,,,,,,,,,,Not Matched,International Education Costs Dataset,Unmatched
Luxembourg,Belval,Luxembourg Institute of Science,Computer Science,Bachelor,3.0,400,78.4,1100,100,800,0.92,luxembourg institute of science,luxembourg institute of science,,,,,,,,,,,,,,,,,,,,,,,,,,,,,,,,Not Matched,International Education Costs Dataset,Unmatched
Indonesia,Yogyakarta,Gadjah Mada University,Data Science,Master,2.0,4000,40.2,250,150,250,15600.0,gadjah mada university,gadjah mada university,gadjah mada university,100.0,239,263,Gadjah Mada University,Indonesia,Asia,XL,FC,VH,A,54.4,145,73.5,91,57.6,255,1.7,701+,40.3,417,4.1,701+,38.1,701+,69.0,167,26.8,473=,41.8,gadjah mada university,QS World University Rankings 2025,International Education Costs Dataset,Excellent
Iceland,Hafnarfjordur,Iceland University of Arts,Digital Design,Master,2.0,0,82.1,1000,140,900,137.5,iceland university of arts,iceland university of arts,university of iceland,89.36170212765957,547,1201-1400,University of Iceland,Iceland,Europe,M,CO,VH,,6.8,601+,2.5,601+,99.9,21,6.7,701+,25.7,525,10.3,701+,73.5,427,83.2,108,5.9,701+,22.6,university of iceland,QS World University Rankings 2025,International Education Costs Dataset,Medium
Colombia,Barranquilla,Universidad del Norte,Computer Engineering,Master,2.0,3800,35.4,280,80,300,3950.0,universidad del norte,universidad del norte,universidad del norte,100.0,1001-1200,1001-1200,Universidad del Norte,Colombia,Americas,M,FC,HI,B,9.6,601+,11.9,601+,10.8,701+,2.9,701+,7.7,701+,1.4,701+,29.6,701+,7.6,701+,21.3,521=,,universidad del norte,QS World University Rankings 2025,International Education Costs Dataset,Excellent
Poland,Poznan,Adam Mickiewicz University,Computer Science,PhD,4.0,2700,51.2,580,80,400,4.1,adam mickiewicz university,adam mickiewicz university,adam mickiewicz university poznan,88.13559322033898,761-770,731-740,"Adam Mickiewicz University, Poznan",Poland,Europe,L,CO,VH,A,16.0,553,9.1,601+,33.3,473,4.8,701+,7.7,701+,8.3,701+,86.7,218,7.5,701+,31.6,432=,,adam mickiewicz university poznan,QS World University Rankings 2025,International Education Costs Dataset,Medium
Romania,Iasi,Alexandru Ioan Cuza University,Information Systems,Master,2.0,2100,41.8,350,120,350,4.65,alexandru ioan cuza university,alexandru ioan cuza university,alexandru ioan cuza university,100.0,1201-1400,1201-1400,Alexandru Ioan Cuza University,Romania,Europe,L,FO,VH,A,7.5,601+,11.9,601+,5.5,701+,3.0,701+,3.5,701+,9.6,701+,40.2,701+,14.3,684,3.2,701+,,alexandru ioan cuza university,QS World University Rankings 2025,International Education Costs Dataset,Excellent
Luxembourg,Kirchberg,Sacred Heart University,Data Analytics,Master,2.0,400,81.5,1300,100,800,0.92,sacred heart university,sacred heart university,,,,,,,,,,,,,,,,,,,,,,,,,,,,,,,,Not Matched,International Education Costs Dataset,Unmatched
Indonesia,Surabaya,Institut Teknologi Sepuluh,Software Engineering,Bachelor,4.0,3800,41.5,280,150,250,15600.0,institut teknologi sepuluh,institut teknologi sepuluh,,,,,,,,,,,,,,,,,,,,,,,,,,,,,,,,Not Matched,International Education Costs Dataset,Unmatched
Iceland,Kopavogur,Bifrost University,Digital Business,Bachelor,3.0,0,81.2,950,140,900,137.5,bifrost university,bifrost university,boston university,85.71428571428572,108,93,Boston University,United States,Americas,L,FC,VH,B,61.9,111,69.1,104,38.3,413,41.3,336,34.3,468,88.9,130,86.9,216,77.2,132,65.9,236=,58.6,boston university,QS World University Rankings 2025,International Education Costs Dataset,Medium
Colombia,Bucaramanga,UIS,Data Science,PhD,4.0,3500,34.8,260,80,300,3950.0,uis,uis,,,,,,,,,,,,,,,,,,,,,,,,,,,,,,,,Not Matched,International Education Costs Dataset,Unmatched
Poland,Gdansk,Gdansk University of Technology,Cybersecurity,Master,2.0,2500,49.8,520,80,400,4.1,gdansk university of technology,gdansk university of technology,gdansk university of technology,100.0,801-850,851-900,Gdansk University of Technology,Poland,Europe,L,FO,VH,A,9.4,601+,15.2,553,29.6,527,12.7,676,5.3,701+,4.0,701+,65.8,546,3.2,701+,33.3,418=,,gdansk university of technology,QS World University Rankings 2025,International Education Costs Dataset,Excellent
Romania,Brasov,Transilvania University,Computer Engineering,Bachelor,4.0,2000,40.5,330,120,350,4.65,transilvania university,transilvania university,,,,,,,,,,,,,,,,,,,,,,,,,,,,,,,,Not Matched,International Education Costs Dataset,Unmatched
Luxembourg,Differdange,Miami University Dolibois,Information Technology,Master,2.0,400,77.8,1150,100,800,0.92,miami university dolibois,miami university dolibois,,,,,,,,,,,,,,,,,,,,,,,,,,,,,,,,Not Matched,International Education Costs Dataset,Unmatched
Indonesia,Malang,Brawijaya University,Artificial Intelligence,Master,2.0,3500,39.8,240,150,250,15600.0,brawijaya university,brawijaya university,universitas brawijaya,92.6829268292683,801-850,801-850,Universitas Brawijaya,Indonesia,Asia,XL,FC,HI,A,19.2,469,42.4,219,11.5,701+,1.4,701+,13.7,692,1.4,701+,19.6,701+,13.1,701+,9.0,690,,universitas brawijaya,QS World University Rankings 2025,International Education Costs Dataset,High
Poland,Lodz,Lodz University of Technology,Software Engineering,Master,2.0,2400,48.5,500,80,400,4.1,lodz university of technology,lodz university of technology,lodz university of technology,100.0,1001-1200,1001-1200,Lodz University of Technology,Poland,Europe,M,CO,VH,A,5.0,601+,3.4,601+,46.2,335,8.9,701+,3.3,701+,4.0,701+,50.7,701+,3.2,701+,4.0,701+,,lodz university of technology,QS World University Rankings 2025,International Education Costs Dataset,Excellent
Romania,Constanta,Ovidius University,Data Analytics,Master,2.0,1900,39.8,320,120,350,4.65,ovidius university,ovidius university,,,,,,,,,,,,,,,,,,,,,,,,,,,,,,,,Not Matched,International Education Costs Dataset,Unmatched
Luxembourg,Walferdange,European Business University,Digital Innovation,Bachelor,3.0,400,76.5,1100,100,800,0.92,european business university,european business university,,,,,,,,,,,,,,,,,,,,,,,,,,,,,,,,Not Matched,International Education Costs Dataset,Unmatched
Indonesia,Semarang,Diponegoro University,Computer Science,PhD,4.0,3200,38.5,220,150,250,15600.0,diponegoro university,diponegoro university,diponegoro university,100.0,721-730,791-800,Diponegoro University,Indonesia,Asia,XL,FC,HI,A,19.2,467,41.7,227,19.3,690,1.5,701+,27.9,508,3.0,701+,27.4,701+,14.6,673,9.7,676=,,diponegoro university,QS World University Rankings 2025,International Education Costs Dataset,Excellent
Iceland,Borgarnes,Agricultural University,Data Systems,Master,2.0,0,79.8,900,140,900,137.5,agricultural university,agricultural university,china agricultural university,88.46153846153845,484,534,China Agricultural University,China (Mainland),Asia,L,FC,VH,A,8.4,601+,2.6,601+,18.9,701+,88.8,79,3.2,701+,1.5,701+,52.2,701+,4.5,701+,5.8,701+,24.9,china agricultural university,QS World University Rankings 2025,International Education Costs Dataset,Medium
Colombia,Cartagena,Universidad de Cartagena,Information Systems,Master,2.0,3300,35.2,290,80,300,3950.0,universidad de cartagena,universidad de cartagena,universidad de cartagena,100.0,1401+,1201-1400,Universidad de Cartagena,Colombia,Americas,L,FC,MD,A,4.8,601+,2.7,601+,4.0,701+,3.2,701+,2.2,701+,1.1,701+,11.0,701+,2.1,701+,1.2,701+,,universidad de cartagena,QS World University Rankings 2025,International Education Costs Dataset,Excellent
Poland,Katowice,University of Silesia,Computer Engineering,Bachelor,3.0,2300,47.8,480,80,400,4.1,university of silesia,university of silesia,university of siena,90.0,691-700,731-740,University of Siena,Italy,Europe,M,FC,VH,A,13.6,601+,3.5,601+,9.7,701+,40.4,349,2.9,701+,10.8,701+,61.0,621,9.3,701+,27.9,462=,,university of siena,QS World University Rankings 2025,International Education Costs Dataset,High
Romania,Craiova,University of Craiova,Software Development,PhD,4.0,2200,38.9,300,120,350,4.65,university of craiova,university of craiova,university of craiova,100.0,1401+,1401+,University of Craiova,Romania,Europe,L,CO,HI,A,4.5,601+,2.2,601+,3.2,701+,2.1,701+,,,,,21.8,701+,13.4,701+,1.0,701+,,university of craiova,QS World University Rankings 2025,International Education Costs Dataset,Excellent
Luxembourg,Bertrange,Chamber of Commerce School,Business Analytics,Master,2.0,400,75.4,1050,100,800,0.92,chamber of commerce school,chamber of commerce school,,,,,,,,,,,,,,,,,,,,,,,,,,,,,,,,Not Matched,International Education Costs Dataset,Unmatched
Indonesia,Denpasar,Udayana University,Information Technology,Master,2.0,3000,37.9,200,150,250,15600.0,udayana university,udayana university,udayana university,100.0,1401+,1401+,Udayana University,Indonesia,Asia,XL,FC,MD,A,6.4,601+,4.7,601+,5.7,701+,1.4,701+,7.4,701+,3.4,701+,12.3,701+,3.7,701+,1.0,701+,,udayana university,QS World University Rankings 2025,International Education Costs Dataset,Excellent
Tunisia,Tunis,University of Tunis,Computer Science,Master,2.0,1500,35.8,250,60,200,3.15,university of tunis,university of tunis,university of turin,89.47368421052632,371,364,University of Turin,Italy,Europe,XL,FC,VH,A,41.5,205,7.2,601+,3.2,701+,33.3,398,4.1,701+,5.3,701+,87.5,204,51.7,245,83.6,132=,31.3,university of turin,QS World University Rankings 2025,International Education Costs Dataset,Medium
Cyprus,Nicosia,University of Cyprus,Data Science,Master,2.0,8000,65.4,600,100,500,0.92,university of cyprus,university of cyprus,university of cyprus ucy,90.9090909090909,389,368,University of Cyprus (UCY),Cyprus,Asia,M,CO,VH,A,10.0,601+,4.7,601+,4.5,701+,75.0,135,93.8,162,20.0,541,73.4,429,42.1,308,5.8,701+,30.1,university of cyprus ucy,QS World University Rankings 2025,International Education Costs Dataset,High
Croatia,Zagreb,University of Zagreb,Software Engineering,PhD,4.0,4000,58.9,450,80,400,7.35,university of zagreb,university of zagreb,university of zagreb,100.0,651-660,751-760,University of Zagreb,Croatia,Europe,XL,FC,VH,A,16.3,547,7.3,601+,23.8,612,4.1,701+,1.7,701+,3.3,701+,91.6,148,96.9,36,27.9,462=,,university of zagreb,QS World University Rankings 2025,International Education Costs Dataset,Excellent
Dominican Republic,Santo Domingo,INTEC,Computer Engineering,Bachelor,4.0,6000,42.5,350,100,300,56.8,intec,intec,,,,,,,,,,,,,,,,,,,,,,,,,,,,,,,,Not Matched,International Education Costs Dataset,Unmatched
Morocco,Rabat,Mohammed V University,Information Systems,Master,2.0,2000,41.2,300,70,250,10.15,mohammed v university,mohammed v university,,,,,,,,,,,,,,,,,,,,,,,,,,,,,,,,Not Matched,International Education Costs Dataset,Unmatched
Peru,Lima,PUCP,Data Analytics,Master,2.0,8500,44.8,400,120,350,3.75,pucp,pucp,,,,,,,,,,,,,,,,,,,,,,,,,,,,,,,,Not Matched,International Education Costs Dataset,Unmatched
Argentina,Buenos Aires,University of Buenos Aires,Computer Science,PhD,4.0,0,42.5,350,90,280,275.0,university of buenos aires,university of buenos aires,,,,,,,,,,,,,,,,,,,,,,,,,,,,,,,,Not Matched,International Education Costs Dataset,Unmatched
Argentina,Buenos Aires,University of Buenos Aires,Computer Science,PhD,4.0,0,42.5,350,90,280,275.0,university of buenos aires,university of buenos aires,,,,,,,,,,,,,,,,,,,,,,,,,,,,,,,,Not Matched,International Education Costs Dataset,Unmatched
Tunisia,Sfax,University of Sfax,Artificial Intelligence,Master,2.0,1400,33.2,200,60,200,3.15,university of sfax,university of sfax,university of pisa,88.88888888888889,382,349,University of Pisa,Italy,Europe,L,FC,VH,A,40.4,212,15.1,556,8.6,701+,38.8,359,5.9,701+,4.2,701+,88.3,193,15.0,665,56.7,281,30.7,university of pisa,QS World University Rankings 2025,International Education Costs Dataset,Medium
Cyprus,Limassol,Cyprus University of Technology,Software Development,Bachelor,4.0,7500,62.8,550,100,500,0.92,cyprus university of technology,cyprus university of technology,chalmers university of technology,87.5,139,129,Chalmers University of Technology,Sweden,Europe,M,FO,VH,B,26.3,338,50.4,177,50.5,306,77.4,125,100.0,56,63.1,240,77.0,378,31.7,399,87.0,113,53.7,chalmers university of technology,QS World University Rankings 2025,International Education Costs Dataset,Medium
Croatia,Split,University of Split,Data Engineering,Master,2.0,3800,56.4,400,80,400,7.35,university of split,university of split,university of split,100.0,1201-1400,1201-1400,University of Split,Croatia,Europe,L,FC,HI,A,6.3,601+,4.0,601+,5.0,701+,4.2,701+,1.4,701+,2.0,701+,47.5,701+,12.3,701+,4.5,701+,,university of split,QS World University Rankings 2025,International Education Costs Dataset,Excellent
Dominican Republic,Santiago,PUCMM,Information Technology,Master,2.0,5500,40.2,300,100,300,56.8,pucmm,pucmm,,,,,,,,,,,,,,,,,,,,,,,,,,,,,,,,Not Matched,International Education Costs Dataset,Unmatched
Morocco,Casablanca,Hassan II University,Computer Engineering,PhD,4.0,2200,43.5,350,70,250,10.15,hassan ii university,hassan ii university,,,,,,,,,,,,,,,,,,,,,,,,,,,,,,,,Not Matched,International Education Costs Dataset,Unmatched
Peru,Arequipa,Universidad San Agustin,Software Engineering,Bachelor,4.0,7000,41.2,300,120,350,3.75,universidad san agustin,universidad san agustin,,,,,,,,,,,,,,,,,,,,,,,,,,,,,,,,Not Matched,International Education Costs Dataset,Unmatched
Argentina,Cordoba,National University of Cordoba,Data Science,Master,2.0,0,39.8,280,90,280,275.0,national university of cordoba,national university of cordoba,,,,,,,,,,,,,,,,,,,,,,,,,,,,,,,,Not Matched,International Education Costs Dataset,Unmatched
Tunisia,Sousse,University of Sousse,Computer Systems,Bachelor,3.0,1300,32.5,180,60,200,3.15,university of sousse,university of sousse,university of sussex,95.0,246,218,University of Sussex,United Kingdom,Europe,L,FC,VH,A,22.6,395,10.4,601+,15.5,701+,56.8,220,99.6,95,84.9,152,84.7,252,39.9,322,97.7,26=,41,university of sussex,QS World University Rankings 2025,International Education Costs Dataset,Excellent
Cyprus,Larnaca,American University Cyprus,Artificial Intelligence,PhD,4.0,8200,61.5,500,100,500,0.92,american university cyprus,american university cyprus,,,,,,,,,,,,,,,,,,,,,,,,,,,,,,,,Not Matched,International Education Costs Dataset,Unmatched
Croatia,Rijeka,University of Rijeka,Information Systems,Master,2.0,3500,54.8,380,80,400,7.35,university of rijeka,university of rijeka,university of rijeka,100.0,1201-1400,1201-1400,University of Rijeka,Croatia,Europe,L,CO,HI,A,6.1,601+,4.3,601+,13.8,701+,4.3,701+,2.5,701+,1.8,701+,45.8,701+,12.0,701+,2.9,701+,,university of rijeka,QS World University Rankings 2025,International Education Costs Dataset,Excellent
Dominican Republic,La Romana,Universidad Central Este,Computer Science,Bachelor,4.0,5000,38.5,280,100,300,56.8,universidad central este,universidad central este,,,,,,,,,,,,,,,,,,,,,,,,,,,,,,,,Not Matched,International Education Costs Dataset,Unmatched
Morocco,Fez,University of Al Quaraouiyine,Data Analytics,Master,2.0,1800,39.8,250,70,250,10.15,university of al quaraouiyine,university of al quaraouiyine,,,,,,,,,,,,,,,,,,,,,,,,,,,,,,,,Not Matched,International Education Costs Dataset,Unmatched
Peru,Trujillo,Universidad Nacional de Trujillo,Software Development,PhD,4.0,7500,40.5,280,120,350,3.75,universidad nacional de trujillo,universidad nacional de trujillo,universidad nacional de quilmes,85.71428571428572,1401+,1401+,Universidad Nacional de Quilmes,Argentina,Americas,L,FO,HI,A,6.7,601+,1.7,601+,3.3,701+,1.7,701+,2.8,701+,1.8,701+,11.9,701+,2.9,701+,1.0,701+,,universidad nacional de quilmes,QS World University Rankings 2025,International Education Costs Dataset,Medium
Argentina,Rosario,National University of Rosario,Computer Engineering,Master,2.0,0,38.5,260,90,280,275.0,national university of rosario,national university of rosario,,,,,,,,,,,,,,,,,,,,,,,,,,,,,,,,Not Matched,International Education Costs Dataset,Unmatched
Tunisia,Monastir,University of Monastir,Data Science,PhD,4.0,1600,31.8,170,60,200,3.15,university of monastir,university of monastir,university of mons,90.0,781-790,691-700,University of Mons,Belgium,Europe,M,CO,VH,A,7.1,601+,7.0,601+,3.4,701+,37.3,369,35.0,458,33.7,400,43.7,701+,6.1,701+,1.6,701+,,university of mons,QS World University Rankings 2025,International Education Costs Dataset,High
Cyprus,Famagusta,Eastern Mediterranean University,Software Engineering,Master,2.0,7800,59.8,480,100,500,0.92,eastern mediterranean university,eastern mediterranean university,eastern mediterranean university,100.0,611-620,,Eastern Mediterranean University,Northern Cyprus,Not Classified,L,FC,MD,A,5.6,601+,2.1,601+,3.5,701+,26.5,480,90.1,190,100.0,9,55.2,693,24.1,469,1.8,701+,,eastern mediterranean university,QS World University Rankings 2025,International Education Costs Dataset,Excellent
Croatia,Osijek,University of Osijek,Computer Science,Bachelor,3.0,3200,52.5,350,80,400,7.35,university of osijek,university of osijek,university of rijeka,90.0,1201-1400,1201-1400,University of Rijeka,Croatia,Europe,L,CO,HI,A,6.1,601+,4.3,601+,13.8,701+,4.3,701+,2.5,701+,1.8,701+,45.8,701+,12.0,701+,2.9,701+,,university of rijeka,QS World University Rankings 2025,International Education Costs Dataset,High
Dominican Republic,San Pedro,UCNE,Information Systems,Master,2.0,4800,37.2,260,100,300,56.8,ucne,ucne,,,,,,,,,,,,,,,,,,,,,,,,,,,,,,,,Not Matched,International Education Costs Dataset,Unmatched
Morocco,Marrakech,Cadi Ayyad University,Artificial Intelligence,PhD,4.0,2100,40.5,280,70,250,10.15,cadi ayyad university,cadi ayyad university,,,,,,,,,,,,,,,,,,,,,,,,,,,,,,,,Not Matched,International Education Costs Dataset,Unmatched
Peru,Cusco,Universidad San Antonio Abad,Data Analytics,Master,2.0,6800,39.8,260,120,350,3.75,universidad san antonio abad,universidad san antonio abad,,,,,,,,,,,,,,,,,,,,,,,,,,,,,,,,Not Matched,International Education Costs Dataset,Unmatched
Argentina,La Plata,National University of La Plata,Software Development,Bachelor,4.0,0,37.5,240,90,280,275.0,national university of la plata,national university of la plata,,,,,,,,,,,,,,,,,,,,,,,,,,,,,,,,Not Matched,International Education Costs Dataset,Unmatched
Tunisia,Gabes,University of Gabes,Computer Engineering,Master,2.0,1400,30.5,160,60,200,3.15,university of gabes,university of gabes,university of gdansk,87.17948717948718,851-900,951-1000,UNIVERSITY OF GDANSK,Poland,Europe,L,CO,VH,A,12.0,601+,6.2,601+,34.9,454,3.9,701+,4.8,701+,2.4,701+,70.6,476,14.1,687,25.7,483=,,university of gdansk,QS World University Rankings 2025,International Education Costs Dataset,Medium
Croatia,Zadar,University of Zadar,Information Technology,PhD,4.0,3600,53.2,370,80,400,7.35,university of zadar,university of zadar,university of zagreb,87.17948717948718,651-660,751-760,University of Zagreb,Croatia,Europe,XL,FC,VH,A,16.3,547,7.3,601+,23.8,612,4.1,701+,1.7,701+,3.3,701+,91.6,148,96.9,36,27.9,462=,,university of zagreb,QS World University Rankings 2025,International Education Costs Dataset,Medium
Cyprus,Paphos,Neapolis University,Data Science,Bachelor,3.0,7400,58.5,450,100,500,0.92,neapolis university,neapolis university,,,,,,,,,,,,,,,,,,,,,,,,,,,,,,,,Not Matched,International Education Costs Dataset,Unmatched
Dominican Republic,Puerto Plata,UTESA,Computer Science,PhD,4.0,4500,36.8,250,100,300,56.8,utesa,utesa,,,,,,,,,,,,,,,,,,,,,,,,,,,,,,,,Not Matched,International Education Costs Dataset,Unmatched
Morocco,Tangier,Abdelmalek Essaadi University,Software Engineering,Master,2.0,1900,38.9,260,70,250,10.15,abdelmalek essaadi university,abdelmalek essaadi university,,,,,,,,,,,,,,,,,,,,,,,,,,,,,,,,Not Matched,International Education Costs Dataset,Unmatched
Peru,Piura,Universidad de Piura,Information Systems,Master,2.0,7200,38.5,250,120,350,3.75,universidad de piura,universidad de piura,universidad de piura,100.0,1201-1400,1201-1400,Universidad de Piura,Peru,Americas,M,FO,HI,B,7.5,601+,10.7,601+,5.0,701+,1.2,701+,5.7,701+,1.1,701+,3.3,701+,12.5,701+,1.0,701+,,universidad de piura,QS World University Rankings 2025,International Education Costs Dataset,Excellent
Argentina,Mendoza,National University of Cuyo,Data Analytics,PhD,4.0,0,36.8,230,90,280,275.0,national university of cuyo,national university of cuyo,,,,,,,,,,,,,,,,,,,,,,,,,,,,,,,,Not Matched,International Education Costs Dataset,Unmatched
Tunisia,Bizerte,University of Carthage,Artificial Intelligence,Bachelor,3.0,1200,29.8,150,60,200,3.15,university of carthage,university of carthage,university of crete,87.8048780487805,601-610,534,University of Crete,Greece,Europe,L,FC,HI,A,13.9,601+,12.7,601+,2.4,701+,58.7,208,2.3,701+,3.5,701+,57.0,663,3.6,701+,1.8,701+,,university of crete,QS World University Rankings 2025,International Education Costs Dataset,Medium
Cyprus,Girne,Girne American University,Computer Engineering,Master,2.0,7600,57.8,430,100,500,0.92,girne american university,girne american university,american university,86.36363636363636,711-720,791-800,American University,United States,Americas,M,CO,VH,B,16.2,550,29.3,321,32.9,479,4.3,701+,8.0,701+,19.4,554,30.6,701+,40.5,315,4.8,701+,,american university,QS World University Rankings 2025,International Education Costs Dataset,Medium
Croatia,Dubrovnik,University of Dubrovnik,Software Development,Master,2.0,3400,54.5,390,80,400,7.35,university of dubrovnik,university of dubrovnik,university of dubai,85.71428571428572,851-900,801-850,University of Dubai,United Arab Emirates,Asia,S,SP,LO,B,5.2,601+,4.2,601+,10.6,701+,11.0,701+,100.0,1=,72.0,204,8.2,701+,10.2,701+,1.0,701+,,university of dubai,QS World University Rankings 2025,International Education Costs Dataset,Medium
Morocco,Oujda,Mohammed I University,Computer Science,Bachelor,4.0,1700,37.5,240,70,250,10.15,mohammed i university,mohammed i university,,,,,,,,,,,,,,,,,,,,,,,,,,,,,,,,Not Matched,International Education Costs Dataset,Unmatched
Peru,Chiclayo,Universidad San Martin,Data Engineering,PhD,4.0,6500,37.8,240,120,350,3.75,universidad san martin,universidad san martin,,,,,,,,,,,,,,,,,,,,,,,,,,,,,,,,Not Matched,International Education Costs Dataset,Unmatched
Ecuador,Quito,Universidad San Francisco,Computer Science,Master,2.0,8500,45.8,400,100,300,1.0,universidad san francisco,universidad san francisco,,,,,,,,,,,,,,,,,,,,,,,,,,,,,,,,Not Matched,International Education Costs Dataset,Unmatched
Lebanon,Beirut,American University of Beirut,Data Science,Master,2.0,20000,58.9,600,150,500,15000.0,american university of beirut,american university of beirut,american university of beirut aub,93.5483870967742,250,226,American University of Beirut (AUB),Lebanon,Asia,M,FC,VH,B,28.6,307,29.5,315,48.5,322,28.9,449,63.2,310,37.0,379,73.1,438,97.0,35,80.5,152=,40.6,american university of beirut aub,QS World University Rankings 2025,International Education Costs Dataset,High
Bahrain,Manama,University of Bahrain,Software Engineering,Bachelor,4.0,7000,65.4,700,130,600,0.38,university of bahrain,university of bahrain,university of bahrain,100.0,951-1000,951-1000,University of Bahrain,Bahrain,Asia,L,CO,HI,A,9.7,601+,5.1,601+,7.0,701+,2.2,701+,87.0,213,8.9,701+,36.2,701+,36.3,350,1.1,701+,,university of bahrain,QS World University Rankings 2025,International Education Costs Dataset,Excellent
Uruguay,Montevideo,Universidad de la Republica,Computer Engineering,PhD,4.0,0,52.4,450,90,350,39.5,universidad de la republica,universidad de la republica,,,,,,,,,,,,,,,,,,,,,,,,,,,,,,,,Not Matched,International Education Costs Dataset,Unmatched
Bulgaria,Sofia,Sofia University,Information Systems,Master,2.0,3500,48.5,400,110,300,1.85,sofia university,sofia university,sophia university,90.9090909090909,951-1000,901-950,Sophia University,Japan,Asia,L,CO,HI,B,12.7,601+,19.9,454,21.9,640,1.8,701+,34.5,466,10.8,701+,8.6,701+,11.7,701+,5.2,701+,,sophia university,QS World University Rankings 2025,International Education Costs Dataset,High
Ghana,Accra,University of Ghana,Data Analytics,Master,2.0,4500,42.1,300,120,250,12.0,university of ghana,university of ghana,university of ghana,100.0,851-900,951-1000,University of Ghana,Ghana,Africa,XL,FC,HI,A,11.5,601+,7.6,601+,1.9,701+,5.3,701+,4.5,701+,1.7,701+,72.8,443,95.4,51,7.6,701+,,university of ghana,QS World University Rankings 2025,International Education Costs Dataset,Excellent
Algeria,Algiers,University of Science and Technology,Computer Science,Bachelor,3.0,1200,38.5,250,80,200,137.5,university of science and technology,university of science and technology,agh university of science and technology,94.73684210526316,851-900,901-950,AGH University of Science and Technology,Poland,Europe,L,CO,VH,A,9.6,601+,13.9,587,41.5,376,6.5,701+,2.9,701+,5.3,701+,75.6,395,3.2,701+,1.7,701+,,agh university of science and technology,QS World University Rankings 2025,International Education Costs Dataset,High
Panama,Panama City,Universidad Tecnologica,Artificial Intelligence,Master,2.0,7500,51.2,600,100,400,1.0,universidad tecnologica,universidad tecnologica,,,,,,,,,,,,,,,,,,,,,,,,,,,,,,,,Not Matched,International Education Costs Dataset,Unmatched
Ecuador,Guayaquil,ESPOL,Software Development,PhD,4.0,7800,43.2,350,100,300,1.0,espol,espol,,,,,,,,,,,,,,,,,,,,,,,,,,,,,,,,Not Matched,International Education Costs Dataset,Unmatched
Lebanon,Byblos,Lebanese American University,Data Engineering,Master,2.0,18000,55.4,500,150,500,15000.0,lebanese american university,lebanese american university,lebanese american university,100.0,701-710,661-670,Lebanese American University,Lebanon,Asia,M,FC,HI,B,13.5,601+,20.3,448,29.1,532,3.7,701+,73.3,273,19.6,551,36.5,701+,19.9,565,19.5,544,,lebanese american university,QS World University Rankings 2025,International Education Costs Dataset,Excellent
Bahrain,Riffa,Royal University for Women,Information Technology,Master,2.0,8000,63.2,650,130,600,0.38,royal university for women,royal university for women,,,,,,,,,,,,,,,,,,,,,,,,,,,,,,,,Not Matched,International Education Costs Dataset,Unmatched
Uruguay,Salto,Universidad ORT Uruguay,Computer Science,Master,2.0,6500,48.5,380,90,350,39.5,universidad ort uruguay,universidad ort uruguay,universidad ort uruguay,100.0,851-900,771-780,Universidad ORT Uruguay,Uruguay,Americas,S,FO,HI,B,11.2,601+,12.4,601+,79.0,145,1.1,701+,15.8,655,1.9,701+,3.4,701+,5.7,701+,1.0,701+,,universidad ort uruguay,QS World University Rankings 2025,International Education Costs Dataset,Excellent
Bulgaria,Plovdiv,Plovdiv University,Data Science,Bachelor,3.0,3200,45.8,350,110,300,1.85,plovdiv university,plovdiv university,,,,,,,,,,,,,,,,,,,,,,,,,,,,,,,,Not Matched,International Education Costs Dataset,Unmatched
Ghana,Kumasi,Kwame Nkrumah University,Software Engineering,PhD,4.0,4200,39.8,250,120,250,12.0,kwame nkrumah university,kwame nkrumah university,,,,,,,,,,,,,,,,,,,,,,,,,,,,,,,,Not Matched,International Education Costs Dataset,Unmatched
Algeria,Oran,University of Oran,Computer Engineering,Master,2.0,1100,36.4,220,80,200,137.5,university of oran,university of oran,university of tehran,89.47368421052632,368,360,University of Tehran,"Iran, Islamic Republic of",Asia,XL,CO,VH,A,20.6,429,26.8,357,3.0,701+,79.1,115,2.0,701+,2.0,701+,86.2,231,23.1,494,4.7,701+,31.4,university of tehran,QS World University Rankings 2025,International Education Costs Dataset,Medium
Panama,David,ISAE University,Data Analytics,Bachelor,4.0,6800,47.5,450,100,400,1.0,isae university,isae university,ie university,92.85714285714286,435,428,IE University,Spain,Europe,M,FO,HI,C,8.1,601+,49.3,182,46.5,328,2.2,701+,95.2,145,100.0,4,3.5,701+,65.6,176,4.6,701+,27.4,ie university,QS World University Rankings 2025,International Education Costs Dataset,High
Ecuador,Cuenca,Universidad de Cuenca,Information Systems,Master,2.0,7200,42.5,320,100,300,1.0,universidad de cuenca,universidad de cuenca,universidad de cuenca,100.0,1401+,1401+,Universidad de Cuenca,Ecuador,Americas,L,FC,MD,A,7.2,601+,2.2,601+,4.9,701+,2.0,701+,2.2,701+,1.4,701+,24.4,701+,7.8,701+,2.7,701+,,universidad de cuenca,QS World University Rankings 2025,International Education Costs Dataset,Excellent
Lebanon,Tripoli,Lebanese University,Computer Science,PhD,4.0,2000,52.1,400,150,500,15000.0,lebanese university,lebanese university,lebanese university,100.0,567,577,Lebanese University,Lebanon,Asia,XL,FC,HI,A,29.0,304,34.4,274,10.1,701+,2.2,701+,43.8,402,29.5,435,43.7,701+,29.9,418,5.8,701+,21.9,lebanese university,QS World University Rankings 2025,International Education Costs Dataset,Excellent
Bahrain,Isa Town,Bahrain Polytechnic,Software Development,Bachelor,4.0,6500,61.8,600,130,600,0.38,bahrain polytechnic,bahrain polytechnic,,,,,,,,,,,,,,,,,,,,,,,,,,,,,,,,Not Matched,International Education Costs Dataset,Unmatched
Uruguay,Maldonado,Universidad Catolica,Data Science,Master,2.0,7000,49.2,400,90,350,39.5,universidad catolica,universidad catolica,,,,,,,,,,,,,,,,,,,,,,,,,,,,,,,,Not Matched,International Education Costs Dataset,Unmatched
Uruguay,Maldonado,Universidad Catolica,Data Science,Master,2.0,7000,49.2,400,90,350,39.5,universidad catolica,universidad catolica,,,,,,,,,,,,,,,,,,,,,,,,,,,,,,,,Not Matched,International Education Costs Dataset,Unmatched
Bulgaria,Varna,Technical University Varna,Computer Engineering,Master,2.0,3100,44.2,330,110,300,1.85,technical university varna,technical university varna,,,,,,,,,,,,,,,,,,,,,,,,,,,,,,,,Not Matched,International Education Costs Dataset,Unmatched
Ghana,Cape Coast,University of Cape Coast,Information Technology,Master,2.0,4000,38.5,230,120,250,12.0,university of cape coast,university of cape coast,,,,,,,,,,,,,,,,,,,,,,,,,,,,,,,,Not Matched,International Education Costs Dataset,Unmatched
Algeria,Constantine,University of Constantine,Data Analytics,PhD,4.0,1300,35.8,200,80,200,137.5,university of constantine,university of constantine,,,,,,,,,,,,,,,,,,,,,,,,,,,,,,,,Not Matched,International Education Costs Dataset,Unmatched
Panama,Santiago,Universidad Latina,Computer Science,Master,2.0,6500,45.8,400,100,400,1.0,universidad latina,universidad latina,,,,,,,,,,,,,,,,,,,,,,,,,,,,,,,,Not Matched,International Education Costs Dataset,Unmatched
Ecuador,Loja,UTPL,Artificial Intelligence,Bachelor,3.0,6800,41.2,300,100,300,1.0,utpl,utpl,,,,,,,,,,,,,,,,,,,,,,,,,,,,,,,,Not Matched,International Education Costs Dataset,Unmatched
Lebanon,Jounieh,Holy Spirit University,Software Engineering,Master,2.0,16000,54.5,450,150,500,15000.0,holy spirit university,holy spirit university,,,,,,,,,,,,,,,,,,,,,,,,,,,,,,,,Not Matched,International Education Costs Dataset,Unmatched
Bahrain,Sakhir,Arabian Gulf University,Data Science,PhD,4.0,9000,62.4,620,130,600,0.38,arabian gulf university,arabian gulf university,,,,,,,,,,,,,,,,,,,,,,,,,,,,,,,,Not Matched,International Education Costs Dataset,Unmatched
Uruguay,Rivera,UTEC,Information Systems,Bachelor,4.0,0,47.8,350,90,350,39.5,utec,utec,,,,,,,,,,,,,,,,,,,,,,,,,,,,,,,,Not Matched,International Education Costs Dataset,Unmatched
Bulgaria,Burgas,Burgas Free University,Computer Science,Master,2.0,2900,43.5,320,110,300,1.85,burgas free university,burgas free university,,,,,,,,,,,,,,,,,,,,,,,,,,,,,,,,Not Matched,International Education Costs Dataset,Unmatched
Ghana,Tamale,University for Development,Software Development,PhD,4.0,3800,36.8,200,120,250,12.0,university for development,university for development,,,,,,,,,,,,,,,,,,,,,,,,,,,,,,,,Not Matched,International Education Costs Dataset,Unmatched
Algeria,Annaba,Badji Mokhtar University,Computer Engineering,Master,2.0,1000,34.5,180,80,200,137.5,badji mokhtar university,badji mokhtar university,,,,,,,,,,,,,,,,,,,,,,,,,,,,,,,,Not Matched,International Education Costs Dataset,Unmatched
Panama,Chitré,Quality Leadership University,Data Analytics,Bachelor,3.0,6200,44.2,380,100,400,1.0,quality leadership university,quality leadership university,,,,,,,,,,,,,,,,,,,,,,,,,,,,,,,,Not Matched,International Education Costs Dataset,Unmatched
Ecuador,Ambato,Universidad Tecnica,Information Technology,PhD,4.0,6500,40.5,280,100,300,1.0,universidad tecnica,universidad tecnica,,,,,,,,,,,,,,,,,,,,,,,,,,,,,,,,Not Matched,International Education Costs Dataset,Unmatched
Lebanon,Sidon,Lebanese International,Computer Science,Bachelor,4.0,15000,51.8,420,150,500,15000.0,lebanese international,lebanese international,,,,,,,,,,,,,,,,,,,,,,,,,,,,,,,,Not Matched,International Education Costs Dataset,Unmatched
Bahrain,Muharraq,Applied Science University,Data Engineering,Master,2.0,7500,61.5,580,130,600,0.38,applied science university,applied science university,applied science university bahrain,86.66666666666667,539,582,Applied Science University - Bahrain,Bahrain,Asia,S,FO,VH,B,23.5,377,25.0,380,39.3,398,2.0,701+,100.0,17,46.8,313,13.3,701+,11.3,701+,1.7,701+,22.8,applied science university bahrain,QS World University Rankings 2025,International Education Costs Dataset,Medium
Uruguay,Paysandu,Universidad de Paysandu,Software Engineering,Master,2.0,0,46.5,330,90,350,39.5,universidad de paysandu,universidad de paysandu,,,,,,,,,,,,,,,,,,,,,,,,,,,,,,,,Not Matched,International Education Costs Dataset,Unmatched
Bulgaria,Ruse,University of Ruse,Artificial Intelligence,PhD,4.0,3300,42.8,300,110,300,1.85,university of ruse,university of ruse,university of sussex,89.47368421052632,246,218,University of Sussex,United Kingdom,Europe,L,FC,VH,A,22.6,395,10.4,601+,15.5,701+,56.8,220,99.6,95,84.9,152,84.7,252,39.9,322,97.7,26=,41,university of sussex,QS World University Rankings 2025,International Education Costs Dataset,Medium
Ghana,Ho,University of Health Sciences,Data Science,Master,2.0,3500,35.4,180,120,250,12.0,university of health sciences,university of health sciences,,,,,,,,,,,,,,,,,,,,,,,,,,,,,,,,Not Matched,International Education Costs Dataset,Unmatched
Algeria,Tlemcen,University of Tlemcen,Information Systems,Bachelor,3.0,900,33.2,160,80,200,137.5,university of tlemcen,university of tlemcen,university of tyumen,87.8048780487805,1201-1400,1001-1200,University of Tyumen,Russia,Europe,M,FO,VH,A,3.6,601+,2.1,601+,37.1,432,1.6,701+,4.5,701+,13.8,645,27.0,701+,4.5,701+,1.3,701+,,university of tyumen,QS World University Rankings 2025,International Education Costs Dataset,Medium
Panama,La Chorrera,Universidad Metropolitana,Computer Science,Master,2.0,6000,43.5,350,100,400,1.0,universidad metropolitana,universidad metropolitana,universidad metropolitana,100.0,1201-1400,1001-1200,Universidad Metropolitana,Venezuela,Americas,M,CO,LO,B,7.6,601+,15.1,555,4.4,701+,1.1,701+,4.4,701+,1.6,701+,1.1,701+,25.9,456,,,,universidad metropolitana,QS World University Rankings 2025,International Education Costs Dataset,Excellent
Bangladesh,Dhaka,Bangladesh University of Engineering,Computer Science,Master,2.0,2500,42.5,250,100,200,109.5,bangladesh university of engineering,bangladesh university of engineering,,,,,,,,,,,,,,,,,,,,,,,,,,,,,,,,Not Matched,International Education Costs Dataset,Unmatched
Kuwait,Kuwait City,Kuwait University,Data Science,Master,2.0,3500,71.2,800,140,700,0.31,kuwait university,kuwait university,kuwait university,100.0,801-850,851-900,Kuwait University,Kuwait,Asia,L,FC,HI,A,14.7,593,7.9,601+,6.8,701+,2.9,701+,20.4,591,19.4,558,39.3,701+,93.8,58,17.1,562,,kuwait university,QS World University Rankings 2025,International Education Costs Dataset,Excellent
Ukraine,Kyiv,Igor Sikorsky Kyiv Polytechnic,Software Engineering,Bachelor,4.0,3800,45.8,400,120,300,36.8,igor sikorsky kyiv polytechnic,igor sikorsky kyiv polytechnic,,,,,,,,,,,,,,,,,,,,,,,,,,,,,,,,Not Matched,International Education Costs Dataset,Unmatched
Slovenia,Ljubljana,University of Ljubljana,Computer Engineering,PhD,4.0,4500,62.4,500,80,450,0.92,university of ljubljana,university of ljubljana,university of ljubljana,100.0,596,621-630,University of Ljubljana,Slovenia,Europe,XL,FC,VH,A,19.9,451,9.2,601+,33.3,474,5.9,701+,4.2,701+,9.7,701+,84.8,249,97.6,32,4.9,701+,20.8,university of ljubljana,QS World University Rankings 2025,International Education Costs Dataset,Excellent
Serbia,Belgrade,University of Belgrade,Information Systems,Master,2.0,2800,48.5,350,90,320,108.5,university of belgrade,university of belgrade,university of belgrade,100.0,731-740,721-730,University of Belgrade,Serbia,Europe,XL,FC,VH,A,17.6,514,8.4,601+,4.6,701+,5.3,701+,2.8,701+,4.0,701+,95.2,73,96.4,40,3.7,701+,,university of belgrade,QS World University Rankings 2025,International Education Costs Dataset,Excellent
Iran,Tehran,Sharif University of Technology,Data Analytics,Master,2.0,3000,51.2,400,150,280,42150.0,sharif university of technology,sharif university of technology,sharif university of technology,100.0,342,334,Sharif University of Technology,"Iran, Islamic Republic of",Asia,M,FO,VH,A,11.5,601+,33.6,278,5.1,701+,99.9,13,2.9,701+,1.2,701+,61.4,610,28.2,436,1.3,701+,33,sharif university of technology,QS World University Rankings 2025,International Education Costs Dataset,Excellent
Uzbekistan,Tashkent,INHA University Tashkent,Computer Science,Bachelor,4.0,4200,44.5,300,160,250,12300.0,inha university tashkent,inha university tashkent,,,,,,,,,,,,,,,,,,,,,,,,,,,,,,,,Not Matched,International Education Costs Dataset,Unmatched
El Salvador,San Salvador,Universidad Don Bosco,Software Development,Master,2.0,5500,46.8,400,110,300,1.0,universidad don bosco,universidad don bosco,,,,,,,,,,,,,,,,,,,,,,,,,,,,,,,,Not Matched,International Education Costs Dataset,Unmatched
Bangladesh,Chittagong,CUET,Artificial Intelligence,PhD,4.0,2200,39.8,200,100,200,109.5,cuet,cuet,,,,,,,,,,,,,,,,,,,,,,,,,,,,,,,,Not Matched,International Education Costs Dataset,Unmatched
Kuwait,Hawalli,American University Kuwait,Data Engineering,Master,2.0,15000,68.5,750,140,700,0.31,american university kuwait,american university kuwait,american university in dubai,85.18518518518519,621-630,601-610,American University in Dubai,United Arab Emirates,Asia,S,FO,HI,C,10.3,601+,16.9,506,25.2,590,1.9,701+,100.0,81,100.0,2,4.5,701+,41.3,310,1.0,701+,,american university in dubai,QS World University Rankings 2025,International Education Costs Dataset,Medium
Ukraine,Lviv,Lviv Polytechnic,Computer Science,Master,2.0,3500,43.2,350,120,300,36.8,lviv polytechnic,lviv polytechnic,,,,,,,,,,,,,,,,,,,,,,,,,,,,,,,,Not Matched,International Education Costs Dataset,Unmatched
Slovenia,Maribor,University of Maribor,Data Science,Master,2.0,4200,58.5,450,80,450,0.92,university of maribor,university of maribor,university of maribor,100.0,901-950,851-900,University of Maribor,Slovenia,Europe,L,FC,HI,A,8.0,601+,6.6,601+,29.2,530,6.8,701+,1.8,701+,13.0,658,61.0,622,33.4,380,9.1,686=,,university of maribor,QS World University Rankings 2025,International Education Costs Dataset,Excellent
Serbia,Novi Sad,University of Novi Sad,Software Engineering,PhD,4.0,2600,45.8,320,90,320,108.5,university of novi sad,university of novi sad,university of novi sad,100.0,1001-1200,1001-1200,University of Novi Sad,Serbia,Europe,XL,FC,HI,A,8.4,601+,5.9,601+,8.8,701+,3.6,701+,,,,,79.4,334,21.3,538,1.2,701+,,university of novi sad,QS World University Rankings 2025,International Education Costs Dataset,Excellent
Iran,Isfahan,Isfahan University of Technology,Information Systems,Bachelor,3.0,2800,48.5,350,150,280,42150.0,isfahan university of technology,isfahan university of technology,isfahan university of technology,100.0,489,,Isfahan University of Technology,"Iran, Islamic Republic of",Asia,M,FO,VH,,4.9,601+,15.7,541,5.1,701+,92.2,68,2.3,701+,1.4,701+,43.5,701+,5.6,701+,1.1,701+,24.5,isfahan university of technology,QS World University Rankings 2025,International Education Costs Dataset,Excellent
Uzbekistan,Samarkand,Samarkand State University,Data Analytics,Master,2.0,3800,41.2,250,160,250,12300.0,samarkand state university,samarkand state university,,,,,,,,,,,,,,,,,,,,,,,,,,,,,,,,Not Matched,International Education Costs Dataset,Unmatched
El Salvador,Santa Ana,Universidad Catolica,Computer Engineering,Bachelor,4.0,5000,44.5,350,110,300,1.0,universidad catolica,universidad catolica,,,,,,,,,,,,,,,,,,,,,,,,,,,,,,,,Not Matched,International Education Costs Dataset,Unmatched
El Salvador,Santa Ana,Universidad Catolica,Computer Engineering,Bachelor,4.0,5000,44.5,350,110,300,1.0,universidad catolica,universidad catolica,,,,,,,,,,,,,,,,,,,,,,,,,,,,,,,,Not Matched,International Education Costs Dataset,Unmatched
Bangladesh,Khulna,Khulna University,Software Development,Master,2.0,2100,38.5,180,100,200,109.5,khulna university,khulna university,khulna university,100.0,1201-1400,1401+,Khulna University,Bangladesh,Asia,M,SP,HI,,6.9,601+,5.0,601+,10.5,701+,5.3,701+,,,,,17.8,701+,3.8,701+,1.0,701+,,khulna university,QS World University Rankings 2025,International Education Costs Dataset,Excellent
Kuwait,Al Jahra,Gulf University for Science,Artificial Intelligence,PhD,4.0,14000,66.8,700,140,700,0.31,gulf university for science,gulf university for science,,,,,,,,,,,,,,,,,,,,,,,,,,,,,,,,Not Matched,International Education Costs Dataset,Unmatched
Ukraine,Kharkiv,Kharkiv Polytechnic,Data Science,Master,2.0,3400,42.5,330,120,300,36.8,kharkiv polytechnic,kharkiv polytechnic,,,,,,,,,,,,,,,,,,,,,,,,,,,,,,,,Not Matched,International Education Costs Dataset,Unmatched
Slovenia,Koper,University of Primorska,Information Technology,Bachelor,3.0,4000,57.2,420,80,450,0.92,university of primorska,university of primorska,university of primorska,100.0,1201-1400,1001-1200,University of Primorska,Slovenia,Europe,M,CO,HI,A,3.7,601+,2.5,601+,8.9,701+,4.1,701+,25.0,534,26.4,459,46.3,701+,4.2,701+,1.0,701+,,university of primorska,QS World University Rankings 2025,International Education Costs Dataset,Excellent
Serbia,Nis,University of Nis,Computer Engineering,Master,2.0,2500,44.2,300,90,320,108.5,university of nis,university of nis,university of ni,96.96969696969697,1201-1400,1201-1400,University of Ni,Serbia,Europe,L,FC,HI,A,5.0,601+,5.5,601+,12.5,701+,2.4,701+,,,5.7,701+,49.0,701+,4.0,701+,1.0,701+,,university of ni,QS World University Rankings 2025,International Education Costs Dataset,Excellent
Iran,Mashhad,Ferdowsi University,Data Analytics,PhD,4.0,2900,47.8,320,150,280,42150.0,ferdowsi university,ferdowsi university,,,,,,,,,,,,,,,,,,,,,,,,,,,,,,,,Not Matched,International Education Costs Dataset,Unmatched
Uzbekistan,Bukhara,Bukhara State University,Computer Science,Bachelor,4.0,3500,39.8,220,160,250,12300.0,bukhara state university,bukhara state university,kansas state university,85.1063829787234,851-900,851-900,Kansas State University,United States,Americas,L,CO,VH,A,8.2,601+,6.7,601+,10.3,701+,22.1,531,10.1,701+,4.6,701+,74.9,411,13.5,701+,10.2,660,,kansas state university,QS World University Rankings 2025,International Education Costs Dataset,Medium
El Salvador,San Miguel,Universidad de Oriente,Information Systems,Master,2.0,4800,43.2,320,110,300,1.0,universidad de oriente,universidad de oriente,universidad del norte,88.37209302325581,1001-1200,1001-1200,Universidad del Norte,Colombia,Americas,M,FC,HI,B,9.6,601+,11.9,601+,10.8,701+,2.9,701+,7.7,701+,1.4,701+,29.6,701+,7.6,701+,21.3,521=,,universidad del norte,QS World University Rankings 2025,International Education Costs Dataset,Medium
Bangladesh,Rajshahi,RUET,Software Engineering,Master,2.0,2000,37.2,170,100,200,109.5,ruet,ruet,,,,,,,,,,,,,,,,,,,,,,,,,,,,,,,,Not Matched,International Education Costs Dataset,Unmatched
Kuwait,Salmiya,Australian College Kuwait,Data Science,Bachelor,3.0,13500,65.4,680,140,700,0.31,australian college kuwait,australian college kuwait,,,,,,,,,,,,,,,,,,,,,,,,,,,,,,,,Not Matched,International Education Costs Dataset,Unmatched
Ukraine,Odesa,Odesa Polytechnic,Artificial Intelligence,PhD,4.0,3600,41.8,320,120,300,36.8,odesa polytechnic,odesa polytechnic,,,,,,,,,,,,,,,,,,,,,,,,,,,,,,,,Not Matched,International Education Costs Dataset,Unmatched
Slovenia,Nova Gorica,University of Nova Gorica,Computer Science,Master,2.0,4100,56.5,400,80,450,0.92,university of nova gorica,university of nova gorica,,,,,,,,,,,,,,,,,,,,,,,,,,,,,,,,Not Matched,International Education Costs Dataset,Unmatched
Serbia,Kragujevac,University of Kragujevac,Data Engineering,Bachelor,4.0,2400,43.5,280,90,320,108.5,university of kragujevac,university of kragujevac,university of kragujevac,100.0,1201-1400,1401+,University of Kragujevac,Serbia,Europe,L,FO,VH,A,3.9,601+,3.0,601+,8.5,701+,3.7,701+,1.0,701+,1.1,701+,44.1,701+,9.3,701+,1.0,701+,,university of kragujevac,QS World University Rankings 2025,International Education Costs Dataset,Excellent
Iran,Shiraz,Shiraz University,Software Development,Master,2.0,2700,46.8,300,150,280,42150.0,shiraz university,shiraz university,shiraz university,100.0,691-700,681-690,Shiraz University,"Iran, Islamic Republic of",Asia,L,CO,VH,A,6.9,601+,5.4,601+,4.6,701+,60.7,198,1.2,701+,2.2,701+,54.3,701+,14.1,688,7.9,701+,,shiraz university,QS World University Rankings 2025,International Education Costs Dataset,Excellent
Uzbekistan,Namangan,Namangan Institute,Information Technology,Master,2.0,3400,38.5,200,160,250,12300.0,namangan institute,namangan institute,,,,,,,,,,,,,,,,,,,,,,,,,,,,,,,,Not Matched,International Education Costs Dataset,Unmatched
El Salvador,Sonsonate,Universidad de Sonsonate,Data Science,Bachelor,3.0,4500,42.8,300,110,300,1.0,universidad de sonsonate,universidad de sonsonate,universidad de sonora,88.88888888888889,1401+,1401+,Universidad de Sonora,Mexico,Americas,XL,CO,HI,A,3.6,601+,1.6,601+,4.4,701+,1.8,701+,3.4,701+,1.5,701+,9.2,701+,2.1,701+,1.0,701+,,universidad de sonora,QS World University Rankings 2025,International Education Costs Dataset,Medium
Bangladesh,Sylhet,SUST,Computer Engineering,PhD,4.0,2300,36.8,160,100,200,109.5,sust,sust,,,,,,,,,,,,,,,,,,,,,,,,,,,,,,,,Not Matched,International Education Costs Dataset,Unmatched
Kuwait,Al Ahmadi,ACK,Software Engineering,Master,2.0,13000,64.5,650,140,700,0.31,ack,ack,,,,,,,,,,,,,,,,,,,,,,,,,,,,,,,,Not Matched,International Education Costs Dataset,Unmatched
Ukraine,Dnipro,Dnipro Polytechnic,Data Analytics,Master,2.0,3300,40.5,300,120,300,36.8,dnipro polytechnic,dnipro polytechnic,,,,,,,,,,,,,,,,,,,,,,,,,,,,,,,,Not Matched,International Education Costs Dataset,Unmatched
Slovenia,Celje,Faculty of Logistics,Information Systems,Bachelor,3.0,3900,55.4,380,80,450,0.92,faculty of logistics,faculty of logistics,,,,,,,,,,,,,,,,,,,,,,,,,,,,,,,,Not Matched,International Education Costs Dataset,Unmatched
Serbia,Subotica,University of Subotica,Computer Science,Master,2.0,2300,42.8,270,90,320,108.5,university of subotica,university of subotica,,,,,,,,,,,,,,,,,,,,,,,,,,,,,,,,Not Matched,International Education Costs Dataset,Unmatched
Iran,Tabriz,University of Tabriz,Artificial Intelligence,PhD,4.0,2600,45.5,280,150,280,42150.0,university of tabriz,university of tabriz,university of tabriz,100.0,552,,University of Tabriz,"Iran, Islamic Republic of",Asia,L,CO,VH,A,5.9,601+,5.0,601+,3.4,701+,81.7,104,1.5,701+,6.8,701+,71.8,453,5.3,701+,1.2,701+,22.5,university of tabriz,QS World University Rankings 2025,International Education Costs Dataset,Excellent
Uzbekistan,Andijan,Andijan State University,Software Development,Master,2.0,3200,37.8,180,160,250,12300.0,andijan state university,andijan state university,indiana state university,91.66666666666666,1401+,1201-1400,Indiana State University,United States,Americas,M,CO,HI,A,6.2,601+,4.4,601+,8.5,701+,3.0,701+,1.7,701+,2.2,701+,4.2,701+,6.8,701+,1.0,701+,,indiana state university,QS World University Rankings 2025,International Education Costs Dataset,High
El Salvador,Santa Tecla,ITCA-FEPADE,Computer Engineering,Bachelor,4.0,4200,42.1,280,110,300,1.0,itca fepade,itca fepade,,,,,,,,,,,,,,,,,,,,,,,,,,,,,,,,Not Matched,International Education Costs Dataset,Unmatched
Malaysia,Kuala Lumpur,University of Malaya,Computer Science,Master,2.0,8500,55.4,500,120,400,4.65,university of malaya,university of malaya,university of malta,92.3076923076923,751-760,851-900,University of Malta,Malta,Europe,M,FC,HI,A,6.1,601+,4.6,601+,31.7,498,7.2,701+,18.0,624,19.2,562,75.9,391,95.9,45,1.9,701+,,university of malta,QS World University Rankings 2025,International Education Costs Dataset,High
Malaysia,Kuala Lumpur,University of Malaya,Computer Science,Master,2.0,8500,55.4,500,120,400,4.65,university of malaya,university of malaya,university of malta,92.3076923076923,751-760,851-900,University of Malta,Malta,Europe,M,FC,HI,A,6.1,601+,4.6,601+,31.7,498,7.2,701+,18.0,624,19.2,562,75.9,391,95.9,45,1.9,701+,,university of malta,QS World University Rankings 2025,International Education Costs Dataset,High
Saudi Arabia,Riyadh,King Saud University,Data Science,PhD,4.0,5000,72.5,800,200,800,3.75,king saud university,king saud university,king saud university,100.0,200,203,King Saud University,Saudi Arabia,Asia,XL,FC,VH,A,39.4,216,28.7,332,54.3,281,40.0,354,99.4,98,15.0,622,95.1,75,99.0,17,33.0,420=,46.2,king saud university,QS World University Rankings 2025,International Education Costs Dataset,Excellent
Saudi Arabia,Riyadh,King Saud University,Data Science,PhD,4.0,5000,72.5,800,200,800,3.75,king saud university,king saud university,king saud university,100.0,200,203,King Saud University,Saudi Arabia,Asia,XL,FC,VH,A,39.4,216,28.7,332,54.3,281,40.0,354,99.4,98,15.0,622,95.1,75,99.0,17,33.0,420=,46.2,king saud university,QS World University Rankings 2025,International Education Costs Dataset,Excellent
USA,Boston,Harvard University,Artificial Intelligence,Master,2.0,58000,82.1,2200,160,1500,1.0,harvard university,harvard university,harvard university,100.0,4,4,Harvard University,United States,Americas,L,FC,VH,B,100.0,1,100.0,1,96.3,53,100.0,1,74.1,269,69.0,215,99.6,5,100.0,1,84.4,130,96.8,harvard university,QS World University Rankings 2025,International Education Costs Dataset,Excellent
USA,Boston,Harvard University,Artificial Intelligence,Master,2.0,58000,82.1,2200,160,1500,1.0,harvard university,harvard university,harvard university,100.0,4,4,Harvard University,United States,Americas,L,FC,VH,B,100.0,1,100.0,1,96.3,53,100.0,1,74.1,269,69.0,215,99.6,5,100.0,1,84.4,130,96.8,harvard university,QS World University Rankings 2025,International Education Costs Dataset,Excellent
UK,London,Imperial College,Computer Engineering,Master,2.0,42000,75.3,1800,485,800,0.79,imperial college,imperial college,,,,,,,,,,,,,,,,,,,,,,,,,,,,,,,,Not Matched,International Education Costs Dataset,Unmatched
Spain,Madrid,Universidad Politecnica,Software Engineering,PhD,4.0,3500,71.4,1100,80,750,0.92,universidad politecnica,universidad politecnica,,,,,,,,,,,,,,,,,,,,,,,,,,,,,,,,Not Matched,International Education Costs Dataset,Unmatched
Italy,Milan,Politecnico di Milano,Data Analytics,Master,2.0,4000,73.2,1200,120,700,0.92,politecnico di milano,politecnico di milano,politecnico di milano,100.0,111,123,Politecnico di Milano,Italy,Europe,XL,FO,VH,A,70.8,90,77.0,82,5.8,701+,40.2,351,67.4,292,56.8,262,88.1,197,52.9,239,72.6,202=,58.2,politecnico di milano,QS World University Rankings 2025,International Education Costs Dataset,Excellent
Italy,Milan,Politecnico di Milano,Data Analytics,Master,2.0,4000,73.2,1200,120,700,0.92,politecnico di milano,politecnico di milano,politecnico di milano,100.0,111,123,Politecnico di Milano,Italy,Europe,XL,FO,VH,A,70.8,90,77.0,82,5.8,701+,40.2,351,67.4,292,56.8,262,88.1,197,52.9,239,72.6,202=,58.2,politecnico di milano,QS World University Rankings 2025,International Education Costs Dataset,Excellent
Italy,Milan,Politecnico di Milano,Data Analytics,Master,2.0,4000,73.2,1200,120,700,0.92,politecnico di milano,politecnico di milano,politecnico di milano,100.0,111,123,Politecnico di Milano,Italy,Europe,XL,FO,VH,A,70.8,90,77.0,82,5.8,701+,40.2,351,67.4,292,56.8,262,88.1,197,52.9,239,72.6,202=,58.2,politecnico di milano,QS World University Rankings 2025,International Education Costs Dataset,Excellent
France,Paris,Sorbonne University,Computer Science,Master,2.0,4500,84.3,1800,99,850,0.92,sorbonne university,sorbonne university,sorbonne university,100.0,63,59,Sorbonne University,France,Europe,XL,FC,VH,A,87.2,49,52.0,166,43.0,363,72.3,144,33.8,471,46.7,315,99.8,4,79.7,125,87.6,111,70.3,sorbonne university,QS World University Rankings 2025,International Education Costs Dataset,Excellent
France,Paris,Sorbonne University,Computer Science,Master,2.0,4500,84.3,1800,99,850,0.92,sorbonne university,sorbonne university,sorbonne university,100.0,63,59,Sorbonne University,France,Europe,XL,FC,VH,A,87.2,49,52.0,166,43.0,363,72.3,144,33.8,471,46.7,315,99.8,4,79.7,125,87.6,111,70.3,sorbonne university,QS World University Rankings 2025,International Education Costs Dataset,Excellent
France,Paris,Sorbonne University,Computer Science,Master,2.0,4500,84.3,1800,99,850,0.92,sorbonne university,sorbonne university,sorbonne university,100.0,63,59,Sorbonne University,France,Europe,XL,FC,VH,A,87.2,49,52.0,166,43.0,363,72.3,144,33.8,471,46.7,315,99.8,4,79.7,125,87.6,111,70.3,sorbonne university,QS World University Rankings 2025,International Education Costs Dataset,Excellent
Malaysia,Penang,USM,Information Systems,Bachelor,3.0,7500,52.1,450,120,400,4.65,usm,usm,,,,,,,,,,,,,,,,,,,,,,,,,,,,,,,,Not Matched,International Education Costs Dataset,Unmatched
Saudi Arabia,Jeddah,King Abdulaziz University,Data Engineering,Master,2.0,4800,70.2,750,200,800,3.75,king abdulaziz university,king abdulaziz university,king abdulaziz university kau,92.5925925925926,149,143,King Abdulaziz University (KAU),Saudi Arabia,Asia,XL,FC,VH,A,59.8,125,61.4,133,41.6,374,34.4,387,89.3,195,9.5,701+,93.1,118,35.9,353,58.4,275,52.2,king abdulaziz university kau,QS World University Rankings 2025,International Education Costs Dataset,High
USA,Stanford,Stanford University,Computer Science,PhD,5.0,52000,84.3,2300,160,1500,1.0,stanford university,stanford university,stanford university,100.0,6,5,Stanford University,United States,Americas,L,FC,VH,B,100.0,5,100.0,3,100.0,12,99.0,27,70.3,284,60.8,244,96.8,45,100.0,2,81.2,148=,96.1,stanford university,QS World University Rankings 2025,International Education Costs Dataset,Excellent
USA,Stanford,Stanford University,Computer Science,PhD,5.0,52000,84.3,2300,160,1500,1.0,stanford university,stanford university,stanford university,100.0,6,5,Stanford University,United States,Americas,L,FC,VH,B,100.0,5,100.0,3,100.0,12,99.0,27,70.3,284,60.8,244,96.8,45,100.0,2,81.2,148=,96.1,stanford university,QS World University Rankings 2025,International Education Costs Dataset,Excellent
USA,Stanford,Stanford University,Computer Science,PhD,5.0,52000,84.3,2300,160,1500,1.0,stanford university,stanford university,stanford university,100.0,6,5,Stanford University,United States,Americas,L,FC,VH,B,100.0,5,100.0,3,100.0,12,99.0,27,70.3,284,60.8,244,96.8,45,100.0,2,81.2,148=,96.1,stanford university,QS World University Rankings 2025,International Education Costs Dataset,Excellent
USA,Stanford,Stanford University,Computer Science,PhD,5.0,52000,84.3,2300,160,1500,1.0,stanford university,stanford university,stanford university,100.0,6,5,Stanford University,United States,Americas,L,FC,VH,B,100.0,5,100.0,3,100.0,12,99.0,27,70.3,284,60.8,244,96.8,45,100.0,2,81.2,148=,96.1,stanford university,QS World University Rankings 2025,International Education Costs Dataset,Excellent
USA,Stanford,Stanford University,Computer Science,PhD,5.0,52000,84.3,2300,160,1500,1.0,stanford university,stanford university,stanford university,100.0,6,5,Stanford University,United States,Americas,L,FC,VH,B,100.0,5,100.0,3,100.0,12,99.0,27,70.3,284,60.8,244,96.8,45,100.0,2,81.2,148=,96.1,stanford university,QS World University Rankings 2025,International Education Costs Dataset,Excellent
UK,Cambridge,University of Cambridge,Artificial Intelligence,PhD,4.0,45000,71.5,1600,485,800,0.79,university of cambridge,university of cambridge,university of cambridge,100.0,5,2,University of Cambridge,United Kingdom,Europe,L,FC,VH,A,100.0,3,100.0,4,100.0,17,84.6,96,100.0,73,94.8,98,99.3,10,100.0,5,84.8,127=,96.7,university of cambridge,QS World University Rankings 2025,International Education Costs Dataset,Excellent
UK,Cambridge,University of Cambridge,Artificial Intelligence,PhD,4.0,45000,71.5,1600,485,800,0.79,university of cambridge,university of cambridge,university of cambridge,100.0,5,2,University of Cambridge,United Kingdom,Europe,L,FC,VH,A,100.0,3,100.0,4,100.0,17,84.6,96,100.0,73,94.8,98,99.3,10,100.0,5,84.8,127=,96.7,university of cambridge,QS World University Rankings 2025,International Education Costs Dataset,Excellent
UK,Cambridge,University of Cambridge,Artificial Intelligence,PhD,4.0,45000,71.5,1600,485,800,0.79,university of cambridge,university of cambridge,university of cambridge,100.0,5,2,University of Cambridge,United Kingdom,Europe,L,FC,VH,A,100.0,3,100.0,4,100.0,17,84.6,96,100.0,73,94.8,98,99.3,10,100.0,5,84.8,127=,96.7,university of cambridge,QS World University Rankings 2025,International Education Costs Dataset,Excellent
Spain,Barcelona,Universitat de Barcelona,Data Science,Master,2.0,3800,73.6,1000,80,750,0.92,universitat de barcelona,universitat de barcelona,universitat de barcelona,100.0,165,164,Universitat de Barcelona,Spain,Europe,XL,FC,VH,A,73.7,85,30.3,312,12.4,701+,38.1,364,23.1,559,26.3,461,96.8,44,71.5,153,92.2,76=,50.7,universitat de barcelona,QS World University Rankings 2025,International Education Costs Dataset,Excellent
Italy,Rome,Sapienza University,Software Engineering,Bachelor,3.0,3500,71.2,1100,120,700,0.92,sapienza university,sapienza university,,,,,,,,,,,,,,,,,,,,,,,,,,,,,,,,Not Matched,International Education Costs Dataset,Unmatched
Italy,Rome,Sapienza University,Software Engineering,Bachelor,3.0,3500,71.2,1100,120,700,0.92,sapienza university,sapienza university,,,,,,,,,,,,,,,,,,,,,,,,,,,,,,,,Not Matched,International Education Costs Dataset,Unmatched
France,Lyon,École Normale Supérieure,Computer Engineering,Master,2.0,4200,75.6,1200,99,850,0.92,cole normale sup rieure,cole normale sup rieure,cole normale sup rieure de lyon,85.18518518518519,187,184,École Normale Supérieure de Lyon,France,Europe,S,CO,VH,A,29.8,296,16.3,522,97.0,49,93.5,59,59.0,329,11.7,684,70.3,482,14.0,694,6.6,701+,47.5,cole normale sup rieure de lyon,QS World University Rankings 2025,International Education Costs Dataset,Medium
Malaysia,Johor Bahru,UTM,Data Analytics,PhD,4.0,8000,51.8,400,120,400,4.65,utm,utm,,,,,,,,,,,,,,,,,,,,,,,,,,,,,,,,Not Matched,International Education Costs Dataset,Unmatched
Saudi Arabia,Dhahran,KFUPM,Computer Science,Master,2.0,4500,68.5,700,200,800,3.75,kfupm,kfupm,,,,,,,,,,,,,,,,,,,,,,,,,,,,,,,,Not Matched,International Education Costs Dataset,Unmatched
USA,Berkeley,UC Berkeley,Data Science,Master,2.0,54000,83.2,2000,160,1500,1.0,uc berkeley,uc berkeley,,,,,,,,,,,,,,,,,,,,,,,,,,,,,,,,Not Matched,International Education Costs Dataset,Unmatched
USA,Berkeley,UC Berkeley,Data Science,Master,2.0,54000,83.2,2000,160,1500,1.0,uc berkeley,uc berkeley,,,,,,,,,,,,,,,,,,,,,,,,,,,,,,,,Not Matched,International Education Costs Dataset,Unmatched
USA,Berkeley,UC Berkeley,Data Science,Master,2.0,54000,83.2,2000,160,1500,1.0,uc berkeley,uc berkeley,,,,,,,,,,,,,,,,,,,,,,,,,,,,,,,,Not Matched,International Education Costs Dataset,Unmatched
USA,Berkeley,UC Berkeley,Data Science,Master,2.0,54000,83.2,2000,160,1500,1.0,uc berkeley,uc berkeley,,,,,,,,,,,,,,,,,,,,,,,,,,,,,,,,Not Matched,International Education Costs Dataset,Unmatched
UK,Oxford,University of Oxford,Software Engineering,Master,2.0,40000,71.5,1400,485,800,0.79,university of oxford,university of oxford,university of oxford,100.0,3,3,University of Oxford,United Kingdom,Europe,L,FC,VH,A,100.0,2,100.0,5,100.0,8,84.8,93,98.1,120,97.7,73,100.0,1,100.0,3,85.0,126,96.9,university of oxford,QS World University Rankings 2025,International Education Costs Dataset,Excellent
UK,Oxford,University of Oxford,Software Engineering,Master,2.0,40000,71.5,1400,485,800,0.79,university of oxford,university of oxford,university of oxford,100.0,3,3,University of Oxford,United Kingdom,Europe,L,FC,VH,A,100.0,2,100.0,5,100.0,8,84.8,93,98.1,120,97.7,73,100.0,1,100.0,3,85.0,126,96.9,university of oxford,QS World University Rankings 2025,International Education Costs Dataset,Excellent
UK,Oxford,University of Oxford,Software Engineering,Master,2.0,40000,71.5,1400,485,800,0.79,university of oxford,university of oxford,university of oxford,100.0,3,3,University of Oxford,United Kingdom,Europe,L,FC,VH,A,100.0,2,100.0,5,100.0,8,84.8,93,98.1,120,97.7,73,100.0,1,100.0,3,85.0,126,96.9,university of oxford,QS World University Rankings 2025,International Education Costs Dataset,Excellent
UK,Oxford,University of Oxford,Software Engineering,Master,2.0,40000,71.5,1400,485,800,0.79,university of oxford,university of oxford,university of oxford,100.0,3,3,University of Oxford,United Kingdom,Europe,L,FC,VH,A,100.0,2,100.0,5,100.0,8,84.8,93,98.1,120,97.7,73,100.0,1,100.0,3,85.0,126,96.9,university of oxford,QS World University Rankings 2025,International Education Costs Dataset,Excellent
Spain,Valencia,Universidad de Valencia,Information Systems,PhD,4.0,3200,68.5,800,80,750,0.92,universidad de valencia,universidad de valencia,universitat de valencia,91.30434782608697,445,485,Universitat de Valencia,Spain,Europe,XL,FC,VH,A,35.6,246,11.0,601+,12.0,701+,19.9,557,2.1,701+,24.3,484,89.3,180,8.4,701+,79.3,159=,26.7,universitat de valencia,QS World University Rankings 2025,International Education Costs Dataset,High
Italy,Turin,Politecnico di Torino,Artificial Intelligence,Master,2.0,3800,69.8,900,120,700,0.92,politecnico di torino,politecnico di torino,politecnico di torino,100.0,241,252,Politecnico di Torino,Italy,Europe,XL,FO,VH,A,40.2,213,52.1,165,3.1,701+,51.6,254,4.9,701+,41.0,349,81.4,297,30.6,412,77.9,169,41.7,politecnico di torino,QS World University Rankings 2025,International Education Costs Dataset,Excellent
Italy,Turin,Politecnico di Torino,Artificial Intelligence,Master,2.0,3800,69.8,900,120,700,0.92,politecnico di torino,politecnico di torino,politecnico di torino,100.0,241,252,Politecnico di Torino,Italy,Europe,XL,FO,VH,A,40.2,213,52.1,165,3.1,701+,51.6,254,4.9,701+,41.0,349,81.4,297,30.6,412,77.9,169,41.7,politecnico di torino,QS World University Rankings 2025,International Education Costs Dataset,Excellent
France,Toulouse,INSA Toulouse,Data Engineering,PhD,4.0,4300,72.1,1000,99,850,0.92,insa toulouse,insa toulouse,,,,,,,,,,,,,,,,,,,,,,,,,,,,,,,,Not Matched,International Education Costs Dataset,Unmatched
France,Toulouse,INSA Toulouse,Data Engineering,PhD,4.0,4300,72.1,1000,99,850,0.92,insa toulouse,insa toulouse,,,,,,,,,,,,,,,,,,,,,,,,,,,,,,,,Not Matched,International Education Costs Dataset,Unmatched
Malaysia,Kuching,UNIMAS,Computer Science,Master,2.0,7000,49.5,380,120,400,4.65,unimas,unimas,,,,,,,,,,,,,,,,,,,,,,,,,,,,,,,,Not Matched,International Education Costs Dataset,Unmatched
Saudi Arabia,Medina,Islamic University,Software Development,Bachelor,4.0,4200,65.4,650,200,800,3.75,islamic university,islamic university,miami university,88.23529411764706,1201-1400,1201-1400,Miami University,United States,Americas,L,CO,HI,A,3.8,601+,5.4,601+,6.2,701+,7.8,701+,3.4,701+,5.5,701+,25.3,701+,26.1,453,2.2,701+,,miami university,QS World University Rankings 2025,International Education Costs Dataset,Medium
USA,MIT,Massachusetts,Robotics,PhD,5.0,56000,82.1,2100,160,1500,1.0,massachusetts,massachusetts,,,,,,,,,,,,,,,,,,,,,,,,,,,,,,,,Not Matched,International Education Costs Dataset,Unmatched
UK,Edinburgh,University of Edinburgh,Data Science,Master,2.0,38000,67.8,1100,485,800,0.79,university of edinburgh,university of edinburgh,the university of edinburgh,92.0,27,22,The University of Edinburgh,United Kingdom,Europe,XL,FC,VH,A,98.3,24,97.2,24,65.5,201,47.7,282,98.7,111,99.8,41,99.5,7,55.9,222,99.0,15=,83.3,the university of edinburgh,QS World University Rankings 2025,International Education Costs Dataset,High
UK,Edinburgh,University of Edinburgh,Data Science,Master,2.0,38000,67.8,1100,485,800,0.79,university of edinburgh,university of edinburgh,the university of edinburgh,92.0,27,22,The University of Edinburgh,United Kingdom,Europe,XL,FC,VH,A,98.3,24,97.2,24,65.5,201,47.7,282,98.7,111,99.8,41,99.5,7,55.9,222,99.0,15=,83.3,the university of edinburgh,QS World University Rankings 2025,International Education Costs Dataset,High
UK,Edinburgh,University of Edinburgh,Data Science,Master,2.0,38000,67.8,1100,485,800,0.79,university of edinburgh,university of edinburgh,the university of edinburgh,92.0,27,22,The University of Edinburgh,United Kingdom,Europe,XL,FC,VH,A,98.3,24,97.2,24,65.5,201,47.7,282,98.7,111,99.8,41,99.5,7,55.9,222,99.0,15=,83.3,the university of edinburgh,QS World University Rankings 2025,International Education Costs Dataset,High
Spain,Seville,Universidad de Sevilla,Computer Engineering,Master,2.0,3000,65.4,750,80,750,0.92,universidad de sevilla,universidad de sevilla,universidad de sevilla,100.0,462,494,Universidad de Sevilla,Spain,Europe,XL,FC,VH,A,39.1,221,12.6,601+,18.4,701+,8.2,701+,3.5,701+,18.9,567,91.4,152,16.0,634,67.4,231,26,universidad de sevilla,QS World University Rankings 2025,International Education Costs Dataset,Excellent
Spain,Seville,Universidad de Sevilla,Computer Engineering,Master,2.0,3000,65.4,750,80,750,0.92,universidad de sevilla,universidad de sevilla,universidad de sevilla,100.0,462,494,Universidad de Sevilla,Spain,Europe,XL,FC,VH,A,39.1,221,12.6,601+,18.4,701+,8.2,701+,3.5,701+,18.9,567,91.4,152,16.0,634,67.4,231,26,universidad de sevilla,QS World University Rankings 2025,International Education Costs Dataset,Excellent
Italy,Bologna,University of Bologna,Information Systems,PhD,4.0,3600,70.5,950,120,700,0.92,university of bologna,university of bologna,university of cologne,90.47619047619048,285,268,University of Cologne,Germany,Europe,L,FO,VH,A,35.2,250,30.4,310,15.7,701+,29.3,440,35.9,444,30.1,429,90.8,158,56.8,212,91.9,78=,37.2,university of cologne,QS World University Rankings 2025,International Education Costs Dataset,High
Italy,Bologna,University of Bologna,Information Systems,PhD,4.0,3600,70.5,950,120,700,0.92,university of bologna,university of bologna,university of cologne,90.47619047619048,285,268,University of Cologne,Germany,Europe,L,FO,VH,A,35.2,250,30.4,310,15.7,701+,29.3,440,35.9,444,30.1,429,90.8,158,56.8,212,91.9,78=,37.2,university of cologne,QS World University Rankings 2025,International Education Costs Dataset,High
France,Marseille,Aix-Marseille University,Artificial Intelligence,Master,2.0,4100,73.5,1100,99,850,0.92,aix marseille university,aix marseille university,aix marseille university,100.0,481,387,Aix-Marseille University,France,Europe,XL,FC,VH,A,36.9,235,6.5,601+,7.9,701+,21.7,534,17.5,633,18.2,578,99.1,13,15.2,656,25.5,488=,25,aix marseille university,QS World University Rankings 2025,International Education Costs Dataset,Excellent
Malaysia,Cyberjaya,Multimedia University,Data Analytics,Bachelor,3.0,7800,53.2,450,120,400,4.65,multimedia university,multimedia university,multimedia university mmu,91.30434782608697,1001-1200,1001-1200,Multimedia University (MMU),Malaysia,Asia,M,FO,VH,C,11.0,601+,15.4,549,10.9,701+,4.7,701+,28.5,504,30.3,426,19.6,701+,3.8,701+,3.7,701+,,multimedia university mmu,QS World University Rankings 2025,International Education Costs Dataset,High
Saudi Arabia,Dammam,Imam Abdulrahman University,Computer Science,Master,2.0,4600,67.8,680,200,800,3.75,imam abdulrahman university,imam abdulrahman university,,,,,,,,,,,,,,,,,,,,,,,,,,,,,,,,Not Matched,International Education Costs Dataset,Unmatched
USA,New York,Columbia University,Data Science,Master,2.0,62000,100.0,2500,160,1500,1.0,columbia university,columbia university,columbia university,100.0,34,23,Columbia University,United States,Americas,XL,FC,VH,B,99.6,12,98.8,15,100.0,16,31.7,417,41.5,413,97.0,79,98.5,19,99.9,9,71.8,211=,82,columbia university,QS World University Rankings 2025,International Education Costs Dataset,Excellent
USA,New York,Columbia University,Data Science,Master,2.0,62000,100.0,2500,160,1500,1.0,columbia university,columbia university,columbia university,100.0,34,23,Columbia University,United States,Americas,XL,FC,VH,B,99.6,12,98.8,15,100.0,16,31.7,417,41.5,413,97.0,79,98.5,19,99.9,9,71.8,211=,82,columbia university,QS World University Rankings 2025,International Education Costs Dataset,Excellent
USA,New York,Columbia University,Data Science,Master,2.0,62000,100.0,2500,160,1500,1.0,columbia university,columbia university,columbia university,100.0,34,23,Columbia University,United States,Americas,XL,FC,VH,B,99.6,12,98.8,15,100.0,16,31.7,417,41.5,413,97.0,79,98.5,19,99.9,9,71.8,211=,82,columbia university,QS World University Rankings 2025,International Education Costs Dataset,Excellent
UK,Manchester,University of Manchester,Software Engineering,PhD,4.0,35000,65.4,900,485,800,0.79,university of manchester,university of manchester,the university of manchester,92.3076923076923,34,32,The University of Manchester,United Kingdom,Europe,XL,FC,VH,A,95.6,33,98.1,20,51.3,297,45.1,307,93.1,169,99.2,55,99.2,12,87.6,90,99.8,3,82,the university of manchester,QS World University Rankings 2025,International Education Costs Dataset,High
UK,Manchester,University of Manchester,Software Engineering,PhD,4.0,35000,65.4,900,485,800,0.79,university of manchester,university of manchester,the university of manchester,92.3076923076923,34,32,The University of Manchester,United Kingdom,Europe,XL,FC,VH,A,95.6,33,98.1,20,51.3,297,45.1,307,93.1,169,99.2,55,99.2,12,87.6,90,99.8,3,82,the university of manchester,QS World University Rankings 2025,International Education Costs Dataset,High
UK,Manchester,University of Manchester,Software Engineering,PhD,4.0,35000,65.4,900,485,800,0.79,university of manchester,university of manchester,the university of manchester,92.3076923076923,34,32,The University of Manchester,United Kingdom,Europe,XL,FC,VH,A,95.6,33,98.1,20,51.3,297,45.1,307,93.1,169,99.2,55,99.2,12,87.6,90,99.8,3,82,the university of manchester,QS World University Rankings 2025,International Education Costs Dataset,High
UK,Manchester,University of Manchester,Software Engineering,PhD,4.0,35000,65.4,900,485,800,0.79,university of manchester,university of manchester,the university of manchester,92.3076923076923,34,32,The University of Manchester,United Kingdom,Europe,XL,FC,VH,A,95.6,33,98.1,20,51.3,297,45.1,307,93.1,169,99.2,55,99.2,12,87.6,90,99.8,3,82,the university of manchester,QS World University Rankings 2025,International Education Costs Dataset,High
Spain,Granada,Universidad de Granada,Computer Science,Bachelor,3.0,2800,64.5,700,80,750,0.92,universidad de granada,universidad de granada,universidad de panama,88.37209302325581,1201-1400,1201-1400,Universidad de Panama,Panama,Americas,XL,FO,MD,A,6.6,601+,5.5,601+,2.9,701+,1.1,701+,4.6,701+,2.7,701+,9.0,701+,49.1,262,1.0,701+,,universidad de panama,QS World University Rankings 2025,International Education Costs Dataset,Medium
Italy,Florence,University of Florence,Data Engineering,Master,2.0,3500,71.2,1000,120,700,0.92,university of florence,university of florence,university of florence,100.0,375,358,University of Florence,Italy,Europe,XL,FC,VH,A,34.6,255,8.4,601+,4.4,701+,46.6,295,7.3,701+,12.3,671,88.5,189,30.3,415,74.5,193=,31.2,university of florence,QS World University Rankings 2025,International Education Costs Dataset,Excellent
Italy,Florence,University of Florence,Data Engineering,Master,2.0,3500,71.2,1000,120,700,0.92,university of florence,university of florence,university of florence,100.0,375,358,University of Florence,Italy,Europe,XL,FC,VH,A,34.6,255,8.4,601+,4.4,701+,46.6,295,7.3,701+,12.3,671,88.5,189,30.3,415,74.5,193=,31.2,university of florence,QS World University Rankings 2025,International Education Costs Dataset,Excellent
France,Bordeaux,University of Bordeaux,Information Systems,PhD,4.0,4300,72.1,1000,99,850,0.92,university of bordeaux,university of bordeaux,university of bordeaux,100.0,535,465,University of Bordeaux,France,Europe,XL,FO,VH,A,31.3,284,5.5,601+,11.5,701+,17.6,588,27.1,517,23.3,500,92.9,120,16.7,620,20.1,530=,22.9,university of bordeaux,QS World University Rankings 2025,International Education Costs Dataset,Excellent
France,Bordeaux,University of Bordeaux,Information Systems,PhD,4.0,4300,72.1,1000,99,850,0.92,university of bordeaux,university of bordeaux,university of bordeaux,100.0,535,465,University of Bordeaux,France,Europe,XL,FO,VH,A,31.3,284,5.5,601+,11.5,701+,17.6,588,27.1,517,23.3,500,92.9,120,16.7,620,20.1,530=,22.9,university of bordeaux,QS World University Rankings 2025,International Education Costs Dataset,Excellent
France,Bordeaux,University of Bordeaux,Information Systems,PhD,4.0,4300,72.1,1000,99,850,0.92,university of bordeaux,university of bordeaux,university of bordeaux,100.0,535,465,University of Bordeaux,France,Europe,XL,FO,VH,A,31.3,284,5.5,601+,11.5,701+,17.6,588,27.1,517,23.3,500,92.9,120,16.7,620,20.1,530=,22.9,university of bordeaux,QS World University Rankings 2025,International Education Costs Dataset,Excellent
Malaysia,Bangi,UKM,Artificial Intelligence,Master,2.0,7200,51.5,420,120,400,4.65,ukm,ukm,,,,,,,,,,,,,,,,,,,,,,,,,,,,,,,,Not Matched,International Education Costs Dataset,Unmatched
Saudi Arabia,Taif,Taif University,Software Development,Master,2.0,4400,64.5,600,200,800,3.75,taif university,taif university,tokai university,90.32258064516128,1201-1400,1001-1200,Tokai University,Japan,Asia,L,FC,HI,B,10.5,601+,5.8,601+,13.6,701+,2.8,701+,5.6,701+,2.9,701+,24.5,701+,1.8,701+,1.3,701+,,tokai university,QS World University Rankings 2025,International Education Costs Dataset,High
USA,Los Angeles,UCLA,Computer Engineering,PhD,5.0,52000,79.8,2200,160,1500,1.0,ucla,ucla,ucl,85.71428571428572,9,9,UCL,United Kingdom,Europe,XL,FC,VH,A,99.5,14,98.3,18,95.9,56,72.2,145,99.0,106,100.0,21,99.9,2,70.3,157,74.8,190=,91.6,ucl,QS World University Rankings 2025,International Education Costs Dataset,Medium
USA,Los Angeles,UCLA,Computer Engineering,PhD,5.0,52000,79.8,2200,160,1500,1.0,ucla,ucla,ucl,85.71428571428572,9,9,UCL,United Kingdom,Europe,XL,FC,VH,A,99.5,14,98.3,18,95.9,56,72.2,145,99.0,106,100.0,21,99.9,2,70.3,157,74.8,190=,91.6,ucl,QS World University Rankings 2025,International Education Costs Dataset,Medium
USA,Los Angeles,UCLA,Computer Engineering,PhD,5.0,52000,79.8,2200,160,1500,1.0,ucla,ucla,ucl,85.71428571428572,9,9,UCL,United Kingdom,Europe,XL,FC,VH,A,99.5,14,98.3,18,95.9,56,72.2,145,99.0,106,100.0,21,99.9,2,70.3,157,74.8,190=,91.6,ucl,QS World University Rankings 2025,International Education Costs Dataset,Medium
UK,Bristol,University of Bristol,Data Analytics,Master,2.0,36000,68.9,1200,485,800,0.79,university of bristol,university of bristol,university of bristol,100.0,54,55,University of Bristol,United Kingdom,Europe,L,FC,VH,A,75.8,78,82.5,69,36.7,437,75.9,134,87.5,206,89.8,121,94.6,84,51.2,250,98.9,17,75.4,university of bristol,QS World University Rankings 2025,International Education Costs Dataset,Excellent
UK,Bristol,University of Bristol,Data Analytics,Master,2.0,36000,68.9,1200,485,800,0.79,university of bristol,university of bristol,university of bristol,100.0,54,55,University of Bristol,United Kingdom,Europe,L,FC,VH,A,75.8,78,82.5,69,36.7,437,75.9,134,87.5,206,89.8,121,94.6,84,51.2,250,98.9,17,75.4,university of bristol,QS World University Rankings 2025,International Education Costs Dataset,Excellent
UK,Bristol,University of Bristol,Data Analytics,Master,2.0,36000,68.9,1200,485,800,0.79,university of bristol,university of bristol,university of bristol,100.0,54,55,University of Bristol,United Kingdom,Europe,L,FC,VH,A,75.8,78,82.5,69,36.7,437,75.9,134,87.5,206,89.8,121,94.6,84,51.2,250,98.9,17,75.4,university of bristol,QS World University Rankings 2025,International Education Costs Dataset,Excellent
UK,Bristol,University of Bristol,Data Analytics,Master,2.0,36000,68.9,1200,485,800,0.79,university of bristol,university of bristol,university of bristol,100.0,54,55,University of Bristol,United Kingdom,Europe,L,FC,VH,A,75.8,78,82.5,69,36.7,437,75.9,134,87.5,206,89.8,121,94.6,84,51.2,250,98.9,17,75.4,university of bristol,QS World University Rankings 2025,International Education Costs Dataset,Excellent
Spain,Bilbao,University of the Basque Country,Information Technology,Master,2.0,3400,67.8,850,80,750,0.92,university of the basque country,university of the basque country,university of the basque country,100.0,641-650,621-630,University of the Basque Country,Spain,Europe,XL,CO,VH,A,19.5,461,7.3,601+,32.8,480,19.0,569,2.4,701+,3.5,701+,90.8,159,22.8,500,7.3,701+,,university of the basque country,QS World University Rankings 2025,International Education Costs Dataset,Excellent
Spain,Bilbao,University of the Basque Country,Information Technology,Master,2.0,3400,67.8,850,80,750,0.92,university of the basque country,university of the basque country,university of the basque country,100.0,641-650,621-630,University of the Basque Country,Spain,Europe,XL,CO,VH,A,19.5,461,7.3,601+,32.8,480,19.0,569,2.4,701+,3.5,701+,90.8,159,22.8,500,7.3,701+,,university of the basque country,QS World University Rankings 2025,International Education Costs Dataset,Excellent
Italy,Naples,University of Naples,Computer Science,Bachelor,3.0,3200,67.8,800,120,700,0.92,university of naples,university of naples,university of leeds,87.17948717948718,82,75,University of Leeds,United Kingdom,Europe,XL,FC,VH,A,70.5,91,75.9,83,36.4,438,39.8,355,82.5,230,88.5,132,98.8,14,50.9,251,71.8,211=,63.8,university of leeds,QS World University Rankings 2025,International Education Costs Dataset,Medium
Italy,Naples,University of Naples,Computer Science,Bachelor,3.0,3200,67.8,800,120,700,0.92,university of naples,university of naples,university of leeds,87.17948717948718,82,75,University of Leeds,United Kingdom,Europe,XL,FC,VH,A,70.5,91,75.9,83,36.4,438,39.8,355,82.5,230,88.5,132,98.8,14,50.9,251,71.8,211=,63.8,university of leeds,QS World University Rankings 2025,International Education Costs Dataset,Medium
France,Nice,University of Nice,Data Science,Master,2.0,4100,76.5,1300,99,850,0.92,university of nice,university of nice,university of ni,94.11764705882352,1201-1400,1201-1400,University of Ni,Serbia,Europe,L,FC,HI,A,5.0,601+,5.5,601+,12.5,701+,2.4,701+,,,5.7,701+,49.0,701+,4.0,701+,1.0,701+,,university of ni,QS World University Rankings 2025,International Education Costs Dataset,High
France,Nice,University of Nice,Data Science,Master,2.0,4100,76.5,1300,99,850,0.92,university of nice,university of nice,university of ni,94.11764705882352,1201-1400,1201-1400,University of Ni,Serbia,Europe,L,FC,HI,A,5.0,601+,5.5,601+,12.5,701+,2.4,701+,,,5.7,701+,49.0,701+,4.0,701+,1.0,701+,,university of ni,QS World University Rankings 2025,International Education Costs Dataset,High
Malaysia,Melaka,UTeM,Software Engineering,PhD,4.0,7500,50.2,400,120,400,4.65,utem,utem,,,,,,,,,,,,,,,,,,,,,,,,,,,,,,,,Not Matched,International Education Costs Dataset,Unmatched
Saudi Arabia,Tabuk,University of Tabuk,Computer Engineering,Bachelor,4.0,4100,63.2,580,200,800,3.75,university of tabuk,university of tabuk,university of tabuk,100.0,1001-1200,,University of Tabuk,Saudi Arabia,Asia,L,FC,HI,A,5.2,601+,2.4,601+,18.7,701+,3.0,701+,92.4,174,2.2,701+,38.0,701+,2.2,701+,1.0,701+,,university of tabuk,QS World University Rankings 2025,International Education Costs Dataset,Excellent
USA,Chicago,University of Chicago,Artificial Intelligence,Master,2.0,58000,84.1,1900,160,1500,1.0,university of chicago,university of chicago,university of chicago,100.0,21,11,University of Chicago,United States,Americas,L,FC,VH,B,99.1,17,96.4,29,94.2,69,60.8,197,79.0,244,87.0,140,85.1,245,99.1,16,46.9,330=,86.2,university of chicago,QS World University Rankings 2025,International Education Costs Dataset,Excellent
USA,Chicago,University of Chicago,Artificial Intelligence,Master,2.0,58000,84.1,1900,160,1500,1.0,university of chicago,university of chicago,university of chicago,100.0,21,11,University of Chicago,United States,Americas,L,FC,VH,B,99.1,17,96.4,29,94.2,69,60.8,197,79.0,244,87.0,140,85.1,245,99.1,16,46.9,330=,86.2,university of chicago,QS World University Rankings 2025,International Education Costs Dataset,Excellent
USA,Chicago,University of Chicago,Artificial Intelligence,Master,2.0,58000,84.1,1900,160,1500,1.0,university of chicago,university of chicago,university of chicago,100.0,21,11,University of Chicago,United States,Americas,L,FC,VH,B,99.1,17,96.4,29,94.2,69,60.8,197,79.0,244,87.0,140,85.1,245,99.1,16,46.9,330=,86.2,university of chicago,QS World University Rankings 2025,International Education Costs Dataset,Excellent
UK,Glasgow,University of Glasgow,Data Engineering,PhD,4.0,34000,64.5,950,485,800,0.79,university of glasgow,university of glasgow,university of glasgow,100.0,78,76,University of Glasgow,United Kingdom,Europe,XL,FC,VH,A,77.4,75,67.7,110,38.0,418,32.5,405,95.7,141,99.4,49,97.6,30,33.5,378,98.5,20,65,university of glasgow,QS World University Rankings 2025,International Education Costs Dataset,Excellent
UK,Glasgow,University of Glasgow,Data Engineering,PhD,4.0,34000,64.5,950,485,800,0.79,university of glasgow,university of glasgow,university of glasgow,100.0,78,76,University of Glasgow,United Kingdom,Europe,XL,FC,VH,A,77.4,75,67.7,110,38.0,418,32.5,405,95.7,141,99.4,49,97.6,30,33.5,378,98.5,20,65,university of glasgow,QS World University Rankings 2025,International Education Costs Dataset,Excellent
UK,Glasgow,University of Glasgow,Data Engineering,PhD,4.0,34000,64.5,950,485,800,0.79,university of glasgow,university of glasgow,university of glasgow,100.0,78,76,University of Glasgow,United Kingdom,Europe,XL,FC,VH,A,77.4,75,67.7,110,38.0,418,32.5,405,95.7,141,99.4,49,97.6,30,33.5,378,98.5,20,65,university of glasgow,QS World University Rankings 2025,International Education Costs Dataset,Excellent
UK,Glasgow,University of Glasgow,Data Engineering,PhD,4.0,34000,64.5,950,485,800,0.79,university of glasgow,university of glasgow,university of glasgow,100.0,78,76,University of Glasgow,United Kingdom,Europe,XL,FC,VH,A,77.4,75,67.7,110,38.0,418,32.5,405,95.7,141,99.4,49,97.6,30,33.5,378,98.5,20,65,university of glasgow,QS World University Rankings 2025,International Education Costs Dataset,Excellent
Spain,Salamanca,University of Salamanca,Information Systems,Master,2.0,3100,62.1,600,80,750,0.92,university of salamanca,university of salamanca,university of salamanca,100.0,539,534,University of Salamanca,Spain,Europe,L,FC,VH,A,26.9,328,14.6,567,26.0,570,6.2,701+,6.9,701+,14.9,625,80.0,322,23.4,484,69.5,223=,22.8,university of salamanca,QS World University Rankings 2025,International Education Costs Dataset,Excellent
Spain,Salamanca,University of Salamanca,Information Systems,Master,2.0,3100,62.1,600,80,750,0.92,university of salamanca,university of salamanca,university of salamanca,100.0,539,534,University of Salamanca,Spain,Europe,L,FC,VH,A,26.9,328,14.6,567,26.0,570,6.2,701+,6.9,701+,14.9,625,80.0,322,23.4,484,69.5,223=,22.8,university of salamanca,QS World University Rankings 2025,International Education Costs Dataset,Excellent
Italy,Pisa,University of Pisa,Software Development,Master,2.0,3300,68.9,850,120,700,0.92,university of pisa,university of pisa,university of pisa,100.0,382,349,University of Pisa,Italy,Europe,L,FC,VH,A,40.4,212,15.1,556,8.6,701+,38.8,359,5.9,701+,4.2,701+,88.3,193,15.0,665,56.7,281,30.7,university of pisa,QS World University Rankings 2025,International Education Costs Dataset,Excellent
Italy,Pisa,University of Pisa,Software Development,Master,2.0,3300,68.9,850,120,700,0.92,university of pisa,university of pisa,university of pisa,100.0,382,349,University of Pisa,Italy,Europe,L,FC,VH,A,40.4,212,15.1,556,8.6,701+,38.8,359,5.9,701+,4.2,701+,88.3,193,15.0,665,56.7,281,30.7,university of pisa,QS World University Rankings 2025,International Education Costs Dataset,Excellent
France,Lille,University of Lille,Computer Science,Bachelor,3.0,4200,69.8,950,99,850,0.92,university of lille,university of lille,university of louisville,88.37209302325581,1001-1200,1001-1200,University of Louisville,United States,Americas,L,FC,HI,A,3.5,601+,3.2,601+,30.5,513,7.7,701+,24.8,539,3.2,701+,59.0,644,5.1,701+,2.4,701+,,university of louisville,QS World University Rankings 2025,International Education Costs Dataset,Medium
France,Lille,University of Lille,Computer Science,Bachelor,3.0,4200,69.8,950,99,850,0.92,university of lille,university of lille,university of louisville,88.37209302325581,1001-1200,1001-1200,University of Louisville,United States,Americas,L,FC,HI,A,3.5,601+,3.2,601+,30.5,513,7.7,701+,24.8,539,3.2,701+,59.0,644,5.1,701+,2.4,701+,,university of louisville,QS World University Rankings 2025,International Education Costs Dataset,Medium
Malaysia,Shah Alam,UiTM,Data Analytics,Master,2.0,7100,51.8,430,120,400,4.65,uitm,uitm,,,,,,,,,,,,,,,,,,,,,,,,,,,,,,,,Not Matched,International Education Costs Dataset,Unmatched
Saudi Arabia,Makkah,Umm Al-Qura University,Information Technology,PhD,4.0,4300,65.8,650,200,800,3.75,umm al qura university,umm al qura university,umm al qura university,100.0,559,601-610,Umm Al-Qura University,Saudi Arabia,Asia,XL,FC,HI,A,20.7,423,12.8,601+,54.7,279,2.2,701+,100.0,80,16.0,606,59.7,635,6.7,701+,3.1,701+,22.3,umm al qura university,QS World University Rankings 2025,International Education Costs Dataset,Excellent
USA,San Francisco,Stanford University,Data Science,Master,2.0,55000,95.2,2400,160,1500,1.0,stanford university,stanford university,stanford university,100.0,6,5,Stanford University,United States,Americas,L,FC,VH,B,100.0,5,100.0,3,100.0,12,99.0,27,70.3,284,60.8,244,96.8,45,100.0,2,81.2,148=,96.1,stanford university,QS World University Rankings 2025,International Education Costs Dataset,Excellent
USA,San Francisco,Stanford University,Data Science,Master,2.0,55000,95.2,2400,160,1500,1.0,stanford university,stanford university,stanford university,100.0,6,5,Stanford University,United States,Americas,L,FC,VH,B,100.0,5,100.0,3,100.0,12,99.0,27,70.3,284,60.8,244,96.8,45,100.0,2,81.2,148=,96.1,stanford university,QS World University Rankings 2025,International Education Costs Dataset,Excellent
USA,San Francisco,Stanford University,Data Science,Master,2.0,55000,95.2,2400,160,1500,1.0,stanford university,stanford university,stanford university,100.0,6,5,Stanford University,United States,Americas,L,FC,VH,B,100.0,5,100.0,3,100.0,12,99.0,27,70.3,284,60.8,244,96.8,45,100.0,2,81.2,148=,96.1,stanford university,QS World University Rankings 2025,International Education Costs Dataset,Excellent
USA,San Francisco,Stanford University,Data Science,Master,2.0,55000,95.2,2400,160,1500,1.0,stanford university,stanford university,stanford university,100.0,6,5,Stanford University,United States,Americas,L,FC,VH,B,100.0,5,100.0,3,100.0,12,99.0,27,70.3,284,60.8,244,96.8,45,100.0,2,81.2,148=,96.1,stanford university,QS World University Rankings 2025,International Education Costs Dataset,Excellent
USA,San Francisco,Stanford University,Data Science,Master,2.0,55000,95.2,2400,160,1500,1.0,stanford university,stanford university,stanford university,100.0,6,5,Stanford University,United States,Americas,L,FC,VH,B,100.0,5,100.0,3,100.0,12,99.0,27,70.3,284,60.8,244,96.8,45,100.0,2,81.2,148=,96.1,stanford university,QS World University Rankings 2025,International Education Costs Dataset,Excellent
UK,Leeds,University of Leeds,Computer Engineering,Master,2.0,35000,63.2,900,485,800,0.79,university of leeds,university of leeds,university of leeds,100.0,82,75,University of Leeds,United Kingdom,Europe,XL,FC,VH,A,70.5,91,75.9,83,36.4,438,39.8,355,82.5,230,88.5,132,98.8,14,50.9,251,71.8,211=,63.8,university of leeds,QS World University Rankings 2025,International Education Costs Dataset,Excellent
UK,Leeds,University of Leeds,Computer Engineering,Master,2.0,35000,63.2,900,485,800,0.79,university of leeds,university of leeds,university of leeds,100.0,82,75,University of Leeds,United Kingdom,Europe,XL,FC,VH,A,70.5,91,75.9,83,36.4,438,39.8,355,82.5,230,88.5,132,98.8,14,50.9,251,71.8,211=,63.8,university of leeds,QS World University Rankings 2025,International Education Costs Dataset,Excellent
UK,Leeds,University of Leeds,Computer Engineering,Master,2.0,35000,63.2,900,485,800,0.79,university of leeds,university of leeds,university of leeds,100.0,82,75,University of Leeds,United Kingdom,Europe,XL,FC,VH,A,70.5,91,75.9,83,36.4,438,39.8,355,82.5,230,88.5,132,98.8,14,50.9,251,71.8,211=,63.8,university of leeds,QS World University Rankings 2025,International Education Costs Dataset,Excellent
UK,Leeds,University of Leeds,Computer Engineering,Master,2.0,35000,63.2,900,485,800,0.79,university of leeds,university of leeds,university of leeds,100.0,82,75,University of Leeds,United Kingdom,Europe,XL,FC,VH,A,70.5,91,75.9,83,36.4,438,39.8,355,82.5,230,88.5,132,98.8,14,50.9,251,71.8,211=,63.8,university of leeds,QS World University Rankings 2025,International Education Costs Dataset,Excellent
Spain,Zaragoza,University of Zaragoza,Artificial Intelligence,PhD,4.0,2900,63.2,650,80,750,0.92,university of zaragoza,university of zaragoza,,,,,,,,,,,,,,,,,,,,,,,,,,,,,,,,Not Matched,International Education Costs Dataset,Unmatched
Spain,Zaragoza,University of Zaragoza,Artificial Intelligence,PhD,4.0,2900,63.2,650,80,750,0.92,university of zaragoza,university of zaragoza,,,,,,,,,,,,,,,,,,,,,,,,,,,,,,,,Not Matched,International Education Costs Dataset,Unmatched
Italy,Padua,University of Padua,Software Engineering,Master,2.0,3400,69.5,900,120,700,0.92,university of padua,university of padua,university of parma,89.47368421052632,951-1000,851-900,University of Parma,Italy,Europe,XL,FC,HI,A,9.5,601+,2.7,601+,2.9,701+,25.4,492,3.8,701+,9.1,701+,69.4,491,9.2,701+,2.3,701+,,university of parma,QS World University Rankings 2025,International Education Costs Dataset,Medium
Italy,Padua,University of Padua,Software Engineering,Master,2.0,3400,69.5,900,120,700,0.92,university of padua,university of padua,university of parma,89.47368421052632,951-1000,851-900,University of Parma,Italy,Europe,XL,FC,HI,A,9.5,601+,2.7,601+,2.9,701+,25.4,492,3.8,701+,9.1,701+,69.4,491,9.2,701+,2.3,701+,,university of parma,QS World University Rankings 2025,International Education Costs Dataset,Medium
France,Strasbourg,University of Strasbourg,Data Analytics,Master,2.0,4000,70.2,1000,99,850,0.92,university of strasbourg,university of strasbourg,universit de strasbourg,89.36170212765957,456,421,Université de Strasbourg,France,Europe,XL,FC,VH,A,39.1,219,10.3,601+,5.1,701+,20.7,549,34.2,469,35.9,384,90.7,161,20.4,558,5.4,701+,26.3,universit de strasbourg,QS World University Rankings 2025,International Education Costs Dataset,Medium
France,Strasbourg,University of Strasbourg,Data Analytics,Master,2.0,4000,70.2,1000,99,850,0.92,university of strasbourg,university of strasbourg,universit de strasbourg,89.36170212765957,456,421,Université de Strasbourg,France,Europe,XL,FC,VH,A,39.1,219,10.3,601+,5.1,701+,20.7,549,34.2,469,35.9,384,90.7,161,20.4,558,5.4,701+,26.3,universit de strasbourg,QS World University Rankings 2025,International Education Costs Dataset,Medium
France,Strasbourg,University of Strasbourg,Data Analytics,Master,2.0,4000,70.2,1000,99,850,0.92,university of strasbourg,university of strasbourg,universit de strasbourg,89.36170212765957,456,421,Université de Strasbourg,France,Europe,XL,FC,VH,A,39.1,219,10.3,601+,5.1,701+,20.7,549,34.2,469,35.9,384,90.7,161,20.4,558,5.4,701+,26.3,universit de strasbourg,QS World University Rankings 2025,International Education Costs Dataset,Medium
Malaysia,Nilai,USIM,Computer Science,Bachelor,3.0,6800,50.5,400,120,400,4.65,usim,usim,,,,,,,,,,,,,,,,,,,,,,,,,,,,,,,,Not Matched,International Education Costs Dataset,Unmatched
Saudi Arabia,Al-Ahsa,King Faisal University,Information Systems,Master,2.0,4200,64.2,600,200,800,3.75,king faisal university,king faisal university,king faisal university,100.0,761-770,851-900,King Faisal University,Saudi Arabia,Asia,L,FC,HI,A,16.4,545,12.7,601+,14.5,701+,2.7,701+,98.0,121,3.9,701+,59.3,640,8.7,701+,1.5,701+,,king faisal university,QS World University Rankings 2025,International Education Costs Dataset,Excellent
USA,Seattle,University of Washington,Software Development,PhD,5.0,50000,77.8,2000,160,1500,1.0,university of washington,university of washington,university of washington,100.0,76,63,University of Washington,United States,Americas,XL,FC,VH,A,81.9,66,55.5,150,28.6,542,78.8,119,11.0,701+,32.8,407,95.6,67,68.7,170,66.5,235,65.3,university of washington,QS World University Rankings 2025,International Education Costs Dataset,Excellent
USA,Seattle,University of Washington,Software Development,PhD,5.0,50000,77.8,2000,160,1500,1.0,university of washington,university of washington,university of washington,100.0,76,63,University of Washington,United States,Americas,XL,FC,VH,A,81.9,66,55.5,150,28.6,542,78.8,119,11.0,701+,32.8,407,95.6,67,68.7,170,66.5,235,65.3,university of washington,QS World University Rankings 2025,International Education Costs Dataset,Excellent
USA,Seattle,University of Washington,Software Development,PhD,5.0,50000,77.8,2000,160,1500,1.0,university of washington,university of washington,university of washington,100.0,76,63,University of Washington,United States,Americas,XL,FC,VH,A,81.9,66,55.5,150,28.6,542,78.8,119,11.0,701+,32.8,407,95.6,67,68.7,170,66.5,235,65.3,university of washington,QS World University Rankings 2025,International Education Costs Dataset,Excellent
USA,Seattle,University of Washington,Software Development,PhD,5.0,50000,77.8,2000,160,1500,1.0,university of washington,university of washington,university of washington,100.0,76,63,University of Washington,United States,Americas,XL,FC,VH,A,81.9,66,55.5,150,28.6,542,78.8,119,11.0,701+,32.8,407,95.6,67,68.7,170,66.5,235,65.3,university of washington,QS World University Rankings 2025,International Education Costs Dataset,Excellent
USA,Seattle,University of Washington,Software Development,PhD,5.0,50000,77.8,2000,160,1500,1.0,university of washington,university of washington,university of washington,100.0,76,63,University of Washington,United States,Americas,XL,FC,VH,A,81.9,66,55.5,150,28.6,542,78.8,119,11.0,701+,32.8,407,95.6,67,68.7,170,66.5,235,65.3,university of washington,QS World University Rankings 2025,International Education Costs Dataset,Excellent
USA,Seattle,University of Washington,Software Development,PhD,5.0,50000,77.8,2000,160,1500,1.0,university of washington,university of washington,university of washington,100.0,76,63,University of Washington,United States,Americas,XL,FC,VH,A,81.9,66,55.5,150,28.6,542,78.8,119,11.0,701+,32.8,407,95.6,67,68.7,170,66.5,235,65.3,university of washington,QS World University Rankings 2025,International Education Costs Dataset,Excellent
UK,Nottingham,University of Nottingham,Data Engineering,Master,2.0,34000,61.2,800,485,800,0.79,university of nottingham,university of nottingham,university of nottingham,100.0,108,100,University of Nottingham,United Kingdom,Europe,XL,FC,VH,A,61.1,117,65.8,116,32.8,481,37.6,368,89.4,194,70.5,208,98.0,25,38.0,339,97.0,33,58.5,university of nottingham,QS World University Rankings 2025,International Education Costs Dataset,Excellent
UK,Nottingham,University of Nottingham,Data Engineering,Master,2.0,34000,61.2,800,485,800,0.79,university of nottingham,university of nottingham,university of nottingham,100.0,108,100,University of Nottingham,United Kingdom,Europe,XL,FC,VH,A,61.1,117,65.8,116,32.8,481,37.6,368,89.4,194,70.5,208,98.0,25,38.0,339,97.0,33,58.5,university of nottingham,QS World University Rankings 2025,International Education Costs Dataset,Excellent
UK,Nottingham,University of Nottingham,Data Engineering,Master,2.0,34000,61.2,800,485,800,0.79,university of nottingham,university of nottingham,university of nottingham,100.0,108,100,University of Nottingham,United Kingdom,Europe,XL,FC,VH,A,61.1,117,65.8,116,32.8,481,37.6,368,89.4,194,70.5,208,98.0,25,38.0,339,97.0,33,58.5,university of nottingham,QS World University Rankings 2025,International Education Costs Dataset,Excellent
UK,Nottingham,University of Nottingham,Data Engineering,Master,2.0,34000,61.2,800,485,800,0.79,university of nottingham,university of nottingham,university of nottingham,100.0,108,100,University of Nottingham,United Kingdom,Europe,XL,FC,VH,A,61.1,117,65.8,116,32.8,481,37.6,368,89.4,194,70.5,208,98.0,25,38.0,339,97.0,33,58.5,university of nottingham,QS World University Rankings 2025,International Education Costs Dataset,Excellent
