country,city,university,program,level,duration_years,tuition_usd,living_cost_index,rent_usd,visa_fee_usd,insurance_usd,exchange_rate,university_key_cost,cost_university_key,matched_qs_key,match_score,rank_2025,rank_2024,institution_name,location,region,size,focus,res,status,academic_reputation_score,academic_reputation_rank,employer_reputation_score,employer_reputation_rank,faculty_student_score,faculty_student_rank,citations_per_faculty_score,citations_per_faculty_rank,international_faculty_score,international_faculty_rank,international_students_score,international_students_rank,international_research_network_score,international_research_network_rank,employment_outcomes_score,employment_outcomes_rank,sustainability_score,sustainability_rank,overall_score,university_key_qs,ranking_source,cost_source,match_quality,ranking_numeric,ranking_score,tuition_numeric,living_cost_numeric,total_estimated_cost,affordability_score,data_completeness_score,data_quality_label
USA,Cambridge,Harvard University,Computer Science,Master,2.0,55400,83.5,2200,160,1500,1.0,harvard university,harvard university,harvard university,100.0,4,4,Harvard University,United States,Americas,L,FC,VH,B,100.0,1,100.0,1,96.3,53,100.0,1,74.1,269,69.0,215,99.6,5,100.0,1,84.4,130,96.8,harvard university,QS World University Rankings 2025,International Education Costs Dataset,Excellent,4.0,99.86,55400.0,83.5,55483.5,10.66,100.0,High Quality
USA,Cambridge,Harvard University,Computer Science,Master,2.0,55400,83.5,2200,160,1500,1.0,harvard university,harvard university,harvard university,100.0,4,4,Harvard University,United States,Americas,L,FC,VH,B,100.0,1,100.0,1,96.3,53,100.0,1,74.1,269,69.0,215,99.6,5,100.0,1,84.4,130,96.8,harvard university,QS World University Rankings 2025,International Education Costs Dataset,Excellent,4.0,99.86,55400.0,83.5,55483.5,10.66,100.0,High Quality
UK,London,Imperial College London,Data Science,Master,1.0,41200,75.8,1800,485,800,0.79,imperial college london,imperial college london,imperial college london,100.0,2,6,Imperial College London,United Kingdom,Europe,L,FC,VH,A,98.5,22,99.5,11,98.2,45,93.9,54,100.0,66,99.6,44,97.4,34,93.4,61,99.7,6,98.5,imperial college london,QS World University Rankings 2025,International Education Costs Dataset,Excellent,2.0,100.0,41200.0,75.8,41275.8,33.55,100.0,High Quality
UK,London,Imperial College London,Data Science,Master,1.0,41200,75.8,1800,485,800,0.79,imperial college london,imperial college london,imperial college london,100.0,2,6,Imperial College London,United Kingdom,Europe,L,FC,VH,A,98.5,22,99.5,11,98.2,45,93.9,54,100.0,66,99.6,44,97.4,34,93.4,61,99.7,6,98.5,imperial college london,QS World University Rankings 2025,International Education Costs Dataset,Excellent,2.0,100.0,41200.0,75.8,41275.8,33.55,100.0,High Quality
UK,London,Imperial College London,Data Science,Master,1.0,41200,75.8,1800,485,800,0.79,imperial college london,imperial college london,imperial college london,100.0,2,6,Imperial College London,United Kingdom,Europe,L,FC,VH,A,98.5,22,99.5,11,98.2,45,93.9,54,100.0,66,99.6,44,97.4,34,93.4,61,99.7,6,98.5,imperial college london,QS World University Rankings 2025,International Education Costs Dataset,Excellent,2.0,100.0,41200.0,75.8,41275.8,33.55,100.0,High Quality
Canada,Toronto,University of Toronto,Business Analytics,Master,2.0,38500,72.5,1600,235,900,1.35,university of toronto,university of toronto,university of toronto,100.0,25,21,University of Toronto,Canada,Americas,XL,FC,VH,A,99.7,11,96.9,27,44.9,344,50.8,257,96.9,132,96.1,90,97.7,29,98.7,19,100.0,1,84.1,university of toronto,QS World University Rankings 2025,International Education Costs Dataset,Excellent,25.0,98.36,38500.0,72.5,38572.5,37.91,100.0,High Quality
Canada,Toronto,University of Toronto,Business Analytics,Master,2.0,38500,72.5,1600,235,900,1.35,university of toronto,university of toronto,university of toronto,100.0,25,21,University of Toronto,Canada,Americas,XL,FC,VH,A,99.7,11,96.9,27,44.9,344,50.8,257,96.9,132,96.1,90,97.7,29,98.7,19,100.0,1,84.1,university of toronto,QS World University Rankings 2025,International Education Costs Dataset,Excellent,25.0,98.36,38500.0,72.5,38572.5,37.91,100.0,High Quality
Canada,Toronto,University of Toronto,Business Analytics,Master,2.0,38500,72.5,1600,235,900,1.35,university of toronto,university of toronto,university of toronto,100.0,25,21,University of Toronto,Canada,Americas,XL,FC,VH,A,99.7,11,96.9,27,44.9,344,50.8,257,96.9,132,96.1,90,97.7,29,98.7,19,100.0,1,84.1,university of toronto,QS World University Rankings 2025,International Education Costs Dataset,Excellent,25.0,98.36,38500.0,72.5,38572.5,37.91,100.0,High Quality
Canada,Toronto,University of Toronto,Business Analytics,Master,2.0,38500,72.5,1600,235,900,1.35,university of toronto,university of toronto,university of toronto,100.0,25,21,University of Toronto,Canada,Americas,XL,FC,VH,A,99.7,11,96.9,27,44.9,344,50.8,257,96.9,132,96.1,90,97.7,29,98.7,19,100.0,1,84.1,university of toronto,QS World University Rankings 2025,International Education Costs Dataset,Excellent,25.0,98.36,38500.0,72.5,38572.5,37.91,100.0,High Quality
Australia,Melbourne,University of Melbourne,Engineering,Master,2.0,42000,71.2,1400,450,650,1.52,university of melbourne,university of melbourne,the university of melbourne,92.0,13,14,The University of Melbourne,Australia,Oceania,XL,FC,VH,A,98.5,21,93.9,39,15.4,701+,93.0,62,95.1,148,99.8,39,97.4,33,96.5,39,99.6,9,88.9,the university of melbourne,QS World University Rankings 2025,International Education Costs Dataset,High,13.0,99.21,42000.0,71.2,42071.2,32.27,100.0,High Quality
Australia,Melbourne,University of Melbourne,Engineering,Master,2.0,42000,71.2,1400,450,650,1.52,university of melbourne,university of melbourne,the university of melbourne,92.0,13,14,The University of Melbourne,Australia,Oceania,XL,FC,VH,A,98.5,21,93.9,39,15.4,701+,93.0,62,95.1,148,99.8,39,97.4,33,96.5,39,99.6,9,88.9,the university of melbourne,QS World University Rankings 2025,International Education Costs Dataset,High,13.0,99.21,42000.0,71.2,42071.2,32.27,100.0,High Quality
Australia,Melbourne,University of Melbourne,Engineering,Master,2.0,42000,71.2,1400,450,650,1.52,university of melbourne,university of melbourne,the university of melbourne,92.0,13,14,The University of Melbourne,Australia,Oceania,XL,FC,VH,A,98.5,21,93.9,39,15.4,701+,93.0,62,95.1,148,99.8,39,97.4,33,96.5,39,99.6,9,88.9,the university of melbourne,QS World University Rankings 2025,International Education Costs Dataset,High,13.0,99.21,42000.0,71.2,42071.2,32.27,100.0,High Quality
Australia,Melbourne,University of Melbourne,Engineering,Master,2.0,42000,71.2,1400,450,650,1.52,university of melbourne,university of melbourne,the university of melbourne,92.0,13,14,The University of Melbourne,Australia,Oceania,XL,FC,VH,A,98.5,21,93.9,39,15.4,701+,93.0,62,95.1,148,99.8,39,97.4,33,96.5,39,99.6,9,88.9,the university of melbourne,QS World University Rankings 2025,International Education Costs Dataset,High,13.0,99.21,42000.0,71.2,42071.2,32.27,100.0,High Quality
Australia,Melbourne,University of Melbourne,Engineering,Master,2.0,42000,71.2,1400,450,650,1.52,university of melbourne,university of melbourne,the university of melbourne,92.0,13,14,The University of Melbourne,Australia,Oceania,XL,FC,VH,A,98.5,21,93.9,39,15.4,701+,93.0,62,95.1,148,99.8,39,97.4,33,96.5,39,99.6,9,88.9,the university of melbourne,QS World University Rankings 2025,International Education Costs Dataset,High,13.0,99.21,42000.0,71.2,42071.2,32.27,100.0,High Quality
Germany,Munich,Technical University of Munich,Mechanical Engineering,Master,2.0,500,70.5,1100,75,550,0.92,technical university of munich,technical university of munich,technical university of munich,100.0,28,37,Technical University of Munich,Germany,Europe,XL,FO,VH,A,83.0,61,98.6,17,76.8,155,75.9,133,80.4,236,98.6,64,95.6,68,34.5,365,93.1,70,83.2,technical university of munich,QS World University Rankings 2025,International Education Costs Dataset,Excellent,28.0,98.14,500.0,70.5,570.5,99.14,100.0,High Quality
Japan,Tokyo,University of Tokyo,Information Science,Master,2.0,8900,76.4,1300,220,750,145.8,university of tokyo,university of tokyo,the university of tokyo,90.47619047619048,32,28,The University of Tokyo,Japan,Asia,L,FC,VH,A,100.0,7,99.8,9,89.3,89,57.3,215,10.1,701+,29.7,432,87.4,207,99.9,10,98.3,22,82.1,the university of tokyo,QS World University Rankings 2025,International Education Costs Dataset,High,32.0,97.86,8900.0,76.4,8976.4,85.6,100.0,High Quality
Netherlands,Amsterdam,University of Amsterdam,Artificial Intelligence,Master,1.0,15800,73.2,1500,180,720,0.92,university of amsterdam,university of amsterdam,university of amsterdam,100.0,55,53,University of Amsterdam,Netherlands,Europe,XL,FC,VH,A,83.8,60,52.1,163,21.4,648,92.2,67,96.0,139,87.5,138,96.3,50,79.8,124,38.2,384=,73.7,university of amsterdam,QS World University Rankings 2025,International Education Costs Dataset,Excellent,55.0,96.21,15800.0,73.2,15873.2,74.48,100.0,High Quality
Netherlands,Amsterdam,University of Amsterdam,Artificial Intelligence,Master,1.0,15800,73.2,1500,180,720,0.92,university of amsterdam,university of amsterdam,university of amsterdam,100.0,55,53,University of Amsterdam,Netherlands,Europe,XL,FC,VH,A,83.8,60,52.1,163,21.4,648,92.2,67,96.0,139,87.5,138,96.3,50,79.8,124,38.2,384=,73.7,university of amsterdam,QS World University Rankings 2025,International Education Costs Dataset,Excellent,55.0,96.21,15800.0,73.2,15873.2,74.48,100.0,High Quality
Singapore,Singapore,National University of Singapore,Finance,Master,1.5,35000,81.1,1900,90,800,1.34,national university of singapore,national university of singapore,national university of singapore nus,94.11764705882352,8,8,National University of Singapore (NUS),Singapore,Asia,XL,FC,VH,A,99.5,15,91.1,48,68.8,189,93.1,61,100.0,41,88.9,129,91.6,146,100.0,6,97.7,26=,93.7,national university of singapore nus,QS World University Rankings 2025,International Education Costs Dataset,High,8.0,99.57,35000.0,81.1,35081.1,43.53,100.0,High Quality
Singapore,Singapore,National University of Singapore,Finance,Master,1.5,35000,81.1,1900,90,800,1.34,national university of singapore,national university of singapore,national university of singapore nus,94.11764705882352,8,8,National University of Singapore (NUS),Singapore,Asia,XL,FC,VH,A,99.5,15,91.1,48,68.8,189,93.1,61,100.0,41,88.9,129,91.6,146,100.0,6,97.7,26=,93.7,national university of singapore nus,QS World University Rankings 2025,International Education Costs Dataset,High,8.0,99.57,35000.0,81.1,35081.1,43.53,100.0,High Quality
France,Paris,Sorbonne University,International Relations,Master,2.0,4500,74.6,1400,99,650,0.92,sorbonne university,sorbonne university,sorbonne university,100.0,63,59,Sorbonne University,France,Europe,XL,FC,VH,A,87.2,49,52.0,166,43.0,363,72.3,144,33.8,471,46.7,315,99.8,4,79.7,125,87.6,111,70.3,sorbonne university,QS World University Rankings 2025,International Education Costs Dataset,Excellent,63.0,95.64,4500.0,74.6,4574.6,92.69,100.0,High Quality
France,Paris,Sorbonne University,International Relations,Master,2.0,4500,74.6,1400,99,650,0.92,sorbonne university,sorbonne university,sorbonne university,100.0,63,59,Sorbonne University,France,Europe,XL,FC,VH,A,87.2,49,52.0,166,43.0,363,72.3,144,33.8,471,46.7,315,99.8,4,79.7,125,87.6,111,70.3,sorbonne university,QS World University Rankings 2025,International Education Costs Dataset,Excellent,63.0,95.64,4500.0,74.6,4574.6,92.69,100.0,High Quality
France,Paris,Sorbonne University,International Relations,Master,2.0,4500,74.6,1400,99,650,0.92,sorbonne university,sorbonne university,sorbonne university,100.0,63,59,Sorbonne University,France,Europe,XL,FC,VH,A,87.2,49,52.0,166,43.0,363,72.3,144,33.8,471,46.7,315,99.8,4,79.7,125,87.6,111,70.3,sorbonne university,QS World University Rankings 2025,International Education Costs Dataset,Excellent,63.0,95.64,4500.0,74.6,4574.6,92.69,100.0,High Quality
Switzerland,Zurich,ETH Zurich,Physics,Master,2.0,1460,91.5,2100,88,1200,0.89,eth zurich,eth zurich,,,,,,,,,,,,,,,,,,,,,,,,,,,,,,,,Not Matched,International Education Costs Dataset,Unmatched,,,1460.0,91.5,1551.5,97.56,75.0,High Quality
Switzerland,Zurich,ETH Zurich,Physics,Master,2.0,1460,91.5,2100,88,1200,0.89,eth zurich,eth zurich,,,,,,,,,,,,,,,,,,,,,,,,,,,,,,,,Not Matched,International Education Costs Dataset,Unmatched,,,1460.0,91.5,1551.5,97.56,75.0,High Quality
Sweden,Stockholm,KTH Royal Institute,Sustainable Technology,Master,2.0,0,71.8,1200,110,400,10.45,kth royal institute,kth royal institute,,,,,,,,,,,,,,,,,,,,,,,,,,,,,,,,Not Matched,International Education Costs Dataset,Unmatched,,,0.0,71.8,71.8,99.94,75.0,High Quality
Sweden,Stockholm,KTH Royal Institute,Sustainable Technology,Master,2.0,0,71.8,1200,110,400,10.45,kth royal institute,kth royal institute,,,,,,,,,,,,,,,,,,,,,,,,,,,,,,,,Not Matched,International Education Costs Dataset,Unmatched,,,0.0,71.8,71.8,99.94,75.0,High Quality
Denmark,Copenhagen,University of Copenhagen,Bioinformatics,Master,2.0,0,73.4,1300,120,450,6.92,university of copenhagen,university of copenhagen,university of copenhagen,100.0,100,107,University of Copenhagen,Denmark,Europe,XL,FC,VH,A,74.0,83,31.6,299,99.8,27,23.1,519,84.9,221,15.6,613,98.2,22,90.8,72,73.2,198=,59.6,university of copenhagen,QS World University Rankings 2025,International Education Costs Dataset,Excellent,100.0,92.99,0.0,73.4,73.4,99.94,100.0,High Quality
Denmark,Copenhagen,University of Copenhagen,Bioinformatics,Master,2.0,0,73.4,1300,120,450,6.92,university of copenhagen,university of copenhagen,university of copenhagen,100.0,100,107,University of Copenhagen,Denmark,Europe,XL,FC,VH,A,74.0,83,31.6,299,99.8,27,23.1,519,84.9,221,15.6,613,98.2,22,90.8,72,73.2,198=,59.6,university of copenhagen,QS World University Rankings 2025,International Education Costs Dataset,Excellent,100.0,92.99,0.0,73.4,73.4,99.94,100.0,High Quality
Denmark,Copenhagen,University of Copenhagen,Bioinformatics,Master,2.0,0,73.4,1300,120,450,6.92,university of copenhagen,university of copenhagen,university of copenhagen,100.0,100,107,University of Copenhagen,Denmark,Europe,XL,FC,VH,A,74.0,83,31.6,299,99.8,27,23.1,519,84.9,221,15.6,613,98.2,22,90.8,72,73.2,198=,59.6,university of copenhagen,QS World University Rankings 2025,International Education Costs Dataset,Excellent,100.0,92.99,0.0,73.4,73.4,99.94,100.0,High Quality
Denmark,Copenhagen,University of Copenhagen,Bioinformatics,Master,2.0,0,73.4,1300,120,450,6.92,university of copenhagen,university of copenhagen,university of copenhagen,100.0,100,107,University of Copenhagen,Denmark,Europe,XL,FC,VH,A,74.0,83,31.6,299,99.8,27,23.1,519,84.9,221,15.6,613,98.2,22,90.8,72,73.2,198=,59.6,university of copenhagen,QS World University Rankings 2025,International Education Costs Dataset,Excellent,100.0,92.99,0.0,73.4,73.4,99.94,100.0,High Quality
China,Beijing,Tsinghua University,Computer Engineering,Master,2.5,8900,52.3,800,140,400,7.18,tsinghua university,tsinghua university,tsinghua university,100.0,20,25,Tsinghua University,China (Mainland),Asia,XL,FC,VH,A,99.2,16,97.7,22,95.0,62,99.1,26,18.1,623,13.4,654,79.2,337,92.3,68,40.4,363=,86.5,tsinghua university,QS World University Rankings 2025,International Education Costs Dataset,Excellent,20.0,98.71,8900.0,52.3,8952.3,85.63,100.0,High Quality
China,Beijing,Tsinghua University,Computer Engineering,Master,2.5,8900,52.3,800,140,400,7.18,tsinghua university,tsinghua university,tsinghua university,100.0,20,25,Tsinghua University,China (Mainland),Asia,XL,FC,VH,A,99.2,16,97.7,22,95.0,62,99.1,26,18.1,623,13.4,654,79.2,337,92.3,68,40.4,363=,86.5,tsinghua university,QS World University Rankings 2025,International Education Costs Dataset,Excellent,20.0,98.71,8900.0,52.3,8952.3,85.63,100.0,High Quality
South Korea,Seoul,Seoul National University,Digital Media,Master,2.0,7200,68.7,900,130,500,1320.5,seoul national university,seoul national university,seoul national university,100.0,31,41,Seoul National University,South Korea,Asia,L,FC,VH,A,98.5,20,98.6,16,83.1,117,71.7,151,10.5,701+,16.9,586,73.2,435,100.0,4,96.0,46=,82.3,seoul national university,QS World University Rankings 2025,International Education Costs Dataset,Excellent,31.0,97.93,7200.0,68.7,7268.7,88.35,100.0,High Quality
South Korea,Seoul,Seoul National University,Digital Media,Master,2.0,7200,68.7,900,130,500,1320.5,seoul national university,seoul national university,seoul national university,100.0,31,41,Seoul National University,South Korea,Asia,L,FC,VH,A,98.5,20,98.6,16,83.1,117,71.7,151,10.5,701+,16.9,586,73.2,435,100.0,4,96.0,46=,82.3,seoul national university,QS World University Rankings 2025,International Education Costs Dataset,Excellent,31.0,97.93,7200.0,68.7,7268.7,88.35,100.0,High Quality
Ireland,Dublin,Trinity College Dublin,Data Analytics,Master,1.0,28900,72.9,1600,150,650,0.92,trinity college dublin,trinity college dublin,,,,,,,,,,,,,,,,,,,,,,,,,,,,,,,,Not Matched,International Education Costs Dataset,Unmatched,,,28900.0,72.9,28972.9,53.38,75.0,High Quality
Ireland,Dublin,Trinity College Dublin,Data Analytics,Master,1.0,28900,72.9,1600,150,650,0.92,trinity college dublin,trinity college dublin,,,,,,,,,,,,,,,,,,,,,,,,,,,,,,,,Not Matched,International Education Costs Dataset,Unmatched,,,28900.0,72.9,28972.9,53.38,75.0,High Quality
South Korea,Busan,Pusan National University,Business,Bachelor,4.0,5900,62.4,700,130,500,1320.5,pusan national university,pusan national university,pusan national university,100.0,524,611-620,Pusan National University,South Korea,Asia,L,FC,VH,A,18.7,482,16.5,516,43.5,359,19.5,562,10.5,701+,13.7,646,57.7,657,13.8,700,65.0,241=,23.4,pusan national university,QS World University Rankings 2025,International Education Costs Dataset,Excellent,524.0,62.69,5900.0,62.4,5962.4,90.45,100.0,High Quality
South Korea,Busan,Pusan National University,Business,Bachelor,4.0,5900,62.4,700,130,500,1320.5,pusan national university,pusan national university,pusan national university,100.0,524,611-620,Pusan National University,South Korea,Asia,L,FC,VH,A,18.7,482,16.5,516,43.5,359,19.5,562,10.5,701+,13.7,646,57.7,657,13.8,700,65.0,241=,23.4,pusan national university,QS World University Rankings 2025,International Education Costs Dataset,Excellent,524.0,62.69,5900.0,62.4,5962.4,90.45,100.0,High Quality
New Zealand,Auckland,University of Auckland,Marine Biology,Bachelor,3.0,28500,69.8,1200,245,600,1.64,university of auckland,university of auckland,the university of auckland,91.66666666666666,65,68,The University of Auckland,New Zealand,Oceania,XL,FC,VH,A,82.2,65,44.7,205,15.5,701+,66.9,166,100.0,76,84.0,156,87.4,206,92.9,64,99.7,5,69.7,the university of auckland,QS World University Rankings 2025,International Education Costs Dataset,High,65.0,95.5,28500.0,69.8,28569.8,54.03,100.0,High Quality
New Zealand,Auckland,University of Auckland,Marine Biology,Bachelor,3.0,28500,69.8,1200,245,600,1.64,university of auckland,university of auckland,the university of auckland,91.66666666666666,65,68,The University of Auckland,New Zealand,Oceania,XL,FC,VH,A,82.2,65,44.7,205,15.5,701+,66.9,166,100.0,76,84.0,156,87.4,206,92.9,64,99.7,5,69.7,the university of auckland,QS World University Rankings 2025,International Education Costs Dataset,High,65.0,95.5,28500.0,69.8,28569.8,54.03,100.0,High Quality
Austria,Vienna,University of Vienna,Social Sciences,Bachelor,3.0,1500,67.4,950,160,500,0.92,university of vienna,university of vienna,university of vienna,100.0,137,130,University of Vienna,Austria,Europe,XL,FC,VH,A,70.9,89,40.4,235,23.2,619,13.0,667,100.0,70,92.0,109,96.0,57,89.7,78,60.9,265,53.9,university of vienna,QS World University Rankings 2025,International Education Costs Dataset,Excellent,137.0,90.35,1500.0,67.4,1567.4,97.53,100.0,High Quality
Belgium,Brussels,KU Leuven,Biomedical Sciences,Bachelor,3.0,3500,68.9,1000,180,550,0.92,ku leuven,ku leuven,ku leuven,100.0,63,61,KU Leuven,Belgium,Europe,XL,FC,VH,A,84.6,55,49.6,181,7.1,701+,91.0,72,93.8,163,47.7,305,99.5,8,75.3,139,51.2,313=,70.3,ku leuven,QS World University Rankings 2025,International Education Costs Dataset,Excellent,63.0,95.64,3500.0,68.9,3568.9,94.31,100.0,High Quality
Belgium,Brussels,KU Leuven,Biomedical Sciences,Bachelor,3.0,3500,68.9,1000,180,550,0.92,ku leuven,ku leuven,ku leuven,100.0,63,61,KU Leuven,Belgium,Europe,XL,FC,VH,A,84.6,55,49.6,181,7.1,701+,91.0,72,93.8,163,47.7,305,99.5,8,75.3,139,51.2,313=,70.3,ku leuven,QS World University Rankings 2025,International Education Costs Dataset,Excellent,63.0,95.64,3500.0,68.9,3568.9,94.31,100.0,High Quality
USA,Ann Arbor,University of Michigan,Aerospace Engineering,Bachelor,4.0,52300,72.5,1800,160,1500,1.0,university of michigan,university of michigan,university of milan,87.8048780487805,285,276,University of Milan,Italy,Europe,XL,FC,VH,A,52.8,152,17.0,505,6.4,701+,39.6,356,6.5,701+,6.8,701+,85.5,239,44.1,290,74.8,190=,37.2,university of milan,QS World University Rankings 2025,International Education Costs Dataset,Medium,285.0,79.77,52300.0,72.5,52372.5,15.67,100.0,High Quality
USA,Ann Arbor,University of Michigan,Aerospace Engineering,Bachelor,4.0,52300,72.5,1800,160,1500,1.0,university of michigan,university of michigan,university of milan,87.8048780487805,285,276,University of Milan,Italy,Europe,XL,FC,VH,A,52.8,152,17.0,505,6.4,701+,39.6,356,6.5,701+,6.8,701+,85.5,239,44.1,290,74.8,190=,37.2,university of milan,QS World University Rankings 2025,International Education Costs Dataset,Medium,285.0,79.77,52300.0,72.5,52372.5,15.67,100.0,High Quality
USA,Atlanta,Georgia Tech,Industrial Engineering,Bachelor,4.0,43800,71.5,1700,160,1500,1.0,georgia technology,georgia technology,,,,,,,,,,,,,,,,,,,,,,,,,,,,,,,,Not Matched,International Education Costs Dataset,Unmatched,,,43800.0,71.5,43871.5,29.37,75.0,High Quality
USA,Atlanta,Georgia Tech,Industrial Engineering,Bachelor,4.0,43800,71.5,1700,160,1500,1.0,georgia technology,georgia technology,,,,,,,,,,,,,,,,,,,,,,,,,,,,,,,,Not Matched,International Education Costs Dataset,Unmatched,,,43800.0,71.5,43871.5,29.37,75.0,High Quality
USA,Atlanta,Georgia Tech,Industrial Engineering,Bachelor,4.0,43800,71.5,1700,160,1500,1.0,georgia technology,georgia technology,,,,,,,,,,,,,,,,,,,,,,,,,,,,,,,,Not Matched,International Education Costs Dataset,Unmatched,,,43800.0,71.5,43871.5,29.37,75.0,High Quality
USA,Atlanta,Georgia Tech,Industrial Engineering,Bachelor,4.0,43800,71.5,1700,160,1500,1.0,georgia technology,georgia technology,,,,,,,,,,,,,,,,,,,,,,,,,,,,,,,,Not Matched,International Education Costs Dataset,Unmatched,,,43800.0,71.5,43871.5,29.37,75.0,High Quality
USA,Austin,UT Austin,Chemical Engineering,Bachelor,4.0,40900,72.4,1600,160,1500,1.0,ut austin,ut austin,,,,,,,,,,,,,,,,,,,,,,,,,,,,,,,,Not Matched,International Education Costs Dataset,Unmatched,,,40900.0,72.4,40972.4,34.04,75.0,High Quality
USA,Austin,UT Austin,Chemical Engineering,Bachelor,4.0,40900,72.4,1600,160,1500,1.0,ut austin,ut austin,,,,,,,,,,,,,,,,,,,,,,,,,,,,,,,,Not Matched,International Education Costs Dataset,Unmatched,,,40900.0,72.4,40972.4,34.04,75.0,High Quality
USA,Austin,UT Austin,Chemical Engineering,Bachelor,4.0,40900,72.4,1600,160,1500,1.0,ut austin,ut austin,,,,,,,,,,,,,,,,,,,,,,,,,,,,,,,,Not Matched,International Education Costs Dataset,Unmatched,,,40900.0,72.4,40972.4,34.04,75.0,High Quality
USA,Austin,UT Austin,Chemical Engineering,Bachelor,4.0,40900,72.4,1600,160,1500,1.0,ut austin,ut austin,,,,,,,,,,,,,,,,,,,,,,,,,,,,,,,,Not Matched,International Education Costs Dataset,Unmatched,,,40900.0,72.4,40972.4,34.04,75.0,High Quality
UK,Bristol,University of Bristol,Mathematics,Bachelor,3.0,31200,69.8,1100,485,800,0.79,university of bristol,university of bristol,university of bristol,100.0,54,55,University of Bristol,United Kingdom,Europe,L,FC,VH,A,75.8,78,82.5,69,36.7,437,75.9,134,87.5,206,89.8,121,94.6,84,51.2,250,98.9,17,75.4,university of bristol,QS World University Rankings 2025,International Education Costs Dataset,Excellent,54.0,96.28,31200.0,69.8,31269.8,49.68,100.0,High Quality
UK,Bristol,University of Bristol,Mathematics,Bachelor,3.0,31200,69.8,1100,485,800,0.79,university of bristol,university of bristol,university of bristol,100.0,54,55,University of Bristol,United Kingdom,Europe,L,FC,VH,A,75.8,78,82.5,69,36.7,437,75.9,134,87.5,206,89.8,121,94.6,84,51.2,250,98.9,17,75.4,university of bristol,QS World University Rankings 2025,International Education Costs Dataset,Excellent,54.0,96.28,31200.0,69.8,31269.8,49.68,100.0,High Quality
UK,Bristol,University of Bristol,Mathematics,Bachelor,3.0,31200,69.8,1100,485,800,0.79,university of bristol,university of bristol,university of bristol,100.0,54,55,University of Bristol,United Kingdom,Europe,L,FC,VH,A,75.8,78,82.5,69,36.7,437,75.9,134,87.5,206,89.8,121,94.6,84,51.2,250,98.9,17,75.4,university of bristol,QS World University Rankings 2025,International Education Costs Dataset,Excellent,54.0,96.28,31200.0,69.8,31269.8,49.68,100.0,High Quality
UK,Bristol,University of Bristol,Mathematics,Bachelor,3.0,31200,69.8,1100,485,800,0.79,university of bristol,university of bristol,university of bristol,100.0,54,55,University of Bristol,United Kingdom,Europe,L,FC,VH,A,75.8,78,82.5,69,36.7,437,75.9,134,87.5,206,89.8,121,94.6,84,51.2,250,98.9,17,75.4,university of bristol,QS World University Rankings 2025,International Education Costs Dataset,Excellent,54.0,96.28,31200.0,69.8,31269.8,49.68,100.0,High Quality
Canada,Ottawa,University of Ottawa,Political Science,Bachelor,4.0,28900,68.5,1300,235,900,1.35,university of ottawa,university of ottawa,university of ottawa,100.0,189,203,University of Ottawa,Canada,Americas,XL,FC,VH,A,26.2,340,23.3,406,3.5,701+,81.3,106,91.7,179,77.8,181,93.0,119,39.8,323,92.9,72,47.3,university of ottawa,QS World University Rankings 2025,International Education Costs Dataset,Excellent,189.0,86.63,28900.0,68.5,28968.5,53.38,100.0,High Quality
Canada,Ottawa,University of Ottawa,Political Science,Bachelor,4.0,28900,68.5,1300,235,900,1.35,university of ottawa,university of ottawa,university of ottawa,100.0,189,203,University of Ottawa,Canada,Americas,XL,FC,VH,A,26.2,340,23.3,406,3.5,701+,81.3,106,91.7,179,77.8,181,93.0,119,39.8,323,92.9,72,47.3,university of ottawa,QS World University Rankings 2025,International Education Costs Dataset,Excellent,189.0,86.63,28900.0,68.5,28968.5,53.38,100.0,High Quality
Canada,Ottawa,University of Ottawa,Political Science,Bachelor,4.0,28900,68.5,1300,235,900,1.35,university of ottawa,university of ottawa,university of ottawa,100.0,189,203,University of Ottawa,Canada,Americas,XL,FC,VH,A,26.2,340,23.3,406,3.5,701+,81.3,106,91.7,179,77.8,181,93.0,119,39.8,323,92.9,72,47.3,university of ottawa,QS World University Rankings 2025,International Education Costs Dataset,Excellent,189.0,86.63,28900.0,68.5,28968.5,53.38,100.0,High Quality
Canada,Ottawa,University of Ottawa,Political Science,Bachelor,4.0,28900,68.5,1300,235,900,1.35,university of ottawa,university of ottawa,university of ottawa,100.0,189,203,University of Ottawa,Canada,Americas,XL,FC,VH,A,26.2,340,23.3,406,3.5,701+,81.3,106,91.7,179,77.8,181,93.0,119,39.8,323,92.9,72,47.3,university of ottawa,QS World University Rankings 2025,International Education Costs Dataset,Excellent,189.0,86.63,28900.0,68.5,28968.5,53.38,100.0,High Quality
Hong Kong,Hong Kong,HKUST,Finance,Bachelor,4.0,22000,78.6,1500,120,600,7.82,hkust,hkust,,,,,,,,,,,,,,,,,,,,,,,,,,,,,,,,Not Matched,International Education Costs Dataset,Unmatched,,,22000.0,78.6,22078.6,64.48,75.0,High Quality
Portugal,Lisbon,University of Lisbon,Architecture,Bachelor,3.0,3500,58.4,800,120,450,0.92,university of lisbon,university of lisbon,university of lisbon,100.0,260,266,University of Lisbon,Portugal,Europe,XL,FC,VH,A,44.0,193,20.7,443,10.7,701+,36.5,376,9.0,701+,39.4,356,98.2,23,94.0,57,70.9,217=,39.6,university of lisbon,QS World University Rankings 2025,International Education Costs Dataset,Excellent,260.0,81.56,3500.0,58.4,3558.4,94.33,100.0,High Quality
Portugal,Lisbon,University of Lisbon,Architecture,Bachelor,3.0,3500,58.4,800,120,450,0.92,university of lisbon,university of lisbon,university of lisbon,100.0,260,266,University of Lisbon,Portugal,Europe,XL,FC,VH,A,44.0,193,20.7,443,10.7,701+,36.5,376,9.0,701+,39.4,356,98.2,23,94.0,57,70.9,217=,39.6,university of lisbon,QS World University Rankings 2025,International Education Costs Dataset,Excellent,260.0,81.56,3500.0,58.4,3558.4,94.33,100.0,High Quality
Israel,Tel Aviv,Tel Aviv University,Computer Science,Bachelor,3.0,12000,76.2,1200,150,800,3.72,tel aviv university,tel aviv university,tel aviv university,100.0,209,215,Tel Aviv University,Israel,Asia,L,FC,VH,A,32.0,275,18.6,474,4.2,701+,99.4,20,39.7,419,7.0,701+,77.9,362,88.4,85,46.2,334=,45.2,tel aviv university,QS World University Rankings 2025,International Education Costs Dataset,Excellent,209.0,85.2,12000.0,76.2,12076.2,80.6,100.0,High Quality
Taiwan,Taipei,National Taiwan University,Electronics Engineering,Bachelor,4.0,5200,62.8,700,140,450,31.2,national taiwan university,national taiwan university,national taiwan university ntu,92.85714285714286,68,69,National Taiwan University (NTU),Taiwan,Asia,XL,FC,VH,A,93.4,39,92.1,44,25.5,583,44.3,310,16.7,644,27.4,451,71.5,459,99.9,11,90.0,94=,68.7,national taiwan university ntu,QS World University Rankings 2025,International Education Costs Dataset,High,68.0,95.28,5200.0,62.8,5262.8,91.58,100.0,High Quality
Czech Republic,Prague,Charles University,Medicine,Bachelor,3.0,9800,54.6,650,100,400,22.5,charles university,charles university,charles university,100.0,246,248,Charles University,Czech Republic,Europe,XL,FC,VH,A,45.6,182,49.1,183,32.2,491,8.0,701+,25.0,535,50.5,291,96.3,51,65.5,178,77.4,173=,41.0,charles university,QS World University Rankings 2025,International Education Costs Dataset,Excellent,246.0,82.56,9800.0,54.6,9854.6,84.18,100.0,High Quality
USA,Stanford,Stanford University,Computer Science,PhD,5.0,54200,89.5,2300,160,1500,1.0,stanford university,stanford university,stanford university,100.0,6,5,Stanford University,United States,Americas,L,FC,VH,B,100.0,5,100.0,3,100.0,12,99.0,27,70.3,284,60.8,244,96.8,45,100.0,2,81.2,148=,96.1,stanford university,QS World University Rankings 2025,International Education Costs Dataset,Excellent,6.0,99.71,54200.0,89.5,54289.5,12.58,100.0,High Quality
USA,Stanford,Stanford University,Computer Science,PhD,5.0,54200,89.5,2300,160,1500,1.0,stanford university,stanford university,stanford university,100.0,6,5,Stanford University,United States,Americas,L,FC,VH,B,100.0,5,100.0,3,100.0,12,99.0,27,70.3,284,60.8,244,96.8,45,100.0,2,81.2,148=,96.1,stanford university,QS World University Rankings 2025,International Education Costs Dataset,Excellent,6.0,99.71,54200.0,89.5,54289.5,12.58,100.0,High Quality
USA,Stanford,Stanford University,Computer Science,PhD,5.0,54200,89.5,2300,160,1500,1.0,stanford university,stanford university,stanford university,100.0,6,5,Stanford University,United States,Americas,L,FC,VH,B,100.0,5,100.0,3,100.0,12,99.0,27,70.3,284,60.8,244,96.8,45,100.0,2,81.2,148=,96.1,stanford university,QS World University Rankings 2025,International Education Costs Dataset,Excellent,6.0,99.71,54200.0,89.5,54289.5,12.58,100.0,High Quality
USA,Stanford,Stanford University,Computer Science,PhD,5.0,54200,89.5,2300,160,1500,1.0,stanford university,stanford university,stanford university,100.0,6,5,Stanford University,United States,Americas,L,FC,VH,B,100.0,5,100.0,3,100.0,12,99.0,27,70.3,284,60.8,244,96.8,45,100.0,2,81.2,148=,96.1,stanford university,QS World University Rankings 2025,International Education Costs Dataset,Excellent,6.0,99.71,54200.0,89.5,54289.5,12.58,100.0,High Quality
USA,Stanford,Stanford University,Computer Science,PhD,5.0,54200,89.5,2300,160,1500,1.0,stanford university,stanford university,stanford university,100.0,6,5,Stanford University,United States,Americas,L,FC,VH,B,100.0,5,100.0,3,100.0,12,99.0,27,70.3,284,60.8,244,96.8,45,100.0,2,81.2,148=,96.1,stanford university,QS World University Rankings 2025,International Education Costs Dataset,Excellent,6.0,99.71,54200.0,89.5,54289.5,12.58,100.0,High Quality
USA,Boston,MIT,Electrical Engineering,PhD,5.0,53800,83.2,2200,160,1500,1.0,mit,mit,,,,,,,,,,,,,,,,,,,,,,,,,,,,,,,,Not Matched,International Education Costs Dataset,Unmatched,,,53800.0,83.2,53883.2,13.24,75.0,High Quality
USA,Boston,MIT,Electrical Engineering,PhD,5.0,53800,83.2,2200,160,1500,1.0,mit,mit,,,,,,,,,,,,,,,,,,,,,,,,,,,,,,,,Not Matched,International Education Costs Dataset,Unmatched,,,53800.0,83.2,53883.2,13.24,75.0,High Quality
USA,Boston,MIT,Electrical Engineering,PhD,5.0,53800,83.2,2200,160,1500,1.0,mit,mit,,,,,,,,,,,,,,,,,,,,,,,,,,,,,,,,Not Matched,International Education Costs Dataset,Unmatched,,,53800.0,83.2,53883.2,13.24,75.0,High Quality
UK,Oxford,University of Oxford,Biomedical Sciences,PhD,4.0,29800,74.5,1600,485,800,0.79,university of oxford,university of oxford,university of oxford,100.0,3,3,University of Oxford,United Kingdom,Europe,L,FC,VH,A,100.0,2,100.0,5,100.0,8,84.8,93,98.1,120,97.7,73,100.0,1,100.0,3,85.0,126,96.9,university of oxford,QS World University Rankings 2025,International Education Costs Dataset,Excellent,3.0,99.93,29800.0,74.5,29874.5,51.92,100.0,High Quality
UK,Oxford,University of Oxford,Biomedical Sciences,PhD,4.0,29800,74.5,1600,485,800,0.79,university of oxford,university of oxford,university of oxford,100.0,3,3,University of Oxford,United Kingdom,Europe,L,FC,VH,A,100.0,2,100.0,5,100.0,8,84.8,93,98.1,120,97.7,73,100.0,1,100.0,3,85.0,126,96.9,university of oxford,QS World University Rankings 2025,International Education Costs Dataset,Excellent,3.0,99.93,29800.0,74.5,29874.5,51.92,100.0,High Quality
UK,Oxford,University of Oxford,Biomedical Sciences,PhD,4.0,29800,74.5,1600,485,800,0.79,university of oxford,university of oxford,university of oxford,100.0,3,3,University of Oxford,United Kingdom,Europe,L,FC,VH,A,100.0,2,100.0,5,100.0,8,84.8,93,98.1,120,97.7,73,100.0,1,100.0,3,85.0,126,96.9,university of oxford,QS World University Rankings 2025,International Education Costs Dataset,Excellent,3.0,99.93,29800.0,74.5,29874.5,51.92,100.0,High Quality
UK,Oxford,University of Oxford,Biomedical Sciences,PhD,4.0,29800,74.5,1600,485,800,0.79,university of oxford,university of oxford,university of oxford,100.0,3,3,University of Oxford,United Kingdom,Europe,L,FC,VH,A,100.0,2,100.0,5,100.0,8,84.8,93,98.1,120,97.7,73,100.0,1,100.0,3,85.0,126,96.9,university of oxford,QS World University Rankings 2025,International Education Costs Dataset,Excellent,3.0,99.93,29800.0,74.5,29874.5,51.92,100.0,High Quality
UK,Cambridge,University of Cambridge,Physics,PhD,4.0,31200,75.2,1700,485,800,0.79,university of cambridge,university of cambridge,university of cambridge,100.0,5,2,University of Cambridge,United Kingdom,Europe,L,FC,VH,A,100.0,3,100.0,4,100.0,17,84.6,96,100.0,73,94.8,98,99.3,10,100.0,5,84.8,127=,96.7,university of cambridge,QS World University Rankings 2025,International Education Costs Dataset,Excellent,5.0,99.79,31200.0,75.2,31275.2,49.67,100.0,High Quality
UK,Cambridge,University of Cambridge,Physics,PhD,4.0,31200,75.2,1700,485,800,0.79,university of cambridge,university of cambridge,university of cambridge,100.0,5,2,University of Cambridge,United Kingdom,Europe,L,FC,VH,A,100.0,3,100.0,4,100.0,17,84.6,96,100.0,73,94.8,98,99.3,10,100.0,5,84.8,127=,96.7,university of cambridge,QS World University Rankings 2025,International Education Costs Dataset,Excellent,5.0,99.79,31200.0,75.2,31275.2,49.67,100.0,High Quality
UK,Cambridge,University of Cambridge,Physics,PhD,4.0,31200,75.2,1700,485,800,0.79,university of cambridge,university of cambridge,university of cambridge,100.0,5,2,University of Cambridge,United Kingdom,Europe,L,FC,VH,A,100.0,3,100.0,4,100.0,17,84.6,96,100.0,73,94.8,98,99.3,10,100.0,5,84.8,127=,96.7,university of cambridge,QS World University Rankings 2025,International Education Costs Dataset,Excellent,5.0,99.79,31200.0,75.2,31275.2,49.67,100.0,High Quality
Germany,Heidelberg,Heidelberg University,Molecular Biology,PhD,3.0,500,68.4,900,75,550,0.92,heidelberg university,heidelberg university,,,,,,,,,,,,,,,,,,,,,,,,,,,,,,,,Not Matched,International Education Costs Dataset,Unmatched,,,500.0,68.4,568.4,99.14,75.0,High Quality
Germany,Heidelberg,Heidelberg University,Molecular Biology,PhD,3.0,500,68.4,900,75,550,0.92,heidelberg university,heidelberg university,,,,,,,,,,,,,,,,,,,,,,,,,,,,,,,,Not Matched,International Education Costs Dataset,Unmatched,,,500.0,68.4,568.4,99.14,75.0,High Quality
Switzerland,Basel,ETH Basel,Pharmaceutical Sciences,PhD,4.0,1500,88.6,1800,88,1200,0.89,eth basel,eth basel,,,,,,,,,,,,,,,,,,,,,,,,,,,,,,,,Not Matched,International Education Costs Dataset,Unmatched,,,1500.0,88.6,1588.6,97.5,75.0,High Quality
Netherlands,Delft,TU Delft,Robotics,PhD,4.0,4800,71.8,1200,180,720,0.92,tu delft,tu delft,,,,,,,,,,,,,,,,,,,,,,,,,,,,,,,,Not Matched,International Education Costs Dataset,Unmatched,,,4800.0,71.8,4871.8,92.21,75.0,High Quality
Netherlands,Delft,TU Delft,Robotics,PhD,4.0,4800,71.8,1200,180,720,0.92,tu delft,tu delft,,,,,,,,,,,,,,,,,,,,,,,,,,,,,,,,Not Matched,International Education Costs Dataset,Unmatched,,,4800.0,71.8,4871.8,92.21,75.0,High Quality
Singapore,Singapore,NTU Singapore,Data Science,PhD,4.0,8900,81.5,1600,90,800,1.34,ntu singapore,ntu singapore,,,,,,,,,,,,,,,,,,,,,,,,,,,,,,,,Not Matched,International Education Costs Dataset,Unmatched,,,8900.0,81.5,8981.5,85.59,75.0,High Quality
Canada,Waterloo,University of Waterloo,Quantum Computing,PhD,4.0,21500,69.8,1300,235,900,1.35,university of waterloo,university of waterloo,university of waterloo,100.0,115,112,University of Waterloo,Canada,Americas,XL,CO,VH,A,40.4,211,64.2,124,6.5,701+,78.9,118,75.8,257,71.3,206,84.6,256,58.9,209,93.3,68=,57.2,university of waterloo,QS World University Rankings 2025,International Education Costs Dataset,Excellent,115.0,91.92,21500.0,69.8,21569.8,65.3,100.0,High Quality
Canada,Waterloo,University of Waterloo,Quantum Computing,PhD,4.0,21500,69.8,1300,235,900,1.35,university of waterloo,university of waterloo,university of waterloo,100.0,115,112,University of Waterloo,Canada,Americas,XL,CO,VH,A,40.4,211,64.2,124,6.5,701+,78.9,118,75.8,257,71.3,206,84.6,256,58.9,209,93.3,68=,57.2,university of waterloo,QS World University Rankings 2025,International Education Costs Dataset,Excellent,115.0,91.92,21500.0,69.8,21569.8,65.3,100.0,High Quality
Canada,Waterloo,University of Waterloo,Quantum Computing,PhD,4.0,21500,69.8,1300,235,900,1.35,university of waterloo,university of waterloo,university of waterloo,100.0,115,112,University of Waterloo,Canada,Americas,XL,CO,VH,A,40.4,211,64.2,124,6.5,701+,78.9,118,75.8,257,71.3,206,84.6,256,58.9,209,93.3,68=,57.2,university of waterloo,QS World University Rankings 2025,International Education Costs Dataset,Excellent,115.0,91.92,21500.0,69.8,21569.8,65.3,100.0,High Quality
Australia,Canberra,Australian National University,Climate Science,PhD,4.0,29800,70.2,1400,450,650,1.52,australian national university,australian national university,the australian national university,93.75,30,34,The Australian National University,Australia,Oceania,L,FC,VH,A,93.8,36,75.4,85,34.6,457,84.6,97,100.0,52,96.2,89,91.4,151,56.6,216,97.1,30=,82.4,the australian national university,QS World University Rankings 2025,International Education Costs Dataset,High,30.0,98.0,29800.0,70.2,29870.2,51.93,100.0,High Quality
Australia,Canberra,Australian National University,Climate Science,PhD,4.0,29800,70.2,1400,450,650,1.52,australian national university,australian national university,the australian national university,93.75,30,34,The Australian National University,Australia,Oceania,L,FC,VH,A,93.8,36,75.4,85,34.6,457,84.6,97,100.0,52,96.2,89,91.4,151,56.6,216,97.1,30=,82.4,the australian national university,QS World University Rankings 2025,International Education Costs Dataset,High,30.0,98.0,29800.0,70.2,29870.2,51.93,100.0,High Quality
Australia,Canberra,Australian National University,Climate Science,PhD,4.0,29800,70.2,1400,450,650,1.52,australian national university,australian national university,the australian national university,93.75,30,34,The Australian National University,Australia,Oceania,L,FC,VH,A,93.8,36,75.4,85,34.6,457,84.6,97,100.0,52,96.2,89,91.4,151,56.6,216,97.1,30=,82.4,the australian national university,QS World University Rankings 2025,International Education Costs Dataset,High,30.0,98.0,29800.0,70.2,29870.2,51.93,100.0,High Quality
Australia,Canberra,Australian National University,Climate Science,PhD,4.0,29800,70.2,1400,450,650,1.52,australian national university,australian national university,the australian national university,93.75,30,34,The Australian National University,Australia,Oceania,L,FC,VH,A,93.8,36,75.4,85,34.6,457,84.6,97,100.0,52,96.2,89,91.4,151,56.6,216,97.1,30=,82.4,the australian national university,QS World University Rankings 2025,International Education Costs Dataset,High,30.0,98.0,29800.0,70.2,29870.2,51.93,100.0,High Quality
Australia,Canberra,Australian National University,Climate Science,PhD,4.0,29800,70.2,1400,450,650,1.52,australian national university,australian national university,the australian national university,93.75,30,34,The Australian National University,Australia,Oceania,L,FC,VH,A,93.8,36,75.4,85,34.6,457,84.6,97,100.0,52,96.2,89,91.4,151,56.6,216,97.1,30=,82.4,the australian national university,QS World University Rankings 2025,International Education Costs Dataset,High,30.0,98.0,29800.0,70.2,29870.2,51.93,100.0,High Quality
Sweden,Lund,Lund University,Neuroscience,PhD,4.0,0,69.5,1000,110,400,10.45,lund university,lund university,lund university,100.0,75,85,Lund University,Sweden,Europe,L,FC,VH,A,68.3,96,52.5,160,55.5,271,44.6,309,97.4,124,73.4,198,96.7,48,86.5,95,99.6,8,65.6,lund university,QS World University Rankings 2025,International Education Costs Dataset,Excellent,75.0,94.78,0.0,69.5,69.5,99.95,100.0,High Quality
Sweden,Lund,Lund University,Neuroscience,PhD,4.0,0,69.5,1000,110,400,10.45,lund university,lund university,lund university,100.0,75,85,Lund University,Sweden,Europe,L,FC,VH,A,68.3,96,52.5,160,55.5,271,44.6,309,97.4,124,73.4,198,96.7,48,86.5,95,99.6,8,65.6,lund university,QS World University Rankings 2025,International Education Costs Dataset,Excellent,75.0,94.78,0.0,69.5,69.5,99.95,100.0,High Quality
USA,San Diego,UC San Diego,Computer Science,Bachelor,4.0,44200,79.5,1900,160,1500,1.0,uc san diego,uc san diego,,,,,,,,,,,,,,,,,,,,,,,,,,,,,,,,Not Matched,International Education Costs Dataset,Unmatched,,,44200.0,79.5,44279.5,28.71,75.0,High Quality
USA,San Diego,UC San Diego,Computer Science,Bachelor,4.0,44200,79.5,1900,160,1500,1.0,uc san diego,uc san diego,,,,,,,,,,,,,,,,,,,,,,,,,,,,,,,,Not Matched,International Education Costs Dataset,Unmatched,,,44200.0,79.5,44279.5,28.71,75.0,High Quality
USA,San Diego,UC San Diego,Computer Science,Bachelor,4.0,44200,79.5,1900,160,1500,1.0,uc san diego,uc san diego,,,,,,,,,,,,,,,,,,,,,,,,,,,,,,,,Not Matched,International Education Costs Dataset,Unmatched,,,44200.0,79.5,44279.5,28.71,75.0,High Quality
USA,Seattle,University of Washington,Computer Science,Master,2.0,38900,83.4,2000,160,1500,1.0,university of washington,university of washington,university of washington,100.0,76,63,University of Washington,United States,Americas,XL,FC,VH,A,81.9,66,55.5,150,28.6,542,78.8,119,11.0,701+,32.8,407,95.6,67,68.7,170,66.5,235,65.3,university of washington,QS World University Rankings 2025,International Education Costs Dataset,Excellent,76.0,94.71,38900.0,83.4,38983.4,37.25,100.0,High Quality
USA,Seattle,University of Washington,Computer Science,Master,2.0,38900,83.4,2000,160,1500,1.0,university of washington,university of washington,university of washington,100.0,76,63,University of Washington,United States,Americas,XL,FC,VH,A,81.9,66,55.5,150,28.6,542,78.8,119,11.0,701+,32.8,407,95.6,67,68.7,170,66.5,235,65.3,university of washington,QS World University Rankings 2025,International Education Costs Dataset,Excellent,76.0,94.71,38900.0,83.4,38983.4,37.25,100.0,High Quality
USA,Seattle,University of Washington,Computer Science,Master,2.0,38900,83.4,2000,160,1500,1.0,university of washington,university of washington,university of washington,100.0,76,63,University of Washington,United States,Americas,XL,FC,VH,A,81.9,66,55.5,150,28.6,542,78.8,119,11.0,701+,32.8,407,95.6,67,68.7,170,66.5,235,65.3,university of washington,QS World University Rankings 2025,International Education Costs Dataset,Excellent,76.0,94.71,38900.0,83.4,38983.4,37.25,100.0,High Quality
USA,Seattle,University of Washington,Computer Science,Master,2.0,38900,83.4,2000,160,1500,1.0,university of washington,university of washington,university of washington,100.0,76,63,University of Washington,United States,Americas,XL,FC,VH,A,81.9,66,55.5,150,28.6,542,78.8,119,11.0,701+,32.8,407,95.6,67,68.7,170,66.5,235,65.3,university of washington,QS World University Rankings 2025,International Education Costs Dataset,Excellent,76.0,94.71,38900.0,83.4,38983.4,37.25,100.0,High Quality
USA,Seattle,University of Washington,Computer Science,Master,2.0,38900,83.4,2000,160,1500,1.0,university of washington,university of washington,university of washington,100.0,76,63,University of Washington,United States,Americas,XL,FC,VH,A,81.9,66,55.5,150,28.6,542,78.8,119,11.0,701+,32.8,407,95.6,67,68.7,170,66.5,235,65.3,university of washington,QS World University Rankings 2025,International Education Costs Dataset,Excellent,76.0,94.71,38900.0,83.4,38983.4,37.25,100.0,High Quality
USA,Seattle,University of Washington,Computer Science,Master,2.0,38900,83.4,2000,160,1500,1.0,university of washington,university of washington,university of washington,100.0,76,63,University of Washington,United States,Americas,XL,FC,VH,A,81.9,66,55.5,150,28.6,542,78.8,119,11.0,701+,32.8,407,95.6,67,68.7,170,66.5,235,65.3,university of washington,QS World University Rankings 2025,International Education Costs Dataset,Excellent,76.0,94.71,38900.0,83.4,38983.4,37.25,100.0,High Quality
Canada,Edmonton,University of Alberta,Computer Science,PhD,4.0,22800,67.8,1200,235,900,1.35,university of alberta,university of alberta,university of alberta,100.0,96,111,University of Alberta,Canada,Americas,XL,FC,VH,A,57.0,136,42.2,222,39.1,400,61.3,194,98.3,116,71.0,207,96.0,55,70.0,159,97.6,28,61.2,university of alberta,QS World University Rankings 2025,International Education Costs Dataset,Excellent,96.0,93.28,22800.0,67.8,22867.8,63.21,100.0,High Quality
Canada,Edmonton,University of Alberta,Computer Science,PhD,4.0,22800,67.8,1200,235,900,1.35,university of alberta,university of alberta,university of alberta,100.0,96,111,University of Alberta,Canada,Americas,XL,FC,VH,A,57.0,136,42.2,222,39.1,400,61.3,194,98.3,116,71.0,207,96.0,55,70.0,159,97.6,28,61.2,university of alberta,QS World University Rankings 2025,International Education Costs Dataset,Excellent,96.0,93.28,22800.0,67.8,22867.8,63.21,100.0,High Quality
Canada,Edmonton,University of Alberta,Computer Science,PhD,4.0,22800,67.8,1200,235,900,1.35,university of alberta,university of alberta,university of alberta,100.0,96,111,University of Alberta,Canada,Americas,XL,FC,VH,A,57.0,136,42.2,222,39.1,400,61.3,194,98.3,116,71.0,207,96.0,55,70.0,159,97.6,28,61.2,university of alberta,QS World University Rankings 2025,International Education Costs Dataset,Excellent,96.0,93.28,22800.0,67.8,22867.8,63.21,100.0,High Quality
Canada,Edmonton,University of Alberta,Computer Science,PhD,4.0,22800,67.8,1200,235,900,1.35,university of alberta,university of alberta,university of alberta,100.0,96,111,University of Alberta,Canada,Americas,XL,FC,VH,A,57.0,136,42.2,222,39.1,400,61.3,194,98.3,116,71.0,207,96.0,55,70.0,159,97.6,28,61.2,university of alberta,QS World University Rankings 2025,International Education Costs Dataset,Excellent,96.0,93.28,22800.0,67.8,22867.8,63.21,100.0,High Quality
UK,Glasgow,University of Glasgow,Computer Science,Master,1.0,33500,67.5,1100,485,800,0.79,university of glasgow,university of glasgow,university of glasgow,100.0,78,76,University of Glasgow,United Kingdom,Europe,XL,FC,VH,A,77.4,75,67.7,110,38.0,418,32.5,405,95.7,141,99.4,49,97.6,30,33.5,378,98.5,20,65.0,university of glasgow,QS World University Rankings 2025,International Education Costs Dataset,Excellent,78.0,94.57,33500.0,67.5,33567.5,45.97,100.0,High Quality
UK,Glasgow,University of Glasgow,Computer Science,Master,1.0,33500,67.5,1100,485,800,0.79,university of glasgow,university of glasgow,university of glasgow,100.0,78,76,University of Glasgow,United Kingdom,Europe,XL,FC,VH,A,77.4,75,67.7,110,38.0,418,32.5,405,95.7,141,99.4,49,97.6,30,33.5,378,98.5,20,65.0,university of glasgow,QS World University Rankings 2025,International Education Costs Dataset,Excellent,78.0,94.57,33500.0,67.5,33567.5,45.97,100.0,High Quality
UK,Glasgow,University of Glasgow,Computer Science,Master,1.0,33500,67.5,1100,485,800,0.79,university of glasgow,university of glasgow,university of glasgow,100.0,78,76,University of Glasgow,United Kingdom,Europe,XL,FC,VH,A,77.4,75,67.7,110,38.0,418,32.5,405,95.7,141,99.4,49,97.6,30,33.5,378,98.5,20,65.0,university of glasgow,QS World University Rankings 2025,International Education Costs Dataset,Excellent,78.0,94.57,33500.0,67.5,33567.5,45.97,100.0,High Quality
UK,Glasgow,University of Glasgow,Computer Science,Master,1.0,33500,67.5,1100,485,800,0.79,university of glasgow,university of glasgow,university of glasgow,100.0,78,76,University of Glasgow,United Kingdom,Europe,XL,FC,VH,A,77.4,75,67.7,110,38.0,418,32.5,405,95.7,141,99.4,49,97.6,30,33.5,378,98.5,20,65.0,university of glasgow,QS World University Rankings 2025,International Education Costs Dataset,Excellent,78.0,94.57,33500.0,67.5,33567.5,45.97,100.0,High Quality
India,Bangalore,Indian Institute of Science,Computer Science,Master,2.0,2500,45.6,500,200,300,83.2,indian institute of science,indian institute of science,indian institute of science,100.0,211,225,Indian Institute of Science,India,Asia,S,SP,VH,A,45.7,181,26.3,362,37.9,419,99.9,11,3.7,701+,1.5,701+,39.1,701+,13.1,701+,23.7,500=,45.0,indian institute of science,QS World University Rankings 2025,International Education Costs Dataset,Excellent,211.0,85.06,2500.0,45.6,2545.6,95.96,100.0,High Quality
India,Bangalore,Indian Institute of Science,Computer Science,Master,2.0,2500,45.6,500,200,300,83.2,indian institute of science,indian institute of science,indian institute of science,100.0,211,225,Indian Institute of Science,India,Asia,S,SP,VH,A,45.7,181,26.3,362,37.9,419,99.9,11,3.7,701+,1.5,701+,39.1,701+,13.1,701+,23.7,500=,45.0,indian institute of science,QS World University Rankings 2025,International Education Costs Dataset,Excellent,211.0,85.06,2500.0,45.6,2545.6,95.96,100.0,High Quality
Denmark,Aalborg,Aalborg University,Computer Science,Bachelor,3.0,0,69.8,900,120,450,6.92,aalborg university,aalborg university,aalborg university,100.0,306,336,Aalborg University,Denmark,Europe,L,FC,VH,A,19.9,450,20.8,439,25.5,580,53.2,241,77.3,250,14.9,627,92.1,134,23.3,486,75.6,183,35.7,aalborg university,QS World University Rankings 2025,International Education Costs Dataset,Excellent,306.0,78.27,0.0,69.8,69.8,99.95,100.0,High Quality
Denmark,Aalborg,Aalborg University,Computer Science,Bachelor,3.0,0,69.8,900,120,450,6.92,aalborg university,aalborg university,aalborg university,100.0,306,336,Aalborg University,Denmark,Europe,L,FC,VH,A,19.9,450,20.8,439,25.5,580,53.2,241,77.3,250,14.9,627,92.1,134,23.3,486,75.6,183,35.7,aalborg university,QS World University Rankings 2025,International Education Costs Dataset,Excellent,306.0,78.27,0.0,69.8,69.8,99.95,100.0,High Quality
Denmark,Aalborg,Aalborg University,Computer Science,Bachelor,3.0,0,69.8,900,120,450,6.92,aalborg university,aalborg university,aalborg university,100.0,306,336,Aalborg University,Denmark,Europe,L,FC,VH,A,19.9,450,20.8,439,25.5,580,53.2,241,77.3,250,14.9,627,92.1,134,23.3,486,75.6,183,35.7,aalborg university,QS World University Rankings 2025,International Education Costs Dataset,Excellent,306.0,78.27,0.0,69.8,69.8,99.95,100.0,High Quality
Poland,Warsaw,University of Warsaw,Computer Science,Master,2.0,3800,51.2,650,80,350,4.02,university of warsaw,university of warsaw,university of warsaw,100.0,258,262,University of Warsaw,Poland,Europe,XL,CO,VH,A,50.0,163,53.6,158,46.4,330,5.5,701+,10.5,701+,8.4,701+,84.1,262,60.0,203,69.8,222,39.8,university of warsaw,QS World University Rankings 2025,International Education Costs Dataset,Excellent,258.0,81.7,3800.0,51.2,3851.2,93.85,100.0,High Quality
Poland,Warsaw,University of Warsaw,Computer Science,Master,2.0,3800,51.2,650,80,350,4.02,university of warsaw,university of warsaw,university of warsaw,100.0,258,262,University of Warsaw,Poland,Europe,XL,CO,VH,A,50.0,163,53.6,158,46.4,330,5.5,701+,10.5,701+,8.4,701+,84.1,262,60.0,203,69.8,222,39.8,university of warsaw,QS World University Rankings 2025,International Education Costs Dataset,Excellent,258.0,81.7,3800.0,51.2,3851.2,93.85,100.0,High Quality
Ireland,Galway,NUI Galway,Computer Science,Bachelor,4.0,25800,68.5,1100,150,650,0.92,nui galway,nui galway,,,,,,,,,,,,,,,,,,,,,,,,,,,,,,,,Not Matched,International Education Costs Dataset,Unmatched,,,25800.0,68.5,25868.5,58.38,75.0,High Quality
Ireland,Galway,NUI Galway,Computer Science,Bachelor,4.0,25800,68.5,1100,150,650,0.92,nui galway,nui galway,,,,,,,,,,,,,,,,,,,,,,,,,,,,,,,,Not Matched,International Education Costs Dataset,Unmatched,,,25800.0,68.5,25868.5,58.38,75.0,High Quality
South Korea,Daejeon,KAIST,Computer Science,PhD,4.0,6900,65.4,700,130,500,1320.5,kaist,kaist,,,,,,,,,,,,,,,,,,,,,,,,,,,,,,,,Not Matched,International Education Costs Dataset,Unmatched,,,6900.0,65.4,6965.4,88.84,75.0,High Quality
South Korea,Daejeon,KAIST,Computer Science,PhD,4.0,6900,65.4,700,130,500,1320.5,kaist,kaist,,,,,,,,,,,,,,,,,,,,,,,,,,,,,,,,Not Matched,International Education Costs Dataset,Unmatched,,,6900.0,65.4,6965.4,88.84,75.0,High Quality
Malaysia,Kuala Lumpur,University of Malaya,Computer Science,Bachelor,4.0,4800,48.2,500,110,300,4.72,university of malaya,university of malaya,university of malta,92.3076923076923,751-760,851-900,University of Malta,Malta,Europe,M,FC,HI,A,6.1,601+,4.6,601+,31.7,498,7.2,701+,18.0,624,19.2,562,75.9,391,95.9,45,1.9,701+,,university of malta,QS World University Rankings 2025,International Education Costs Dataset,High,751.0,46.46,4800.0,48.2,4848.2,92.25,100.0,High Quality
Malaysia,Kuala Lumpur,University of Malaya,Computer Science,Bachelor,4.0,4800,48.2,500,110,300,4.72,university of malaya,university of malaya,university of malta,92.3076923076923,751-760,851-900,University of Malta,Malta,Europe,M,FC,HI,A,6.1,601+,4.6,601+,31.7,498,7.2,701+,18.0,624,19.2,562,75.9,391,95.9,45,1.9,701+,,university of malta,QS World University Rankings 2025,International Education Costs Dataset,High,751.0,46.46,4800.0,48.2,4848.2,92.25,100.0,High Quality
USA,Berkeley,UC Berkeley,Computer Science,Bachelor,4.0,44900,84.2,2100,160,1500,1.0,uc berkeley,uc berkeley,,,,,,,,,,,,,,,,,,,,,,,,,,,,,,,,Not Matched,International Education Costs Dataset,Unmatched,,,44900.0,84.2,44984.2,27.58,75.0,High Quality
USA,Berkeley,UC Berkeley,Computer Science,Bachelor,4.0,44900,84.2,2100,160,1500,1.0,uc berkeley,uc berkeley,,,,,,,,,,,,,,,,,,,,,,,,,,,,,,,,Not Matched,International Education Costs Dataset,Unmatched,,,44900.0,84.2,44984.2,27.58,75.0,High Quality
USA,Berkeley,UC Berkeley,Computer Science,Bachelor,4.0,44900,84.2,2100,160,1500,1.0,uc berkeley,uc berkeley,,,,,,,,,,,,,,,,,,,,,,,,,,,,,,,,Not Matched,International Education Costs Dataset,Unmatched,,,44900.0,84.2,44984.2,27.58,75.0,High Quality
USA,Berkeley,UC Berkeley,Computer Science,Bachelor,4.0,44900,84.2,2100,160,1500,1.0,uc berkeley,uc berkeley,,,,,,,,,,,,,,,,,,,,,,,,,,,,,,,,Not Matched,International Education Costs Dataset,Unmatched,,,44900.0,84.2,44984.2,27.58,75.0,High Quality
UK,Manchester,University of Manchester,Economics,Bachelor,3.0,32000,68.4,1200,485,800,0.79,university of manchester,university of manchester,the university of manchester,92.3076923076923,34,32,The University of Manchester,United Kingdom,Europe,XL,FC,VH,A,95.6,33,98.1,20,51.3,297,45.1,307,93.1,169,99.2,55,99.2,12,87.6,90,99.8,3,82.0,the university of manchester,QS World University Rankings 2025,International Education Costs Dataset,High,34.0,97.71,32000.0,68.4,32068.4,48.39,100.0,High Quality
UK,Manchester,University of Manchester,Economics,Bachelor,3.0,32000,68.4,1200,485,800,0.79,university of manchester,university of manchester,the university of manchester,92.3076923076923,34,32,The University of Manchester,United Kingdom,Europe,XL,FC,VH,A,95.6,33,98.1,20,51.3,297,45.1,307,93.1,169,99.2,55,99.2,12,87.6,90,99.8,3,82.0,the university of manchester,QS World University Rankings 2025,International Education Costs Dataset,High,34.0,97.71,32000.0,68.4,32068.4,48.39,100.0,High Quality
UK,Manchester,University of Manchester,Economics,Bachelor,3.0,32000,68.4,1200,485,800,0.79,university of manchester,university of manchester,the university of manchester,92.3076923076923,34,32,The University of Manchester,United Kingdom,Europe,XL,FC,VH,A,95.6,33,98.1,20,51.3,297,45.1,307,93.1,169,99.2,55,99.2,12,87.6,90,99.8,3,82.0,the university of manchester,QS World University Rankings 2025,International Education Costs Dataset,High,34.0,97.71,32000.0,68.4,32068.4,48.39,100.0,High Quality
UK,Manchester,University of Manchester,Economics,Bachelor,3.0,32000,68.4,1200,485,800,0.79,university of manchester,university of manchester,the university of manchester,92.3076923076923,34,32,The University of Manchester,United Kingdom,Europe,XL,FC,VH,A,95.6,33,98.1,20,51.3,297,45.1,307,93.1,169,99.2,55,99.2,12,87.6,90,99.8,3,82.0,the university of manchester,QS World University Rankings 2025,International Education Costs Dataset,High,34.0,97.71,32000.0,68.4,32068.4,48.39,100.0,High Quality
Canada,Vancouver,University of British Columbia,Psychology,Bachelor,4.0,31200,71.2,1700,235,900,1.35,university of british columbia,university of british columbia,university of british columbia,100.0,38,34,University of British Columbia,Canada,Americas,XL,FC,VH,A,98.3,23,94.3,36,34.5,459,57.7,214,95.5,142,72.8,200,96.2,53,74.6,141,99.8,4,81.0,university of british columbia,QS World University Rankings 2025,International Education Costs Dataset,Excellent,38.0,97.43,31200.0,71.2,31271.2,49.67,100.0,High Quality
Canada,Vancouver,University of British Columbia,Psychology,Bachelor,4.0,31200,71.2,1700,235,900,1.35,university of british columbia,university of british columbia,university of british columbia,100.0,38,34,University of British Columbia,Canada,Americas,XL,FC,VH,A,98.3,23,94.3,36,34.5,459,57.7,214,95.5,142,72.8,200,96.2,53,74.6,141,99.8,4,81.0,university of british columbia,QS World University Rankings 2025,International Education Costs Dataset,Excellent,38.0,97.43,31200.0,71.2,31271.2,49.67,100.0,High Quality
Canada,Vancouver,University of British Columbia,Psychology,Bachelor,4.0,31200,71.2,1700,235,900,1.35,university of british columbia,university of british columbia,university of british columbia,100.0,38,34,University of British Columbia,Canada,Americas,XL,FC,VH,A,98.3,23,94.3,36,34.5,459,57.7,214,95.5,142,72.8,200,96.2,53,74.6,141,99.8,4,81.0,university of british columbia,QS World University Rankings 2025,International Education Costs Dataset,Excellent,38.0,97.43,31200.0,71.2,31271.2,49.67,100.0,High Quality
Canada,Vancouver,University of British Columbia,Psychology,Bachelor,4.0,31200,71.2,1700,235,900,1.35,university of british columbia,university of british columbia,university of british columbia,100.0,38,34,University of British Columbia,Canada,Americas,XL,FC,VH,A,98.3,23,94.3,36,34.5,459,57.7,214,95.5,142,72.8,200,96.2,53,74.6,141,99.8,4,81.0,university of british columbia,QS World University Rankings 2025,International Education Costs Dataset,Excellent,38.0,97.43,31200.0,71.2,31271.2,49.67,100.0,High Quality
Australia,Sydney,University of Sydney,Business,Bachelor,3.0,35000,72.8,1600,450,650,1.52,university of sydney,university of sydney,the university of sydney,90.9090909090909,18,19,The University of Sydney,Australia,Oceania,XL,FC,VH,A,96.4,30,90.0,51,10.9,701+,93.7,56,99.9,87,100.0,17,95.8,61,93.1,63,99.6,7,87.3,the university of sydney,QS World University Rankings 2025,International Education Costs Dataset,High,18.0,98.86,35000.0,72.8,35072.8,43.55,100.0,High Quality
Australia,Sydney,University of Sydney,Business,Bachelor,3.0,35000,72.8,1600,450,650,1.52,university of sydney,university of sydney,the university of sydney,90.9090909090909,18,19,The University of Sydney,Australia,Oceania,XL,FC,VH,A,96.4,30,90.0,51,10.9,701+,93.7,56,99.9,87,100.0,17,95.8,61,93.1,63,99.6,7,87.3,the university of sydney,QS World University Rankings 2025,International Education Costs Dataset,High,18.0,98.86,35000.0,72.8,35072.8,43.55,100.0,High Quality
Australia,Sydney,University of Sydney,Business,Bachelor,3.0,35000,72.8,1600,450,650,1.52,university of sydney,university of sydney,the university of sydney,90.9090909090909,18,19,The University of Sydney,Australia,Oceania,XL,FC,VH,A,96.4,30,90.0,51,10.9,701+,93.7,56,99.9,87,100.0,17,95.8,61,93.1,63,99.6,7,87.3,the university of sydney,QS World University Rankings 2025,International Education Costs Dataset,High,18.0,98.86,35000.0,72.8,35072.8,43.55,100.0,High Quality
Australia,Sydney,University of Sydney,Business,Bachelor,3.0,35000,72.8,1600,450,650,1.52,university of sydney,university of sydney,the university of sydney,90.9090909090909,18,19,The University of Sydney,Australia,Oceania,XL,FC,VH,A,96.4,30,90.0,51,10.9,701+,93.7,56,99.9,87,100.0,17,95.8,61,93.1,63,99.6,7,87.3,the university of sydney,QS World University Rankings 2025,International Education Costs Dataset,High,18.0,98.86,35000.0,72.8,35072.8,43.55,100.0,High Quality
Australia,Sydney,University of Sydney,Business,Bachelor,3.0,35000,72.8,1600,450,650,1.52,university of sydney,university of sydney,the university of sydney,90.9090909090909,18,19,The University of Sydney,Australia,Oceania,XL,FC,VH,A,96.4,30,90.0,51,10.9,701+,93.7,56,99.9,87,100.0,17,95.8,61,93.1,63,99.6,7,87.3,the university of sydney,QS World University Rankings 2025,International Education Costs Dataset,High,18.0,98.86,35000.0,72.8,35072.8,43.55,100.0,High Quality
Germany,Berlin,Free University of Berlin,International Business,Bachelor,3.0,0,65.2,900,75,550,0.92,free university of berlin,free university of berlin,,,,,,,,,,,,,,,,,,,,,,,,,,,,,,,,Not Matched,International Education Costs Dataset,Unmatched,,,0.0,65.2,65.2,99.95,75.0,High Quality
Spain,Barcelona,University of Barcelona,Architecture,Bachelor,4.0,2800,62.4,950,160,500,0.92,university of barcelona,university of barcelona,university of babylon,86.36363636363636,1201-1400,1201-1400,University of Babylon,Iraq,Asia,L,FC,HI,A,4.6,601+,9.8,601+,14.5,701+,2.0,701+,1.1,701+,1.0,701+,29.9,701+,4.3,701+,1.2,701+,,university of babylon,QS World University Rankings 2025,International Education Costs Dataset,Medium,1201.0,14.3,2800.0,62.4,2862.4,95.45,100.0,High Quality
Italy,Milan,Politecnico di Milano,Design,Bachelor,3.0,4200,63.8,1100,120,650,0.92,politecnico di milano,politecnico di milano,politecnico di milano,100.0,111,123,Politecnico di Milano,Italy,Europe,XL,FO,VH,A,70.8,90,77.0,82,5.8,701+,40.2,351,67.4,292,56.8,262,88.1,197,52.9,239,72.6,202=,58.2,politecnico di milano,QS World University Rankings 2025,International Education Costs Dataset,Excellent,111.0,92.21,4200.0,63.8,4263.8,93.19,100.0,High Quality
Italy,Milan,Politecnico di Milano,Design,Bachelor,3.0,4200,63.8,1100,120,650,0.92,politecnico di milano,politecnico di milano,politecnico di milano,100.0,111,123,Politecnico di Milano,Italy,Europe,XL,FO,VH,A,70.8,90,77.0,82,5.8,701+,40.2,351,67.4,292,56.8,262,88.1,197,52.9,239,72.6,202=,58.2,politecnico di milano,QS World University Rankings 2025,International Education Costs Dataset,Excellent,111.0,92.21,4200.0,63.8,4263.8,93.19,100.0,High Quality
Italy,Milan,Politecnico di Milano,Design,Bachelor,3.0,4200,63.8,1100,120,650,0.92,politecnico di milano,politecnico di milano,politecnico di milano,100.0,111,123,Politecnico di Milano,Italy,Europe,XL,FO,VH,A,70.8,90,77.0,82,5.8,701+,40.2,351,67.4,292,56.8,262,88.1,197,52.9,239,72.6,202=,58.2,politecnico di milano,QS World University Rankings 2025,International Education Costs Dataset,Excellent,111.0,92.21,4200.0,63.8,4263.8,93.19,100.0,High Quality
Netherlands,Rotterdam,Erasmus University,Economics,Bachelor,3.0,11200,71.5,1300,180,720,0.92,erasmus university,erasmus university,,,,,,,,,,,,,,,,,,,,,,,,,,,,,,,,Not Matched,International Education Costs Dataset,Unmatched,,,11200.0,71.5,11271.5,81.9,75.0,High Quality
Netherlands,Rotterdam,Erasmus University,Economics,Bachelor,3.0,11200,71.5,1300,180,720,0.92,erasmus university,erasmus university,,,,,,,,,,,,,,,,,,,,,,,,,,,,,,,,Not Matched,International Education Costs Dataset,Unmatched,,,11200.0,71.5,11271.5,81.9,75.0,High Quality
Finland,Helsinki,University of Helsinki,Computer Science,Bachelor,3.0,0,70.2,1100,120,400,0.92,university of helsinki,university of helsinki,university of helsinki,100.0,117,115,University of Helsinki,Finland,Europe,L,CO,VH,A,62.3,110,29.1,324,59.4,246,49.6,267,73.4,272,5.7,701+,96.9,43,90.5,74,94.5,60,56.8,university of helsinki,QS World University Rankings 2025,International Education Costs Dataset,Excellent,117.0,91.78,0.0,70.2,70.2,99.95,100.0,High Quality
Finland,Helsinki,University of Helsinki,Computer Science,Bachelor,3.0,0,70.2,1100,120,400,0.92,university of helsinki,university of helsinki,university of helsinki,100.0,117,115,University of Helsinki,Finland,Europe,L,CO,VH,A,62.3,110,29.1,324,59.4,246,49.6,267,73.4,272,5.7,701+,96.9,43,90.5,74,94.5,60,56.8,university of helsinki,QS World University Rankings 2025,International Education Costs Dataset,Excellent,117.0,91.78,0.0,70.2,70.2,99.95,100.0,High Quality
Norway,Oslo,University of Oslo,Environmental Science,Bachelor,3.0,0,75.6,1400,135,450,10.45,university of oslo,university of oslo,university of oslo,100.0,119,117,University of Oslo,Norway,Europe,L,FC,VH,A,55.6,139,16.0,534,73.8,175,55.7,225,91.6,180,31.7,416,97.3,35,80.9,121,72.1,208=,56.1,university of oslo,QS World University Rankings 2025,International Education Costs Dataset,Excellent,119.0,91.64,0.0,75.6,75.6,99.94,100.0,High Quality
Norway,Oslo,University of Oslo,Environmental Science,Bachelor,3.0,0,75.6,1400,135,450,10.45,university of oslo,university of oslo,university of oslo,100.0,119,117,University of Oslo,Norway,Europe,L,FC,VH,A,55.6,139,16.0,534,73.8,175,55.7,225,91.6,180,31.7,416,97.3,35,80.9,121,72.1,208=,56.1,university of oslo,QS World University Rankings 2025,International Education Costs Dataset,Excellent,119.0,91.64,0.0,75.6,75.6,99.94,100.0,High Quality
Japan,Osaka,Osaka University,Engineering,Bachelor,4.0,6800,71.2,900,220,750,145.8,osaka university,osaka university,osaka university,100.0,86,80,Osaka University,Japan,Asia,L,FC,VH,A,82.4,64,87.0,58,45.2,343,54.9,232,23.9,549,12.2,675,68.2,512,33.0,387,68.0,228=,63.5,osaka university,QS World University Rankings 2025,International Education Costs Dataset,Excellent,86.0,94.0,6800.0,71.2,6871.2,88.99,100.0,High Quality
Japan,Kyoto,Kyoto University,Computer Science,Master,2.0,8500,71.8,900,220,750,145.8,kyoto university,kyoto university,kyoto university,100.0,50,46,Kyoto University,Japan,Asia,L,FC,VH,A,98.8,18,99.0,13,94.2,68,39.3,357,15.9,653,19.0,566,85.7,236,72.8,147,85.2,124=,76.0,kyoto university,QS World University Rankings 2025,International Education Costs Dataset,Excellent,50.0,96.57,8500.0,71.8,8571.8,86.25,100.0,High Quality
Japan,Nagoya,Nagoya University,Information Science,Bachelor,4.0,7800,68.5,750,220,750,145.8,nagoya university,nagoya university,nagoya university,100.0,152,176,Nagoya University,Japan,Asia,L,FC,VH,A,63.2,108,65.8,117,84.7,107,25.4,494,14.5,671,19.6,550,64.8,559,21.5,533,75.0,186=,51.9,nagoya university,QS World University Rankings 2025,International Education Costs Dataset,Excellent,152.0,89.28,7800.0,68.5,7868.5,87.38,100.0,High Quality
Japan,Sendai,Tohoku University,Software Engineering,Master,2.0,8200,65.4,650,220,750,145.8,tohoku university,tohoku university,tohoku university,100.0,107,113,Tohoku University,Japan,Asia,L,FC,VH,A,73.8,84,82.8,67,97.8,47,23.9,510,14.1,682,11.4,689,68.3,510,22.6,507,78.6,164=,58.8,tohoku university,QS World University Rankings 2025,International Education Costs Dataset,Excellent,107.0,92.49,8200.0,65.4,8265.4,86.74,100.0,High Quality
Japan,Fukuoka,Kyushu University,Computer Engineering,Bachelor,4.0,7500,64.8,600,220,750,145.8,kyushu university,kyushu university,kyushu university,100.0,167,164,Kyushu University,Japan,Asia,L,FC,VH,A,58.3,133,66.5,113,78.4,149,27.9,466,18.7,613=,14.1,640,69.9,488,15.1,657,77.6,170=,50.3,kyushu university,QS World University Rankings 2025,International Education Costs Dataset,Excellent,167.0,88.21,7500.0,64.8,7564.8,87.87,100.0,High Quality
Japan,Sapporo,Hokkaido University,Data Science,Master,2.0,8100,63.5,550,220,750,145.8,hokkaido university,hokkaido university,hokkaido university,100.0,173,196,Hokkaido University,Japan,Asia,L,FC,VH,A,59.0,128,63.3,125,76.2,158,26.0,485,18.7,613=,12.1,677,77.7,365,15.5,645,78.1,168,49.8,hokkaido university,QS World University Rankings 2025,International Education Costs Dataset,Excellent,173.0,87.78,8100.0,63.5,8163.5,86.91,100.0,High Quality
Japan,Tokyo,Tokyo Institute of Technology,Artificial Intelligence,PhD,3.0,8900,76.4,1100,220,750,145.8,tokyo institute of technology,tokyo institute of technology,,,,,,,,,,,,,,,,,,,,,,,,,,,,,,,,Not Matched,International Education Costs Dataset,Unmatched,,,8900.0,76.4,8976.4,85.6,75.0,High Quality
Japan,Tsukuba,University of Tsukuba,Information Systems,Bachelor,4.0,7200,64.2,600,220,750,145.8,university of tsukuba,university of tsukuba,university of tsukuba,100.0,377,355,University of Tsukuba,Japan,Asia,L,FC,VH,A,36.6,237,22.5,416,54.7,278,17.3,594,12.4,701+,19.3,561,66.9,525,9.8,701+,63.4,249,31.1,university of tsukuba,QS World University Rankings 2025,International Education Costs Dataset,Excellent,377.0,73.2,7200.0,64.2,7264.2,88.35,100.0,High Quality
Japan,Kobe,Kobe University,Computer Science,Master,2.0,7900,67.8,700,220,750,145.8,kobe university,kobe university,kobe university,100.0,465,476,Kobe University,Japan,Asia,L,FC,VH,A,28.4,309,33.2,281,43.9,356,11.4,701+,7.0,701+,5.6,701+,55.0,698,15.0,662,49.8,319=,25.8,kobe university,QS World University Rankings 2025,International Education Costs Dataset,Excellent,465.0,66.9,7900.0,67.8,7967.8,87.22,100.0,High Quality
Japan,Kanazawa,Kanazawa University,Software Engineering,Bachelor,4.0,7100,62.5,500,220,750,145.8,kanazawa university,kanazawa university,kanazawa university,100.0,901-950,851-900,Kanazawa University,Japan,Asia,M,FC,VH,A,10.5,601+,3.9,601+,55.1,275,12.2,686,8.1,701+,5.8,701+,31.9,701+,1.8,701+,1.6,701+,,kanazawa university,QS World University Rankings 2025,International Education Costs Dataset,Excellent,901.0,35.74,7100.0,62.5,7162.5,88.52,100.0,High Quality
Japan,Hiroshima,Hiroshima University,Information Technology,Master,2.0,7600,63.8,550,220,750,145.8,hiroshima university,hiroshima university,hiroshima university,100.0,474,472,Hiroshima University,Japan,Asia,L,FC,VH,A,24.1,363,12.3,601+,75.9,161,8.9,701+,13.2,701+,12.9,660,70.1,485,6.9,701+,50.8,315=,25.2,hiroshima university,QS World University Rankings 2025,International Education Costs Dataset,Excellent,474.0,66.26,7600.0,63.8,7663.8,87.71,100.0,High Quality
Australia,Adelaide,University of Adelaide,Computer Science,Bachelor,3.0,32800,68.5,1100,450,650,1.52,university of adelaide,university of adelaide,the university of adelaide,91.66666666666666,82,89,The University of Adelaide,Australia,Oceania,L,FC,VH,A,56.0,138,38.9,242,17.9,701+,87.0,86,100.0,78,99.3,53,93.6,108,51.5,246,95.7,49,63.8,the university of adelaide,QS World University Rankings 2025,International Education Costs Dataset,High,82.0,94.28,32800.0,68.5,32868.5,47.1,100.0,High Quality
Australia,Adelaide,University of Adelaide,Computer Science,Bachelor,3.0,32800,68.5,1100,450,650,1.52,university of adelaide,university of adelaide,the university of adelaide,91.66666666666666,82,89,The University of Adelaide,Australia,Oceania,L,FC,VH,A,56.0,138,38.9,242,17.9,701+,87.0,86,100.0,78,99.3,53,93.6,108,51.5,246,95.7,49,63.8,the university of adelaide,QS World University Rankings 2025,International Education Costs Dataset,High,82.0,94.28,32800.0,68.5,32868.5,47.1,100.0,High Quality
Australia,Adelaide,University of Adelaide,Computer Science,Bachelor,3.0,32800,68.5,1100,450,650,1.52,university of adelaide,university of adelaide,the university of adelaide,91.66666666666666,82,89,The University of Adelaide,Australia,Oceania,L,FC,VH,A,56.0,138,38.9,242,17.9,701+,87.0,86,100.0,78,99.3,53,93.6,108,51.5,246,95.7,49,63.8,the university of adelaide,QS World University Rankings 2025,International Education Costs Dataset,High,82.0,94.28,32800.0,68.5,32868.5,47.1,100.0,High Quality
Australia,Adelaide,University of Adelaide,Computer Science,Bachelor,3.0,32800,68.5,1100,450,650,1.52,university of adelaide,university of adelaide,the university of adelaide,91.66666666666666,82,89,The University of Adelaide,Australia,Oceania,L,FC,VH,A,56.0,138,38.9,242,17.9,701+,87.0,86,100.0,78,99.3,53,93.6,108,51.5,246,95.7,49,63.8,the university of adelaide,QS World University Rankings 2025,International Education Costs Dataset,High,82.0,94.28,32800.0,68.5,32868.5,47.1,100.0,High Quality
Australia,Adelaide,University of Adelaide,Computer Science,Bachelor,3.0,32800,68.5,1100,450,650,1.52,university of adelaide,university of adelaide,the university of adelaide,91.66666666666666,82,89,The University of Adelaide,Australia,Oceania,L,FC,VH,A,56.0,138,38.9,242,17.9,701+,87.0,86,100.0,78,99.3,53,93.6,108,51.5,246,95.7,49,63.8,the university of adelaide,QS World University Rankings 2025,International Education Costs Dataset,High,82.0,94.28,32800.0,68.5,32868.5,47.1,100.0,High Quality
Australia,Perth,University of Western Australia,Software Engineering,Master,2.0,34500,69.8,1200,450,650,1.52,university of western australia,university of western australia,the university of western australia,93.93939393939394,77,72,The University of Western Australia,Australia,Oceania,L,FC,VH,A,55.5,141,41.8,225,13.1,701+,98.8,30,100.0,37,99.8,40,94.2,95,78.0,128,50.8,315=,65.2,the university of western australia,QS World University Rankings 2025,International Education Costs Dataset,High,77.0,94.64,34500.0,69.8,34569.8,44.36,100.0,High Quality
Australia,Perth,University of Western Australia,Software Engineering,Master,2.0,34500,69.8,1200,450,650,1.52,university of western australia,university of western australia,the university of western australia,93.93939393939394,77,72,The University of Western Australia,Australia,Oceania,L,FC,VH,A,55.5,141,41.8,225,13.1,701+,98.8,30,100.0,37,99.8,40,94.2,95,78.0,128,50.8,315=,65.2,the university of western australia,QS World University Rankings 2025,International Education Costs Dataset,High,77.0,94.64,34500.0,69.8,34569.8,44.36,100.0,High Quality
Australia,Perth,University of Western Australia,Software Engineering,Master,2.0,34500,69.8,1200,450,650,1.52,university of western australia,university of western australia,the university of western australia,93.93939393939394,77,72,The University of Western Australia,Australia,Oceania,L,FC,VH,A,55.5,141,41.8,225,13.1,701+,98.8,30,100.0,37,99.8,40,94.2,95,78.0,128,50.8,315=,65.2,the university of western australia,QS World University Rankings 2025,International Education Costs Dataset,High,77.0,94.64,34500.0,69.8,34569.8,44.36,100.0,High Quality
Australia,Perth,University of Western Australia,Software Engineering,Master,2.0,34500,69.8,1200,450,650,1.52,university of western australia,university of western australia,the university of western australia,93.93939393939394,77,72,The University of Western Australia,Australia,Oceania,L,FC,VH,A,55.5,141,41.8,225,13.1,701+,98.8,30,100.0,37,99.8,40,94.2,95,78.0,128,50.8,315=,65.2,the university of western australia,QS World University Rankings 2025,International Education Costs Dataset,High,77.0,94.64,34500.0,69.8,34569.8,44.36,100.0,High Quality
Australia,Perth,University of Western Australia,Software Engineering,Master,2.0,34500,69.8,1200,450,650,1.52,university of western australia,university of western australia,the university of western australia,93.93939393939394,77,72,The University of Western Australia,Australia,Oceania,L,FC,VH,A,55.5,141,41.8,225,13.1,701+,98.8,30,100.0,37,99.8,40,94.2,95,78.0,128,50.8,315=,65.2,the university of western australia,QS World University Rankings 2025,International Education Costs Dataset,High,77.0,94.64,34500.0,69.8,34569.8,44.36,100.0,High Quality
Australia,Gold Coast,Griffith University,Information Technology,Bachelor,3.0,31200,67.5,1100,450,650,1.52,griffith university,griffith university,griffith university,100.0,255,243,Griffith University,Australia,Oceania,L,FC,VH,A,27.0,324,13.7,593,8.4,701+,62.5,187,99.8,90,38.5,363,92.1,135,17.9,602,96.4,40,40.1,griffith university,QS World University Rankings 2025,International Education Costs Dataset,Excellent,255.0,81.92,31200.0,67.5,31267.5,49.68,100.0,High Quality
Australia,Gold Coast,Griffith University,Information Technology,Bachelor,3.0,31200,67.5,1100,450,650,1.52,griffith university,griffith university,griffith university,100.0,255,243,Griffith University,Australia,Oceania,L,FC,VH,A,27.0,324,13.7,593,8.4,701+,62.5,187,99.8,90,38.5,363,92.1,135,17.9,602,96.4,40,40.1,griffith university,QS World University Rankings 2025,International Education Costs Dataset,Excellent,255.0,81.92,31200.0,67.5,31267.5,49.68,100.0,High Quality
Australia,Gold Coast,Griffith University,Information Technology,Bachelor,3.0,31200,67.5,1100,450,650,1.52,griffith university,griffith university,griffith university,100.0,255,243,Griffith University,Australia,Oceania,L,FC,VH,A,27.0,324,13.7,593,8.4,701+,62.5,187,99.8,90,38.5,363,92.1,135,17.9,602,96.4,40,40.1,griffith university,QS World University Rankings 2025,International Education Costs Dataset,Excellent,255.0,81.92,31200.0,67.5,31267.5,49.68,100.0,High Quality
Australia,Gold Coast,Griffith University,Information Technology,Bachelor,3.0,31200,67.5,1100,450,650,1.52,griffith university,griffith university,griffith university,100.0,255,243,Griffith University,Australia,Oceania,L,FC,VH,A,27.0,324,13.7,593,8.4,701+,62.5,187,99.8,90,38.5,363,92.1,135,17.9,602,96.4,40,40.1,griffith university,QS World University Rankings 2025,International Education Costs Dataset,Excellent,255.0,81.92,31200.0,67.5,31267.5,49.68,100.0,High Quality
Australia,Gold Coast,Griffith University,Information Technology,Bachelor,3.0,31200,67.5,1100,450,650,1.52,griffith university,griffith university,griffith university,100.0,255,243,Griffith University,Australia,Oceania,L,FC,VH,A,27.0,324,13.7,593,8.4,701+,62.5,187,99.8,90,38.5,363,92.1,135,17.9,602,96.4,40,40.1,griffith university,QS World University Rankings 2025,International Education Costs Dataset,Excellent,255.0,81.92,31200.0,67.5,31267.5,49.68,100.0,High Quality
Australia,Hobart,University of Tasmania,Data Science,Master,2.0,30800,65.4,950,450,650,1.52,university of tasmania,university of tasmania,university of tasmania,100.0,293,307,University of Tasmania,Australia,Oceania,M,CO,VH,A,16.0,552,7.4,601+,22.1,635,59.8,203,79.9,240,89.7,123,80.0,323,15.9,636,85.6,123,37.0,university of tasmania,QS World University Rankings 2025,International Education Costs Dataset,Excellent,293.0,79.2,30800.0,65.4,30865.4,50.33,100.0,High Quality
Australia,Hobart,University of Tasmania,Data Science,Master,2.0,30800,65.4,950,450,650,1.52,university of tasmania,university of tasmania,university of tasmania,100.0,293,307,University of Tasmania,Australia,Oceania,M,CO,VH,A,16.0,552,7.4,601+,22.1,635,59.8,203,79.9,240,89.7,123,80.0,323,15.9,636,85.6,123,37.0,university of tasmania,QS World University Rankings 2025,International Education Costs Dataset,Excellent,293.0,79.2,30800.0,65.4,30865.4,50.33,100.0,High Quality
Australia,Hobart,University of Tasmania,Data Science,Master,2.0,30800,65.4,950,450,650,1.52,university of tasmania,university of tasmania,university of tasmania,100.0,293,307,University of Tasmania,Australia,Oceania,M,CO,VH,A,16.0,552,7.4,601+,22.1,635,59.8,203,79.9,240,89.7,123,80.0,323,15.9,636,85.6,123,37.0,university of tasmania,QS World University Rankings 2025,International Education Costs Dataset,Excellent,293.0,79.2,30800.0,65.4,30865.4,50.33,100.0,High Quality
Australia,Hobart,University of Tasmania,Data Science,Master,2.0,30800,65.4,950,450,650,1.52,university of tasmania,university of tasmania,university of tasmania,100.0,293,307,University of Tasmania,Australia,Oceania,M,CO,VH,A,16.0,552,7.4,601+,22.1,635,59.8,203,79.9,240,89.7,123,80.0,323,15.9,636,85.6,123,37.0,university of tasmania,QS World University Rankings 2025,International Education Costs Dataset,Excellent,293.0,79.2,30800.0,65.4,30865.4,50.33,100.0,High Quality
Australia,Hobart,University of Tasmania,Data Science,Master,2.0,30800,65.4,950,450,650,1.52,university of tasmania,university of tasmania,university of tasmania,100.0,293,307,University of Tasmania,Australia,Oceania,M,CO,VH,A,16.0,552,7.4,601+,22.1,635,59.8,203,79.9,240,89.7,123,80.0,323,15.9,636,85.6,123,37.0,university of tasmania,QS World University Rankings 2025,International Education Costs Dataset,Excellent,293.0,79.2,30800.0,65.4,30865.4,50.33,100.0,High Quality
Australia,Newcastle,University of Newcastle,Computer Engineering,Bachelor,4.0,31500,66.8,1000,450,650,1.52,university of newcastle,university of newcastle,newcastle university,93.02325581395348,129,110,Newcastle University,United Kingdom,Europe,L,FC,VH,A,50.0,164,59.3,137,39.2,399,38.7,362,89.5,193,68.6,217,97.1,42,31.3,403,97.1,30=,54.5,newcastle university,QS World University Rankings 2025,International Education Costs Dataset,High,129.0,90.92,31500.0,66.8,31566.8,49.2,100.0,High Quality
Australia,Newcastle,University of Newcastle,Computer Engineering,Bachelor,4.0,31500,66.8,1000,450,650,1.52,university of newcastle,university of newcastle,newcastle university,93.02325581395348,129,110,Newcastle University,United Kingdom,Europe,L,FC,VH,A,50.0,164,59.3,137,39.2,399,38.7,362,89.5,193,68.6,217,97.1,42,31.3,403,97.1,30=,54.5,newcastle university,QS World University Rankings 2025,International Education Costs Dataset,High,129.0,90.92,31500.0,66.8,31566.8,49.2,100.0,High Quality
Australia,Newcastle,University of Newcastle,Computer Engineering,Bachelor,4.0,31500,66.8,1000,450,650,1.52,university of newcastle,university of newcastle,newcastle university,93.02325581395348,129,110,Newcastle University,United Kingdom,Europe,L,FC,VH,A,50.0,164,59.3,137,39.2,399,38.7,362,89.5,193,68.6,217,97.1,42,31.3,403,97.1,30=,54.5,newcastle university,QS World University Rankings 2025,International Education Costs Dataset,High,129.0,90.92,31500.0,66.8,31566.8,49.2,100.0,High Quality
Australia,Newcastle,University of Newcastle,Computer Engineering,Bachelor,4.0,31500,66.8,1000,450,650,1.52,university of newcastle,university of newcastle,newcastle university,93.02325581395348,129,110,Newcastle University,United Kingdom,Europe,L,FC,VH,A,50.0,164,59.3,137,39.2,399,38.7,362,89.5,193,68.6,217,97.1,42,31.3,403,97.1,30=,54.5,newcastle university,QS World University Rankings 2025,International Education Costs Dataset,High,129.0,90.92,31500.0,66.8,31566.8,49.2,100.0,High Quality
Australia,Newcastle,University of Newcastle,Computer Engineering,Bachelor,4.0,31500,66.8,1000,450,650,1.52,university of newcastle,university of newcastle,newcastle university,93.02325581395348,129,110,Newcastle University,United Kingdom,Europe,L,FC,VH,A,50.0,164,59.3,137,39.2,399,38.7,362,89.5,193,68.6,217,97.1,42,31.3,403,97.1,30=,54.5,newcastle university,QS World University Rankings 2025,International Education Costs Dataset,High,129.0,90.92,31500.0,66.8,31566.8,49.2,100.0,High Quality
Australia,Wollongong,University of Wollongong,Artificial Intelligence,Master,2.0,32900,67.2,1050,450,650,1.52,university of wollongong,university of wollongong,university of wollongong,100.0,167,162,University of Wollongong,Australia,Oceania,L,FC,VH,A,29.5,300,24.5,393,17.0,701+,94.6,52,91.8,178,56.3,265,89.0,185,18.3,596,93.9,62=,50.3,university of wollongong,QS World University Rankings 2025,International Education Costs Dataset,Excellent,167.0,88.21,32900.0,67.2,32967.2,46.94,100.0,High Quality
Australia,Wollongong,University of Wollongong,Artificial Intelligence,Master,2.0,32900,67.2,1050,450,650,1.52,university of wollongong,university of wollongong,university of wollongong,100.0,167,162,University of Wollongong,Australia,Oceania,L,FC,VH,A,29.5,300,24.5,393,17.0,701+,94.6,52,91.8,178,56.3,265,89.0,185,18.3,596,93.9,62=,50.3,university of wollongong,QS World University Rankings 2025,International Education Costs Dataset,Excellent,167.0,88.21,32900.0,67.2,32967.2,46.94,100.0,High Quality
Australia,Wollongong,University of Wollongong,Artificial Intelligence,Master,2.0,32900,67.2,1050,450,650,1.52,university of wollongong,university of wollongong,university of wollongong,100.0,167,162,University of Wollongong,Australia,Oceania,L,FC,VH,A,29.5,300,24.5,393,17.0,701+,94.6,52,91.8,178,56.3,265,89.0,185,18.3,596,93.9,62=,50.3,university of wollongong,QS World University Rankings 2025,International Education Costs Dataset,Excellent,167.0,88.21,32900.0,67.2,32967.2,46.94,100.0,High Quality
Australia,Wollongong,University of Wollongong,Artificial Intelligence,Master,2.0,32900,67.2,1050,450,650,1.52,university of wollongong,university of wollongong,university of wollongong,100.0,167,162,University of Wollongong,Australia,Oceania,L,FC,VH,A,29.5,300,24.5,393,17.0,701+,94.6,52,91.8,178,56.3,265,89.0,185,18.3,596,93.9,62=,50.3,university of wollongong,QS World University Rankings 2025,International Education Costs Dataset,Excellent,167.0,88.21,32900.0,67.2,32967.2,46.94,100.0,High Quality
Australia,Wollongong,University of Wollongong,Artificial Intelligence,Master,2.0,32900,67.2,1050,450,650,1.52,university of wollongong,university of wollongong,university of wollongong,100.0,167,162,University of Wollongong,Australia,Oceania,L,FC,VH,A,29.5,300,24.5,393,17.0,701+,94.6,52,91.8,178,56.3,265,89.0,185,18.3,596,93.9,62=,50.3,university of wollongong,QS World University Rankings 2025,International Education Costs Dataset,Excellent,167.0,88.21,32900.0,67.2,32967.2,46.94,100.0,High Quality
Australia,Darwin,Charles Darwin University,Information Systems,Bachelor,3.0,29800,64.5,900,450,650,1.52,charles darwin university,charles darwin university,charles darwin university,100.0,621-630,601-610,Charles Darwin University,Australia,Oceania,M,FO,VH,A,5.7,601+,4.2,601+,4.5,701+,44.2,311,25.4,527,55.2,270,41.3,701+,3.9,701+,63.7,247=,,charles darwin university,QS World University Rankings 2025,International Education Costs Dataset,Excellent,621.0,55.75,29800.0,64.5,29864.5,51.94,100.0,High Quality
Australia,Townsville,James Cook University,Data Analytics,Master,2.0,31200,65.8,950,450,650,1.52,james cook university,james cook university,james cook university,100.0,445,415,James Cook University,Australia,Oceania,M,FC,VH,A,14.4,601+,6.5,601+,17.5,701+,46.9,292,36.7,434,16.0,607,76.0,389,6.7,701+,88.9,103=,26.7,james cook university,QS World University Rankings 2025,International Education Costs Dataset,Excellent,445.0,68.33,31200.0,65.8,31265.8,49.68,100.0,High Quality
Australia,Townsville,James Cook University,Data Analytics,Master,2.0,31200,65.8,950,450,650,1.52,james cook university,james cook university,james cook university,100.0,445,415,James Cook University,Australia,Oceania,M,FC,VH,A,14.4,601+,6.5,601+,17.5,701+,46.9,292,36.7,434,16.0,607,76.0,389,6.7,701+,88.9,103=,26.7,james cook university,QS World University Rankings 2025,International Education Costs Dataset,Excellent,445.0,68.33,31200.0,65.8,31265.8,49.68,100.0,High Quality
Australia,Townsville,James Cook University,Data Analytics,Master,2.0,31200,65.8,950,450,650,1.52,james cook university,james cook university,james cook university,100.0,445,415,James Cook University,Australia,Oceania,M,FC,VH,A,14.4,601+,6.5,601+,17.5,701+,46.9,292,36.7,434,16.0,607,76.0,389,6.7,701+,88.9,103=,26.7,james cook university,QS World University Rankings 2025,International Education Costs Dataset,Excellent,445.0,68.33,31200.0,65.8,31265.8,49.68,100.0,High Quality
Australia,Townsville,James Cook University,Data Analytics,Master,2.0,31200,65.8,950,450,650,1.52,james cook university,james cook university,james cook university,100.0,445,415,James Cook University,Australia,Oceania,M,FC,VH,A,14.4,601+,6.5,601+,17.5,701+,46.9,292,36.7,434,16.0,607,76.0,389,6.7,701+,88.9,103=,26.7,james cook university,QS World University Rankings 2025,International Education Costs Dataset,Excellent,445.0,68.33,31200.0,65.8,31265.8,49.68,100.0,High Quality
Australia,Sunshine Coast,USC,Software Development,Bachelor,3.0,29500,66.2,1000,450,650,1.52,usc,usc,,,,,,,,,,,,,,,,,,,,,,,,,,,,,,,,Not Matched,International Education Costs Dataset,Unmatched,,,29500.0,66.2,29566.2,52.42,75.0,High Quality
Australia,Armidale,University of New England,Computing Science,Master,2.0,30500,64.8,850,450,650,1.52,university of new england,university of new england,,,,,,,,,,,,,,,,,,,,,,,,,,,,,,,,Not Matched,International Education Costs Dataset,Unmatched,,,30500.0,64.8,30564.8,50.81,75.0,High Quality
Australia,Armidale,University of New England,Computing Science,Master,2.0,30500,64.8,850,450,650,1.52,university of new england,university of new england,,,,,,,,,,,,,,,,,,,,,,,,,,,,,,,,Not Matched,International Education Costs Dataset,Unmatched,,,30500.0,64.8,30564.8,50.81,75.0,High Quality
Australia,Armidale,University of New England,Computing Science,Master,2.0,30500,64.8,850,450,650,1.52,university of new england,university of new england,,,,,,,,,,,,,,,,,,,,,,,,,,,,,,,,Not Matched,International Education Costs Dataset,Unmatched,,,30500.0,64.8,30564.8,50.81,75.0,High Quality
Australia,Armidale,University of New England,Computing Science,Master,2.0,30500,64.8,850,450,650,1.52,university of new england,university of new england,,,,,,,,,,,,,,,,,,,,,,,,,,,,,,,,Not Matched,International Education Costs Dataset,Unmatched,,,30500.0,64.8,30564.8,50.81,75.0,High Quality
Germany,Dresden,TU Dresden,Computer Science,Master,2.0,500,65.8,750,75,550,0.92,tu dresden,tu dresden,,,,,,,,,,,,,,,,,,,,,,,,,,,,,,,,Not Matched,International Education Costs Dataset,Unmatched,,,500.0,65.8,565.8,99.15,75.0,High Quality
Germany,Dresden,TU Dresden,Computer Science,Master,2.0,500,65.8,750,75,550,0.92,tu dresden,tu dresden,,,,,,,,,,,,,,,,,,,,,,,,,,,,,,,,Not Matched,International Education Costs Dataset,Unmatched,,,500.0,65.8,565.8,99.15,75.0,High Quality
Germany,Dresden,TU Dresden,Computer Science,Master,2.0,500,65.8,750,75,550,0.92,tu dresden,tu dresden,,,,,,,,,,,,,,,,,,,,,,,,,,,,,,,,Not Matched,International Education Costs Dataset,Unmatched,,,500.0,65.8,565.8,99.15,75.0,High Quality
Germany,Stuttgart,University of Stuttgart,Software Engineering,Bachelor,3.0,450,68.5,850,75,550,0.92,university of stuttgart,university of stuttgart,universit t stuttgart,86.36363636363636,314,312,Universität Stuttgart,Germany,Europe,L,FO,VH,A,23.1,386,33.0,286,6.8,701+,55.2,228,36.0,442,46.8,314,70.4,479,21.7,527,65.3,239=,34.9,universit t stuttgart,QS World University Rankings 2025,International Education Costs Dataset,Medium,314.0,77.7,450.0,68.5,518.5,99.22,100.0,High Quality
Germany,Stuttgart,University of Stuttgart,Software Engineering,Bachelor,3.0,450,68.5,850,75,550,0.92,university of stuttgart,university of stuttgart,universit t stuttgart,86.36363636363636,314,312,Universität Stuttgart,Germany,Europe,L,FO,VH,A,23.1,386,33.0,286,6.8,701+,55.2,228,36.0,442,46.8,314,70.4,479,21.7,527,65.3,239=,34.9,universit t stuttgart,QS World University Rankings 2025,International Education Costs Dataset,Medium,314.0,77.7,450.0,68.5,518.5,99.22,100.0,High Quality
Germany,Stuttgart,University of Stuttgart,Software Engineering,Bachelor,3.0,450,68.5,850,75,550,0.92,university of stuttgart,university of stuttgart,universit t stuttgart,86.36363636363636,314,312,Universität Stuttgart,Germany,Europe,L,FO,VH,A,23.1,386,33.0,286,6.8,701+,55.2,228,36.0,442,46.8,314,70.4,479,21.7,527,65.3,239=,34.9,universit t stuttgart,QS World University Rankings 2025,International Education Costs Dataset,Medium,314.0,77.7,450.0,68.5,518.5,99.22,100.0,High Quality
Germany,Hamburg,TU Hamburg,Data Engineering,Master,2.0,500,71.2,950,75,550,0.92,tu hamburg,tu hamburg,,,,,,,,,,,,,,,,,,,,,,,,,,,,,,,,Not Matched,International Education Costs Dataset,Unmatched,,,500.0,71.2,571.2,99.14,75.0,High Quality
Germany,Hamburg,TU Hamburg,Data Engineering,Master,2.0,500,71.2,950,75,550,0.92,tu hamburg,tu hamburg,,,,,,,,,,,,,,,,,,,,,,,,,,,,,,,,Not Matched,International Education Costs Dataset,Unmatched,,,500.0,71.2,571.2,99.14,75.0,High Quality
Germany,Aachen,RWTH Aachen,Computer Engineering,Bachelor,3.0,500,66.4,700,75,550,0.92,rwth aachen,rwth aachen,,,,,,,,,,,,,,,,,,,,,,,,,,,,,,,,Not Matched,International Education Costs Dataset,Unmatched,,,500.0,66.4,566.4,99.15,75.0,High Quality
Germany,Aachen,RWTH Aachen,Computer Engineering,Bachelor,3.0,500,66.4,700,75,550,0.92,rwth aachen,rwth aachen,,,,,,,,,,,,,,,,,,,,,,,,,,,,,,,,Not Matched,International Education Costs Dataset,Unmatched,,,500.0,66.4,566.4,99.15,75.0,High Quality
Germany,Aachen,RWTH Aachen,Computer Engineering,Bachelor,3.0,500,66.4,700,75,550,0.92,rwth aachen,rwth aachen,,,,,,,,,,,,,,,,,,,,,,,,,,,,,,,,Not Matched,International Education Costs Dataset,Unmatched,,,500.0,66.4,566.4,99.15,75.0,High Quality
Germany,Karlsruhe,KIT,Artificial Intelligence,Master,2.0,500,67.8,800,75,550,0.92,kit,kit,,,,,,,,,,,,,,,,,,,,,,,,,,,,,,,,Not Matched,International Education Costs Dataset,Unmatched,,,500.0,67.8,567.8,99.14,75.0,High Quality
Germany,Karlsruhe,KIT,Artificial Intelligence,Master,2.0,500,67.8,800,75,550,0.92,kit,kit,,,,,,,,,,,,,,,,,,,,,,,,,,,,,,,,Not Matched,International Education Costs Dataset,Unmatched,,,500.0,67.8,567.8,99.14,75.0,High Quality
Germany,Darmstadt,TU Darmstadt,Information Systems,Bachelor,3.0,450,66.9,750,75,550,0.92,tu darmstadt,tu darmstadt,,,,,,,,,,,,,,,,,,,,,,,,,,,,,,,,Not Matched,International Education Costs Dataset,Unmatched,,,450.0,66.9,516.9,99.23,75.0,High Quality
Germany,Darmstadt,TU Darmstadt,Information Systems,Bachelor,3.0,450,66.9,750,75,550,0.92,tu darmstadt,tu darmstadt,,,,,,,,,,,,,,,,,,,,,,,,,,,,,,,,Not Matched,International Education Costs Dataset,Unmatched,,,450.0,66.9,516.9,99.23,75.0,High Quality
Germany,Braunschweig,TU Braunschweig,Software Systems,Master,2.0,500,64.5,650,75,550,0.92,tu braunschweig,tu braunschweig,,,,,,,,,,,,,,,,,,,,,,,,,,,,,,,,Not Matched,International Education Costs Dataset,Unmatched,,,500.0,64.5,564.5,99.15,75.0,High Quality
Germany,Jena,University of Jena,Data Science,Bachelor,3.0,450,63.8,600,75,550,0.92,university of jena,university of jena,university of genoa,91.89189189189187,547,530,University of Genoa,Italy,Europe,L,FC,VH,A,18.8,479,4.9,601+,12.7,701+,43.7,314,5.4,701+,9.2,701+,81.2,304,10.5,701+,39.5,371=,22.6,university of genoa,QS World University Rankings 2025,International Education Costs Dataset,High,547.0,61.04,450.0,63.8,513.8,99.23,100.0,High Quality
Germany,Jena,University of Jena,Data Science,Bachelor,3.0,450,63.8,600,75,550,0.92,university of jena,university of jena,university of genoa,91.89189189189187,547,530,University of Genoa,Italy,Europe,L,FC,VH,A,18.8,479,4.9,601+,12.7,701+,43.7,314,5.4,701+,9.2,701+,81.2,304,10.5,701+,39.5,371=,22.6,university of genoa,QS World University Rankings 2025,International Education Costs Dataset,High,547.0,61.04,450.0,63.8,513.8,99.23,100.0,High Quality
Germany,Hannover,Leibniz University,Digital Engineering,Master,2.0,500,66.2,750,75,550,0.92,leibniz university,leibniz university,leiden university,85.71428571428572,141,126,Leiden University,Netherlands,Europe,XL,FC,VH,A,68.4,95,32.9,288,21.3,649,54.5,234,85.0,220,51.7,284,95.2,72,48.8,263,25.5,488=,53.6,leiden university,QS World University Rankings 2025,International Education Costs Dataset,Medium,141.0,90.06,500.0,66.2,566.2,99.15,100.0,High Quality
Germany,Freiburg,University of Freiburg,Robotics & AI,Master,2.0,500,67.5,800,75,550,0.92,university of freiburg,university of freiburg,,,,,,,,,,,,,,,,,,,,,,,,,,,,,,,,Not Matched,International Education Costs Dataset,Unmatched,,,500.0,67.5,567.5,99.14,75.0,High Quality
USA,Philadelphia,University of Pennsylvania,Computer Science,Master,2.0,51900,76.8,1900,160,1500,1.0,university of pennsylvania,university of pennsylvania,university of pennsylvania,100.0,11,12,University of Pennsylvania,United States,Americas,L,FC,VH,B,96.3,31,91.9,45,99.8,28,74.0,138,90.9,188,66.2,226,91.9,137,100.0,7,93.0,71,90.3,university of pennsylvania,QS World University Rankings 2025,International Education Costs Dataset,Excellent,11.0,99.36,51900.0,76.8,51976.8,16.31,100.0,High Quality
USA,Philadelphia,University of Pennsylvania,Computer Science,Master,2.0,51900,76.8,1900,160,1500,1.0,university of pennsylvania,university of pennsylvania,university of pennsylvania,100.0,11,12,University of Pennsylvania,United States,Americas,L,FC,VH,B,96.3,31,91.9,45,99.8,28,74.0,138,90.9,188,66.2,226,91.9,137,100.0,7,93.0,71,90.3,university of pennsylvania,QS World University Rankings 2025,International Education Costs Dataset,Excellent,11.0,99.36,51900.0,76.8,51976.8,16.31,100.0,High Quality
USA,Chicago,University of Chicago,Data Analytics,Master,2.0,52400,78.9,2000,160,1500,1.0,university of chicago,university of chicago,university of chicago,100.0,21,11,University of Chicago,United States,Americas,L,FC,VH,B,99.1,17,96.4,29,94.2,69,60.8,197,79.0,244,87.0,140,85.1,245,99.1,16,46.9,330=,86.2,university of chicago,QS World University Rankings 2025,International Education Costs Dataset,Excellent,21.0,98.64,52400.0,78.9,52478.9,15.5,100.0,High Quality
USA,Chicago,University of Chicago,Data Analytics,Master,2.0,52400,78.9,2000,160,1500,1.0,university of chicago,university of chicago,university of chicago,100.0,21,11,University of Chicago,United States,Americas,L,FC,VH,B,99.1,17,96.4,29,94.2,69,60.8,197,79.0,244,87.0,140,85.1,245,99.1,16,46.9,330=,86.2,university of chicago,QS World University Rankings 2025,International Education Costs Dataset,Excellent,21.0,98.64,52400.0,78.9,52478.9,15.5,100.0,High Quality
USA,Chicago,University of Chicago,Data Analytics,Master,2.0,52400,78.9,2000,160,1500,1.0,university of chicago,university of chicago,university of chicago,100.0,21,11,University of Chicago,United States,Americas,L,FC,VH,B,99.1,17,96.4,29,94.2,69,60.8,197,79.0,244,87.0,140,85.1,245,99.1,16,46.9,330=,86.2,university of chicago,QS World University Rankings 2025,International Education Costs Dataset,Excellent,21.0,98.64,52400.0,78.9,52478.9,15.5,100.0,High Quality
USA,Baltimore,Johns Hopkins,Artificial Intelligence,PhD,5.0,53600,72.5,1700,160,1500,1.0,johns hopkins,johns hopkins,,,,,,,,,,,,,,,,,,,,,,,,,,,,,,,,Not Matched,International Education Costs Dataset,Unmatched,,,53600.0,72.5,53672.5,13.58,75.0,High Quality
USA,Nashville,Vanderbilt University,Computer Engineering,Bachelor,4.0,50800,71.2,1600,160,1500,1.0,vanderbilt university,vanderbilt university,vanderbilt university,100.0,248,261,Vanderbilt University,United States,Americas,L,FC,VH,B,24.4,356,21.8,423,100.0,13,53.0,242,30.1,493,36.0,383,78.6,344,34.7,364,24.5,492=,40.8,vanderbilt university,QS World University Rankings 2025,International Education Costs Dataset,Excellent,248.0,82.42,50800.0,71.2,50871.2,18.09,100.0,High Quality
USA,Durham,Duke University,Software Engineering,Master,2.0,51500,70.8,1500,160,1500,1.0,duke university,duke university,duke university,100.0,61,57,Duke University,United States,Americas,L,FC,VH,B,86.0,52,74.7,86,100.0,6,35.1,382,16.3,647,61.0,243,93.3,111,85.5,99,75.0,186=,70.8,duke university,QS World University Rankings 2025,International Education Costs Dataset,Excellent,61.0,95.78,51500.0,70.8,51570.8,16.97,100.0,High Quality
USA,Madison,University of Wisconsin,Computer Science,PhD,5.0,38200,69.5,1400,160,1500,1.0,university of wisconsin,university of wisconsin,university of wisconsin madison,85.18518518518519,116,102,University of Wisconsin-Madison,United States,Americas,XL,FC,VH,A,77.7,74,47.8,193,74.3,170,23.7,513,35.3,454,23.6,498,91.6,149,81.6,116,59.6,269=,57.1,university of wisconsin madison,QS World University Rankings 2025,International Education Costs Dataset,Medium,116.0,91.85,38200.0,69.5,38269.5,38.4,100.0,High Quality
USA,Tempe,Arizona State University,Information Technology,Bachelor,4.0,41200,70.2,1300,160,1500,1.0,arizona state university,arizona state university,arizona state university,100.0,200,179,Arizona State University,United States,Americas,XL,CO,VH,A,48.6,165,44.1,209,7.4,701+,47.1,289,52.1,357,37.2,378,95.7,66,23.6,479,96.3,41=,46.2,arizona state university,QS World University Rankings 2025,International Education Costs Dataset,Excellent,200.0,85.85,41200.0,70.2,41270.2,33.56,100.0,High Quality
USA,Tempe,Arizona State University,Information Technology,Bachelor,4.0,41200,70.2,1300,160,1500,1.0,arizona state university,arizona state university,arizona state university,100.0,200,179,Arizona State University,United States,Americas,XL,CO,VH,A,48.6,165,44.1,209,7.4,701+,47.1,289,52.1,357,37.2,378,95.7,66,23.6,479,96.3,41=,46.2,arizona state university,QS World University Rankings 2025,International Education Costs Dataset,Excellent,200.0,85.85,41200.0,70.2,41270.2,33.56,100.0,High Quality
USA,Boulder,University of Colorado,Data Science,Master,2.0,39800,71.5,1600,160,1500,1.0,university of colorado,university of colorado,university of colombo,88.37209302325581,951-1000,1001-1200,University of Colombo,Sri Lanka,Asia,L,CO,HI,A,13.1,601+,18.0,489,2.5,701+,3.2,701+,1.1,701+,1.2,701+,19.3,701+,69.6,161,16.3,570=,,university of colombo,QS World University Rankings 2025,International Education Costs Dataset,Medium,951.0,32.17,39800.0,71.5,39871.5,35.82,100.0,High Quality
USA,Minneapolis,University of Minnesota,Computer Science,Bachelor,4.0,42500,72.8,1500,160,1500,1.0,university of minnesota,university of minnesota,university of minho,85.71428571428572,611-620,611-620,University of Minho,Portugal,Europe,L,FC,VH,A,15.6,565,7.1,601+,26.5,566,21.0,543,15.9,652,14.9,624,83.7,268,8.6,701+,52.1,305=,,university of minho,QS World University Rankings 2025,International Education Costs Dataset,Medium,611.0,56.47,42500.0,72.8,42572.8,31.46,100.0,High Quality
USA,Minneapolis,University of Minnesota,Computer Science,Bachelor,4.0,42500,72.8,1500,160,1500,1.0,university of minnesota,university of minnesota,university of minho,85.71428571428572,611-620,611-620,University of Minho,Portugal,Europe,L,FC,VH,A,15.6,565,7.1,601+,26.5,566,21.0,543,15.9,652,14.9,624,83.7,268,8.6,701+,52.1,305=,,university of minho,QS World University Rankings 2025,International Education Costs Dataset,Medium,611.0,56.47,42500.0,72.8,42572.8,31.46,100.0,High Quality
USA,Davis,UC Davis,Computer Engineering,Master,2.0,42800,73.5,1700,160,1500,1.0,uc davis,uc davis,,,,,,,,,,,,,,,,,,,,,,,,,,,,,,,,Not Matched,International Education Costs Dataset,Unmatched,,,42800.0,73.5,42873.5,30.98,75.0,High Quality
USA,Davis,UC Davis,Computer Engineering,Master,2.0,42800,73.5,1700,160,1500,1.0,uc davis,uc davis,,,,,,,,,,,,,,,,,,,,,,,,,,,,,,,,Not Matched,International Education Costs Dataset,Unmatched,,,42800.0,73.5,42873.5,30.98,75.0,High Quality
UK,London,University College London,Computer Science,Master,1.0,39200,76.2,1900,485,800,0.79,university college london,university college london,,,,,,,,,,,,,,,,,,,,,,,,,,,,,,,,Not Matched,International Education Costs Dataset,Unmatched,,,39200.0,76.2,39276.2,36.78,75.0,High Quality
UK,London,University College London,Computer Science,Master,1.0,39200,76.2,1900,485,800,0.79,university college london,university college london,,,,,,,,,,,,,,,,,,,,,,,,,,,,,,,,Not Matched,International Education Costs Dataset,Unmatched,,,39200.0,76.2,39276.2,36.78,75.0,High Quality
UK,Leeds,University of Leeds,Software Engineering,Bachelor,3.0,28500,65.8,950,485,800,0.79,university of leeds,university of leeds,university of leeds,100.0,82,75,University of Leeds,United Kingdom,Europe,XL,FC,VH,A,70.5,91,75.9,83,36.4,438,39.8,355,82.5,230,88.5,132,98.8,14,50.9,251,71.8,211=,63.8,university of leeds,QS World University Rankings 2025,International Education Costs Dataset,Excellent,82.0,94.28,28500.0,65.8,28565.8,54.03,100.0,High Quality
UK,Leeds,University of Leeds,Software Engineering,Bachelor,3.0,28500,65.8,950,485,800,0.79,university of leeds,university of leeds,university of leeds,100.0,82,75,University of Leeds,United Kingdom,Europe,XL,FC,VH,A,70.5,91,75.9,83,36.4,438,39.8,355,82.5,230,88.5,132,98.8,14,50.9,251,71.8,211=,63.8,university of leeds,QS World University Rankings 2025,International Education Costs Dataset,Excellent,82.0,94.28,28500.0,65.8,28565.8,54.03,100.0,High Quality
UK,Leeds,University of Leeds,Software Engineering,Bachelor,3.0,28500,65.8,950,485,800,0.79,university of leeds,university of leeds,university of leeds,100.0,82,75,University of Leeds,United Kingdom,Europe,XL,FC,VH,A,70.5,91,75.9,83,36.4,438,39.8,355,82.5,230,88.5,132,98.8,14,50.9,251,71.8,211=,63.8,university of leeds,QS World University Rankings 2025,International Education Costs Dataset,Excellent,82.0,94.28,28500.0,65.8,28565.8,54.03,100.0,High Quality
UK,Leeds,University of Leeds,Software Engineering,Bachelor,3.0,28500,65.8,950,485,800,0.79,university of leeds,university of leeds,university of leeds,100.0,82,75,University of Leeds,United Kingdom,Europe,XL,FC,VH,A,70.5,91,75.9,83,36.4,438,39.8,355,82.5,230,88.5,132,98.8,14,50.9,251,71.8,211=,63.8,university of leeds,QS World University Rankings 2025,International Education Costs Dataset,Excellent,82.0,94.28,28500.0,65.8,28565.8,54.03,100.0,High Quality
UK,Warwick,University of Warwick,Data Science,Master,1.0,36800,67.2,1000,485,800,0.79,university of warwick,university of warwick,the university of warwick,91.30434782608695,69,67,The University of Warwick,United Kingdom,Europe,L,FC,VH,A,72.2,86,86.4,61,35.5,445,37.7,367,98.1,119,99.1,57,94.2,92,65.7,175,89.7,98,68.2,the university of warwick,QS World University Rankings 2025,International Education Costs Dataset,High,69.0,95.21,36800.0,67.2,36867.2,40.66,100.0,High Quality
UK,Warwick,University of Warwick,Data Science,Master,1.0,36800,67.2,1000,485,800,0.79,university of warwick,university of warwick,the university of warwick,91.30434782608695,69,67,The University of Warwick,United Kingdom,Europe,L,FC,VH,A,72.2,86,86.4,61,35.5,445,37.7,367,98.1,119,99.1,57,94.2,92,65.7,175,89.7,98,68.2,the university of warwick,QS World University Rankings 2025,International Education Costs Dataset,High,69.0,95.21,36800.0,67.2,36867.2,40.66,100.0,High Quality
UK,Sheffield,University of Sheffield,Artificial Intelligence,PhD,3.0,27900,64.5,850,485,800,0.79,university of sheffield,university of sheffield,the university of sheffield,92.0,105,104,The University of Sheffield,United Kingdom,Europe,L,FC,VH,A,58.3,132,48.7,187,52.5,290,43.9,313,83.3,228,96.8,80,95.8,62,33.8,374,97.7,24=,59.1,the university of sheffield,QS World University Rankings 2025,International Education Costs Dataset,High,105.0,92.64,27900.0,64.5,27964.5,55.0,100.0,High Quality
UK,Sheffield,University of Sheffield,Artificial Intelligence,PhD,3.0,27900,64.5,850,485,800,0.79,university of sheffield,university of sheffield,the university of sheffield,92.0,105,104,The University of Sheffield,United Kingdom,Europe,L,FC,VH,A,58.3,132,48.7,187,52.5,290,43.9,313,83.3,228,96.8,80,95.8,62,33.8,374,97.7,24=,59.1,the university of sheffield,QS World University Rankings 2025,International Education Costs Dataset,High,105.0,92.64,27900.0,64.5,27964.5,55.0,100.0,High Quality
UK,Sheffield,University of Sheffield,Artificial Intelligence,PhD,3.0,27900,64.5,850,485,800,0.79,university of sheffield,university of sheffield,the university of sheffield,92.0,105,104,The University of Sheffield,United Kingdom,Europe,L,FC,VH,A,58.3,132,48.7,187,52.5,290,43.9,313,83.3,228,96.8,80,95.8,62,33.8,374,97.7,24=,59.1,the university of sheffield,QS World University Rankings 2025,International Education Costs Dataset,High,105.0,92.64,27900.0,64.5,27964.5,55.0,100.0,High Quality
UK,Birmingham,University of Birmingham,Computer Engineering,Bachelor,3.0,29500,66.8,950,485,800,0.79,university of birmingham,university of birmingham,university of birmingham,100.0,80,84,University of Birmingham,United Kingdom,Europe,XL,FC,VH,A,68.9,94,69.0,105,39.0,402,40.5,348,92.6,171,89.3,127,97.5,31,44.5,285,96.8,35,64.1,university of birmingham,QS World University Rankings 2025,International Education Costs Dataset,Excellent,80.0,94.42,29500.0,66.8,29566.8,52.42,100.0,High Quality
UK,Birmingham,University of Birmingham,Computer Engineering,Bachelor,3.0,29500,66.8,950,485,800,0.79,university of birmingham,university of birmingham,university of birmingham,100.0,80,84,University of Birmingham,United Kingdom,Europe,XL,FC,VH,A,68.9,94,69.0,105,39.0,402,40.5,348,92.6,171,89.3,127,97.5,31,44.5,285,96.8,35,64.1,university of birmingham,QS World University Rankings 2025,International Education Costs Dataset,Excellent,80.0,94.42,29500.0,66.8,29566.8,52.42,100.0,High Quality
UK,Birmingham,University of Birmingham,Computer Engineering,Bachelor,3.0,29500,66.8,950,485,800,0.79,university of birmingham,university of birmingham,university of birmingham,100.0,80,84,University of Birmingham,United Kingdom,Europe,XL,FC,VH,A,68.9,94,69.0,105,39.0,402,40.5,348,92.6,171,89.3,127,97.5,31,44.5,285,96.8,35,64.1,university of birmingham,QS World University Rankings 2025,International Education Costs Dataset,Excellent,80.0,94.42,29500.0,66.8,29566.8,52.42,100.0,High Quality
UK,Southampton,University of Southampton,Cybersecurity,Master,1.0,32400,65.9,900,485,800,0.79,university of southampton,university of southampton,university of southampton,100.0,80,81,University of Southampton,United Kingdom,Europe,L,FC,VH,A,50.1,161,44.3,208,40.7,385,83.4,100,92.5,173,98.0,70,97.1,40,49.2,261,96.9,34,64.1,university of southampton,QS World University Rankings 2025,International Education Costs Dataset,Excellent,80.0,94.42,32400.0,65.9,32465.9,47.75,100.0,High Quality
UK,Southampton,University of Southampton,Cybersecurity,Master,1.0,32400,65.9,900,485,800,0.79,university of southampton,university of southampton,university of southampton,100.0,80,81,University of Southampton,United Kingdom,Europe,L,FC,VH,A,50.1,161,44.3,208,40.7,385,83.4,100,92.5,173,98.0,70,97.1,40,49.2,261,96.9,34,64.1,university of southampton,QS World University Rankings 2025,International Education Costs Dataset,Excellent,80.0,94.42,32400.0,65.9,32465.9,47.75,100.0,High Quality
UK,Nottingham,University of Nottingham,Computer Science,Bachelor,3.0,28900,64.8,850,485,800,0.79,university of nottingham,university of nottingham,university of nottingham,100.0,108,100,University of Nottingham,United Kingdom,Europe,XL,FC,VH,A,61.1,117,65.8,116,32.8,481,37.6,368,89.4,194,70.5,208,98.0,25,38.0,339,97.0,33,58.5,university of nottingham,QS World University Rankings 2025,International Education Costs Dataset,Excellent,108.0,92.42,28900.0,64.8,28964.8,53.39,100.0,High Quality
UK,Nottingham,University of Nottingham,Computer Science,Bachelor,3.0,28900,64.8,850,485,800,0.79,university of nottingham,university of nottingham,university of nottingham,100.0,108,100,University of Nottingham,United Kingdom,Europe,XL,FC,VH,A,61.1,117,65.8,116,32.8,481,37.6,368,89.4,194,70.5,208,98.0,25,38.0,339,97.0,33,58.5,university of nottingham,QS World University Rankings 2025,International Education Costs Dataset,Excellent,108.0,92.42,28900.0,64.8,28964.8,53.39,100.0,High Quality
UK,Nottingham,University of Nottingham,Computer Science,Bachelor,3.0,28900,64.8,850,485,800,0.79,university of nottingham,university of nottingham,university of nottingham,100.0,108,100,University of Nottingham,United Kingdom,Europe,XL,FC,VH,A,61.1,117,65.8,116,32.8,481,37.6,368,89.4,194,70.5,208,98.0,25,38.0,339,97.0,33,58.5,university of nottingham,QS World University Rankings 2025,International Education Costs Dataset,Excellent,108.0,92.42,28900.0,64.8,28964.8,53.39,100.0,High Quality
UK,Nottingham,University of Nottingham,Computer Science,Bachelor,3.0,28900,64.8,850,485,800,0.79,university of nottingham,university of nottingham,university of nottingham,100.0,108,100,University of Nottingham,United Kingdom,Europe,XL,FC,VH,A,61.1,117,65.8,116,32.8,481,37.6,368,89.4,194,70.5,208,98.0,25,38.0,339,97.0,33,58.5,university of nottingham,QS World University Rankings 2025,International Education Costs Dataset,Excellent,108.0,92.42,28900.0,64.8,28964.8,53.39,100.0,High Quality
UK,Cardiff,Cardiff University,Software Development,Master,1.0,31200,64.2,800,485,800,0.79,cardiff university,cardiff university,cardiff university,100.0,186,154,Cardiff University,United Kingdom,Europe,L,FC,VH,A,46.8,171,43.2,213,36.1,441,30.0,437,82.8,229,67.7,219,92.3,132,18.9,584,96.0,46=,47.6,cardiff university,QS World University Rankings 2025,International Education Costs Dataset,Excellent,186.0,86.85,31200.0,64.2,31264.2,49.68,100.0,High Quality
UK,Cardiff,Cardiff University,Software Development,Master,1.0,31200,64.2,800,485,800,0.79,cardiff university,cardiff university,cardiff university,100.0,186,154,Cardiff University,United Kingdom,Europe,L,FC,VH,A,46.8,171,43.2,213,36.1,441,30.0,437,82.8,229,67.7,219,92.3,132,18.9,584,96.0,46=,47.6,cardiff university,QS World University Rankings 2025,International Education Costs Dataset,Excellent,186.0,86.85,31200.0,64.2,31264.2,49.68,100.0,High Quality
UK,Cardiff,Cardiff University,Software Development,Master,1.0,31200,64.2,800,485,800,0.79,cardiff university,cardiff university,cardiff university,100.0,186,154,Cardiff University,United Kingdom,Europe,L,FC,VH,A,46.8,171,43.2,213,36.1,441,30.0,437,82.8,229,67.7,219,92.3,132,18.9,584,96.0,46=,47.6,cardiff university,QS World University Rankings 2025,International Education Costs Dataset,Excellent,186.0,86.85,31200.0,64.2,31264.2,49.68,100.0,High Quality
UK,Belfast,Queen's University Belfast,Computing Systems,Bachelor,3.0,27500,63.5,750,485,800,0.79,queen s university belfast,queen s university belfast,queen s university belfast,100.0,206,202,Queen's University Belfast,United Kingdom,Europe,L,FC,VH,A,35.4,249,33.6,279,28.6,543,40.6,345,100.0,74,98.2,67,92.8,124,9.9,701+,88.9,103=,45.7,queen s university belfast,QS World University Rankings 2025,International Education Costs Dataset,Excellent,206.0,85.42,27500.0,63.5,27563.5,55.65,100.0,High Quality
UK,Newcastle,Newcastle University,Data Analytics,Master,1.0,30800,64.6,800,485,800,0.79,newcastle university,newcastle university,newcastle university,100.0,129,110,Newcastle University,United Kingdom,Europe,L,FC,VH,A,50.0,164,59.3,137,39.2,399,38.7,362,89.5,193,68.6,217,97.1,42,31.3,403,97.1,30=,54.5,newcastle university,QS World University Rankings 2025,International Education Costs Dataset,Excellent,129.0,90.92,30800.0,64.6,30864.6,50.33,100.0,High Quality
UK,Newcastle,Newcastle University,Data Analytics,Master,1.0,30800,64.6,800,485,800,0.79,newcastle university,newcastle university,newcastle university,100.0,129,110,Newcastle University,United Kingdom,Europe,L,FC,VH,A,50.0,164,59.3,137,39.2,399,38.7,362,89.5,193,68.6,217,97.1,42,31.3,403,97.1,30=,54.5,newcastle university,QS World University Rankings 2025,International Education Costs Dataset,Excellent,129.0,90.92,30800.0,64.6,30864.6,50.33,100.0,High Quality
Canada,Hamilton,McMaster University,Software Engineering,Bachelor,4.0,32500,68.5,1200,235,900,1.35,mcmaster university,mcmaster university,mcmaster university,100.0,176,189,McMaster University,Canada,Americas,L,FC,VH,A,39.5,215,34.2,276,63.8,215,35.6,380,96.2,136,56.7,263,82.6,284,49.9,255,91.9,78=,49.0,mcmaster university,QS World University Rankings 2025,International Education Costs Dataset,Excellent,176.0,87.56,32500.0,68.5,32568.5,47.58,100.0,High Quality
Canada,Hamilton,McMaster University,Software Engineering,Bachelor,4.0,32500,68.5,1200,235,900,1.35,mcmaster university,mcmaster university,mcmaster university,100.0,176,189,McMaster University,Canada,Americas,L,FC,VH,A,39.5,215,34.2,276,63.8,215,35.6,380,96.2,136,56.7,263,82.6,284,49.9,255,91.9,78=,49.0,mcmaster university,QS World University Rankings 2025,International Education Costs Dataset,Excellent,176.0,87.56,32500.0,68.5,32568.5,47.58,100.0,High Quality
Canada,Hamilton,McMaster University,Software Engineering,Bachelor,4.0,32500,68.5,1200,235,900,1.35,mcmaster university,mcmaster university,mcmaster university,100.0,176,189,McMaster University,Canada,Americas,L,FC,VH,A,39.5,215,34.2,276,63.8,215,35.6,380,96.2,136,56.7,263,82.6,284,49.9,255,91.9,78=,49.0,mcmaster university,QS World University Rankings 2025,International Education Costs Dataset,Excellent,176.0,87.56,32500.0,68.5,32568.5,47.58,100.0,High Quality
Canada,London ON,Western University,Computer Science,Master,2.0,29800,65.8,1100,235,900,1.35,western university,western university,western university,100.0,120,114,Western University,Canada,Americas,XL,FC,VH,A,32.6,270,38.9,243,3.3,701+,93.4,60,99.8,94,49.5,299,81.5,296,96.7,38,99.3,10,55.8,western university,QS World University Rankings 2025,International Education Costs Dataset,Excellent,120.0,91.57,29800.0,65.8,29865.8,51.94,100.0,High Quality
Canada,London ON,Western University,Computer Science,Master,2.0,29800,65.8,1100,235,900,1.35,western university,western university,western university,100.0,120,114,Western University,Canada,Americas,XL,FC,VH,A,32.6,270,38.9,243,3.3,701+,93.4,60,99.8,94,49.5,299,81.5,296,96.7,38,99.3,10,55.8,western university,QS World University Rankings 2025,International Education Costs Dataset,Excellent,120.0,91.57,29800.0,65.8,29865.8,51.94,100.0,High Quality
Canada,London ON,Western University,Computer Science,Master,2.0,29800,65.8,1100,235,900,1.35,western university,western university,western university,100.0,120,114,Western University,Canada,Americas,XL,FC,VH,A,32.6,270,38.9,243,3.3,701+,93.4,60,99.8,94,49.5,299,81.5,296,96.7,38,99.3,10,55.8,western university,QS World University Rankings 2025,International Education Costs Dataset,Excellent,120.0,91.57,29800.0,65.8,29865.8,51.94,100.0,High Quality
Canada,Halifax,Dalhousie University,Data Science,Master,2.0,28500,64.5,1200,235,900,1.35,dalhousie university,dalhousie university,dalhousie university,100.0,275,298,Dalhousie University,Canada,Americas,L,FC,VH,A,19.4,463,16.7,513,12.9,701+,53.5,239,99.9,86,74.6,189,77.4,369,30.1,416,87.9,109,38.2,dalhousie university,QS World University Rankings 2025,International Education Costs Dataset,Excellent,275.0,80.49,28500.0,64.5,28564.5,54.03,100.0,High Quality
Canada,Halifax,Dalhousie University,Data Science,Master,2.0,28500,64.5,1200,235,900,1.35,dalhousie university,dalhousie university,dalhousie university,100.0,275,298,Dalhousie University,Canada,Americas,L,FC,VH,A,19.4,463,16.7,513,12.9,701+,53.5,239,99.9,86,74.6,189,77.4,369,30.1,416,87.9,109,38.2,dalhousie university,QS World University Rankings 2025,International Education Costs Dataset,Excellent,275.0,80.49,28500.0,64.5,28564.5,54.03,100.0,High Quality
Canada,Halifax,Dalhousie University,Data Science,Master,2.0,28500,64.5,1200,235,900,1.35,dalhousie university,dalhousie university,dalhousie university,100.0,275,298,Dalhousie University,Canada,Americas,L,FC,VH,A,19.4,463,16.7,513,12.9,701+,53.5,239,99.9,86,74.6,189,77.4,369,30.1,416,87.9,109,38.2,dalhousie university,QS World University Rankings 2025,International Education Costs Dataset,Excellent,275.0,80.49,28500.0,64.5,28564.5,54.03,100.0,High Quality
Canada,Halifax,Dalhousie University,Data Science,Master,2.0,28500,64.5,1200,235,900,1.35,dalhousie university,dalhousie university,dalhousie university,100.0,275,298,Dalhousie University,Canada,Americas,L,FC,VH,A,19.4,463,16.7,513,12.9,701+,53.5,239,99.9,86,74.6,189,77.4,369,30.1,416,87.9,109,38.2,dalhousie university,QS World University Rankings 2025,International Education Costs Dataset,Excellent,275.0,80.49,28500.0,64.5,28564.5,54.03,100.0,High Quality
Canada,Victoria,University of Victoria,Computer Engineering,Bachelor,4.0,27900,69.2,1300,235,900,1.35,university of victoria,university of victoria,victoria university,92.6829268292683,741-750,711-720,Victoria University,Australia,Oceania,L,CO,HI,A,6.9,601+,6.1,601+,2.4,701+,34.1,389,32.7,480,41.5,345,44.9,701+,6.4,701+,34.8,406=,,victoria university,QS World University Rankings 2025,International Education Costs Dataset,High,741.0,47.18,27900.0,69.2,27969.2,54.99,100.0,High Quality
Canada,Victoria,University of Victoria,Computer Engineering,Bachelor,4.0,27900,69.2,1300,235,900,1.35,university of victoria,university of victoria,victoria university,92.6829268292683,741-750,711-720,Victoria University,Australia,Oceania,L,CO,HI,A,6.9,601+,6.1,601+,2.4,701+,34.1,389,32.7,480,41.5,345,44.9,701+,6.4,701+,34.8,406=,,victoria university,QS World University Rankings 2025,International Education Costs Dataset,High,741.0,47.18,27900.0,69.2,27969.2,54.99,100.0,High Quality
Canada,Victoria,University of Victoria,Computer Engineering,Bachelor,4.0,27900,69.2,1300,235,900,1.35,university of victoria,university of victoria,victoria university,92.6829268292683,741-750,711-720,Victoria University,Australia,Oceania,L,CO,HI,A,6.9,601+,6.1,601+,2.4,701+,34.1,389,32.7,480,41.5,345,44.9,701+,6.4,701+,34.8,406=,,victoria university,QS World University Rankings 2025,International Education Costs Dataset,High,741.0,47.18,27900.0,69.2,27969.2,54.99,100.0,High Quality
Canada,Victoria,University of Victoria,Computer Engineering,Bachelor,4.0,27900,69.2,1300,235,900,1.35,university of victoria,university of victoria,victoria university,92.6829268292683,741-750,711-720,Victoria University,Australia,Oceania,L,CO,HI,A,6.9,601+,6.1,601+,2.4,701+,34.1,389,32.7,480,41.5,345,44.9,701+,6.4,701+,34.8,406=,,victoria university,QS World University Rankings 2025,International Education Costs Dataset,High,741.0,47.18,27900.0,69.2,27969.2,54.99,100.0,High Quality
Canada,Quebec City,Laval University,Artificial Intelligence,Master,2.0,21500,63.8,900,235,900,1.35,laval university,laval university,universit laval,96.7741935483871,423,441,Université Laval,Canada,Americas,L,FC,VH,A,19.2,468,8.1,601+,26.0,572,23.8,512,55.8,336,41.6,344,80.2,317,36.4,349,78.4,166=,28.1,universit laval,QS World University Rankings 2025,International Education Costs Dataset,Excellent,423.0,69.91,21500.0,63.8,21563.8,65.31,100.0,High Quality
Canada,Quebec City,Laval University,Artificial Intelligence,Master,2.0,21500,63.8,900,235,900,1.35,laval university,laval university,universit laval,96.7741935483871,423,441,Université Laval,Canada,Americas,L,FC,VH,A,19.2,468,8.1,601+,26.0,572,23.8,512,55.8,336,41.6,344,80.2,317,36.4,349,78.4,166=,28.1,universit laval,QS World University Rankings 2025,International Education Costs Dataset,Excellent,423.0,69.91,21500.0,63.8,21563.8,65.31,100.0,High Quality
Canada,Quebec City,Laval University,Artificial Intelligence,Master,2.0,21500,63.8,900,235,900,1.35,laval university,laval university,universit laval,96.7741935483871,423,441,Université Laval,Canada,Americas,L,FC,VH,A,19.2,468,8.1,601+,26.0,572,23.8,512,55.8,336,41.6,344,80.2,317,36.4,349,78.4,166=,28.1,universit laval,QS World University Rankings 2025,International Education Costs Dataset,Excellent,423.0,69.91,21500.0,63.8,21563.8,65.31,100.0,High Quality
Canada,Quebec City,Laval University,Artificial Intelligence,Master,2.0,21500,63.8,900,235,900,1.35,laval university,laval university,universit laval,96.7741935483871,423,441,Université Laval,Canada,Americas,L,FC,VH,A,19.2,468,8.1,601+,26.0,572,23.8,512,55.8,336,41.6,344,80.2,317,36.4,349,78.4,166=,28.1,universit laval,QS World University Rankings 2025,International Education Costs Dataset,Excellent,423.0,69.91,21500.0,63.8,21563.8,65.31,100.0,High Quality
Canada,Winnipeg,University of Manitoba,Computer Science,Bachelor,4.0,26800,62.5,950,235,900,1.35,university of manitoba,university of manitoba,university of manitoba,100.0,661-670,671-680,University of Manitoba,Canada,Americas,L,FC,VH,A,13.6,601+,15.9,536,29.6,526,12.0,694,,,43.2,334,73.1,439,32.8,390,16.3,570=,,university of manitoba,QS World University Rankings 2025,International Education Costs Dataset,Excellent,661.0,52.89,26800.0,62.5,26862.5,56.78,100.0,High Quality
Canada,Winnipeg,University of Manitoba,Computer Science,Bachelor,4.0,26800,62.5,950,235,900,1.35,university of manitoba,university of manitoba,university of manitoba,100.0,661-670,671-680,University of Manitoba,Canada,Americas,L,FC,VH,A,13.6,601+,15.9,536,29.6,526,12.0,694,,,43.2,334,73.1,439,32.8,390,16.3,570=,,university of manitoba,QS World University Rankings 2025,International Education Costs Dataset,Excellent,661.0,52.89,26800.0,62.5,26862.5,56.78,100.0,High Quality
Canada,Winnipeg,University of Manitoba,Computer Science,Bachelor,4.0,26800,62.5,950,235,900,1.35,university of manitoba,university of manitoba,university of manitoba,100.0,661-670,671-680,University of Manitoba,Canada,Americas,L,FC,VH,A,13.6,601+,15.9,536,29.6,526,12.0,694,,,43.2,334,73.1,439,32.8,390,16.3,570=,,university of manitoba,QS World University Rankings 2025,International Education Costs Dataset,Excellent,661.0,52.89,26800.0,62.5,26862.5,56.78,100.0,High Quality
Canada,Winnipeg,University of Manitoba,Computer Science,Bachelor,4.0,26800,62.5,950,235,900,1.35,university of manitoba,university of manitoba,university of manitoba,100.0,661-670,671-680,University of Manitoba,Canada,Americas,L,FC,VH,A,13.6,601+,15.9,536,29.6,526,12.0,694,,,43.2,334,73.1,439,32.8,390,16.3,570=,,university of manitoba,QS World University Rankings 2025,International Education Costs Dataset,Excellent,661.0,52.89,26800.0,62.5,26862.5,56.78,100.0,High Quality
Canada,Regina,University of Regina,Software Systems,Bachelor,4.0,25500,61.8,900,235,900,1.35,university of regina,university of regina,university of regina,100.0,951-1000,1001-1200,University of Regina,Canada,Americas,L,CO,HI,A,3.3,601+,2.5,601+,3.9,701+,21.0,544,7.3,701+,38.3,365,39.1,701+,4.1,701+,44.6,343=,,university of regina,QS World University Rankings 2025,International Education Costs Dataset,Excellent,951.0,32.17,25500.0,61.8,25561.8,58.87,100.0,High Quality
Canada,Regina,University of Regina,Software Systems,Bachelor,4.0,25500,61.8,900,235,900,1.35,university of regina,university of regina,university of regina,100.0,951-1000,1001-1200,University of Regina,Canada,Americas,L,CO,HI,A,3.3,601+,2.5,601+,3.9,701+,21.0,544,7.3,701+,38.3,365,39.1,701+,4.1,701+,44.6,343=,,university of regina,QS World University Rankings 2025,International Education Costs Dataset,Excellent,951.0,32.17,25500.0,61.8,25561.8,58.87,100.0,High Quality
Canada,Regina,University of Regina,Software Systems,Bachelor,4.0,25500,61.8,900,235,900,1.35,university of regina,university of regina,university of regina,100.0,951-1000,1001-1200,University of Regina,Canada,Americas,L,CO,HI,A,3.3,601+,2.5,601+,3.9,701+,21.0,544,7.3,701+,38.3,365,39.1,701+,4.1,701+,44.6,343=,,university of regina,QS World University Rankings 2025,International Education Costs Dataset,Excellent,951.0,32.17,25500.0,61.8,25561.8,58.87,100.0,High Quality
Canada,St. John's,Memorial University,Computer Science,Master,2.0,19800,63.2,950,235,900,1.35,memorial university,memorial university,emory university,85.71428571428572,196,166,Emory University,United States,Americas,L,FC,VH,B,25.2,349,19.0,469,93.8,70,78.4,120,52.2,355,33.9,399,85.6,237,22.8,502,37.0,391=,46.6,emory university,QS World University Rankings 2025,International Education Costs Dataset,Medium,196.0,86.13,19800.0,63.2,19863.2,68.05,100.0,High Quality
Canada,St. John's,Memorial University,Computer Science,Master,2.0,19800,63.2,950,235,900,1.35,memorial university,memorial university,emory university,85.71428571428572,196,166,Emory University,United States,Americas,L,FC,VH,B,25.2,349,19.0,469,93.8,70,78.4,120,52.2,355,33.9,399,85.6,237,22.8,502,37.0,391=,46.6,emory university,QS World University Rankings 2025,International Education Costs Dataset,Medium,196.0,86.13,19800.0,63.2,19863.2,68.05,100.0,High Quality
Canada,St. John's,Memorial University,Computer Science,Master,2.0,19800,63.2,950,235,900,1.35,memorial university,memorial university,emory university,85.71428571428572,196,166,Emory University,United States,Americas,L,FC,VH,B,25.2,349,19.0,469,93.8,70,78.4,120,52.2,355,33.9,399,85.6,237,22.8,502,37.0,391=,46.6,emory university,QS World University Rankings 2025,International Education Costs Dataset,Medium,196.0,86.13,19800.0,63.2,19863.2,68.05,100.0,High Quality
Canada,Saskatoon,University of Saskatchewan,Data Analytics,Master,2.0,24500,62.8,1000,235,900,1.35,university of saskatchewan,university of saskatchewan,university of saskatchewan,100.0,340,345,University of Saskatchewan,Canada,Americas,L,FC,VH,A,11.1,601+,5.3,601+,18.2,701+,57.0,219,77.3,251,49.5,298,82.3,287,32.1,394,90.7,89=,33.2,university of saskatchewan,QS World University Rankings 2025,International Education Costs Dataset,Excellent,340.0,75.84,24500.0,62.8,24562.8,60.48,100.0,High Quality
Canada,Saskatoon,University of Saskatchewan,Data Analytics,Master,2.0,24500,62.8,1000,235,900,1.35,university of saskatchewan,university of saskatchewan,university of saskatchewan,100.0,340,345,University of Saskatchewan,Canada,Americas,L,FC,VH,A,11.1,601+,5.3,601+,18.2,701+,57.0,219,77.3,251,49.5,298,82.3,287,32.1,394,90.7,89=,33.2,university of saskatchewan,QS World University Rankings 2025,International Education Costs Dataset,Excellent,340.0,75.84,24500.0,62.8,24562.8,60.48,100.0,High Quality
Canada,Saskatoon,University of Saskatchewan,Data Analytics,Master,2.0,24500,62.8,1000,235,900,1.35,university of saskatchewan,university of saskatchewan,university of saskatchewan,100.0,340,345,University of Saskatchewan,Canada,Americas,L,FC,VH,A,11.1,601+,5.3,601+,18.2,701+,57.0,219,77.3,251,49.5,298,82.3,287,32.1,394,90.7,89=,33.2,university of saskatchewan,QS World University Rankings 2025,International Education Costs Dataset,Excellent,340.0,75.84,24500.0,62.8,24562.8,60.48,100.0,High Quality
Canada,Sherbrooke,Université de Sherbrooke,Computer Engineering,PhD,4.0,20500,61.5,850,235,900,1.35,universit de sherbrooke,universit de sherbrooke,universit de sherbrooke,100.0,851-900,801-850,Université de Sherbrooke,Canada,Americas,L,FC,HI,A,6.8,601+,4.2,601+,18.8,701+,16.9,604,54.7,341,7.6,701+,43.0,701+,23.4,483,8.0,701+,,universit de sherbrooke,QS World University Rankings 2025,International Education Costs Dataset,Excellent,851.0,39.31,20500.0,61.5,20561.5,66.93,100.0,High Quality
USA,Pittsburgh,Carnegie Mellon,Computer Science,Master,2.0,51200,72.4,1800,160,1500,1.0,carnegie mellon,carnegie mellon,,,,,,,,,,,,,,,,,,,,,,,,,,,,,,,,Not Matched,International Education Costs Dataset,Unmatched,,,51200.0,72.4,51272.4,17.45,75.0,High Quality
USA,Pittsburgh,Carnegie Mellon,Computer Science,Master,2.0,51200,72.4,1800,160,1500,1.0,carnegie mellon,carnegie mellon,,,,,,,,,,,,,,,,,,,,,,,,,,,,,,,,Not Matched,International Education Costs Dataset,Unmatched,,,51200.0,72.4,51272.4,17.45,75.0,High Quality
USA,Pittsburgh,Carnegie Mellon,Computer Science,Master,2.0,51200,72.4,1800,160,1500,1.0,carnegie mellon,carnegie mellon,,,,,,,,,,,,,,,,,,,,,,,,,,,,,,,,Not Matched,International Education Costs Dataset,Unmatched,,,51200.0,72.4,51272.4,17.45,75.0,High Quality
USA,Urbana-Champaign,UIUC,Computer Science,PhD,5.0,45800,68.5,1400,160,1500,1.0,uiuc,uiuc,,,,,,,,,,,,,,,,,,,,,,,,,,,,,,,,Not Matched,International Education Costs Dataset,Unmatched,,,45800.0,68.5,45868.5,26.15,75.0,High Quality
Canada,Calgary,University of Calgary,Software Engineering,Bachelor,4.0,26500,69.2,1300,235,900,1.35,university of calgary,university of calgary,university of calgary,100.0,198,182,University of Calgary,Canada,Americas,XL,FC,VH,A,37.9,227,44.5,207,18.1,701+,40.3,350,77.7,246,66.2,225,85.2,243,53.3,236,93.3,68=,46.3,university of calgary,QS World University Rankings 2025,International Education Costs Dataset,Excellent,198.0,85.99,26500.0,69.2,26569.2,57.25,100.0,High Quality
Canada,Calgary,University of Calgary,Software Engineering,Bachelor,4.0,26500,69.2,1300,235,900,1.35,university of calgary,university of calgary,university of calgary,100.0,198,182,University of Calgary,Canada,Americas,XL,FC,VH,A,37.9,227,44.5,207,18.1,701+,40.3,350,77.7,246,66.2,225,85.2,243,53.3,236,93.3,68=,46.3,university of calgary,QS World University Rankings 2025,International Education Costs Dataset,Excellent,198.0,85.99,26500.0,69.2,26569.2,57.25,100.0,High Quality
Canada,Calgary,University of Calgary,Software Engineering,Bachelor,4.0,26500,69.2,1300,235,900,1.35,university of calgary,university of calgary,university of calgary,100.0,198,182,University of Calgary,Canada,Americas,XL,FC,VH,A,37.9,227,44.5,207,18.1,701+,40.3,350,77.7,246,66.2,225,85.2,243,53.3,236,93.3,68=,46.3,university of calgary,QS World University Rankings 2025,International Education Costs Dataset,Excellent,198.0,85.99,26500.0,69.2,26569.2,57.25,100.0,High Quality
Canada,Calgary,University of Calgary,Software Engineering,Bachelor,4.0,26500,69.2,1300,235,900,1.35,university of calgary,university of calgary,university of calgary,100.0,198,182,University of Calgary,Canada,Americas,XL,FC,VH,A,37.9,227,44.5,207,18.1,701+,40.3,350,77.7,246,66.2,225,85.2,243,53.3,236,93.3,68=,46.3,university of calgary,QS World University Rankings 2025,International Education Costs Dataset,Excellent,198.0,85.99,26500.0,69.2,26569.2,57.25,100.0,High Quality
Brazil,Sao Paulo,University of Sao Paulo,Computer Science,Master,2.0,0,48.5,600,160,400,4.95,university of sao paulo,university of sao paulo,university of ulsan,85.71428571428572,801-850,751-760,University of Ulsan,South Korea,Asia,M,FC,VH,B,5.0,601+,2.3,601+,60.0,241,33.6,392,2.0,701+,2.4,701+,28.8,701+,3.8,701+,5.6,701+,,university of ulsan,QS World University Rankings 2025,International Education Costs Dataset,Medium,801.0,42.89,0.0,48.5,48.5,99.98,100.0,High Quality
Brazil,Sao Paulo,University of Sao Paulo,Computer Science,Master,2.0,0,48.5,600,160,400,4.95,university of sao paulo,university of sao paulo,university of ulsan,85.71428571428572,801-850,751-760,University of Ulsan,South Korea,Asia,M,FC,VH,B,5.0,601+,2.3,601+,60.0,241,33.6,392,2.0,701+,2.4,701+,28.8,701+,3.8,701+,5.6,701+,,university of ulsan,QS World University Rankings 2025,International Education Costs Dataset,Medium,801.0,42.89,0.0,48.5,48.5,99.98,100.0,High Quality
Turkey,Istanbul,Bogazici University,Computer Engineering,Bachelor,4.0,1800,42.8,450,100,300,30.5,bogazici university,bogazici university,bogazi i university,94.73684210526316,418,514,Bogaziçi University,Turkey,Asia,L,CO,HI,A,24.9,353,65.3,118,4.1,701+,10.7,701+,10.7,701+,2.6,701+,46.8,701+,84.9,102,46.2,334=,28.5,bogazi i university,QS World University Rankings 2025,International Education Costs Dataset,High,418.0,70.26,1800.0,42.8,1842.8,97.09,100.0,High Quality
Turkey,Istanbul,Bogazici University,Computer Engineering,Bachelor,4.0,1800,42.8,450,100,300,30.5,bogazici university,bogazici university,bogazi i university,94.73684210526316,418,514,Bogaziçi University,Turkey,Asia,L,CO,HI,A,24.9,353,65.3,118,4.1,701+,10.7,701+,10.7,701+,2.6,701+,46.8,701+,84.9,102,46.2,334=,28.5,bogazi i university,QS World University Rankings 2025,International Education Costs Dataset,High,418.0,70.26,1800.0,42.8,1842.8,97.09,100.0,High Quality
Russia,Moscow,Moscow State University,Applied Mathematics,Master,2.0,3900,51.2,700,120,350,92.8,moscow state university,moscow state university,iowa state university,86.36363636363636,470,400,Iowa State University,United States,Americas,L,CO,VH,A,20.7,425,12.0,601+,9.1,701+,47.9,280,7.5,701+,12.5,667,77.3,374,32.9,388,31.3,435=,25.6,iowa state university,QS World University Rankings 2025,International Education Costs Dataset,Medium,470.0,66.55,3900.0,51.2,3951.2,93.69,100.0,High Quality
Russia,Moscow,Moscow State University,Applied Mathematics,Master,2.0,3900,51.2,700,120,350,92.8,moscow state university,moscow state university,iowa state university,86.36363636363636,470,400,Iowa State University,United States,Americas,L,CO,VH,A,20.7,425,12.0,601+,9.1,701+,47.9,280,7.5,701+,12.5,667,77.3,374,32.9,388,31.3,435=,25.6,iowa state university,QS World University Rankings 2025,International Education Costs Dataset,Medium,470.0,66.55,3900.0,51.2,3951.2,93.69,100.0,High Quality
Mexico,Mexico City,UNAM,Computer Engineering,Bachelor,4.0,800,44.6,500,160,400,17.2,unam,unam,,,,,,,,,,,,,,,,,,,,,,,,,,,,,,,,Not Matched,International Education Costs Dataset,Unmatched,,,800.0,44.6,844.6,98.7,75.0,High Quality
Mexico,Mexico City,UNAM,Computer Engineering,Bachelor,4.0,800,44.6,500,160,400,17.2,unam,unam,,,,,,,,,,,,,,,,,,,,,,,,,,,,,,,,Not Matched,International Education Costs Dataset,Unmatched,,,800.0,44.6,844.6,98.7,75.0,High Quality
Greece,Athens,National Technical University,Software Engineering,Master,2.0,2500,54.8,550,120,400,0.92,national technical university,national technical university,national technical university of athens,85.29411764705883,321,347,National Technical University of Athens,Greece,Europe,L,FO,VH,A,21.3,412,44.9,204,4.6,701+,76.0,132,1.3,701+,4.6,701+,72.7,444,39.6,325,5.0,701+,34.2,national technical university of athens,QS World University Rankings 2025,International Education Costs Dataset,Medium,321.0,77.2,2500.0,54.8,2554.8,95.94,100.0,High Quality
Greece,Athens,National Technical University,Software Engineering,Master,2.0,2500,54.8,550,120,400,0.92,national technical university,national technical university,national technical university of athens,85.29411764705883,321,347,National Technical University of Athens,Greece,Europe,L,FO,VH,A,21.3,412,44.9,204,4.6,701+,76.0,132,1.3,701+,4.6,701+,72.7,444,39.6,325,5.0,701+,34.2,national technical university of athens,QS World University Rankings 2025,International Education Costs Dataset,Medium,321.0,77.2,2500.0,54.8,2554.8,95.94,100.0,High Quality
Thailand,Bangkok,Chulalongkorn University,Computer Science,Bachelor,4.0,3800,46.5,450,140,300,35.2,chulalongkorn university,chulalongkorn university,chulalongkorn university,100.0,229,211,Chulalongkorn University,Thailand,Asia,XL,FC,VH,A,68.2,97,35.9,261,31.7,499,7.5,701+,18.7,617,3.0,701+,79.6,331,93.6,60,73.2,198=,43.4,chulalongkorn university,QS World University Rankings 2025,International Education Costs Dataset,Excellent,229.0,83.77,3800.0,46.5,3846.5,93.86,100.0,High Quality
Thailand,Bangkok,Chulalongkorn University,Computer Science,Bachelor,4.0,3800,46.5,450,140,300,35.2,chulalongkorn university,chulalongkorn university,chulalongkorn university,100.0,229,211,Chulalongkorn University,Thailand,Asia,XL,FC,VH,A,68.2,97,35.9,261,31.7,499,7.5,701+,18.7,617,3.0,701+,79.6,331,93.6,60,73.2,198=,43.4,chulalongkorn university,QS World University Rankings 2025,International Education Costs Dataset,Excellent,229.0,83.77,3800.0,46.5,3846.5,93.86,100.0,High Quality
UAE,Dubai,American University in Dubai,Computer Science,Bachelor,4.0,29500,72.4,1200,270,800,3.67,american university in dubai,american university in dubai,american university in dubai,100.0,621-630,601-610,American University in Dubai,United Arab Emirates,Asia,S,FO,HI,C,10.3,601+,16.9,506,25.2,590,1.9,701+,100.0,81,100.0,2,4.5,701+,41.3,310,1.0,701+,,american university in dubai,QS World University Rankings 2025,International Education Costs Dataset,Excellent,621.0,55.75,29500.0,72.4,29572.4,52.41,100.0,High Quality
USA,New York,Columbia University,Data Science,Master,2.0,52800,100.0,2500,160,1500,1.0,columbia university,columbia university,columbia university,100.0,34,23,Columbia University,United States,Americas,XL,FC,VH,B,99.6,12,98.8,15,100.0,16,31.7,417,41.5,413,97.0,79,98.5,19,99.9,9,71.8,211=,82.0,columbia university,QS World University Rankings 2025,International Education Costs Dataset,Excellent,34.0,97.71,52800.0,100.0,52900.0,14.82,100.0,High Quality
USA,New York,Columbia University,Data Science,Master,2.0,52800,100.0,2500,160,1500,1.0,columbia university,columbia university,columbia university,100.0,34,23,Columbia University,United States,Americas,XL,FC,VH,B,99.6,12,98.8,15,100.0,16,31.7,417,41.5,413,97.0,79,98.5,19,99.9,9,71.8,211=,82.0,columbia university,QS World University Rankings 2025,International Education Costs Dataset,Excellent,34.0,97.71,52800.0,100.0,52900.0,14.82,100.0,High Quality
USA,New York,Columbia University,Data Science,Master,2.0,52800,100.0,2500,160,1500,1.0,columbia university,columbia university,columbia university,100.0,34,23,Columbia University,United States,Americas,XL,FC,VH,B,99.6,12,98.8,15,100.0,16,31.7,417,41.5,413,97.0,79,98.5,19,99.9,9,71.8,211=,82.0,columbia university,QS World University Rankings 2025,International Education Costs Dataset,Excellent,34.0,97.71,52800.0,100.0,52900.0,14.82,100.0,High Quality
USA,Ithaca,Cornell University,Computer Science,PhD,5.0,49800,70.5,1600,160,1500,1.0,cornell university,cornell university,cornell university,100.0,16,13,Cornell University,United States,Americas,L,FC,VH,B,98.3,25,93.1,42,52.7,289,97.5,43,54.2,347,63.4,237,94.0,99,97.1,34,72.1,208=,87.9,cornell university,QS World University Rankings 2025,International Education Costs Dataset,Excellent,16.0,99.0,49800.0,70.5,49870.5,19.7,100.0,High Quality
China,Shenzhen,SUSTech,Artificial Intelligence,Master,2.0,8200,58.4,800,140,400,7.18,sustech,sustech,,,,,,,,,,,,,,,,,,,,,,,,,,,,,,,,Not Matched,International Education Costs Dataset,Unmatched,,,8200.0,58.4,8258.4,86.75,75.0,High Quality
South Africa,Cape Town,University of Cape Town,Computer Science,Bachelor,3.0,5900,49.2,600,140,400,18.72,university of cape town,university of cape town,university of cape town,100.0,171,173,University of Cape Town,South Africa,Africa,L,FC,VH,A,45.2,185,51.8,170,13.8,701+,46.8,294,56.5,335,19.2,563,97.3,36,95.8,46,95.6,50=,50.0,university of cape town,QS World University Rankings 2025,International Education Costs Dataset,Excellent,171.0,87.92,5900.0,49.2,5949.2,90.47,100.0,High Quality
Egypt,Cairo,American University in Cairo,Computer Engineering,Bachelor,4.0,19800,38.4,450,130,350,30.9,american university in cairo,american university in cairo,the american university in cairo,93.33333333333331,410,415,The American University in Cairo,Egypt,Africa,M,CO,VH,B,32.1,274,31.1,301,35.5,444,5.2,701+,97.0,130,3.8,701+,29.4,701+,75.6,138,14.6,597=,29.0,the american university in cairo,QS World University Rankings 2025,International Education Costs Dataset,High,410.0,70.84,19800.0,38.4,19838.4,68.09,100.0,High Quality
Argentina,Buenos Aires,University of Buenos Aires,Software Engineering,Bachelor,5.0,0,42.6,400,150,300,821.5,university of buenos aires,university of buenos aires,,,,,,,,,,,,,,,,,,,,,,,,,,,,,,,,Not Matched,International Education Costs Dataset,Unmatched,,,0.0,42.6,42.6,99.99,75.0,High Quality
Argentina,Buenos Aires,University of Buenos Aires,Software Engineering,Bachelor,5.0,0,42.6,400,150,300,821.5,university of buenos aires,university of buenos aires,,,,,,,,,,,,,,,,,,,,,,,,,,,,,,,,Not Matched,International Education Costs Dataset,Unmatched,,,0.0,42.6,42.6,99.99,75.0,High Quality
Indonesia,Jakarta,University of Indonesia,Information Systems,Bachelor,4.0,4200,45.8,500,130,300,15640.0,university of indonesia,university of indonesia,universitas indonesia,86.36363636363636,206,237,Universitas Indonesia,Indonesia,Asia,XL,FC,VH,A,53.8,148,79.2,79,55.7,268,2.1,701+,88.3,202,7.1,701+,37.2,701+,77.3,131,32.7,424=,45.7,universitas indonesia,QS World University Rankings 2025,International Education Costs Dataset,Medium,206.0,85.42,4200.0,45.8,4245.8,93.22,100.0,High Quality
Indonesia,Jakarta,University of Indonesia,Information Systems,Bachelor,4.0,4200,45.8,500,130,300,15640.0,university of indonesia,university of indonesia,universitas indonesia,86.36363636363636,206,237,Universitas Indonesia,Indonesia,Asia,XL,FC,VH,A,53.8,148,79.2,79,55.7,268,2.1,701+,88.3,202,7.1,701+,37.2,701+,77.3,131,32.7,424=,45.7,universitas indonesia,QS World University Rankings 2025,International Education Costs Dataset,Medium,206.0,85.42,4200.0,45.8,4245.8,93.22,100.0,High Quality
Saudi Arabia,Riyadh,King Saud University,Computer Science,Master,2.0,7800,52.4,800,250,600,3.75,king saud university,king saud university,king saud university,100.0,200,203,King Saud University,Saudi Arabia,Asia,XL,FC,VH,A,39.4,216,28.7,332,54.3,281,40.0,354,99.4,98,15.0,622,95.1,75,99.0,17,33.0,420=,46.2,king saud university,QS World University Rankings 2025,International Education Costs Dataset,Excellent,200.0,85.85,7800.0,52.4,7852.4,87.41,100.0,High Quality
Saudi Arabia,Riyadh,King Saud University,Computer Science,Master,2.0,7800,52.4,800,250,600,3.75,king saud university,king saud university,king saud university,100.0,200,203,King Saud University,Saudi Arabia,Asia,XL,FC,VH,A,39.4,216,28.7,332,54.3,281,40.0,354,99.4,98,15.0,622,95.1,75,99.0,17,33.0,420=,46.2,king saud university,QS World University Rankings 2025,International Education Costs Dataset,Excellent,200.0,85.85,7800.0,52.4,7852.4,87.41,100.0,High Quality
Nigeria,Lagos,University of Lagos,Computer Engineering,Bachelor,4.0,2500,40.2,400,180,300,860.2,university of lagos,university of lagos,university of lagos,100.0,1001-1200,1401+,University of Lagos,Nigeria,Africa,XL,CO,HI,,8.4,601+,7.5,601+,2.2,701+,2.6,701+,,,,,34.0,701+,87.6,91,1.3,701+,,university of lagos,QS World University Rankings 2025,International Education Costs Dataset,Excellent,1001.0,28.59,2500.0,40.2,2540.2,95.97,100.0,High Quality
Vietnam,Ho Chi Minh City,HCMUT,Software Engineering,Bachelor,4.0,3200,43.6,450,120,250,24450.0,hcmut,hcmut,,,,,,,,,,,,,,,,,,,,,,,,,,,,,,,,Not Matched,International Education Costs Dataset,Unmatched,,,3200.0,43.6,3243.6,94.83,75.0,High Quality
Netherlands,Eindhoven,TU Eindhoven,Computer Science,Master,2.0,15600,69.8,950,180,720,0.92,tu eindhoven,tu eindhoven,,,,,,,,,,,,,,,,,,,,,,,,,,,,,,,,Not Matched,International Education Costs Dataset,Unmatched,,,15600.0,69.8,15669.8,74.81,75.0,High Quality
Netherlands,Eindhoven,TU Eindhoven,Computer Science,Master,2.0,15600,69.8,950,180,720,0.92,tu eindhoven,tu eindhoven,,,,,,,,,,,,,,,,,,,,,,,,,,,,,,,,Not Matched,International Education Costs Dataset,Unmatched,,,15600.0,69.8,15669.8,74.81,75.0,High Quality
Netherlands,Enschede,University of Twente,Artificial Intelligence,Bachelor,3.0,11200,65.4,750,180,720,0.92,university of twente,university of twente,university of twente,100.0,233,210,University of Twente,Netherlands,Europe,M,CO,VH,A,20.7,424,32.0,294,43.3,362,61.3,193,100.0,83,90.4,119,87.6,202,20.0,562,13.8,603,42.7,university of twente,QS World University Rankings 2025,International Education Costs Dataset,Excellent,233.0,83.49,11200.0,65.4,11265.4,81.91,100.0,High Quality
Netherlands,Groningen,University of Groningen,Computing Science,Master,2.0,14800,66.8,800,180,720,0.92,university of groningen,university of groningen,university of groningen,100.0,159,139,University of Groningen,Netherlands,Europe,XL,FC,VH,A,52.3,156,34.4,275,49.3,318,41.2,339,93.2,168,83.5,161,94.1,97,40.0,319,40.1,368,51.3,university of groningen,QS World University Rankings 2025,International Education Costs Dataset,Excellent,159.0,88.78,14800.0,66.8,14866.8,76.11,100.0,High Quality
Netherlands,Groningen,University of Groningen,Computing Science,Master,2.0,14800,66.8,800,180,720,0.92,university of groningen,university of groningen,university of groningen,100.0,159,139,University of Groningen,Netherlands,Europe,XL,FC,VH,A,52.3,156,34.4,275,49.3,318,41.2,339,93.2,168,83.5,161,94.1,97,40.0,319,40.1,368,51.3,university of groningen,QS World University Rankings 2025,International Education Costs Dataset,Excellent,159.0,88.78,14800.0,66.8,14866.8,76.11,100.0,High Quality
Netherlands,Maastricht,Maastricht University,Data Science,Bachelor,3.0,11500,67.2,850,180,720,0.92,maastricht university,maastricht university,maastricht university,100.0,230,256,Maastricht University,Netherlands,Europe,L,FO,VH,A,23.0,389,27.8,345,13.2,701+,62.8,185,99.4,97,100.0,20,80.5,312,38.2,337,52.5,302=,43.0,maastricht university,QS World University Rankings 2025,International Education Costs Dataset,Excellent,230.0,83.7,11500.0,67.2,11567.2,81.42,100.0,High Quality
Netherlands,Nijmegen,Radboud University,Software Science,Master,2.0,14500,66.5,800,180,720,0.92,radboud university,radboud university,radboud university,100.0,272,222,Radboud University,Netherlands,Europe,L,FC,VH,A,28.0,315,14.1,582,27.0,561,66.0,167,81.3,233,18.6,573,93.9,101,19.6,571,39.8,369=,38.4,radboud university,QS World University Rankings 2025,International Education Costs Dataset,Excellent,272.0,80.7,14500.0,66.5,14566.5,76.59,100.0,High Quality
Netherlands,Tilburg,Tilburg University,Information Systems,Bachelor,3.0,11300,65.8,750,180,720,0.92,tilburg university,tilburg university,tilburg university,100.0,347,371,Tilburg University,Netherlands,Europe,L,SP,VH,A,14.7,594,32.5,291,10.5,701+,55.1,229,98.4,114,60.6,245,56.8,667,14.3,685,15.2,590=,32.8,tilburg university,QS World University Rankings 2025,International Education Costs Dataset,Excellent,347.0,75.34,11300.0,65.8,11365.8,81.75,100.0,High Quality
Netherlands,Tilburg,Tilburg University,Information Systems,Bachelor,3.0,11300,65.8,750,180,720,0.92,tilburg university,tilburg university,tilburg university,100.0,347,371,Tilburg University,Netherlands,Europe,L,SP,VH,A,14.7,594,32.5,291,10.5,701+,55.1,229,98.4,114,60.6,245,56.8,667,14.3,685,15.2,590=,32.8,tilburg university,QS World University Rankings 2025,International Education Costs Dataset,Excellent,347.0,75.34,11300.0,65.8,11365.8,81.75,100.0,High Quality
Netherlands,Utrecht,Utrecht University,Game Technology,Master,2.0,15200,70.2,1000,180,720,0.92,utrecht university,utrecht university,utrecht university,100.0,105,107,Utrecht University,Netherlands,Europe,XL,FC,VH,A,66.5,103,38.8,244,31.0,508,79.5,112,55.7,337,19.4,559,97.3,37,54.7,228,61.9,258=,59.1,utrecht university,QS World University Rankings 2025,International Education Costs Dataset,Excellent,105.0,92.64,15200.0,70.2,15270.2,75.46,100.0,High Quality
Netherlands,Utrecht,Utrecht University,Game Technology,Master,2.0,15200,70.2,1000,180,720,0.92,utrecht university,utrecht university,utrecht university,100.0,105,107,Utrecht University,Netherlands,Europe,XL,FC,VH,A,66.5,103,38.8,244,31.0,508,79.5,112,55.7,337,19.4,559,97.3,37,54.7,228,61.9,258=,59.1,utrecht university,QS World University Rankings 2025,International Education Costs Dataset,Excellent,105.0,92.64,15200.0,70.2,15270.2,75.46,100.0,High Quality
Netherlands,Leiden,Leiden University,Computer Engineering,Bachelor,3.0,11400,69.5,950,180,720,0.92,leiden university,leiden university,leiden university,100.0,141,126,Leiden University,Netherlands,Europe,XL,FC,VH,A,68.4,95,32.9,288,21.3,649,54.5,234,85.0,220,51.7,284,95.2,72,48.8,263,25.5,488=,53.6,leiden university,QS World University Rankings 2025,International Education Costs Dataset,Excellent,141.0,90.06,11400.0,69.5,11469.5,81.58,100.0,High Quality
Netherlands,Wageningen,Wageningen University,Bioinformatics,Master,2.0,14900,65.2,750,180,720,0.92,wageningen university,wageningen university,,,,,,,,,,,,,,,,,,,,,,,,,,,,,,,,Not Matched,International Education Costs Dataset,Unmatched,,,14900.0,65.2,14965.2,75.95,75.0,High Quality
Netherlands,Wageningen,Wageningen University,Bioinformatics,Master,2.0,14900,65.2,750,180,720,0.92,wageningen university,wageningen university,,,,,,,,,,,,,,,,,,,,,,,,,,,,,,,,Not Matched,International Education Costs Dataset,Unmatched,,,14900.0,65.2,14965.2,75.95,75.0,High Quality
Netherlands,Amsterdam,VU Amsterdam,Business Analytics,Master,2.0,15400,73.5,1100,180,720,0.92,vu amsterdam,vu amsterdam,,,,,,,,,,,,,,,,,,,,,,,,,,,,,,,,Not Matched,International Education Costs Dataset,Unmatched,,,15400.0,73.5,15473.5,75.13,75.0,High Quality
Singapore,Singapore,Nanyang Technological University,Computer Science,Bachelor,4.0,32500,81.1,1500,90,800,1.34,nanyang technological university,nanyang technological university,almaty technological university,85.71428571428572,951-1000,801-850,Almaty Technological University,Kazakhstan,Asia,M,FO,HI,A,6.2,601+,4.2,601+,88.1,93,1.0,701+,25.0,536,4.8,701+,2.9,701+,3.3,701+,1.1,701+,,almaty technological university,QS World University Rankings 2025,International Education Costs Dataset,Medium,951.0,32.17,32500.0,81.1,32581.1,47.56,100.0,High Quality
Singapore,Singapore,Nanyang Technological University,Computer Science,Bachelor,4.0,32500,81.1,1500,90,800,1.34,nanyang technological university,nanyang technological university,almaty technological university,85.71428571428572,951-1000,801-850,Almaty Technological University,Kazakhstan,Asia,M,FO,HI,A,6.2,601+,4.2,601+,88.1,93,1.0,701+,25.0,536,4.8,701+,2.9,701+,3.3,701+,1.1,701+,,almaty technological university,QS World University Rankings 2025,International Education Costs Dataset,Medium,951.0,32.17,32500.0,81.1,32581.1,47.56,100.0,High Quality
Singapore,Singapore,Singapore Management University,Information Systems,Bachelor,4.0,31800,81.1,1500,90,800,1.34,singapore management university,singapore management university,singapore management university,100.0,585,545,Singapore Management University,Singapore,Asia,M,SP,VH,A,12.3,601+,14.2,578,10.2,701+,18.8,572,100.0,46,58.9,251,20.8,701+,27.1,443,26.3,478=,21.2,singapore management university,QS World University Rankings 2025,International Education Costs Dataset,Excellent,585.0,58.33,31800.0,81.1,31881.1,48.69,100.0,High Quality
Singapore,Singapore,Singapore Management University,Information Systems,Bachelor,4.0,31800,81.1,1500,90,800,1.34,singapore management university,singapore management university,singapore management university,100.0,585,545,Singapore Management University,Singapore,Asia,M,SP,VH,A,12.3,601+,14.2,578,10.2,701+,18.8,572,100.0,46,58.9,251,20.8,701+,27.1,443,26.3,478=,21.2,singapore management university,QS World University Rankings 2025,International Education Costs Dataset,Excellent,585.0,58.33,31800.0,81.1,31881.1,48.69,100.0,High Quality
Singapore,Singapore,SUTD,Computer Science & Design,Bachelor,4.0,31200,81.1,1500,90,800,1.34,sutd,sutd,,,,,,,,,,,,,,,,,,,,,,,,,,,,,,,,Not Matched,International Education Costs Dataset,Unmatched,,,31200.0,81.1,31281.1,49.66,75.0,High Quality
Singapore,Singapore,SUTD,Computer Science & Design,Bachelor,4.0,31200,81.1,1500,90,800,1.34,sutd,sutd,,,,,,,,,,,,,,,,,,,,,,,,,,,,,,,,Not Matched,International Education Costs Dataset,Unmatched,,,31200.0,81.1,31281.1,49.66,75.0,High Quality
Singapore,Singapore,SUTD,Computer Science & Design,Bachelor,4.0,31200,81.1,1500,90,800,1.34,sutd,sutd,,,,,,,,,,,,,,,,,,,,,,,,,,,,,,,,Not Matched,International Education Costs Dataset,Unmatched,,,31200.0,81.1,31281.1,49.66,75.0,High Quality
Singapore,Singapore,SIT,Software Engineering,Bachelor,4.0,29800,81.1,1500,90,800,1.34,sit,sit,,,,,,,,,,,,,,,,,,,,,,,,,,,,,,,,Not Matched,International Education Costs Dataset,Unmatched,,,29800.0,81.1,29881.1,51.91,75.0,High Quality
Singapore,Singapore,NUS,Artificial Intelligence,Master,2.0,35600,81.1,1500,90,800,1.34,nus,nus,,,,,,,,,,,,,,,,,,,,,,,,,,,,,,,,Not Matched,International Education Costs Dataset,Unmatched,,,35600.0,81.1,35681.1,42.57,75.0,High Quality
Singapore,Singapore,NUS,Artificial Intelligence,Master,2.0,35600,81.1,1500,90,800,1.34,nus,nus,,,,,,,,,,,,,,,,,,,,,,,,,,,,,,,,Not Matched,International Education Costs Dataset,Unmatched,,,35600.0,81.1,35681.1,42.57,75.0,High Quality
Singapore,Singapore,NTU,Data Science & AI,Master,2.0,34900,81.1,1500,90,800,1.34,ntu,ntu,,,,,,,,,,,,,,,,,,,,,,,,,,,,,,,,Not Matched,International Education Costs Dataset,Unmatched,,,34900.0,81.1,34981.1,43.7,75.0,High Quality
Singapore,Singapore,NTU,Data Science & AI,Master,2.0,34900,81.1,1500,90,800,1.34,ntu,ntu,,,,,,,,,,,,,,,,,,,,,,,,,,,,,,,,Not Matched,International Education Costs Dataset,Unmatched,,,34900.0,81.1,34981.1,43.7,75.0,High Quality
Singapore,Singapore,SUTD,Technology & Innovation,Master,2.0,33800,81.1,1500,90,800,1.34,sutd,sutd,,,,,,,,,,,,,,,,,,,,,,,,,,,,,,,,Not Matched,International Education Costs Dataset,Unmatched,,,33800.0,81.1,33881.1,45.47,75.0,High Quality
Singapore,Singapore,SUTD,Technology & Innovation,Master,2.0,33800,81.1,1500,90,800,1.34,sutd,sutd,,,,,,,,,,,,,,,,,,,,,,,,,,,,,,,,Not Matched,International Education Costs Dataset,Unmatched,,,33800.0,81.1,33881.1,45.47,75.0,High Quality
Singapore,Singapore,SUTD,Technology & Innovation,Master,2.0,33800,81.1,1500,90,800,1.34,sutd,sutd,,,,,,,,,,,,,,,,,,,,,,,,,,,,,,,,Not Matched,International Education Costs Dataset,Unmatched,,,33800.0,81.1,33881.1,45.47,75.0,High Quality
Singapore,Singapore,SMU,Computing & Innovation,Master,2.0,34200,81.1,1500,90,800,1.34,smu,smu,,,,,,,,,,,,,,,,,,,,,,,,,,,,,,,,Not Matched,International Education Costs Dataset,Unmatched,,,34200.0,81.1,34281.1,44.82,75.0,High Quality
Singapore,Singapore,NUS,Computer Engineering,PhD,4.0,38500,81.1,1500,90,800,1.34,nus,nus,,,,,,,,,,,,,,,,,,,,,,,,,,,,,,,,Not Matched,International Education Costs Dataset,Unmatched,,,38500.0,81.1,38581.1,37.9,75.0,High Quality
Singapore,Singapore,NUS,Computer Engineering,PhD,4.0,38500,81.1,1500,90,800,1.34,nus,nus,,,,,,,,,,,,,,,,,,,,,,,,,,,,,,,,Not Matched,International Education Costs Dataset,Unmatched,,,38500.0,81.1,38581.1,37.9,75.0,High Quality
Singapore,Singapore,NTU,Digital Systems & AI,PhD,4.0,37900,81.1,1500,90,800,1.34,ntu,ntu,,,,,,,,,,,,,,,,,,,,,,,,,,,,,,,,Not Matched,International Education Costs Dataset,Unmatched,,,37900.0,81.1,37981.1,38.86,75.0,High Quality
Singapore,Singapore,NTU,Digital Systems & AI,PhD,4.0,37900,81.1,1500,90,800,1.34,ntu,ntu,,,,,,,,,,,,,,,,,,,,,,,,,,,,,,,,Not Matched,International Education Costs Dataset,Unmatched,,,37900.0,81.1,37981.1,38.86,75.0,High Quality
France,Paris,École Polytechnique,Computer Science,Master,2.0,15600,74.6,1500,99,650,0.92,cole polytechnique,cole polytechnique,,,,,,,,,,,,,,,,,,,,,,,,,,,,,,,,Not Matched,International Education Costs Dataset,Unmatched,,,15600.0,74.6,15674.6,74.8,75.0,High Quality
France,Toulouse,INSA Toulouse,Software Engineering,Bachelor,3.0,4200,65.8,750,99,650,0.92,insa toulouse,insa toulouse,,,,,,,,,,,,,,,,,,,,,,,,,,,,,,,,Not Matched,International Education Costs Dataset,Unmatched,,,4200.0,65.8,4265.8,93.19,75.0,High Quality
France,Toulouse,INSA Toulouse,Software Engineering,Bachelor,3.0,4200,65.8,750,99,650,0.92,insa toulouse,insa toulouse,,,,,,,,,,,,,,,,,,,,,,,,,,,,,,,,Not Matched,International Education Costs Dataset,Unmatched,,,4200.0,65.8,4265.8,93.19,75.0,High Quality
France,Lyon,École Normale Supérieure Lyon,Data Science,Master,2.0,4800,68.5,850,99,650,0.92,cole normale sup rieure lyon,cole normale sup rieure lyon,cole normale sup rieure de lyon,94.91525423728814,187,184,École Normale Supérieure de Lyon,France,Europe,S,CO,VH,A,29.8,296,16.3,522,97.0,49,93.5,59,59.0,329,11.7,684,70.3,482,14.0,694,6.6,701+,47.5,cole normale sup rieure de lyon,QS World University Rankings 2025,International Education Costs Dataset,High,187.0,86.78,4800.0,68.5,4868.5,92.21,100.0,High Quality
France,Grenoble,Grenoble INP,Artificial Intelligence,Master,2.0,4500,66.4,800,99,650,0.92,grenoble inp,grenoble inp,,,,,,,,,,,,,,,,,,,,,,,,,,,,,,,,Not Matched,International Education Costs Dataset,Unmatched,,,4500.0,66.4,4566.4,92.7,75.0,High Quality
France,Grenoble,Grenoble INP,Artificial Intelligence,Master,2.0,4500,66.4,800,99,650,0.92,grenoble inp,grenoble inp,,,,,,,,,,,,,,,,,,,,,,,,,,,,,,,,Not Matched,International Education Costs Dataset,Unmatched,,,4500.0,66.4,4566.4,92.7,75.0,High Quality
France,Nice,Université Nice Sophia Antipolis,Computer Engineering,Bachelor,3.0,3900,69.2,900,99,650,0.92,universit nice sophia antipolis,universit nice sophia antipolis,,,,,,,,,,,,,,,,,,,,,,,,,,,,,,,,Not Matched,International Education Costs Dataset,Unmatched,,,3900.0,69.2,3969.2,93.66,75.0,High Quality
France,Bordeaux,University of Bordeaux,Information Systems,Master,2.0,4200,67.8,850,99,650,0.92,university of bordeaux,university of bordeaux,university of bordeaux,100.0,535,465,University of Bordeaux,France,Europe,XL,FO,VH,A,31.3,284,5.5,601+,11.5,701+,17.6,588,27.1,517,23.3,500,92.9,120,16.7,620,20.1,530=,22.9,university of bordeaux,QS World University Rankings 2025,International Education Costs Dataset,Excellent,535.0,61.9,4200.0,67.8,4267.8,93.18,100.0,High Quality
France,Bordeaux,University of Bordeaux,Information Systems,Master,2.0,4200,67.8,850,99,650,0.92,university of bordeaux,university of bordeaux,university of bordeaux,100.0,535,465,University of Bordeaux,France,Europe,XL,FO,VH,A,31.3,284,5.5,601+,11.5,701+,17.6,588,27.1,517,23.3,500,92.9,120,16.7,620,20.1,530=,22.9,university of bordeaux,QS World University Rankings 2025,International Education Costs Dataset,Excellent,535.0,61.9,4200.0,67.8,4267.8,93.18,100.0,High Quality
France,Bordeaux,University of Bordeaux,Information Systems,Master,2.0,4200,67.8,850,99,650,0.92,university of bordeaux,university of bordeaux,university of bordeaux,100.0,535,465,University of Bordeaux,France,Europe,XL,FO,VH,A,31.3,284,5.5,601+,11.5,701+,17.6,588,27.1,517,23.3,500,92.9,120,16.7,620,20.1,530=,22.9,university of bordeaux,QS World University Rankings 2025,International Education Costs Dataset,Excellent,535.0,61.9,4200.0,67.8,4267.8,93.18,100.0,High Quality
France,Lille,Université de Lille,Software Development,Bachelor,3.0,3800,65.5,750,99,650,0.92,universit de lille,universit de lille,universit de lille,100.0,721-730,631-640,Université de Lille,France,Europe,XL,FO,VH,A,23.5,374,5.5,601+,4.8,701+,14.7,643,14.6,670,15.8,610,93.3,110,4.5,701+,10.9,648=,,universit de lille,QS World University Rankings 2025,International Education Costs Dataset,Excellent,721.0,48.61,3800.0,65.5,3865.5,93.83,100.0,High Quality
France,Rennes,INSA Rennes,Cybersecurity,Master,2.0,4500,64.8,700,99,650,0.92,insa rennes,insa rennes,,,,,,,,,,,,,,,,,,,,,,,,,,,,,,,,Not Matched,International Education Costs Dataset,Unmatched,,,4500.0,64.8,4564.8,92.7,75.0,High Quality
France,Strasbourg,University of Strasbourg,Digital Systems,Bachelor,3.0,3900,66.2,800,99,650,0.92,university of strasbourg,university of strasbourg,universit de strasbourg,89.36170212765957,456,421,Université de Strasbourg,France,Europe,XL,FC,VH,A,39.1,219,10.3,601+,5.1,701+,20.7,549,34.2,469,35.9,384,90.7,161,20.4,558,5.4,701+,26.3,universit de strasbourg,QS World University Rankings 2025,International Education Costs Dataset,Medium,456.0,67.55,3900.0,66.2,3966.2,93.67,100.0,High Quality
France,Strasbourg,University of Strasbourg,Digital Systems,Bachelor,3.0,3900,66.2,800,99,650,0.92,university of strasbourg,university of strasbourg,universit de strasbourg,89.36170212765957,456,421,Université de Strasbourg,France,Europe,XL,FC,VH,A,39.1,219,10.3,601+,5.1,701+,20.7,549,34.2,469,35.9,384,90.7,161,20.4,558,5.4,701+,26.3,universit de strasbourg,QS World University Rankings 2025,International Education Costs Dataset,Medium,456.0,67.55,3900.0,66.2,3966.2,93.67,100.0,High Quality
France,Strasbourg,University of Strasbourg,Digital Systems,Bachelor,3.0,3900,66.2,800,99,650,0.92,university of strasbourg,university of strasbourg,universit de strasbourg,89.36170212765957,456,421,Université de Strasbourg,France,Europe,XL,FC,VH,A,39.1,219,10.3,601+,5.1,701+,20.7,549,34.2,469,35.9,384,90.7,161,20.4,558,5.4,701+,26.3,universit de strasbourg,QS World University Rankings 2025,International Education Costs Dataset,Medium,456.0,67.55,3900.0,66.2,3966.2,93.67,100.0,High Quality
France,Montpellier,University of Montpellier,Data Engineering,Master,2.0,4100,65.9,750,99,650,0.92,university of montpellier,university of montpellier,universit de montpellier,85.71428571428572,448,382,Université de Montpellier,France,Europe,XL,FO,VH,A,18.6,486,3.4,601+,8.5,701+,57.2,217,22.8,562,29.9,431,99.5,6,13.1,701+,17.3,561,26.6,universit de montpellier,QS World University Rankings 2025,International Education Costs Dataset,Medium,448.0,68.12,4100.0,65.9,4165.9,93.35,100.0,High Quality
Switzerland,Lausanne,EPFL,Computer Science,Master,2.0,1460,89.8,1900,88,1200,0.89,epfl,epfl,epfl,100.0,26,36,EPFL,Switzerland,Europe,M,FO,VH,A,84.2,56,67.2,111,91.2,80,93.6,57,100.0,28,100.0,14,81.7,291,27.2,440,86.7,114=,83.5,epfl,QS World University Rankings 2025,International Education Costs Dataset,Excellent,26.0,98.28,1460.0,89.8,1549.8,97.56,100.0,High Quality
Switzerland,Lausanne,EPFL,Computer Science,Master,2.0,1460,89.8,1900,88,1200,0.89,epfl,epfl,epfl,100.0,26,36,EPFL,Switzerland,Europe,M,FO,VH,A,84.2,56,67.2,111,91.2,80,93.6,57,100.0,28,100.0,14,81.7,291,27.2,440,86.7,114=,83.5,epfl,QS World University Rankings 2025,International Education Costs Dataset,Excellent,26.0,98.28,1460.0,89.8,1549.8,97.56,100.0,High Quality
Switzerland,Geneva,University of Geneva,Data Science,Bachelor,3.0,1380,90.5,2000,88,1200,0.89,university of geneva,university of geneva,university of geneva,100.0,155,128,University of Geneva,Switzerland,Europe,L,FC,VH,A,45.5,183,17.2,499,40.4,387,62.4,189,100.0,51,97.6,74,94.2,93,49.5,258,42.3,355=,51.6,university of geneva,QS World University Rankings 2025,International Education Costs Dataset,Excellent,155.0,89.06,1380.0,90.5,1470.5,97.69,100.0,High Quality
Switzerland,Geneva,University of Geneva,Data Science,Bachelor,3.0,1380,90.5,2000,88,1200,0.89,university of geneva,university of geneva,university of geneva,100.0,155,128,University of Geneva,Switzerland,Europe,L,FC,VH,A,45.5,183,17.2,499,40.4,387,62.4,189,100.0,51,97.6,74,94.2,93,49.5,258,42.3,355=,51.6,university of geneva,QS World University Rankings 2025,International Education Costs Dataset,Excellent,155.0,89.06,1380.0,90.5,1470.5,97.69,100.0,High Quality
Switzerland,Bern,University of Bern,Software Engineering,Master,2.0,1420,85.4,1700,88,1200,0.89,university of bern,university of bern,university of bern,100.0,161,126,University of Bern,Switzerland,Europe,M,FO,VH,A,29.7,298,16.1,530,45.9,338,99.3,22,100.0,48,38.0,370,93.8,103,30.7,410,52.1,305=,51.2,university of bern,QS World University Rankings 2025,International Education Costs Dataset,Excellent,161.0,88.63,1420.0,85.4,1505.4,97.63,100.0,High Quality
Switzerland,Bern,University of Bern,Software Engineering,Master,2.0,1420,85.4,1700,88,1200,0.89,university of bern,university of bern,university of bern,100.0,161,126,University of Bern,Switzerland,Europe,M,FO,VH,A,29.7,298,16.1,530,45.9,338,99.3,22,100.0,48,38.0,370,93.8,103,30.7,410,52.1,305=,51.2,university of bern,QS World University Rankings 2025,International Education Costs Dataset,Excellent,161.0,88.63,1420.0,85.4,1505.4,97.63,100.0,High Quality
Switzerland,St. Gallen,University of St. Gallen,Business Informatics,Bachelor,3.0,1440,86.2,1600,88,1200,0.89,university of st gallen,university of st gallen,,,,,,,,,,,,,,,,,,,,,,,,,,,,,,,,Not Matched,International Education Costs Dataset,Unmatched,,,1440.0,86.2,1526.2,97.6,75.0,High Quality
Switzerland,St. Gallen,University of St. Gallen,Business Informatics,Bachelor,3.0,1440,86.2,1600,88,1200,0.89,university of st gallen,university of st gallen,,,,,,,,,,,,,,,,,,,,,,,,,,,,,,,,Not Matched,International Education Costs Dataset,Unmatched,,,1440.0,86.2,1526.2,97.6,75.0,High Quality
Switzerland,Lugano,USI,Artificial Intelligence,Master,2.0,1460,84.5,1500,88,1200,0.89,usi,usi,,,,,,,,,,,,,,,,,,,,,,,,,,,,,,,,Not Matched,International Education Costs Dataset,Unmatched,,,1460.0,84.5,1544.5,97.57,75.0,High Quality
Switzerland,Fribourg,University of Fribourg,Computer Engineering,Bachelor,3.0,1380,83.8,1400,88,1200,0.89,university of fribourg,university of fribourg,university of maribor,88.37209302325581,901-950,851-900,University of Maribor,Slovenia,Europe,L,FC,HI,A,8.0,601+,6.6,601+,29.2,530,6.8,701+,1.8,701+,13.0,658,61.0,622,33.4,380,9.1,686=,,university of maribor,QS World University Rankings 2025,International Education Costs Dataset,Medium,901.0,35.74,1380.0,83.8,1463.8,97.7,100.0,High Quality
Switzerland,Fribourg,University of Fribourg,Computer Engineering,Bachelor,3.0,1380,83.8,1400,88,1200,0.89,university of fribourg,university of fribourg,university of maribor,88.37209302325581,901-950,851-900,University of Maribor,Slovenia,Europe,L,FC,HI,A,8.0,601+,6.6,601+,29.2,530,6.8,701+,1.8,701+,13.0,658,61.0,622,33.4,380,9.1,686=,,university of maribor,QS World University Rankings 2025,International Education Costs Dataset,Medium,901.0,35.74,1380.0,83.8,1463.8,97.7,100.0,High Quality
Switzerland,Neuchatel,University of Neuchatel,Information Systems,Master,2.0,1420,84.2,1500,88,1200,0.89,university of neuchatel,university of neuchatel,,,,,,,,,,,,,,,,,,,,,,,,,,,,,,,,Not Matched,International Education Costs Dataset,Unmatched,,,1420.0,84.2,1504.2,97.64,75.0,High Quality
Switzerland,Basel,University of Basel,Computational Science,Master,2.0,1440,87.5,1800,88,1200,0.89,university of basel,university of basel,university of basel,100.0,131,124,University of Basel,Switzerland,Europe,M,FC,VH,A,26.6,331,13.5,601+,61.4,232,94.5,53,100.0,44,85.8,147,89.4,176,69.9,160,44.6,343=,54.3,university of basel,QS World University Rankings 2025,International Education Costs Dataset,Excellent,131.0,90.78,1440.0,87.5,1527.5,97.6,100.0,High Quality
Switzerland,Basel,University of Basel,Computational Science,Master,2.0,1440,87.5,1800,88,1200,0.89,university of basel,university of basel,university of basel,100.0,131,124,University of Basel,Switzerland,Europe,M,FC,VH,A,26.6,331,13.5,601+,61.4,232,94.5,53,100.0,44,85.8,147,89.4,176,69.9,160,44.6,343=,54.3,university of basel,QS World University Rankings 2025,International Education Costs Dataset,Excellent,131.0,90.78,1440.0,87.5,1527.5,97.6,100.0,High Quality
Switzerland,Lucerne,University of Lucerne,Digital Innovation,Bachelor,3.0,1380,85.8,1600,88,1200,0.89,university of lucerne,university of lucerne,university of bern,87.17948717948718,161,126,University of Bern,Switzerland,Europe,M,FO,VH,A,29.7,298,16.1,530,45.9,338,99.3,22,100.0,48,38.0,370,93.8,103,30.7,410,52.1,305=,51.2,university of bern,QS World University Rankings 2025,International Education Costs Dataset,Medium,161.0,88.63,1380.0,85.8,1465.8,97.7,100.0,High Quality
Switzerland,Winterthur,ZHAW,Data Engineering,Master,2.0,1460,86.4,1700,88,1200,0.89,zhaw,zhaw,,,,,,,,,,,,,,,,,,,,,,,,,,,,,,,,Not Matched,International Education Costs Dataset,Unmatched,,,1460.0,86.4,1546.4,97.57,75.0,High Quality
Denmark,Copenhagen,University of Copenhagen,Computer Science,Master,2.0,8800,83.2,1500,110,600,0.15,university of copenhagen,university of copenhagen,university of copenhagen,100.0,100,107,University of Copenhagen,Denmark,Europe,XL,FC,VH,A,74.0,83,31.6,299,99.8,27,23.1,519,84.9,221,15.6,613,98.2,22,90.8,72,73.2,198=,59.6,university of copenhagen,QS World University Rankings 2025,International Education Costs Dataset,Excellent,100.0,92.99,8800.0,83.2,8883.2,85.75,100.0,High Quality
Denmark,Copenhagen,University of Copenhagen,Computer Science,Master,2.0,8800,83.2,1500,110,600,0.15,university of copenhagen,university of copenhagen,university of copenhagen,100.0,100,107,University of Copenhagen,Denmark,Europe,XL,FC,VH,A,74.0,83,31.6,299,99.8,27,23.1,519,84.9,221,15.6,613,98.2,22,90.8,72,73.2,198=,59.6,university of copenhagen,QS World University Rankings 2025,International Education Costs Dataset,Excellent,100.0,92.99,8800.0,83.2,8883.2,85.75,100.0,High Quality
Denmark,Copenhagen,University of Copenhagen,Computer Science,Master,2.0,8800,83.2,1500,110,600,0.15,university of copenhagen,university of copenhagen,university of copenhagen,100.0,100,107,University of Copenhagen,Denmark,Europe,XL,FC,VH,A,74.0,83,31.6,299,99.8,27,23.1,519,84.9,221,15.6,613,98.2,22,90.8,72,73.2,198=,59.6,university of copenhagen,QS World University Rankings 2025,International Education Costs Dataset,Excellent,100.0,92.99,8800.0,83.2,8883.2,85.75,100.0,High Quality
Denmark,Copenhagen,University of Copenhagen,Computer Science,Master,2.0,8800,83.2,1500,110,600,0.15,university of copenhagen,university of copenhagen,university of copenhagen,100.0,100,107,University of Copenhagen,Denmark,Europe,XL,FC,VH,A,74.0,83,31.6,299,99.8,27,23.1,519,84.9,221,15.6,613,98.2,22,90.8,72,73.2,198=,59.6,university of copenhagen,QS World University Rankings 2025,International Education Costs Dataset,Excellent,100.0,92.99,8800.0,83.2,8883.2,85.75,100.0,High Quality
Denmark,Aarhus,Aarhus University,Data Science,Master,2.0,8600,77.4,1200,110,600,0.15,aarhus university,aarhus university,aarhus university,100.0,144,143,Aarhus University,Denmark,Europe,L,FC,VH,A,54.7,144,27.6,349,30.8,509,63.8,177,89.8,192,11.9,682,96.1,54,69.5,162,76.4,176=,53.3,aarhus university,QS World University Rankings 2025,International Education Costs Dataset,Excellent,144.0,89.85,8600.0,77.4,8677.4,86.08,100.0,High Quality
Denmark,Aarhus,Aarhus University,Data Science,Master,2.0,8600,77.4,1200,110,600,0.15,aarhus university,aarhus university,aarhus university,100.0,144,143,Aarhus University,Denmark,Europe,L,FC,VH,A,54.7,144,27.6,349,30.8,509,63.8,177,89.8,192,11.9,682,96.1,54,69.5,162,76.4,176=,53.3,aarhus university,QS World University Rankings 2025,International Education Costs Dataset,Excellent,144.0,89.85,8600.0,77.4,8677.4,86.08,100.0,High Quality
Denmark,Aarhus,Aarhus University,Data Science,Master,2.0,8600,77.4,1200,110,600,0.15,aarhus university,aarhus university,aarhus university,100.0,144,143,Aarhus University,Denmark,Europe,L,FC,VH,A,54.7,144,27.6,349,30.8,509,63.8,177,89.8,192,11.9,682,96.1,54,69.5,162,76.4,176=,53.3,aarhus university,QS World University Rankings 2025,International Education Costs Dataset,Excellent,144.0,89.85,8600.0,77.4,8677.4,86.08,100.0,High Quality
Denmark,Aalborg,Aalborg University,Software Engineering,Master,2.0,8400,75.1,1000,110,600,0.15,aalborg university,aalborg university,aalborg university,100.0,306,336,Aalborg University,Denmark,Europe,L,FC,VH,A,19.9,450,20.8,439,25.5,580,53.2,241,77.3,250,14.9,627,92.1,134,23.3,486,75.6,183,35.7,aalborg university,QS World University Rankings 2025,International Education Costs Dataset,Excellent,306.0,78.27,8400.0,75.1,8475.1,86.4,100.0,High Quality
Denmark,Aalborg,Aalborg University,Software Engineering,Master,2.0,8400,75.1,1000,110,600,0.15,aalborg university,aalborg university,aalborg university,100.0,306,336,Aalborg University,Denmark,Europe,L,FC,VH,A,19.9,450,20.8,439,25.5,580,53.2,241,77.3,250,14.9,627,92.1,134,23.3,486,75.6,183,35.7,aalborg university,QS World University Rankings 2025,International Education Costs Dataset,Excellent,306.0,78.27,8400.0,75.1,8475.1,86.4,100.0,High Quality
Denmark,Aalborg,Aalborg University,Software Engineering,Master,2.0,8400,75.1,1000,110,600,0.15,aalborg university,aalborg university,aalborg university,100.0,306,336,Aalborg University,Denmark,Europe,L,FC,VH,A,19.9,450,20.8,439,25.5,580,53.2,241,77.3,250,14.9,627,92.1,134,23.3,486,75.6,183,35.7,aalborg university,QS World University Rankings 2025,International Education Costs Dataset,Excellent,306.0,78.27,8400.0,75.1,8475.1,86.4,100.0,High Quality
China,Beijing,Tsinghua University,Computer Science,Master,3.0,8900,51.2,800,140,400,7.15,tsinghua university,tsinghua university,tsinghua university,100.0,20,25,Tsinghua University,China (Mainland),Asia,XL,FC,VH,A,99.2,16,97.7,22,95.0,62,99.1,26,18.1,623,13.4,654,79.2,337,92.3,68,40.4,363=,86.5,tsinghua university,QS World University Rankings 2025,International Education Costs Dataset,Excellent,20.0,98.71,8900.0,51.2,8951.2,85.64,100.0,High Quality
China,Beijing,Tsinghua University,Computer Science,Master,3.0,8900,51.2,800,140,400,7.15,tsinghua university,tsinghua university,tsinghua university,100.0,20,25,Tsinghua University,China (Mainland),Asia,XL,FC,VH,A,99.2,16,97.7,22,95.0,62,99.1,26,18.1,623,13.4,654,79.2,337,92.3,68,40.4,363=,86.5,tsinghua university,QS World University Rankings 2025,International Education Costs Dataset,Excellent,20.0,98.71,8900.0,51.2,8951.2,85.64,100.0,High Quality
China,Beijing,Peking University,Data Science,Master,3.0,8500,51.2,750,140,400,7.15,peking university,peking university,peking university,100.0,14,17,Peking University,China (Mainland),Asia,XL,FC,VH,A,99.5,13,96.6,28,92.6,75,97.7,40,50.3,365,23.6,497,79.8,329,94.2,56,46.9,330=,88.5,peking university,QS World University Rankings 2025,International Education Costs Dataset,Excellent,14.0,99.14,8500.0,51.2,8551.2,86.28,100.0,High Quality
China,Shanghai,Fudan University,Software Engineering,Master,2.5,7800,48.9,700,140,400,7.15,fudan university,fudan university,fudan university,100.0,39,50,Fudan University,China (Mainland),Asia,XL,FC,VH,A,85.7,54,87.8,55,79.7,140,80.7,107,88.4,201,35.1,390,67.2,519,64.4,183,82.7,142,80.3,fudan university,QS World University Rankings 2025,International Education Costs Dataset,Excellent,39.0,97.36,7800.0,48.9,7848.9,87.41,100.0,High Quality
China,Shanghai,Shanghai Jiao Tong University,Artificial Intelligence,Master,2.5,8200,48.9,720,140,400,7.15,shanghai jiao tong university,shanghai jiao tong university,shanghai jiao tong university,100.0,45,51,Shanghai Jiao Tong University,China (Mainland),Asia,XL,FC,VH,A,84.0,57,86.3,62,58.6,251,99.6,17,23.1,558,19.6,553,73.7,424,73.5,144,80.3,154,77.8,shanghai jiao tong university,QS World University Rankings 2025,International Education Costs Dataset,Excellent,45.0,96.93,8200.0,48.9,8248.9,86.77,100.0,High Quality
China,Hangzhou,Zhejiang University,Computer Engineering,Master,3.0,7500,45.3,550,140,400,7.15,zhejiang university,zhejiang university,zhejiang university,100.0,47,44,Zhejiang University,China (Mainland),Asia,XL,FC,VH,A,75.3,79,95.4,32,54.7,277,99.5,19,95.0,149,15.9,608,91.8,138,55.5,224,30.7,440=,77.1,zhejiang university,QS World University Rankings 2025,International Education Costs Dataset,Excellent,47.0,96.78,7500.0,45.3,7545.3,87.9,100.0,High Quality
China,Nanjing,Nanjing University,Information Technology,Master,3.0,7200,44.1,500,140,400,7.15,nanjing university,nanjing university,nanjing university,100.0,145,141,Nanjing University,China (Mainland),Asia,XL,FC,VH,A,57.1,135,32.5,290,35.6,443,93.0,63,61.9,317,7.6,701+,67.1,520,29.0,430,16.5,567=,53.0,nanjing university,QS World University Rankings 2025,International Education Costs Dataset,Excellent,145.0,89.78,7200.0,44.1,7244.1,88.39,100.0,High Quality
China,Guangzhou,Sun Yat-sen University,Computer Science,Master,3.0,6900,43.8,480,140,400,7.15,sun yat sen university,sun yat sen university,sun yat sen university,100.0,331,323,Sun Yat-sen University,China (Mainland),Asia,XL,FC,VH,A,31.8,278,28.8,329,46.4,329,49.5,269,2.2,701+,3.6,701+,77.4,370,21.4,536,15.9,581=,33.7,sun yat sen university,QS World University Rankings 2025,International Education Costs Dataset,Excellent,331.0,76.48,6900.0,43.8,6943.8,88.87,100.0,High Quality
China,Wuhan,Wuhan University,Software Engineering,Master,3.0,6500,41.2,450,140,400,7.15,wuhan university,wuhan university,wuhan university,100.0,194,194,Wuhan University,China (Mainland),Asia,XL,FC,VH,A,39.2,218,40.5,233,14.0,701+,91.9,69,39.2,423,4.9,701+,78.2,356,46.5,275,22.2,513=,46.7,wuhan university,QS World University Rankings 2025,International Education Costs Dataset,Excellent,194.0,86.28,6500.0,41.2,6541.2,89.52,100.0,High Quality
China,Xi'an,Xi'an Jiaotong University,Data Science,Master,3.0,6300,40.5,420,140,400,7.15,xi an jiaotong university,xi an jiaotong university,xi an jiaotong university,100.0,295,291,Xian Jiaotong University,China (Mainland),Asia,XL,FC,VH,A,19.0,474,39.4,238,14.0,701+,89.5,77,3.9,701+,3.8,701+,80.5,315,26.4,448,18.2,553=,36.9,xi an jiaotong university,QS World University Rankings 2025,International Education Costs Dataset,Excellent,295.0,79.06,6300.0,40.5,6340.5,89.84,100.0,High Quality
China,Chengdu,Sichuan University,Computer Engineering,Master,3.0,6100,39.8,400,140,400,7.15,sichuan university,sichuan university,sichuan university,100.0,336,355,Sichuan University,China (Mainland),Asia,XL,FC,VH,A,20.4,433,12.3,601+,10.3,701+,98.5,32,7.1,701+,4.9,701+,71.3,463,12.9,701+,11.0,644=,33.3,sichuan university,QS World University Rankings 2025,International Education Costs Dataset,Excellent,336.0,76.13,6100.0,39.8,6139.8,90.17,100.0,High Quality
South Korea,Seoul,Seoul National University,Computer Science,Master,2.0,7200,85.1,950,90,800,1300.0,seoul national university,seoul national university,seoul national university,100.0,31,41,Seoul National University,South Korea,Asia,L,FC,VH,A,98.5,20,98.6,16,83.1,117,71.7,151,10.5,701+,16.9,586,73.2,435,100.0,4,96.0,46=,82.3,seoul national university,QS World University Rankings 2025,International Education Costs Dataset,Excellent,31.0,97.93,7200.0,85.1,7285.1,88.32,100.0,High Quality
South Korea,Seoul,Seoul National University,Computer Science,Master,2.0,7200,85.1,950,90,800,1300.0,seoul national university,seoul national university,seoul national university,100.0,31,41,Seoul National University,South Korea,Asia,L,FC,VH,A,98.5,20,98.6,16,83.1,117,71.7,151,10.5,701+,16.9,586,73.2,435,100.0,4,96.0,46=,82.3,seoul national university,QS World University Rankings 2025,International Education Costs Dataset,Excellent,31.0,97.93,7200.0,85.1,7285.1,88.32,100.0,High Quality
South Korea,Seoul,Korea University,Artificial Intelligence,Master,2.0,7000,85.1,920,90,800,1300.0,korea university,korea university,korea university,100.0,67,79,Korea University,South Korea,Asia,L,FC,VH,B,78.2,72,93.8,40,73.0,178,45.0,308,15.2,665,45.7,321,65.7,547,89.0,81,85.2,124=,69.0,korea university,QS World University Rankings 2025,International Education Costs Dataset,Excellent,67.0,95.35,7000.0,85.1,7085.1,88.64,100.0,High Quality
South Korea,Seoul,Yonsei University,Data Science,Master,2.0,6900,85.1,900,90,800,1300.0,yonsei university,yonsei university,yonsei university,100.0,56,76,Yonsei University,South Korea,Asia,L,FC,VH,B,81.5,67,97.0,25,84.2,112,44.1,312,20.7,590,51.2,287,78.7,343,87.8,88,88.9,103=,72.9,yonsei university,QS World University Rankings 2025,International Education Costs Dataset,Excellent,56.0,96.14,6900.0,85.1,6985.1,88.8,100.0,High Quality
South Korea,Seoul,Hanyang University,Software Engineering,Master,2.0,6500,85.1,850,90,800,1300.0,hanyang university,hanyang university,hanyang university,100.0,162,164,Hanyang University,South Korea,Asia,L,FC,VH,B,43.0,199,78.0,81,77.1,153,28.5,458,17.4,636,57.6,257,63.0,584,43.3,295,85.8,121=,51.1,hanyang university,QS World University Rankings 2025,International Education Costs Dataset,Excellent,162.0,88.56,6500.0,85.1,6585.1,89.45,100.0,High Quality
South Korea,Seoul,Sungkyunkwan University,Computer Engineering,Master,2.0,6400,85.1,840,90,800,1300.0,sungkyunkwan university,sungkyunkwan university,sungkyunkwan university skku,90.19607843137256,123,145,Sungkyunkwan University(SKKU),South Korea,Asia,L,FC,VH,B,57.9,134,70.7,100,80.5,131,41.3,338,17.5,632,41.7,341,54.2,701+,36.5,348,79.1,161=,55.5,sungkyunkwan university skku,QS World University Rankings 2025,International Education Costs Dataset,High,123.0,91.35,6400.0,85.1,6485.1,89.61,100.0,High Quality
South Korea,Daejeon,KAIST,Robotics Engineering,Master,2.0,6800,75.4,700,90,800,1300.0,kaist,kaist,,,,,,,,,,,,,,,,,,,,,,,,,,,,,,,,Not Matched,International Education Costs Dataset,Unmatched,,,6800.0,75.4,6875.4,88.98,75.0,High Quality
South Korea,Daejeon,KAIST,Robotics Engineering,Master,2.0,6800,75.4,700,90,800,1300.0,kaist,kaist,,,,,,,,,,,,,,,,,,,,,,,,,,,,,,,,Not Matched,International Education Costs Dataset,Unmatched,,,6800.0,75.4,6875.4,88.98,75.0,High Quality
South Korea,Daejeon,Chungnam National University,Information Systems,Master,2.0,5900,75.4,650,90,800,1300.0,chungnam national university,chungnam national university,chungnam national university,100.0,851-900,851-900,Chungnam National University,South Korea,Asia,L,FC,VH,A,8.8,601+,7.8,601+,46.3,334,10.7,701+,7.2,701+,9.2,701+,32.7,701+,5.0,701+,25.7,483=,,chungnam national university,QS World University Rankings 2025,International Education Costs Dataset,Excellent,851.0,39.31,5900.0,75.4,5975.4,90.43,100.0,High Quality
South Korea,Busan,Pusan National University,Computer Science,Master,2.0,5800,73.2,600,90,800,1300.0,pusan national university,pusan national university,pusan national university,100.0,524,611-620,Pusan National University,South Korea,Asia,L,FC,VH,A,18.7,482,16.5,516,43.5,359,19.5,562,10.5,701+,13.7,646,57.7,657,13.8,700,65.0,241=,23.4,pusan national university,QS World University Rankings 2025,International Education Costs Dataset,Excellent,524.0,62.69,5800.0,73.2,5873.2,90.6,100.0,High Quality
South Korea,Busan,Pusan National University,Computer Science,Master,2.0,5800,73.2,600,90,800,1300.0,pusan national university,pusan national university,pusan national university,100.0,524,611-620,Pusan National University,South Korea,Asia,L,FC,VH,A,18.7,482,16.5,516,43.5,359,19.5,562,10.5,701+,13.7,646,57.7,657,13.8,700,65.0,241=,23.4,pusan national university,QS World University Rankings 2025,International Education Costs Dataset,Excellent,524.0,62.69,5800.0,73.2,5873.2,90.6,100.0,High Quality
South Korea,Busan,Dong-A University,Software Engineering,Master,2.0,5600,73.2,580,90,800,1300.0,dong a university,dong a university,shandong university,88.88888888888889,316,360,Shandong University,China (Mainland),Asia,XL,FC,VH,A,16.6,538,35.5,268,16.7,701+,88.2,81,8.2,701+,3.1,701+,64.1,572,20.7,553,19.7,537=,34.7,shandong university,QS World University Rankings 2025,International Education Costs Dataset,Medium,316.0,77.56,5600.0,73.2,5673.2,90.92,100.0,High Quality
South Korea,Daegu,Kyungpook National University,Data Analytics,Master,2.0,5500,71.8,550,90,800,1300.0,kyungpook national university,kyungpook national university,kyungpook national university,100.0,516,520,Kyungpook National University,South Korea,Asia,L,FC,VH,A,11.1,601+,16.7,514,66.9,196,20.5,551,11.1,701+,25.7,470,52.0,701+,10.6,701+,60.6,266=,23.6,kyungpook national university,QS World University Rankings 2025,International Education Costs Dataset,Excellent,516.0,63.26,5500.0,71.8,5571.8,91.08,100.0,High Quality
South Korea,Daegu,Yeungnam University,Computer Engineering,Master,2.0,5400,71.8,530,90,800,1300.0,yeungnam university,yeungnam university,yeungnam university,100.0,951-1000,951-1000,Yeungnam University,South Korea,Asia,L,FC,VH,C,3.8,601+,2.9,601+,13.4,701+,26.9,477,34.2,468,7.5,701+,43.9,701+,2.7,701+,1.6,701+,,yeungnam university,QS World University Rankings 2025,International Education Costs Dataset,Excellent,951.0,32.17,5400.0,71.8,5471.8,91.24,100.0,High Quality
South Korea,Gwangju,Chonnam National University,Information Technology,Master,2.0,5300,70.5,520,90,800,1300.0,chonnam national university,chonnam national university,chonnam national university,100.0,851-900,851-900,Chonnam National University,South Korea,Asia,L,FC,VH,A,9.3,601+,4.7,601+,45.4,341,12.4,682,9.0,701+,7.3,701+,28.5,701+,4.7,701+,44.3,348=,,chonnam national university,QS World University Rankings 2025,International Education Costs Dataset,Excellent,851.0,39.31,5300.0,70.5,5370.5,91.41,100.0,High Quality
South Korea,Gwangju,Chosun University,Computer Science,Master,2.0,5200,70.5,500,90,800,1300.0,chosun university,chosun university,sichuan university,85.71428571428572,336,355,Sichuan University,China (Mainland),Asia,XL,FC,VH,A,20.4,433,12.3,601+,10.3,701+,98.5,32,7.1,701+,4.9,701+,71.3,463,12.9,701+,11.0,644=,33.3,sichuan university,QS World University Rankings 2025,International Education Costs Dataset,Medium,336.0,76.13,5200.0,70.5,5270.5,91.57,100.0,High Quality
South Korea,Ulsan,Ulsan National Institute of Science and Technology,AI Engineering,Master,2.0,6100,72.3,580,90,800,1300.0,ulsan national institute of science and technology,ulsan national institute of science and technology,ulsan national institute of science and technology unist,94.33962264150944,280,266,Ulsan National Institute of Science and Technology (UNIST),South Korea,Asia,S,FO,VH,A,13.6,601+,13.5,601+,87.9,95,98.1,34,29.3,499,9.6,701+,24.8,701+,3.3,701+,16.1,577=,38.0,ulsan national institute of science and technology unist,QS World University Rankings 2025,International Education Costs Dataset,High,280.0,80.13,6100.0,72.3,6172.3,90.11,100.0,High Quality
South Korea,Ulsan,University of Ulsan,Software Systems,Master,2.0,5100,72.3,550,90,800,1300.0,university of ulsan,university of ulsan,university of ulsan,100.0,801-850,751-760,University of Ulsan,South Korea,Asia,M,FC,VH,B,5.0,601+,2.3,601+,60.0,241,33.6,392,2.0,701+,2.4,701+,28.8,701+,3.8,701+,5.6,701+,,university of ulsan,QS World University Rankings 2025,International Education Costs Dataset,Excellent,801.0,42.89,5100.0,72.3,5172.3,91.73,100.0,High Quality
South Korea,Pohang,POSTECH,Computer Engineering,Master,2.0,6300,71.2,570,90,800,1300.0,postech,postech,,,,,,,,,,,,,,,,,,,,,,,,,,,,,,,,Not Matched,International Education Costs Dataset,Unmatched,,,6300.0,71.2,6371.2,89.79,75.0,High Quality
South Korea,Incheon,Incheon National University,Data Science,Master,2.0,5000,76.4,600,90,800,1300.0,incheon national university,incheon national university,chonnam national university,88.88888888888889,851-900,851-900,Chonnam National University,South Korea,Asia,L,FC,VH,A,9.3,601+,4.7,601+,45.4,341,12.4,682,9.0,701+,7.3,701+,28.5,701+,4.7,701+,44.3,348=,,chonnam national university,QS World University Rankings 2025,International Education Costs Dataset,Medium,851.0,39.31,5000.0,76.4,5076.4,91.88,100.0,High Quality
South Korea,Suwon,Sungkyunkwan University (Suwon),Computer Systems,Master,2.0,5900,77.8,650,90,800,1300.0,sungkyunkwan university suwon,sungkyunkwan university suwon,,,,,,,,,,,,,,,,,,,,,,,,,,,,,,,,Not Matched,International Education Costs Dataset,Unmatched,,,5900.0,77.8,5977.8,90.43,75.0,High Quality
South Korea,Daejeon,Hanbat National University,Information Security,Master,2.0,4900,75.4,540,90,800,1300.0,hanbat national university,hanbat national university,chonnam national university,86.79245283018868,851-900,851-900,Chonnam National University,South Korea,Asia,L,FC,VH,A,9.3,601+,4.7,601+,45.4,341,12.4,682,9.0,701+,7.3,701+,28.5,701+,4.7,701+,44.3,348=,,chonnam national university,QS World University Rankings 2025,International Education Costs Dataset,Medium,851.0,39.31,4900.0,75.4,4975.4,92.04,100.0,High Quality
South Korea,Cheongju,Chungbuk National University,Computer Networks,Master,2.0,4800,70.1,520,90,800,1300.0,chungbuk national university,chungbuk national university,chungbuk national university,100.0,1001-1200,1001-1200,Chungbuk National University,South Korea,Asia,M,FC,VH,A,3.8,601+,2.7,601+,34.1,463,10.3,701+,10.5,701+,7.7,701+,27.4,701+,1.7,701+,15.4,585=,,chungbuk national university,QS World University Rankings 2025,International Education Costs Dataset,Excellent,1001.0,28.59,4800.0,70.1,4870.1,92.21,100.0,High Quality
USA,Stanford,Stanford University,Computer Science,Bachelor,4.0,57000,95.2,2400,160,1500,1.0,stanford university,stanford university,stanford university,100.0,6,5,Stanford University,United States,Americas,L,FC,VH,B,100.0,5,100.0,3,100.0,12,99.0,27,70.3,284,60.8,244,96.8,45,100.0,2,81.2,148=,96.1,stanford university,QS World University Rankings 2025,International Education Costs Dataset,Excellent,6.0,99.71,57000.0,95.2,57095.2,8.06,100.0,High Quality
USA,Stanford,Stanford University,Computer Science,Bachelor,4.0,57000,95.2,2400,160,1500,1.0,stanford university,stanford university,stanford university,100.0,6,5,Stanford University,United States,Americas,L,FC,VH,B,100.0,5,100.0,3,100.0,12,99.0,27,70.3,284,60.8,244,96.8,45,100.0,2,81.2,148=,96.1,stanford university,QS World University Rankings 2025,International Education Costs Dataset,Excellent,6.0,99.71,57000.0,95.2,57095.2,8.06,100.0,High Quality
USA,Stanford,Stanford University,Computer Science,Bachelor,4.0,57000,95.2,2400,160,1500,1.0,stanford university,stanford university,stanford university,100.0,6,5,Stanford University,United States,Americas,L,FC,VH,B,100.0,5,100.0,3,100.0,12,99.0,27,70.3,284,60.8,244,96.8,45,100.0,2,81.2,148=,96.1,stanford university,QS World University Rankings 2025,International Education Costs Dataset,Excellent,6.0,99.71,57000.0,95.2,57095.2,8.06,100.0,High Quality
USA,Stanford,Stanford University,Computer Science,Bachelor,4.0,57000,95.2,2400,160,1500,1.0,stanford university,stanford university,stanford university,100.0,6,5,Stanford University,United States,Americas,L,FC,VH,B,100.0,5,100.0,3,100.0,12,99.0,27,70.3,284,60.8,244,96.8,45,100.0,2,81.2,148=,96.1,stanford university,QS World University Rankings 2025,International Education Costs Dataset,Excellent,6.0,99.71,57000.0,95.2,57095.2,8.06,100.0,High Quality
USA,Stanford,Stanford University,Computer Science,Bachelor,4.0,57000,95.2,2400,160,1500,1.0,stanford university,stanford university,stanford university,100.0,6,5,Stanford University,United States,Americas,L,FC,VH,B,100.0,5,100.0,3,100.0,12,99.0,27,70.3,284,60.8,244,96.8,45,100.0,2,81.2,148=,96.1,stanford university,QS World University Rankings 2025,International Education Costs Dataset,Excellent,6.0,99.71,57000.0,95.2,57095.2,8.06,100.0,High Quality
USA,Cambridge,MIT,Computer Science,Bachelor,4.0,55800,83.5,2300,160,1500,1.0,mit,mit,,,,,,,,,,,,,,,,,,,,,,,,,,,,,,,,Not Matched,International Education Costs Dataset,Unmatched,,,55800.0,83.5,55883.5,10.02,75.0,High Quality
USA,Cambridge,MIT,Computer Science,Bachelor,4.0,55800,83.5,2300,160,1500,1.0,mit,mit,,,,,,,,,,,,,,,,,,,,,,,,,,,,,,,,Not Matched,International Education Costs Dataset,Unmatched,,,55800.0,83.5,55883.5,10.02,75.0,High Quality
USA,Cambridge,MIT,Computer Science,Bachelor,4.0,55800,83.5,2300,160,1500,1.0,mit,mit,,,,,,,,,,,,,,,,,,,,,,,,,,,,,,,,Not Matched,International Education Costs Dataset,Unmatched,,,55800.0,83.5,55883.5,10.02,75.0,High Quality
USA,New Haven,Yale University,Computer Science,Bachelor,4.0,54500,79.8,2100,160,1500,1.0,yale university,yale university,yale university,100.0,23,16,Yale University,United States,Americas,L,FC,VH,B,99.9,9,99.9,7,100.0,3,38.6,363,91.5,181,63.3,238,93.9,100,98.5,21,92.2,76=,85.2,yale university,QS World University Rankings 2025,International Education Costs Dataset,Excellent,23.0,98.5,54500.0,79.8,54579.8,12.12,100.0,High Quality
USA,Princeton,Princeton University,Computer Science,Bachelor,4.0,54000,81.2,2000,160,1500,1.0,princeton university,princeton university,princeton university,100.0,22,17,Princeton University,United States,Americas,M,CO,VH,B,99.8,10,98.3,19,57.0,258,100.0,3,9.6,701+,56.6,264,78.3,354,95.7,48,51.5,312,85.5,princeton university,QS World University Rankings 2025,International Education Costs Dataset,Excellent,22.0,98.57,54000.0,81.2,54081.2,12.92,100.0,High Quality
USA,Philadelphia,University of Pennsylvania,Computer Science,Bachelor,4.0,53500,82.4,1900,160,1500,1.0,university of pennsylvania,university of pennsylvania,university of pennsylvania,100.0,11,12,University of Pennsylvania,United States,Americas,L,FC,VH,B,96.3,31,91.9,45,99.8,28,74.0,138,90.9,188,66.2,226,91.9,137,100.0,7,93.0,71,90.3,university of pennsylvania,QS World University Rankings 2025,International Education Costs Dataset,Excellent,11.0,99.36,53500.0,82.4,53582.4,13.72,100.0,High Quality
USA,Philadelphia,University of Pennsylvania,Computer Science,Bachelor,4.0,53500,82.4,1900,160,1500,1.0,university of pennsylvania,university of pennsylvania,university of pennsylvania,100.0,11,12,University of Pennsylvania,United States,Americas,L,FC,VH,B,96.3,31,91.9,45,99.8,28,74.0,138,90.9,188,66.2,226,91.9,137,100.0,7,93.0,71,90.3,university of pennsylvania,QS World University Rankings 2025,International Education Costs Dataset,Excellent,11.0,99.36,53500.0,82.4,53582.4,13.72,100.0,High Quality
USA,Los Angeles,UCLA,Computer Science,Bachelor,4.0,43000,88.7,2200,160,1500,1.0,ucla,ucla,ucl,85.71428571428572,9,9,UCL,United Kingdom,Europe,XL,FC,VH,A,99.5,14,98.3,18,95.9,56,72.2,145,99.0,106,100.0,21,99.9,2,70.3,157,74.8,190=,91.6,ucl,QS World University Rankings 2025,International Education Costs Dataset,Medium,9.0,99.5,43000.0,88.7,43088.7,30.63,100.0,High Quality
USA,Los Angeles,UCLA,Computer Science,Bachelor,4.0,43000,88.7,2200,160,1500,1.0,ucla,ucla,ucl,85.71428571428572,9,9,UCL,United Kingdom,Europe,XL,FC,VH,A,99.5,14,98.3,18,95.9,56,72.2,145,99.0,106,100.0,21,99.9,2,70.3,157,74.8,190=,91.6,ucl,QS World University Rankings 2025,International Education Costs Dataset,Medium,9.0,99.5,43000.0,88.7,43088.7,30.63,100.0,High Quality
USA,Los Angeles,UCLA,Computer Science,Bachelor,4.0,43000,88.7,2200,160,1500,1.0,ucla,ucla,ucl,85.71428571428572,9,9,UCL,United Kingdom,Europe,XL,FC,VH,A,99.5,14,98.3,18,95.9,56,72.2,145,99.0,106,100.0,21,99.9,2,70.3,157,74.8,190=,91.6,ucl,QS World University Rankings 2025,International Education Costs Dataset,Medium,9.0,99.5,43000.0,88.7,43088.7,30.63,100.0,High Quality
USA,Berkeley,UC Berkeley,Computer Science,Bachelor,4.0,43500,91.5,2300,160,1500,1.0,uc berkeley,uc berkeley,,,,,,,,,,,,,,,,,,,,,,,,,,,,,,,,Not Matched,International Education Costs Dataset,Unmatched,,,43500.0,91.5,43591.5,29.82,75.0,High Quality
USA,Berkeley,UC Berkeley,Computer Science,Bachelor,4.0,43500,91.5,2300,160,1500,1.0,uc berkeley,uc berkeley,,,,,,,,,,,,,,,,,,,,,,,,,,,,,,,,Not Matched,International Education Costs Dataset,Unmatched,,,43500.0,91.5,43591.5,29.82,75.0,High Quality
USA,Berkeley,UC Berkeley,Computer Science,Bachelor,4.0,43500,91.5,2300,160,1500,1.0,uc berkeley,uc berkeley,,,,,,,,,,,,,,,,,,,,,,,,,,,,,,,,Not Matched,International Education Costs Dataset,Unmatched,,,43500.0,91.5,43591.5,29.82,75.0,High Quality
USA,Berkeley,UC Berkeley,Computer Science,Bachelor,4.0,43500,91.5,2300,160,1500,1.0,uc berkeley,uc berkeley,,,,,,,,,,,,,,,,,,,,,,,,,,,,,,,,Not Matched,International Education Costs Dataset,Unmatched,,,43500.0,91.5,43591.5,29.82,75.0,High Quality
USA,Ann Arbor,University of Michigan,Computer Science,Bachelor,4.0,52000,75.4,1700,160,1500,1.0,university of michigan,university of michigan,university of milan,87.8048780487805,285,276,University of Milan,Italy,Europe,XL,FC,VH,A,52.8,152,17.0,505,6.4,701+,39.6,356,6.5,701+,6.8,701+,85.5,239,44.1,290,74.8,190=,37.2,university of milan,QS World University Rankings 2025,International Education Costs Dataset,Medium,285.0,79.77,52000.0,75.4,52075.4,16.15,100.0,High Quality
USA,Ann Arbor,University of Michigan,Computer Science,Bachelor,4.0,52000,75.4,1700,160,1500,1.0,university of michigan,university of michigan,university of milan,87.8048780487805,285,276,University of Milan,Italy,Europe,XL,FC,VH,A,52.8,152,17.0,505,6.4,701+,39.6,356,6.5,701+,6.8,701+,85.5,239,44.1,290,74.8,190=,37.2,university of milan,QS World University Rankings 2025,International Education Costs Dataset,Medium,285.0,79.77,52000.0,75.4,52075.4,16.15,100.0,High Quality
USA,Austin,University of Texas Austin,Computer Science,Bachelor,4.0,40500,72.8,1800,160,1500,1.0,university of texas austin,university of texas austin,university of texas at austin,94.54545454545456,66,58,University of Texas at Austin,United States,Americas,XL,FC,VH,A,93.5,38,86.6,60,8.1,701+,76.7,128,6.1,701+,11.7,685,91.7,144,81.7,113,52.1,305=,69.5,university of texas at austin,QS World University Rankings 2025,International Education Costs Dataset,High,66.0,95.43,40500.0,72.8,40572.8,34.69,100.0,High Quality
USA,Seattle,University of Washington,Computer Science,Bachelor,4.0,39800,85.6,2000,160,1500,1.0,university of washington,university of washington,university of washington,100.0,76,63,University of Washington,United States,Americas,XL,FC,VH,A,81.9,66,55.5,150,28.6,542,78.8,119,11.0,701+,32.8,407,95.6,67,68.7,170,66.5,235,65.3,university of washington,QS World University Rankings 2025,International Education Costs Dataset,Excellent,76.0,94.71,39800.0,85.6,39885.6,35.79,100.0,High Quality
USA,Seattle,University of Washington,Computer Science,Bachelor,4.0,39800,85.6,2000,160,1500,1.0,university of washington,university of washington,university of washington,100.0,76,63,University of Washington,United States,Americas,XL,FC,VH,A,81.9,66,55.5,150,28.6,542,78.8,119,11.0,701+,32.8,407,95.6,67,68.7,170,66.5,235,65.3,university of washington,QS World University Rankings 2025,International Education Costs Dataset,Excellent,76.0,94.71,39800.0,85.6,39885.6,35.79,100.0,High Quality
USA,Seattle,University of Washington,Computer Science,Bachelor,4.0,39800,85.6,2000,160,1500,1.0,university of washington,university of washington,university of washington,100.0,76,63,University of Washington,United States,Americas,XL,FC,VH,A,81.9,66,55.5,150,28.6,542,78.8,119,11.0,701+,32.8,407,95.6,67,68.7,170,66.5,235,65.3,university of washington,QS World University Rankings 2025,International Education Costs Dataset,Excellent,76.0,94.71,39800.0,85.6,39885.6,35.79,100.0,High Quality
USA,Seattle,University of Washington,Computer Science,Bachelor,4.0,39800,85.6,2000,160,1500,1.0,university of washington,university of washington,university of washington,100.0,76,63,University of Washington,United States,Americas,XL,FC,VH,A,81.9,66,55.5,150,28.6,542,78.8,119,11.0,701+,32.8,407,95.6,67,68.7,170,66.5,235,65.3,university of washington,QS World University Rankings 2025,International Education Costs Dataset,Excellent,76.0,94.71,39800.0,85.6,39885.6,35.79,100.0,High Quality
USA,Seattle,University of Washington,Computer Science,Bachelor,4.0,39800,85.6,2000,160,1500,1.0,university of washington,university of washington,university of washington,100.0,76,63,University of Washington,United States,Americas,XL,FC,VH,A,81.9,66,55.5,150,28.6,542,78.8,119,11.0,701+,32.8,407,95.6,67,68.7,170,66.5,235,65.3,university of washington,QS World University Rankings 2025,International Education Costs Dataset,Excellent,76.0,94.71,39800.0,85.6,39885.6,35.79,100.0,High Quality
USA,Seattle,University of Washington,Computer Science,Bachelor,4.0,39800,85.6,2000,160,1500,1.0,university of washington,university of washington,university of washington,100.0,76,63,University of Washington,United States,Americas,XL,FC,VH,A,81.9,66,55.5,150,28.6,542,78.8,119,11.0,701+,32.8,407,95.6,67,68.7,170,66.5,235,65.3,university of washington,QS World University Rankings 2025,International Education Costs Dataset,Excellent,76.0,94.71,39800.0,85.6,39885.6,35.79,100.0,High Quality
USA,Madison,University of Wisconsin-Madison,Computer Science,Bachelor,4.0,37500,71.2,1600,160,1500,1.0,university of wisconsin madison,university of wisconsin madison,university of wisconsin madison,100.0,116,102,University of Wisconsin-Madison,United States,Americas,XL,FC,VH,A,77.7,74,47.8,193,74.3,170,23.7,513,35.3,454,23.6,498,91.6,149,81.6,116,59.6,269=,57.1,university of wisconsin madison,QS World University Rankings 2025,International Education Costs Dataset,Excellent,116.0,91.85,37500.0,71.2,37571.2,39.52,100.0,High Quality
USA,Urbana,University of Illinois Urbana-Champaign,Computer Science,Bachelor,4.0,36800,70.5,1500,160,1500,1.0,university of illinois urbana champaign,university of illinois urbana champaign,university of illinois at urbana champaign,96.2962962962963,69,64,University of Illinois at Urbana-Champaign,United States,Americas,XL,FC,VH,A,83.9,59,75.7,84,6.4,701+,77.5,124,14.0,686,56.3,266,90.4,165,81.7,114,65.0,241=,68.2,university of illinois at urbana champaign,QS World University Rankings 2025,International Education Costs Dataset,Excellent,69.0,95.21,36800.0,70.5,36870.5,40.65,100.0,High Quality
USA,Atlanta,Georgia Tech,Computer Science,Bachelor,4.0,33500,76.8,1700,160,1500,1.0,georgia technology,georgia technology,,,,,,,,,,,,,,,,,,,,,,,,,,,,,,,,Not Matched,International Education Costs Dataset,Unmatched,,,33500.0,76.8,33576.8,45.96,75.0,High Quality
USA,Atlanta,Georgia Tech,Computer Science,Bachelor,4.0,33500,76.8,1700,160,1500,1.0,georgia technology,georgia technology,,,,,,,,,,,,,,,,,,,,,,,,,,,,,,,,Not Matched,International Education Costs Dataset,Unmatched,,,33500.0,76.8,33576.8,45.96,75.0,High Quality
USA,Atlanta,Georgia Tech,Computer Science,Bachelor,4.0,33500,76.8,1700,160,1500,1.0,georgia technology,georgia technology,,,,,,,,,,,,,,,,,,,,,,,,,,,,,,,,Not Matched,International Education Costs Dataset,Unmatched,,,33500.0,76.8,33576.8,45.96,75.0,High Quality
USA,Atlanta,Georgia Tech,Computer Science,Bachelor,4.0,33500,76.8,1700,160,1500,1.0,georgia technology,georgia technology,,,,,,,,,,,,,,,,,,,,,,,,,,,,,,,,Not Matched,International Education Costs Dataset,Unmatched,,,33500.0,76.8,33576.8,45.96,75.0,High Quality
USA,Columbus,Ohio State University,Computer Science,Bachelor,4.0,32800,71.4,1400,160,1500,1.0,ohio state university,ohio state university,the ohio state university,91.30434782608695,208,151,The Ohio State University,United States,Americas,XL,FC,VH,A,58.6,130,50.4,176,39.5,392,31.2,423,13.4,696,10.6,701+,94.6,87,45.3,281,50.8,315=,45.6,the ohio state university,QS World University Rankings 2025,International Education Costs Dataset,High,208.0,85.28,32800.0,71.4,32871.4,47.09,100.0,High Quality
USA,West Lafayette,Purdue University,Computer Science,Bachelor,4.0,31500,68.9,1300,160,1500,1.0,purdue university,purdue university,purdue university,100.0,89,99,Purdue University,United States,Americas,XL,FC,VH,A,63.3,107,81.1,71,11.4,701+,54.3,235,79.6,242,45.2,325,92.9,123,63.1,188,90.1,93,61.7,purdue university,QS World University Rankings 2025,International Education Costs Dataset,Excellent,89.0,93.78,31500.0,68.9,31568.9,49.19,100.0,High Quality
USA,Gainesville,University of Florida,Computer Science,Bachelor,4.0,28500,70.2,1400,160,1500,1.0,university of florida,university of florida,university of florida,100.0,215,168,University of Florida,United States,Americas,XL,FC,VH,A,46.7,172,42.3,220,62.9,220,32.1,411,17.8,630,10.3,701+,98.3,21,44.5,286,60.6,266=,44.2,university of florida,QS World University Rankings 2025,International Education Costs Dataset,Excellent,215.0,84.77,28500.0,70.2,28570.2,54.03,100.0,High Quality
USA,Tempe,Arizona State University,Computer Science,Bachelor,4.0,28000,72.5,1500,160,1500,1.0,arizona state university,arizona state university,arizona state university,100.0,200,179,Arizona State University,United States,Americas,XL,CO,VH,A,48.6,165,44.1,209,7.4,701+,47.1,289,52.1,357,37.2,378,95.7,66,23.6,479,96.3,41=,46.2,arizona state university,QS World University Rankings 2025,International Education Costs Dataset,Excellent,200.0,85.85,28000.0,72.5,28072.5,54.83,100.0,High Quality
USA,Tempe,Arizona State University,Computer Science,Bachelor,4.0,28000,72.5,1500,160,1500,1.0,arizona state university,arizona state university,arizona state university,100.0,200,179,Arizona State University,United States,Americas,XL,CO,VH,A,48.6,165,44.1,209,7.4,701+,47.1,289,52.1,357,37.2,378,95.7,66,23.6,479,96.3,41=,46.2,arizona state university,QS World University Rankings 2025,International Education Costs Dataset,Excellent,200.0,85.85,28000.0,72.5,28072.5,54.83,100.0,High Quality
USA,Raleigh,NC State University,Computer Science,Bachelor,4.0,27500,71.8,1400,160,1500,1.0,nc state university,nc state university,kent state university,90.0,1001-1200,1001-1200,Kent State University,United States,Americas,L,FO,VH,A,5.5,601+,2.9,601+,6.2,701+,12.7,674,19.2,611,6.6,701+,57.1,660,7.6,701+,2.8,701+,,kent state university,QS World University Rankings 2025,International Education Costs Dataset,High,1001.0,28.59,27500.0,71.8,27571.8,55.63,100.0,High Quality
USA,Raleigh,NC State University,Computer Science,Bachelor,4.0,27500,71.8,1400,160,1500,1.0,nc state university,nc state university,kent state university,90.0,1001-1200,1001-1200,Kent State University,United States,Americas,L,FO,VH,A,5.5,601+,2.9,601+,6.2,701+,12.7,674,19.2,611,6.6,701+,57.1,660,7.6,701+,2.8,701+,,kent state university,QS World University Rankings 2025,International Education Costs Dataset,High,1001.0,28.59,27500.0,71.8,27571.8,55.63,100.0,High Quality
USA,College Station,Texas A&M University,Computer Science,Bachelor,4.0,27000,69.5,1300,160,1500,1.0,texas a m university,texas a m university,texas a m university,100.0,154,134,Texas A&M University,United States,Americas,XL,FC,VH,A,61.2,116,66.0,115,4.4,701+,64.3,176,21.9,569,12.1,678,92.6,125,44.4,287,39.5,371=,51.8,texas a m university,QS World University Rankings 2025,International Education Costs Dataset,Excellent,154.0,89.14,27000.0,69.5,27069.5,56.44,100.0,High Quality
USA,Corvallis,Oregon State University,Computer Science,Bachelor,4.0,26500,70.1,1300,160,1500,1.0,oregon state university,oregon state university,oregon state university,100.0,641-650,505,Oregon State University,United States,Americas,L,CO,VH,A,14.6,596,4.2,601+,15.6,701+,33.9,390,11.7,701+,8.1,701+,81.2,306,19.3,574,21.1,525=,,oregon state university,QS World University Rankings 2025,International Education Costs Dataset,Excellent,641.0,54.32,26500.0,70.1,26570.1,57.25,100.0,High Quality
UK,Cambridge,University of Cambridge,Computer Science,Bachelor,3.0,38500,78.5,1800,490,800,0.79,university of cambridge,university of cambridge,university of cambridge,100.0,5,2,University of Cambridge,United Kingdom,Europe,L,FC,VH,A,100.0,3,100.0,4,100.0,17,84.6,96,100.0,73,94.8,98,99.3,10,100.0,5,84.8,127=,96.7,university of cambridge,QS World University Rankings 2025,International Education Costs Dataset,Excellent,5.0,99.79,38500.0,78.5,38578.5,37.9,100.0,High Quality
UK,Cambridge,University of Cambridge,Computer Science,Bachelor,3.0,38500,78.5,1800,490,800,0.79,university of cambridge,university of cambridge,university of cambridge,100.0,5,2,University of Cambridge,United Kingdom,Europe,L,FC,VH,A,100.0,3,100.0,4,100.0,17,84.6,96,100.0,73,94.8,98,99.3,10,100.0,5,84.8,127=,96.7,university of cambridge,QS World University Rankings 2025,International Education Costs Dataset,Excellent,5.0,99.79,38500.0,78.5,38578.5,37.9,100.0,High Quality
UK,Cambridge,University of Cambridge,Computer Science,Bachelor,3.0,38500,78.5,1800,490,800,0.79,university of cambridge,university of cambridge,university of cambridge,100.0,5,2,University of Cambridge,United Kingdom,Europe,L,FC,VH,A,100.0,3,100.0,4,100.0,17,84.6,96,100.0,73,94.8,98,99.3,10,100.0,5,84.8,127=,96.7,university of cambridge,QS World University Rankings 2025,International Education Costs Dataset,Excellent,5.0,99.79,38500.0,78.5,38578.5,37.9,100.0,High Quality
UK,Oxford,University of Oxford,Computer Science,Bachelor,3.0,37900,77.8,1850,490,800,0.79,university of oxford,university of oxford,university of oxford,100.0,3,3,University of Oxford,United Kingdom,Europe,L,FC,VH,A,100.0,2,100.0,5,100.0,8,84.8,93,98.1,120,97.7,73,100.0,1,100.0,3,85.0,126,96.9,university of oxford,QS World University Rankings 2025,International Education Costs Dataset,Excellent,3.0,99.93,37900.0,77.8,37977.8,38.87,100.0,High Quality
UK,Oxford,University of Oxford,Computer Science,Bachelor,3.0,37900,77.8,1850,490,800,0.79,university of oxford,university of oxford,university of oxford,100.0,3,3,University of Oxford,United Kingdom,Europe,L,FC,VH,A,100.0,2,100.0,5,100.0,8,84.8,93,98.1,120,97.7,73,100.0,1,100.0,3,85.0,126,96.9,university of oxford,QS World University Rankings 2025,International Education Costs Dataset,Excellent,3.0,99.93,37900.0,77.8,37977.8,38.87,100.0,High Quality
UK,Oxford,University of Oxford,Computer Science,Bachelor,3.0,37900,77.8,1850,490,800,0.79,university of oxford,university of oxford,university of oxford,100.0,3,3,University of Oxford,United Kingdom,Europe,L,FC,VH,A,100.0,2,100.0,5,100.0,8,84.8,93,98.1,120,97.7,73,100.0,1,100.0,3,85.0,126,96.9,university of oxford,QS World University Rankings 2025,International Education Costs Dataset,Excellent,3.0,99.93,37900.0,77.8,37977.8,38.87,100.0,High Quality
UK,Oxford,University of Oxford,Computer Science,Bachelor,3.0,37900,77.8,1850,490,800,0.79,university of oxford,university of oxford,university of oxford,100.0,3,3,University of Oxford,United Kingdom,Europe,L,FC,VH,A,100.0,2,100.0,5,100.0,8,84.8,93,98.1,120,97.7,73,100.0,1,100.0,3,85.0,126,96.9,university of oxford,QS World University Rankings 2025,International Education Costs Dataset,Excellent,3.0,99.93,37900.0,77.8,37977.8,38.87,100.0,High Quality
UK,London,Imperial College London,Computer Science,Bachelor,3.0,37500,83.2,2200,490,800,0.79,imperial college london,imperial college london,imperial college london,100.0,2,6,Imperial College London,United Kingdom,Europe,L,FC,VH,A,98.5,22,99.5,11,98.2,45,93.9,54,100.0,66,99.6,44,97.4,34,93.4,61,99.7,6,98.5,imperial college london,QS World University Rankings 2025,International Education Costs Dataset,Excellent,2.0,100.0,37500.0,83.2,37583.2,39.5,100.0,High Quality
UK,London,Imperial College London,Computer Science,Bachelor,3.0,37500,83.2,2200,490,800,0.79,imperial college london,imperial college london,imperial college london,100.0,2,6,Imperial College London,United Kingdom,Europe,L,FC,VH,A,98.5,22,99.5,11,98.2,45,93.9,54,100.0,66,99.6,44,97.4,34,93.4,61,99.7,6,98.5,imperial college london,QS World University Rankings 2025,International Education Costs Dataset,Excellent,2.0,100.0,37500.0,83.2,37583.2,39.5,100.0,High Quality
UK,London,Imperial College London,Computer Science,Bachelor,3.0,37500,83.2,2200,490,800,0.79,imperial college london,imperial college london,imperial college london,100.0,2,6,Imperial College London,United Kingdom,Europe,L,FC,VH,A,98.5,22,99.5,11,98.2,45,93.9,54,100.0,66,99.6,44,97.4,34,93.4,61,99.7,6,98.5,imperial college london,QS World University Rankings 2025,International Education Costs Dataset,Excellent,2.0,100.0,37500.0,83.2,37583.2,39.5,100.0,High Quality
UK,London,University College London,Computer Science,Bachelor,3.0,36800,83.2,2100,490,800,0.79,university college london,university college london,,,,,,,,,,,,,,,,,,,,,,,,,,,,,,,,Not Matched,International Education Costs Dataset,Unmatched,,,36800.0,83.2,36883.2,40.63,75.0,High Quality
UK,London,University College London,Computer Science,Bachelor,3.0,36800,83.2,2100,490,800,0.79,university college london,university college london,,,,,,,,,,,,,,,,,,,,,,,,,,,,,,,,Not Matched,International Education Costs Dataset,Unmatched,,,36800.0,83.2,36883.2,40.63,75.0,High Quality
UK,London,King's College London,Computer Science,Bachelor,3.0,35500,83.2,2000,490,800,0.79,king s college london,king s college london,king s college london,100.0,40,40,King's College London,United Kingdom,Europe,XL,FC,VH,A,90.3,44,85.7,64,64.3,210,53.6,238,99.1,103,99.5,47,98.6,17,59.8,205,96.2,44=,80.2,king s college london,QS World University Rankings 2025,International Education Costs Dataset,Excellent,40.0,97.28,35500.0,83.2,35583.2,42.73,100.0,High Quality
UK,London,King's College London,Computer Science,Bachelor,3.0,35500,83.2,2000,490,800,0.79,king s college london,king s college london,king s college london,100.0,40,40,King's College London,United Kingdom,Europe,XL,FC,VH,A,90.3,44,85.7,64,64.3,210,53.6,238,99.1,103,99.5,47,98.6,17,59.8,205,96.2,44=,80.2,king s college london,QS World University Rankings 2025,International Education Costs Dataset,Excellent,40.0,97.28,35500.0,83.2,35583.2,42.73,100.0,High Quality
UK,Edinburgh,University of Edinburgh,Computer Science,Bachelor,4.0,32500,75.4,1600,490,800,0.79,university of edinburgh,university of edinburgh,the university of edinburgh,92.0,27,22,The University of Edinburgh,United Kingdom,Europe,XL,FC,VH,A,98.3,24,97.2,24,65.5,201,47.7,282,98.7,111,99.8,41,99.5,7,55.9,222,99.0,15=,83.3,the university of edinburgh,QS World University Rankings 2025,International Education Costs Dataset,High,27.0,98.21,32500.0,75.4,32575.4,47.57,100.0,High Quality
UK,Edinburgh,University of Edinburgh,Computer Science,Bachelor,4.0,32500,75.4,1600,490,800,0.79,university of edinburgh,university of edinburgh,the university of edinburgh,92.0,27,22,The University of Edinburgh,United Kingdom,Europe,XL,FC,VH,A,98.3,24,97.2,24,65.5,201,47.7,282,98.7,111,99.8,41,99.5,7,55.9,222,99.0,15=,83.3,the university of edinburgh,QS World University Rankings 2025,International Education Costs Dataset,High,27.0,98.21,32500.0,75.4,32575.4,47.57,100.0,High Quality
UK,Edinburgh,University of Edinburgh,Computer Science,Bachelor,4.0,32500,75.4,1600,490,800,0.79,university of edinburgh,university of edinburgh,the university of edinburgh,92.0,27,22,The University of Edinburgh,United Kingdom,Europe,XL,FC,VH,A,98.3,24,97.2,24,65.5,201,47.7,282,98.7,111,99.8,41,99.5,7,55.9,222,99.0,15=,83.3,the university of edinburgh,QS World University Rankings 2025,International Education Costs Dataset,High,27.0,98.21,32500.0,75.4,32575.4,47.57,100.0,High Quality
UK,Manchester,University of Manchester,Computer Science,Bachelor,3.0,31800,72.1,1400,490,800,0.79,university of manchester,university of manchester,the university of manchester,92.3076923076923,34,32,The University of Manchester,United Kingdom,Europe,XL,FC,VH,A,95.6,33,98.1,20,51.3,297,45.1,307,93.1,169,99.2,55,99.2,12,87.6,90,99.8,3,82.0,the university of manchester,QS World University Rankings 2025,International Education Costs Dataset,High,34.0,97.71,31800.0,72.1,31872.1,48.71,100.0,High Quality
UK,Manchester,University of Manchester,Computer Science,Bachelor,3.0,31800,72.1,1400,490,800,0.79,university of manchester,university of manchester,the university of manchester,92.3076923076923,34,32,The University of Manchester,United Kingdom,Europe,XL,FC,VH,A,95.6,33,98.1,20,51.3,297,45.1,307,93.1,169,99.2,55,99.2,12,87.6,90,99.8,3,82.0,the university of manchester,QS World University Rankings 2025,International Education Costs Dataset,High,34.0,97.71,31800.0,72.1,31872.1,48.71,100.0,High Quality
UK,Manchester,University of Manchester,Computer Science,Bachelor,3.0,31800,72.1,1400,490,800,0.79,university of manchester,university of manchester,the university of manchester,92.3076923076923,34,32,The University of Manchester,United Kingdom,Europe,XL,FC,VH,A,95.6,33,98.1,20,51.3,297,45.1,307,93.1,169,99.2,55,99.2,12,87.6,90,99.8,3,82.0,the university of manchester,QS World University Rankings 2025,International Education Costs Dataset,High,34.0,97.71,31800.0,72.1,31872.1,48.71,100.0,High Quality
UK,Manchester,University of Manchester,Computer Science,Bachelor,3.0,31800,72.1,1400,490,800,0.79,university of manchester,university of manchester,the university of manchester,92.3076923076923,34,32,The University of Manchester,United Kingdom,Europe,XL,FC,VH,A,95.6,33,98.1,20,51.3,297,45.1,307,93.1,169,99.2,55,99.2,12,87.6,90,99.8,3,82.0,the university of manchester,QS World University Rankings 2025,International Education Costs Dataset,High,34.0,97.71,31800.0,72.1,31872.1,48.71,100.0,High Quality
UK,Bristol,University of Bristol,Computer Science,Bachelor,3.0,31500,74.8,1500,490,800,0.79,university of bristol,university of bristol,university of bristol,100.0,54,55,University of Bristol,United Kingdom,Europe,L,FC,VH,A,75.8,78,82.5,69,36.7,437,75.9,134,87.5,206,89.8,121,94.6,84,51.2,250,98.9,17,75.4,university of bristol,QS World University Rankings 2025,International Education Costs Dataset,Excellent,54.0,96.28,31500.0,74.8,31574.8,49.18,100.0,High Quality
UK,Bristol,University of Bristol,Computer Science,Bachelor,3.0,31500,74.8,1500,490,800,0.79,university of bristol,university of bristol,university of bristol,100.0,54,55,University of Bristol,United Kingdom,Europe,L,FC,VH,A,75.8,78,82.5,69,36.7,437,75.9,134,87.5,206,89.8,121,94.6,84,51.2,250,98.9,17,75.4,university of bristol,QS World University Rankings 2025,International Education Costs Dataset,Excellent,54.0,96.28,31500.0,74.8,31574.8,49.18,100.0,High Quality
UK,Bristol,University of Bristol,Computer Science,Bachelor,3.0,31500,74.8,1500,490,800,0.79,university of bristol,university of bristol,university of bristol,100.0,54,55,University of Bristol,United Kingdom,Europe,L,FC,VH,A,75.8,78,82.5,69,36.7,437,75.9,134,87.5,206,89.8,121,94.6,84,51.2,250,98.9,17,75.4,university of bristol,QS World University Rankings 2025,International Education Costs Dataset,Excellent,54.0,96.28,31500.0,74.8,31574.8,49.18,100.0,High Quality
UK,Bristol,University of Bristol,Computer Science,Bachelor,3.0,31500,74.8,1500,490,800,0.79,university of bristol,university of bristol,university of bristol,100.0,54,55,University of Bristol,United Kingdom,Europe,L,FC,VH,A,75.8,78,82.5,69,36.7,437,75.9,134,87.5,206,89.8,121,94.6,84,51.2,250,98.9,17,75.4,university of bristol,QS World University Rankings 2025,International Education Costs Dataset,Excellent,54.0,96.28,31500.0,74.8,31574.8,49.18,100.0,High Quality
UK,Warwick,University of Warwick,Computer Science,Bachelor,3.0,31200,71.5,1300,490,800,0.79,university of warwick,university of warwick,the university of warwick,91.30434782608695,69,67,The University of Warwick,United Kingdom,Europe,L,FC,VH,A,72.2,86,86.4,61,35.5,445,37.7,367,98.1,119,99.1,57,94.2,92,65.7,175,89.7,98,68.2,the university of warwick,QS World University Rankings 2025,International Education Costs Dataset,High,69.0,95.21,31200.0,71.5,31271.5,49.67,100.0,High Quality
UK,Warwick,University of Warwick,Computer Science,Bachelor,3.0,31200,71.5,1300,490,800,0.79,university of warwick,university of warwick,the university of warwick,91.30434782608695,69,67,The University of Warwick,United Kingdom,Europe,L,FC,VH,A,72.2,86,86.4,61,35.5,445,37.7,367,98.1,119,99.1,57,94.2,92,65.7,175,89.7,98,68.2,the university of warwick,QS World University Rankings 2025,International Education Costs Dataset,High,69.0,95.21,31200.0,71.5,31271.5,49.67,100.0,High Quality
UK,Glasgow,University of Glasgow,Computer Science,Bachelor,4.0,30800,73.2,1400,490,800,0.79,university of glasgow,university of glasgow,university of glasgow,100.0,78,76,University of Glasgow,United Kingdom,Europe,XL,FC,VH,A,77.4,75,67.7,110,38.0,418,32.5,405,95.7,141,99.4,49,97.6,30,33.5,378,98.5,20,65.0,university of glasgow,QS World University Rankings 2025,International Education Costs Dataset,Excellent,78.0,94.57,30800.0,73.2,30873.2,50.31,100.0,High Quality
UK,Glasgow,University of Glasgow,Computer Science,Bachelor,4.0,30800,73.2,1400,490,800,0.79,university of glasgow,university of glasgow,university of glasgow,100.0,78,76,University of Glasgow,United Kingdom,Europe,XL,FC,VH,A,77.4,75,67.7,110,38.0,418,32.5,405,95.7,141,99.4,49,97.6,30,33.5,378,98.5,20,65.0,university of glasgow,QS World University Rankings 2025,International Education Costs Dataset,Excellent,78.0,94.57,30800.0,73.2,30873.2,50.31,100.0,High Quality
UK,Glasgow,University of Glasgow,Computer Science,Bachelor,4.0,30800,73.2,1400,490,800,0.79,university of glasgow,university of glasgow,university of glasgow,100.0,78,76,University of Glasgow,United Kingdom,Europe,XL,FC,VH,A,77.4,75,67.7,110,38.0,418,32.5,405,95.7,141,99.4,49,97.6,30,33.5,378,98.5,20,65.0,university of glasgow,QS World University Rankings 2025,International Education Costs Dataset,Excellent,78.0,94.57,30800.0,73.2,30873.2,50.31,100.0,High Quality
UK,Glasgow,University of Glasgow,Computer Science,Bachelor,4.0,30800,73.2,1400,490,800,0.79,university of glasgow,university of glasgow,university of glasgow,100.0,78,76,University of Glasgow,United Kingdom,Europe,XL,FC,VH,A,77.4,75,67.7,110,38.0,418,32.5,405,95.7,141,99.4,49,97.6,30,33.5,378,98.5,20,65.0,university of glasgow,QS World University Rankings 2025,International Education Costs Dataset,Excellent,78.0,94.57,30800.0,73.2,30873.2,50.31,100.0,High Quality
UK,Birmingham,University of Birmingham,Computer Science,Bachelor,3.0,30500,71.8,1300,490,800,0.79,university of birmingham,university of birmingham,university of birmingham,100.0,80,84,University of Birmingham,United Kingdom,Europe,XL,FC,VH,A,68.9,94,69.0,105,39.0,402,40.5,348,92.6,171,89.3,127,97.5,31,44.5,285,96.8,35,64.1,university of birmingham,QS World University Rankings 2025,International Education Costs Dataset,Excellent,80.0,94.42,30500.0,71.8,30571.8,50.8,100.0,High Quality
UK,Birmingham,University of Birmingham,Computer Science,Bachelor,3.0,30500,71.8,1300,490,800,0.79,university of birmingham,university of birmingham,university of birmingham,100.0,80,84,University of Birmingham,United Kingdom,Europe,XL,FC,VH,A,68.9,94,69.0,105,39.0,402,40.5,348,92.6,171,89.3,127,97.5,31,44.5,285,96.8,35,64.1,university of birmingham,QS World University Rankings 2025,International Education Costs Dataset,Excellent,80.0,94.42,30500.0,71.8,30571.8,50.8,100.0,High Quality
UK,Birmingham,University of Birmingham,Computer Science,Bachelor,3.0,30500,71.8,1300,490,800,0.79,university of birmingham,university of birmingham,university of birmingham,100.0,80,84,University of Birmingham,United Kingdom,Europe,XL,FC,VH,A,68.9,94,69.0,105,39.0,402,40.5,348,92.6,171,89.3,127,97.5,31,44.5,285,96.8,35,64.1,university of birmingham,QS World University Rankings 2025,International Education Costs Dataset,Excellent,80.0,94.42,30500.0,71.8,30571.8,50.8,100.0,High Quality
UK,Leeds,University of Leeds,Computer Science,Bachelor,3.0,30200,71.2,1250,490,800,0.79,university of leeds,university of leeds,university of leeds,100.0,82,75,University of Leeds,United Kingdom,Europe,XL,FC,VH,A,70.5,91,75.9,83,36.4,438,39.8,355,82.5,230,88.5,132,98.8,14,50.9,251,71.8,211=,63.8,university of leeds,QS World University Rankings 2025,International Education Costs Dataset,Excellent,82.0,94.28,30200.0,71.2,30271.2,51.28,100.0,High Quality
UK,Leeds,University of Leeds,Computer Science,Bachelor,3.0,30200,71.2,1250,490,800,0.79,university of leeds,university of leeds,university of leeds,100.0,82,75,University of Leeds,United Kingdom,Europe,XL,FC,VH,A,70.5,91,75.9,83,36.4,438,39.8,355,82.5,230,88.5,132,98.8,14,50.9,251,71.8,211=,63.8,university of leeds,QS World University Rankings 2025,International Education Costs Dataset,Excellent,82.0,94.28,30200.0,71.2,30271.2,51.28,100.0,High Quality
UK,Leeds,University of Leeds,Computer Science,Bachelor,3.0,30200,71.2,1250,490,800,0.79,university of leeds,university of leeds,university of leeds,100.0,82,75,University of Leeds,United Kingdom,Europe,XL,FC,VH,A,70.5,91,75.9,83,36.4,438,39.8,355,82.5,230,88.5,132,98.8,14,50.9,251,71.8,211=,63.8,university of leeds,QS World University Rankings 2025,International Education Costs Dataset,Excellent,82.0,94.28,30200.0,71.2,30271.2,51.28,100.0,High Quality
UK,Leeds,University of Leeds,Computer Science,Bachelor,3.0,30200,71.2,1250,490,800,0.79,university of leeds,university of leeds,university of leeds,100.0,82,75,University of Leeds,United Kingdom,Europe,XL,FC,VH,A,70.5,91,75.9,83,36.4,438,39.8,355,82.5,230,88.5,132,98.8,14,50.9,251,71.8,211=,63.8,university of leeds,QS World University Rankings 2025,International Education Costs Dataset,Excellent,82.0,94.28,30200.0,71.2,30271.2,51.28,100.0,High Quality
UK,Sheffield,University of Sheffield,Computer Science,Bachelor,3.0,29800,70.5,1200,490,800,0.79,university of sheffield,university of sheffield,the university of sheffield,92.0,105,104,The University of Sheffield,United Kingdom,Europe,L,FC,VH,A,58.3,132,48.7,187,52.5,290,43.9,313,83.3,228,96.8,80,95.8,62,33.8,374,97.7,24=,59.1,the university of sheffield,QS World University Rankings 2025,International Education Costs Dataset,High,105.0,92.64,29800.0,70.5,29870.5,51.93,100.0,High Quality
UK,Sheffield,University of Sheffield,Computer Science,Bachelor,3.0,29800,70.5,1200,490,800,0.79,university of sheffield,university of sheffield,the university of sheffield,92.0,105,104,The University of Sheffield,United Kingdom,Europe,L,FC,VH,A,58.3,132,48.7,187,52.5,290,43.9,313,83.3,228,96.8,80,95.8,62,33.8,374,97.7,24=,59.1,the university of sheffield,QS World University Rankings 2025,International Education Costs Dataset,High,105.0,92.64,29800.0,70.5,29870.5,51.93,100.0,High Quality
UK,Sheffield,University of Sheffield,Computer Science,Bachelor,3.0,29800,70.5,1200,490,800,0.79,university of sheffield,university of sheffield,the university of sheffield,92.0,105,104,The University of Sheffield,United Kingdom,Europe,L,FC,VH,A,58.3,132,48.7,187,52.5,290,43.9,313,83.3,228,96.8,80,95.8,62,33.8,374,97.7,24=,59.1,the university of sheffield,QS World University Rankings 2025,International Education Costs Dataset,High,105.0,92.64,29800.0,70.5,29870.5,51.93,100.0,High Quality
UK,Nottingham,University of Nottingham,Computer Science,Bachelor,3.0,29500,70.8,1150,490,800,0.79,university of nottingham,university of nottingham,university of nottingham,100.0,108,100,University of Nottingham,United Kingdom,Europe,XL,FC,VH,A,61.1,117,65.8,116,32.8,481,37.6,368,89.4,194,70.5,208,98.0,25,38.0,339,97.0,33,58.5,university of nottingham,QS World University Rankings 2025,International Education Costs Dataset,Excellent,108.0,92.42,29500.0,70.8,29570.8,52.41,100.0,High Quality
UK,Nottingham,University of Nottingham,Computer Science,Bachelor,3.0,29500,70.8,1150,490,800,0.79,university of nottingham,university of nottingham,university of nottingham,100.0,108,100,University of Nottingham,United Kingdom,Europe,XL,FC,VH,A,61.1,117,65.8,116,32.8,481,37.6,368,89.4,194,70.5,208,98.0,25,38.0,339,97.0,33,58.5,university of nottingham,QS World University Rankings 2025,International Education Costs Dataset,Excellent,108.0,92.42,29500.0,70.8,29570.8,52.41,100.0,High Quality
UK,Nottingham,University of Nottingham,Computer Science,Bachelor,3.0,29500,70.8,1150,490,800,0.79,university of nottingham,university of nottingham,university of nottingham,100.0,108,100,University of Nottingham,United Kingdom,Europe,XL,FC,VH,A,61.1,117,65.8,116,32.8,481,37.6,368,89.4,194,70.5,208,98.0,25,38.0,339,97.0,33,58.5,university of nottingham,QS World University Rankings 2025,International Education Costs Dataset,Excellent,108.0,92.42,29500.0,70.8,29570.8,52.41,100.0,High Quality
UK,Nottingham,University of Nottingham,Computer Science,Bachelor,3.0,29500,70.8,1150,490,800,0.79,university of nottingham,university of nottingham,university of nottingham,100.0,108,100,University of Nottingham,United Kingdom,Europe,XL,FC,VH,A,61.1,117,65.8,116,32.8,481,37.6,368,89.4,194,70.5,208,98.0,25,38.0,339,97.0,33,58.5,university of nottingham,QS World University Rankings 2025,International Education Costs Dataset,Excellent,108.0,92.42,29500.0,70.8,29570.8,52.41,100.0,High Quality
UK,Southampton,University of Southampton,Computer Science,Bachelor,3.0,29200,72.4,1300,490,800,0.79,university of southampton,university of southampton,university of southampton,100.0,80,81,University of Southampton,United Kingdom,Europe,L,FC,VH,A,50.1,161,44.3,208,40.7,385,83.4,100,92.5,173,98.0,70,97.1,40,49.2,261,96.9,34,64.1,university of southampton,QS World University Rankings 2025,International Education Costs Dataset,Excellent,80.0,94.42,29200.0,72.4,29272.4,52.89,100.0,High Quality
UK,Southampton,University of Southampton,Computer Science,Bachelor,3.0,29200,72.4,1300,490,800,0.79,university of southampton,university of southampton,university of southampton,100.0,80,81,University of Southampton,United Kingdom,Europe,L,FC,VH,A,50.1,161,44.3,208,40.7,385,83.4,100,92.5,173,98.0,70,97.1,40,49.2,261,96.9,34,64.1,university of southampton,QS World University Rankings 2025,International Education Costs Dataset,Excellent,80.0,94.42,29200.0,72.4,29272.4,52.89,100.0,High Quality
UK,Durham,Durham University,Computer Science,Bachelor,3.0,28900,71.6,1250,490,800,0.79,durham university,durham university,durham university,100.0,89,78,Durham University,United Kingdom,Europe,L,FC,VH,A,59.6,126,83.9,65,26.3,567,40.9,342,97.3,125,84.9,153,89.7,172,39.4,326,98.6,19,61.7,durham university,QS World University Rankings 2025,International Education Costs Dataset,Excellent,89.0,93.78,28900.0,71.6,28971.6,53.38,100.0,High Quality
UK,Durham,Durham University,Computer Science,Bachelor,3.0,28900,71.6,1250,490,800,0.79,durham university,durham university,durham university,100.0,89,78,Durham University,United Kingdom,Europe,L,FC,VH,A,59.6,126,83.9,65,26.3,567,40.9,342,97.3,125,84.9,153,89.7,172,39.4,326,98.6,19,61.7,durham university,QS World University Rankings 2025,International Education Costs Dataset,Excellent,89.0,93.78,28900.0,71.6,28971.6,53.38,100.0,High Quality
UK,Liverpool,University of Liverpool,Computer Science,Bachelor,3.0,28600,70.2,1100,490,800,0.79,university of liverpool,university of liverpool,university of liverpool,100.0,165,176,University of Liverpool,United Kingdom,Europe,L,FC,VH,A,46.1,176,39.4,239,37.8,422,36.6,373,88.3,203,85.4,150,97.2,38,36.3,351,95.6,50=,50.7,university of liverpool,QS World University Rankings 2025,International Education Costs Dataset,Excellent,165.0,88.35,28600.0,70.2,28670.2,53.86,100.0,High Quality
UK,Cardiff,Cardiff University,Computer Science,Bachelor,3.0,28300,69.8,1050,490,800,0.79,cardiff university,cardiff university,cardiff university,100.0,186,154,Cardiff University,United Kingdom,Europe,L,FC,VH,A,46.8,171,43.2,213,36.1,441,30.0,437,82.8,229,67.7,219,92.3,132,18.9,584,96.0,46=,47.6,cardiff university,QS World University Rankings 2025,International Education Costs Dataset,Excellent,186.0,86.85,28300.0,69.8,28369.8,54.35,100.0,High Quality
UK,Cardiff,Cardiff University,Computer Science,Bachelor,3.0,28300,69.8,1050,490,800,0.79,cardiff university,cardiff university,cardiff university,100.0,186,154,Cardiff University,United Kingdom,Europe,L,FC,VH,A,46.8,171,43.2,213,36.1,441,30.0,437,82.8,229,67.7,219,92.3,132,18.9,584,96.0,46=,47.6,cardiff university,QS World University Rankings 2025,International Education Costs Dataset,Excellent,186.0,86.85,28300.0,69.8,28369.8,54.35,100.0,High Quality
UK,Cardiff,Cardiff University,Computer Science,Bachelor,3.0,28300,69.8,1050,490,800,0.79,cardiff university,cardiff university,cardiff university,100.0,186,154,Cardiff University,United Kingdom,Europe,L,FC,VH,A,46.8,171,43.2,213,36.1,441,30.0,437,82.8,229,67.7,219,92.3,132,18.9,584,96.0,46=,47.6,cardiff university,QS World University Rankings 2025,International Education Costs Dataset,Excellent,186.0,86.85,28300.0,69.8,28369.8,54.35,100.0,High Quality
UK,Newcastle,Newcastle University,Computer Science,Bachelor,3.0,28000,70.1,1100,490,800,0.79,newcastle university,newcastle university,newcastle university,100.0,129,110,Newcastle University,United Kingdom,Europe,L,FC,VH,A,50.0,164,59.3,137,39.2,399,38.7,362,89.5,193,68.6,217,97.1,42,31.3,403,97.1,30=,54.5,newcastle university,QS World University Rankings 2025,International Education Costs Dataset,Excellent,129.0,90.92,28000.0,70.1,28070.1,54.83,100.0,High Quality
UK,Newcastle,Newcastle University,Computer Science,Bachelor,3.0,28000,70.1,1100,490,800,0.79,newcastle university,newcastle university,newcastle university,100.0,129,110,Newcastle University,United Kingdom,Europe,L,FC,VH,A,50.0,164,59.3,137,39.2,399,38.7,362,89.5,193,68.6,217,97.1,42,31.3,403,97.1,30=,54.5,newcastle university,QS World University Rankings 2025,International Education Costs Dataset,Excellent,129.0,90.92,28000.0,70.1,28070.1,54.83,100.0,High Quality
UK,Aberdeen,University of Aberdeen,Computer Science,Bachelor,4.0,27700,69.5,1000,490,800,0.79,university of aberdeen,university of aberdeen,university of aberdeen,100.0,236,208,University of Aberdeen,United Kingdom,Europe,L,FC,VH,A,30.5,292,28.8,330,32.7,482,32.0,412,94.5,154,92.6,103,88.5,190,22.2,519,96.5,37=,42.3,university of aberdeen,QS World University Rankings 2025,International Education Costs Dataset,Excellent,236.0,83.27,27700.0,69.5,27769.5,55.32,100.0,High Quality
UK,Leicester,University of Leicester,Computer Science,Bachelor,3.0,27400,68.9,950,490,800,0.79,university of leicester,university of leicester,university of leicester,100.0,285,272,University of Leicester,United Kingdom,Europe,L,FC,VH,A,19.8,453,13.7,594,30.8,511,43.4,316,80.0,238,95.3,95,88.8,187,22.7,504,75.0,186=,37.2,university of leicester,QS World University Rankings 2025,International Education Costs Dataset,Excellent,285.0,79.77,27400.0,68.9,27468.9,55.8,100.0,High Quality
UK,Reading,University of Reading,Computer Science,Bachelor,3.0,27100,71.2,1150,490,800,0.79,university of reading,university of reading,university of reading,100.0,172,169,University of Reading,United Kingdom,Europe,L,CO,VH,A,32.2,273,41.7,226,13.1,701+,65.7,169,86.2,214,78.6,177,91.7,142,47.8,268,94.0,61,49.9,university of reading,QS World University Rankings 2025,International Education Costs Dataset,Excellent,172.0,87.85,27100.0,71.2,27171.2,56.28,100.0,High Quality
UK,Sussex,University of Sussex,Computer Science,Bachelor,3.0,26800,72.5,1200,490,800,0.79,university of sussex,university of sussex,university of sussex,100.0,246,218,University of Sussex,United Kingdom,Europe,L,FC,VH,A,22.6,395,10.4,601+,15.5,701+,56.8,220,99.6,95,84.9,152,84.7,252,39.9,322,97.7,26=,41.0,university of sussex,QS World University Rankings 2025,International Education Costs Dataset,Excellent,246.0,82.56,26800.0,72.5,26872.5,56.76,100.0,High Quality
UK,Essex,University of Essex,Computer Science,Bachelor,3.0,26500,69.8,1000,490,800,0.79,university of essex,university of essex,essex university of,100.0,472,459,"Essex, University of",United Kingdom,Europe,L,CO,VH,A,15.5,568,5.2,601+,12.7,701+,22.6,523,99.8,93,98.6,62,75.1,408,14.0,693,13.2,606=,25.3,essex university of,QS World University Rankings 2025,International Education Costs Dataset,Excellent,472.0,66.4,26500.0,69.8,26569.8,57.25,100.0,High Quality
UK,Bath,University of Bath,Computer Science,Bachelor,3.0,26200,73.4,1250,490,800,0.79,university of bath,university of bath,university of bath,100.0,150,148,University of Bath,United Kingdom,Europe,L,CO,VH,A,35.8,245,67.9,109,18.3,701+,52.0,250,94.3,159,80.0,171,84.2,259,35.2,360,90.4,92,52.1,university of bath,QS World University Rankings 2025,International Education Costs Dataset,Excellent,150.0,89.42,26200.0,73.4,26273.4,57.73,100.0,High Quality
UK,Surrey,University of Surrey,Computer Science,Bachelor,3.0,25900,71.8,1150,490,800,0.79,university of surrey,university of surrey,university of surrey,100.0,285,244,University of Surrey,United Kingdom,Europe,L,CO,VH,A,19.7,454,17.9,490,22.8,625,55.2,227,97.1,129,87.1,139,86.4,226,20.4,557,28.4,456=,37.2,university of surrey,QS World University Rankings 2025,International Education Costs Dataset,Excellent,285.0,79.77,25900.0,71.8,25971.8,58.21,100.0,High Quality
UK,Exeter,University of Exeter,Computer Science,Bachelor,3.0,25600,72.1,1200,490,800,0.79,university of exeter,university of exeter,the university of exeter,90.9090909090909,169,153,The University of Exeter,United Kingdom,Europe,L,FC,VH,A,42.9,200,45.0,203,30.2,518,42.5,324,91.0,187,72.2,202,95.1,74,30.1,417,97.1,30=,50.1,the university of exeter,QS World University Rankings 2025,International Education Costs Dataset,High,169.0,88.06,25600.0,72.1,25672.1,58.69,100.0,High Quality
UK,Kent,University of Kent,Computer Science,Bachelor,3.0,25300,70.5,1100,490,800,0.79,university of kent,university of kent,university of kent,100.0,380,336,University of Kent,United Kingdom,Europe,L,CO,VH,A,15.4,571,10.0,601+,14.6,701+,45.7,301,95.1,147,49.8,296,78.8,339,34.0,372,40.4,363=,30.8,university of kent,QS World University Rankings 2025,International Education Costs Dataset,Excellent,380.0,72.98,25300.0,70.5,25370.5,59.18,100.0,High Quality
UK,Dundee,University of Dundee,Computer Science,Bachelor,4.0,25000,68.9,950,490,800,0.79,university of dundee,university of dundee,university of dundee,100.0,418,441,University of Dundee,United Kingdom,Europe,L,FC,HI,A,18.4,494,13.7,590,30.8,512,14.0,654,91.1,185,89.4,126,75.2,405,7.4,701+,55.4,285=,28.5,university of dundee,QS World University Rankings 2025,International Education Costs Dataset,Excellent,418.0,70.26,25000.0,68.9,25068.9,59.67,100.0,High Quality
UK,Strathclyde,University of Strathclyde,Computer Science,Bachelor,4.0,24700,69.2,1000,490,800,0.79,university of strathclyde,university of strathclyde,university of strathclyde,100.0,281,276,University of Strathclyde,United Kingdom,Europe,L,CO,VH,A,25.9,343,30.0,314,16.7,701+,31.8,416,93.0,170,64.0,235,85.0,246,33.6,376,88.6,107,37.9,university of strathclyde,QS World University Rankings 2025,International Education Costs Dataset,Excellent,281.0,80.06,24700.0,69.2,24769.2,60.15,100.0,High Quality
UK,Heriot-Watt,Heriot-Watt University,Computer Science,Bachelor,4.0,24400,69.5,1050,490,800,0.79,heriot watt university,heriot watt university,heriot watt university,100.0,256,235,Heriot-Watt University,United Kingdom,Europe,M,CO,VH,A,17.8,507,27.1,356,17.6,701+,65.2,171,100.0,79,98.1,69,75.4,402,26.3,451,25.7,483=,39.9,heriot watt university,QS World University Rankings 2025,International Education Costs Dataset,Excellent,256.0,81.84,24400.0,69.5,24469.5,60.63,100.0,High Quality
UK,Heriot-Watt,Heriot-Watt University,Computer Science,Bachelor,4.0,24400,69.5,1050,490,800,0.79,heriot watt university,heriot watt university,heriot watt university,100.0,256,235,Heriot-Watt University,United Kingdom,Europe,M,CO,VH,A,17.8,507,27.1,356,17.6,701+,65.2,171,100.0,79,98.1,69,75.4,402,26.3,451,25.7,483=,39.9,heriot watt university,QS World University Rankings 2025,International Education Costs Dataset,Excellent,256.0,81.84,24400.0,69.5,24469.5,60.63,100.0,High Quality
UK,Loughborough,Loughborough University,Computer Science,Bachelor,3.0,24100,68.5,900,490,800,0.79,loughborough university,loughborough university,loughborough university,100.0,224,212,Loughborough University,United Kingdom,Europe,L,CO,VH,A,29.7,299,55.3,151,23.8,613,32.4,406,87.1,212,68.6,216,87.1,214,23.2,488,93.8,64=,43.6,loughborough university,QS World University Rankings 2025,International Education Costs Dataset,Excellent,224.0,84.13,24100.0,68.5,24168.5,61.12,100.0,High Quality
UK,Brunel,Brunel University London,Computer Science,Bachelor,3.0,23800,83.2,1800,490,800,0.79,brunel university london,brunel university london,brunel university london,100.0,342,343,Brunel University London,United Kingdom,Europe,L,CO,VH,A,11.1,601+,13.3,601+,7.1,701+,46.5,297,99.1,102,99.8,37,77.9,363,19.9,564,71.2,214=,33.0,brunel university london,QS World University Rankings 2025,International Education Costs Dataset,Excellent,342.0,75.7,23800.0,83.2,23883.2,61.58,100.0,High Quality
UK,Queen Mary,Queen Mary University of London,Computer Science,Bachelor,3.0,23500,83.2,1900,490,800,0.79,queen mary university of london,queen mary university of london,queen mary university of london,100.0,120,145,Queen Mary University of London,United Kingdom,Europe,L,FC,VH,A,48.3,170,36.9,254,30.4,515,62.8,184,99.5,96,99.2,54,92.5,127,21.4,534,95.6,54,55.8,queen mary university of london,QS World University Rankings 2025,International Education Costs Dataset,Excellent,120.0,91.57,23500.0,83.2,23583.2,62.06,100.0,High Quality
UK,Royal Holloway,Royal Holloway University,Computer Science,Bachelor,3.0,23200,75.5,1400,490,800,0.79,royal holloway university,royal holloway university,,,,,,,,,,,,,,,,,,,,,,,,,,,,,,,,Not Matched,International Education Costs Dataset,Unmatched,,,23200.0,75.5,23275.5,62.56,75.0,High Quality
UK,Lancaster,Lancaster University,Computer Science,Bachelor,3.0,22900,69.8,1000,490,800,0.79,lancaster university,lancaster university,lancaster university,100.0,141,122,Lancaster University,United Kingdom,Europe,L,FC,VH,A,38.9,222,36.7,255,27.7,551,69.6,157,93.3,166,92.3,105,89.7,171,28.8,431,96.2,44=,53.6,lancaster university,QS World University Rankings 2025,International Education Costs Dataset,Excellent,141.0,90.06,22900.0,69.8,22969.8,63.05,100.0,High Quality
UK,Swansea,Swansea University,Computer Science,Bachelor,3.0,22600,68.5,950,490,800,0.79,swansea university,swansea university,swansea university,100.0,298,307,Swansea University,United Kingdom,Europe,L,FC,VH,A,23.1,387,43.1,214,25.1,591,27.9,467,71.0,278,59.6,249,82.3,286,8.3,701+,91.8,80,36.5,swansea university,QS World University Rankings 2025,International Education Costs Dataset,Excellent,298.0,78.84,22600.0,68.5,22668.5,63.53,100.0,High Quality
UK,Aston,Aston University,Computer Science,Bachelor,3.0,22300,71.8,1200,490,800,0.79,aston university,aston university,aston university,100.0,423,446,Aston University,United Kingdom,Europe,L,CO,VH,A,12.5,601+,18.5,478,9.0,701+,34.4,388,94.2,160,53.8,274,79.2,336,19.6,569,46.9,330=,28.1,aston university,QS World University Rankings 2025,International Education Costs Dataset,Excellent,423.0,69.91,22300.0,71.8,22371.8,64.01,100.0,High Quality
UK,Hull,University of Hull,Computer Science,Bachelor,3.0,22000,67.9,850,490,800,0.79,university of hull,university of hull,university of hull,100.0,516,523,University of Hull,United Kingdom,Europe,L,FC,HI,A,8.9,601+,4.5,601+,14.3,701+,21.5,537,63.3,309,81.5,166,76.9,380,20.5,555,68.0,228=,23.6,university of hull,QS World University Rankings 2025,International Education Costs Dataset,Excellent,516.0,63.26,22000.0,67.9,22067.9,64.5,100.0,High Quality
UK,Keele,Keele University,Computer Science,Bachelor,3.0,21700,67.5,800,490,800,0.79,keele university,keele university,keele university,100.0,791-800,781-790,Keele University,United Kingdom,Europe,M,FC,VH,A,6.0,601+,4.4,601+,14.4,701+,26.2,484,51.6,359,30.7,423,62.9,586,6.9,701+,3.1,701+,,keele university,QS World University Rankings 2025,International Education Costs Dataset,Excellent,791.0,43.6,21700.0,67.5,21767.5,64.99,100.0,High Quality
UK,Plymouth,University of Plymouth,Computer Science,Bachelor,3.0,21400,69.2,950,490,800,0.79,university of plymouth,university of plymouth,university of plymouth,100.0,661-670,561,University of Plymouth,United Kingdom,Europe,L,FC,HI,A,8.9,601+,8.9,601+,11.6,701+,25.9,487,49.8,368,36.2,381,80.1,320,7.3,701+,21.5,518=,,university of plymouth,QS World University Rankings 2025,International Education Costs Dataset,Excellent,661.0,52.89,21400.0,69.2,21469.2,65.47,100.0,High Quality
UK,Portsmouth,University of Portsmouth,Computer Science,Bachelor,3.0,21100,70.5,1000,490,800,0.79,university of portsmouth,university of portsmouth,university of portsmouth,100.0,631-640,502,University of Portsmouth,United Kingdom,Europe,L,CO,VH,A,8.1,601+,7.3,601+,8.6,701+,15.1,634,74.0,270,85.3,151,75.4,399,8.9,701+,21.1,525=,,university of portsmouth,QS World University Rankings 2025,International Education Costs Dataset,Excellent,631.0,55.04,21100.0,70.5,21170.5,65.95,100.0,High Quality
UK,Ulster,Ulster University,Computer Science,Bachelor,3.0,20800,67.2,800,490,800,0.79,ulster university,ulster university,ulster university,100.0,559,498,Ulster University,United Kingdom,Europe,L,CO,VH,A,8.1,601+,11.3,601+,9.6,701+,11.5,701+,99.8,91,77.6,182,73.4,431,6.8,701+,62.2,254=,22.3,ulster university,QS World University Rankings 2025,International Education Costs Dataset,Excellent,559.0,60.19,20800.0,67.2,20867.2,66.44,100.0,High Quality
UK,Northumbria,Northumbria University,Computer Science,Bachelor,3.0,20500,68.5,900,490,800,0.79,northumbria university,northumbria university,,,,,,,,,,,,,,,,,,,,,,,,,,,,,,,,Not Matched,International Education Costs Dataset,Unmatched,,,20500.0,68.5,20568.5,66.92,75.0,High Quality
UK,Coventry,Coventry University,Computer Science,Bachelor,3.0,20200,69.8,950,490,800,0.79,coventry university,coventry university,coventry university,100.0,526,571,Coventry University,United Kingdom,Europe,XL,CO,VH,A,9.9,601+,10.4,601+,16.9,701+,7.1,701+,77.0,253,99.9,35,82.6,283,10.0,701+,64.4,243=,23.3,coventry university,QS World University Rankings 2025,International Education Costs Dataset,Excellent,526.0,62.54,20200.0,69.8,20269.8,67.4,100.0,High Quality
UK,Oxford Brookes,Oxford Brookes University,Computer Science,Bachelor,3.0,19900,77.8,1500,490,800,0.79,oxford brookes university,oxford brookes university,oxford brookes university,100.0,416,413,Oxford Brookes University,United Kingdom,Europe,L,CO,HI,A,30.7,289,37.6,250,13.7,701+,7.0,701+,67.5,291,67.4,220,68.4,508,20.5,554,13.2,606=,28.6,oxford brookes university,QS World University Rankings 2025,International Education Costs Dataset,Excellent,416.0,70.41,19900.0,77.8,19977.8,67.87,100.0,High Quality
UK,De Montfort,De Montfort University,Computer Science,Bachelor,3.0,19600,68.9,900,490,800,0.79,de montfort university,de montfort university,de montfort university,100.0,711-720,801-850,De Montfort University,United Kingdom,Europe,L,FO,VH,A,5.3,601+,4.8,601+,5.6,701+,8.0,701+,74.2,267,97.5,76,62.8,591,6.4,701+,41.4,358=,,de montfort university,QS World University Rankings 2025,International Education Costs Dataset,Excellent,711.0,49.32,19600.0,68.9,19668.9,68.37,100.0,High Quality
UK,Westminster,University of Westminster,Computer Science,Bachelor,3.0,19300,83.2,1800,490,800,0.79,university of westminster,university of westminster,university of westminster,100.0,741-750,711-720,University of Westminster,United Kingdom,Europe,L,CO,HI,A,11.5,601+,6.8,601+,5.7,701+,5.1,701+,77.4,249,100.0,33,35.4,701+,21.7,526,1.7,701+,,university of westminster,QS World University Rankings 2025,International Education Costs Dataset,Excellent,741.0,47.18,19300.0,83.2,19383.2,68.83,100.0,High Quality
UK,Greenwich,University of Greenwich,Computer Science,Bachelor,3.0,19000,83.2,1700,490,800,0.79,university of greenwich,university of greenwich,university of greenwich,100.0,691-700,671-680,University of Greenwich,United Kingdom,Europe,L,CO,HI,A,4.7,601+,4.1,601+,4.1,701+,11.7,700,91.5,183,100.0,30,78.2,357,14.9,666,5.4,701+,,university of greenwich,QS World University Rankings 2025,International Education Costs Dataset,Excellent,691.0,50.75,19000.0,83.2,19083.2,69.31,100.0,High Quality
UK,Kingston,Kingston University,Computer Science,Bachelor,3.0,18700,83.2,1600,490,800,0.79,kingston university,kingston university,aston university,85.71428571428572,423,446,Aston University,United Kingdom,Europe,L,CO,VH,A,12.5,601+,18.5,478,9.0,701+,34.4,388,94.2,160,53.8,274,79.2,336,19.6,569,46.9,330=,28.1,aston university,QS World University Rankings 2025,International Education Costs Dataset,Medium,423.0,69.91,18700.0,83.2,18783.2,69.79,100.0,High Quality
Canada,Toronto,University of Toronto,Computer Science,Bachelor,4.0,45200,73.5,1800,235,600,1.35,university of toronto,university of toronto,university of toronto,100.0,25,21,University of Toronto,Canada,Americas,XL,FC,VH,A,99.7,11,96.9,27,44.9,344,50.8,257,96.9,132,96.1,90,97.7,29,98.7,19,100.0,1,84.1,university of toronto,QS World University Rankings 2025,International Education Costs Dataset,Excellent,25.0,98.36,45200.0,73.5,45273.5,27.11,100.0,High Quality
Canada,Toronto,University of Toronto,Computer Science,Bachelor,4.0,45200,73.5,1800,235,600,1.35,university of toronto,university of toronto,university of toronto,100.0,25,21,University of Toronto,Canada,Americas,XL,FC,VH,A,99.7,11,96.9,27,44.9,344,50.8,257,96.9,132,96.1,90,97.7,29,98.7,19,100.0,1,84.1,university of toronto,QS World University Rankings 2025,International Education Costs Dataset,Excellent,25.0,98.36,45200.0,73.5,45273.5,27.11,100.0,High Quality
Canada,Toronto,University of Toronto,Computer Science,Bachelor,4.0,45200,73.5,1800,235,600,1.35,university of toronto,university of toronto,university of toronto,100.0,25,21,University of Toronto,Canada,Americas,XL,FC,VH,A,99.7,11,96.9,27,44.9,344,50.8,257,96.9,132,96.1,90,97.7,29,98.7,19,100.0,1,84.1,university of toronto,QS World University Rankings 2025,International Education Costs Dataset,Excellent,25.0,98.36,45200.0,73.5,45273.5,27.11,100.0,High Quality
Canada,Toronto,University of Toronto,Computer Science,Bachelor,4.0,45200,73.5,1800,235,600,1.35,university of toronto,university of toronto,university of toronto,100.0,25,21,University of Toronto,Canada,Americas,XL,FC,VH,A,99.7,11,96.9,27,44.9,344,50.8,257,96.9,132,96.1,90,97.7,29,98.7,19,100.0,1,84.1,university of toronto,QS World University Rankings 2025,International Education Costs Dataset,Excellent,25.0,98.36,45200.0,73.5,45273.5,27.11,100.0,High Quality
Canada,Toronto,University of Toronto,Computer Science,Master,2.0,28500,73.5,1800,235,600,1.35,university of toronto,university of toronto,university of toronto,100.0,25,21,University of Toronto,Canada,Americas,XL,FC,VH,A,99.7,11,96.9,27,44.9,344,50.8,257,96.9,132,96.1,90,97.7,29,98.7,19,100.0,1,84.1,university of toronto,QS World University Rankings 2025,International Education Costs Dataset,Excellent,25.0,98.36,28500.0,73.5,28573.5,54.02,100.0,High Quality
Canada,Toronto,University of Toronto,Computer Science,Master,2.0,28500,73.5,1800,235,600,1.35,university of toronto,university of toronto,university of toronto,100.0,25,21,University of Toronto,Canada,Americas,XL,FC,VH,A,99.7,11,96.9,27,44.9,344,50.8,257,96.9,132,96.1,90,97.7,29,98.7,19,100.0,1,84.1,university of toronto,QS World University Rankings 2025,International Education Costs Dataset,Excellent,25.0,98.36,28500.0,73.5,28573.5,54.02,100.0,High Quality
Canada,Toronto,University of Toronto,Computer Science,Master,2.0,28500,73.5,1800,235,600,1.35,university of toronto,university of toronto,university of toronto,100.0,25,21,University of Toronto,Canada,Americas,XL,FC,VH,A,99.7,11,96.9,27,44.9,344,50.8,257,96.9,132,96.1,90,97.7,29,98.7,19,100.0,1,84.1,university of toronto,QS World University Rankings 2025,International Education Costs Dataset,Excellent,25.0,98.36,28500.0,73.5,28573.5,54.02,100.0,High Quality
Canada,Toronto,University of Toronto,Computer Science,Master,2.0,28500,73.5,1800,235,600,1.35,university of toronto,university of toronto,university of toronto,100.0,25,21,University of Toronto,Canada,Americas,XL,FC,VH,A,99.7,11,96.9,27,44.9,344,50.8,257,96.9,132,96.1,90,97.7,29,98.7,19,100.0,1,84.1,university of toronto,QS World University Rankings 2025,International Education Costs Dataset,Excellent,25.0,98.36,28500.0,73.5,28573.5,54.02,100.0,High Quality
Canada,Vancouver,University of British Columbia,Computer Science,Bachelor,4.0,43800,71.2,1900,235,600,1.35,university of british columbia,university of british columbia,university of british columbia,100.0,38,34,University of British Columbia,Canada,Americas,XL,FC,VH,A,98.3,23,94.3,36,34.5,459,57.7,214,95.5,142,72.8,200,96.2,53,74.6,141,99.8,4,81.0,university of british columbia,QS World University Rankings 2025,International Education Costs Dataset,Excellent,38.0,97.43,43800.0,71.2,43871.2,29.37,100.0,High Quality
Canada,Vancouver,University of British Columbia,Computer Science,Bachelor,4.0,43800,71.2,1900,235,600,1.35,university of british columbia,university of british columbia,university of british columbia,100.0,38,34,University of British Columbia,Canada,Americas,XL,FC,VH,A,98.3,23,94.3,36,34.5,459,57.7,214,95.5,142,72.8,200,96.2,53,74.6,141,99.8,4,81.0,university of british columbia,QS World University Rankings 2025,International Education Costs Dataset,Excellent,38.0,97.43,43800.0,71.2,43871.2,29.37,100.0,High Quality
Canada,Vancouver,University of British Columbia,Computer Science,Bachelor,4.0,43800,71.2,1900,235,600,1.35,university of british columbia,university of british columbia,university of british columbia,100.0,38,34,University of British Columbia,Canada,Americas,XL,FC,VH,A,98.3,23,94.3,36,34.5,459,57.7,214,95.5,142,72.8,200,96.2,53,74.6,141,99.8,4,81.0,university of british columbia,QS World University Rankings 2025,International Education Costs Dataset,Excellent,38.0,97.43,43800.0,71.2,43871.2,29.37,100.0,High Quality
Canada,Vancouver,University of British Columbia,Computer Science,Bachelor,4.0,43800,71.2,1900,235,600,1.35,university of british columbia,university of british columbia,university of british columbia,100.0,38,34,University of British Columbia,Canada,Americas,XL,FC,VH,A,98.3,23,94.3,36,34.5,459,57.7,214,95.5,142,72.8,200,96.2,53,74.6,141,99.8,4,81.0,university of british columbia,QS World University Rankings 2025,International Education Costs Dataset,Excellent,38.0,97.43,43800.0,71.2,43871.2,29.37,100.0,High Quality
Canada,Vancouver,University of British Columbia,Computer Science,Master,2.0,27900,71.2,1900,235,600,1.35,university of british columbia,university of british columbia,university of british columbia,100.0,38,34,University of British Columbia,Canada,Americas,XL,FC,VH,A,98.3,23,94.3,36,34.5,459,57.7,214,95.5,142,72.8,200,96.2,53,74.6,141,99.8,4,81.0,university of british columbia,QS World University Rankings 2025,International Education Costs Dataset,Excellent,38.0,97.43,27900.0,71.2,27971.2,54.99,100.0,High Quality
Canada,Vancouver,University of British Columbia,Computer Science,Master,2.0,27900,71.2,1900,235,600,1.35,university of british columbia,university of british columbia,university of british columbia,100.0,38,34,University of British Columbia,Canada,Americas,XL,FC,VH,A,98.3,23,94.3,36,34.5,459,57.7,214,95.5,142,72.8,200,96.2,53,74.6,141,99.8,4,81.0,university of british columbia,QS World University Rankings 2025,International Education Costs Dataset,Excellent,38.0,97.43,27900.0,71.2,27971.2,54.99,100.0,High Quality
Canada,Vancouver,University of British Columbia,Computer Science,Master,2.0,27900,71.2,1900,235,600,1.35,university of british columbia,university of british columbia,university of british columbia,100.0,38,34,University of British Columbia,Canada,Americas,XL,FC,VH,A,98.3,23,94.3,36,34.5,459,57.7,214,95.5,142,72.8,200,96.2,53,74.6,141,99.8,4,81.0,university of british columbia,QS World University Rankings 2025,International Education Costs Dataset,Excellent,38.0,97.43,27900.0,71.2,27971.2,54.99,100.0,High Quality
Canada,Vancouver,University of British Columbia,Computer Science,Master,2.0,27900,71.2,1900,235,600,1.35,university of british columbia,university of british columbia,university of british columbia,100.0,38,34,University of British Columbia,Canada,Americas,XL,FC,VH,A,98.3,23,94.3,36,34.5,459,57.7,214,95.5,142,72.8,200,96.2,53,74.6,141,99.8,4,81.0,university of british columbia,QS World University Rankings 2025,International Education Costs Dataset,Excellent,38.0,97.43,27900.0,71.2,27971.2,54.99,100.0,High Quality
Canada,Montreal,McGill University,Computer Science,Bachelor,4.0,41500,65.8,1500,235,600,1.35,mcgill university,mcgill university,mcgill university,100.0,29,30,McGill University,Canada,Americas,L,FC,VH,A,94.3,34,87.6,56,62.3,224,57.9,212,83.7,225,89.6,124,94.2,94,98.3,24,99.1,13,83.0,mcgill university,QS World University Rankings 2025,International Education Costs Dataset,Excellent,29.0,98.07,41500.0,65.8,41565.8,33.09,100.0,High Quality
Canada,Montreal,McGill University,Computer Science,Bachelor,4.0,41500,65.8,1500,235,600,1.35,mcgill university,mcgill university,mcgill university,100.0,29,30,McGill University,Canada,Americas,L,FC,VH,A,94.3,34,87.6,56,62.3,224,57.9,212,83.7,225,89.6,124,94.2,94,98.3,24,99.1,13,83.0,mcgill university,QS World University Rankings 2025,International Education Costs Dataset,Excellent,29.0,98.07,41500.0,65.8,41565.8,33.09,100.0,High Quality
Canada,Montreal,McGill University,Computer Science,Bachelor,4.0,41500,65.8,1500,235,600,1.35,mcgill university,mcgill university,mcgill university,100.0,29,30,McGill University,Canada,Americas,L,FC,VH,A,94.3,34,87.6,56,62.3,224,57.9,212,83.7,225,89.6,124,94.2,94,98.3,24,99.1,13,83.0,mcgill university,QS World University Rankings 2025,International Education Costs Dataset,Excellent,29.0,98.07,41500.0,65.8,41565.8,33.09,100.0,High Quality
Canada,Montreal,McGill University,Computer Science,Master,2.0,26800,65.8,1500,235,600,1.35,mcgill university,mcgill university,mcgill university,100.0,29,30,McGill University,Canada,Americas,L,FC,VH,A,94.3,34,87.6,56,62.3,224,57.9,212,83.7,225,89.6,124,94.2,94,98.3,24,99.1,13,83.0,mcgill university,QS World University Rankings 2025,International Education Costs Dataset,Excellent,29.0,98.07,26800.0,65.8,26865.8,56.77,100.0,High Quality
Canada,Montreal,McGill University,Computer Science,Master,2.0,26800,65.8,1500,235,600,1.35,mcgill university,mcgill university,mcgill university,100.0,29,30,McGill University,Canada,Americas,L,FC,VH,A,94.3,34,87.6,56,62.3,224,57.9,212,83.7,225,89.6,124,94.2,94,98.3,24,99.1,13,83.0,mcgill university,QS World University Rankings 2025,International Education Costs Dataset,Excellent,29.0,98.07,26800.0,65.8,26865.8,56.77,100.0,High Quality
Canada,Montreal,McGill University,Computer Science,Master,2.0,26800,65.8,1500,235,600,1.35,mcgill university,mcgill university,mcgill university,100.0,29,30,McGill University,Canada,Americas,L,FC,VH,A,94.3,34,87.6,56,62.3,224,57.9,212,83.7,225,89.6,124,94.2,94,98.3,24,99.1,13,83.0,mcgill university,QS World University Rankings 2025,International Education Costs Dataset,Excellent,29.0,98.07,26800.0,65.8,26865.8,56.77,100.0,High Quality
Canada,Waterloo,University of Waterloo,Computer Science,Bachelor,4.0,40900,62.4,1300,235,600,1.35,university of waterloo,university of waterloo,university of waterloo,100.0,115,112,University of Waterloo,Canada,Americas,XL,CO,VH,A,40.4,211,64.2,124,6.5,701+,78.9,118,75.8,257,71.3,206,84.6,256,58.9,209,93.3,68=,57.2,university of waterloo,QS World University Rankings 2025,International Education Costs Dataset,Excellent,115.0,91.92,40900.0,62.4,40962.4,34.06,100.0,High Quality
Canada,Waterloo,University of Waterloo,Computer Science,Bachelor,4.0,40900,62.4,1300,235,600,1.35,university of waterloo,university of waterloo,university of waterloo,100.0,115,112,University of Waterloo,Canada,Americas,XL,CO,VH,A,40.4,211,64.2,124,6.5,701+,78.9,118,75.8,257,71.3,206,84.6,256,58.9,209,93.3,68=,57.2,university of waterloo,QS World University Rankings 2025,International Education Costs Dataset,Excellent,115.0,91.92,40900.0,62.4,40962.4,34.06,100.0,High Quality
Canada,Waterloo,University of Waterloo,Computer Science,Bachelor,4.0,40900,62.4,1300,235,600,1.35,university of waterloo,university of waterloo,university of waterloo,100.0,115,112,University of Waterloo,Canada,Americas,XL,CO,VH,A,40.4,211,64.2,124,6.5,701+,78.9,118,75.8,257,71.3,206,84.6,256,58.9,209,93.3,68=,57.2,university of waterloo,QS World University Rankings 2025,International Education Costs Dataset,Excellent,115.0,91.92,40900.0,62.4,40962.4,34.06,100.0,High Quality
Canada,Waterloo,University of Waterloo,Computer Science,Master,2.0,26200,62.4,1300,235,600,1.35,university of waterloo,university of waterloo,university of waterloo,100.0,115,112,University of Waterloo,Canada,Americas,XL,CO,VH,A,40.4,211,64.2,124,6.5,701+,78.9,118,75.8,257,71.3,206,84.6,256,58.9,209,93.3,68=,57.2,university of waterloo,QS World University Rankings 2025,International Education Costs Dataset,Excellent,115.0,91.92,26200.0,62.4,26262.4,57.74,100.0,High Quality
Canada,Waterloo,University of Waterloo,Computer Science,Master,2.0,26200,62.4,1300,235,600,1.35,university of waterloo,university of waterloo,university of waterloo,100.0,115,112,University of Waterloo,Canada,Americas,XL,CO,VH,A,40.4,211,64.2,124,6.5,701+,78.9,118,75.8,257,71.3,206,84.6,256,58.9,209,93.3,68=,57.2,university of waterloo,QS World University Rankings 2025,International Education Costs Dataset,Excellent,115.0,91.92,26200.0,62.4,26262.4,57.74,100.0,High Quality
Canada,Waterloo,University of Waterloo,Computer Science,Master,2.0,26200,62.4,1300,235,600,1.35,university of waterloo,university of waterloo,university of waterloo,100.0,115,112,University of Waterloo,Canada,Americas,XL,CO,VH,A,40.4,211,64.2,124,6.5,701+,78.9,118,75.8,257,71.3,206,84.6,256,58.9,209,93.3,68=,57.2,university of waterloo,QS World University Rankings 2025,International Education Costs Dataset,Excellent,115.0,91.92,26200.0,62.4,26262.4,57.74,100.0,High Quality
Canada,Montreal,University of Montreal,Computer Science,Bachelor,4.0,39500,65.8,1400,235,600,1.35,university of montreal,university of montreal,university of mons,85.0,781-790,691-700,University of Mons,Belgium,Europe,M,CO,VH,A,7.1,601+,7.0,601+,3.4,701+,37.3,369,35.0,458,33.7,400,43.7,701+,6.1,701+,1.6,701+,,university of mons,QS World University Rankings 2025,International Education Costs Dataset,Medium,781.0,44.32,39500.0,65.8,39565.8,36.31,100.0,High Quality
Canada,Montreal,University of Montreal,Computer Science,Bachelor,4.0,39500,65.8,1400,235,600,1.35,university of montreal,university of montreal,university of mons,85.0,781-790,691-700,University of Mons,Belgium,Europe,M,CO,VH,A,7.1,601+,7.0,601+,3.4,701+,37.3,369,35.0,458,33.7,400,43.7,701+,6.1,701+,1.6,701+,,university of mons,QS World University Rankings 2025,International Education Costs Dataset,Medium,781.0,44.32,39500.0,65.8,39565.8,36.31,100.0,High Quality
Canada,Montreal,University of Montreal,Computer Science,Master,2.0,25800,65.8,1400,235,600,1.35,university of montreal,university of montreal,university of mons,85.0,781-790,691-700,University of Mons,Belgium,Europe,M,CO,VH,A,7.1,601+,7.0,601+,3.4,701+,37.3,369,35.0,458,33.7,400,43.7,701+,6.1,701+,1.6,701+,,university of mons,QS World University Rankings 2025,International Education Costs Dataset,Medium,781.0,44.32,25800.0,65.8,25865.8,58.38,100.0,High Quality
Canada,Montreal,University of Montreal,Computer Science,Master,2.0,25800,65.8,1400,235,600,1.35,university of montreal,university of montreal,university of mons,85.0,781-790,691-700,University of Mons,Belgium,Europe,M,CO,VH,A,7.1,601+,7.0,601+,3.4,701+,37.3,369,35.0,458,33.7,400,43.7,701+,6.1,701+,1.6,701+,,university of mons,QS World University Rankings 2025,International Education Costs Dataset,Medium,781.0,44.32,25800.0,65.8,25865.8,58.38,100.0,High Quality
Canada,Edmonton,University of Alberta,Computer Science,Bachelor,4.0,38200,61.9,1200,235,600,1.35,university of alberta,university of alberta,university of alberta,100.0,96,111,University of Alberta,Canada,Americas,XL,FC,VH,A,57.0,136,42.2,222,39.1,400,61.3,194,98.3,116,71.0,207,96.0,55,70.0,159,97.6,28,61.2,university of alberta,QS World University Rankings 2025,International Education Costs Dataset,Excellent,96.0,93.28,38200.0,61.9,38261.9,38.41,100.0,High Quality
Canada,Edmonton,University of Alberta,Computer Science,Bachelor,4.0,38200,61.9,1200,235,600,1.35,university of alberta,university of alberta,university of alberta,100.0,96,111,University of Alberta,Canada,Americas,XL,FC,VH,A,57.0,136,42.2,222,39.1,400,61.3,194,98.3,116,71.0,207,96.0,55,70.0,159,97.6,28,61.2,university of alberta,QS World University Rankings 2025,International Education Costs Dataset,Excellent,96.0,93.28,38200.0,61.9,38261.9,38.41,100.0,High Quality
Canada,Edmonton,University of Alberta,Computer Science,Bachelor,4.0,38200,61.9,1200,235,600,1.35,university of alberta,university of alberta,university of alberta,100.0,96,111,University of Alberta,Canada,Americas,XL,FC,VH,A,57.0,136,42.2,222,39.1,400,61.3,194,98.3,116,71.0,207,96.0,55,70.0,159,97.6,28,61.2,university of alberta,QS World University Rankings 2025,International Education Costs Dataset,Excellent,96.0,93.28,38200.0,61.9,38261.9,38.41,100.0,High Quality
Canada,Edmonton,University of Alberta,Computer Science,Bachelor,4.0,38200,61.9,1200,235,600,1.35,university of alberta,university of alberta,university of alberta,100.0,96,111,University of Alberta,Canada,Americas,XL,FC,VH,A,57.0,136,42.2,222,39.1,400,61.3,194,98.3,116,71.0,207,96.0,55,70.0,159,97.6,28,61.2,university of alberta,QS World University Rankings 2025,International Education Costs Dataset,Excellent,96.0,93.28,38200.0,61.9,38261.9,38.41,100.0,High Quality
Canada,Edmonton,University of Alberta,Computer Science,Master,2.0,24900,61.9,1200,235,600,1.35,university of alberta,university of alberta,university of alberta,100.0,96,111,University of Alberta,Canada,Americas,XL,FC,VH,A,57.0,136,42.2,222,39.1,400,61.3,194,98.3,116,71.0,207,96.0,55,70.0,159,97.6,28,61.2,university of alberta,QS World University Rankings 2025,International Education Costs Dataset,Excellent,96.0,93.28,24900.0,61.9,24961.9,59.84,100.0,High Quality
Canada,Edmonton,University of Alberta,Computer Science,Master,2.0,24900,61.9,1200,235,600,1.35,university of alberta,university of alberta,university of alberta,100.0,96,111,University of Alberta,Canada,Americas,XL,FC,VH,A,57.0,136,42.2,222,39.1,400,61.3,194,98.3,116,71.0,207,96.0,55,70.0,159,97.6,28,61.2,university of alberta,QS World University Rankings 2025,International Education Costs Dataset,Excellent,96.0,93.28,24900.0,61.9,24961.9,59.84,100.0,High Quality
Canada,Edmonton,University of Alberta,Computer Science,Master,2.0,24900,61.9,1200,235,600,1.35,university of alberta,university of alberta,university of alberta,100.0,96,111,University of Alberta,Canada,Americas,XL,FC,VH,A,57.0,136,42.2,222,39.1,400,61.3,194,98.3,116,71.0,207,96.0,55,70.0,159,97.6,28,61.2,university of alberta,QS World University Rankings 2025,International Education Costs Dataset,Excellent,96.0,93.28,24900.0,61.9,24961.9,59.84,100.0,High Quality
Canada,Edmonton,University of Alberta,Computer Science,Master,2.0,24900,61.9,1200,235,600,1.35,university of alberta,university of alberta,university of alberta,100.0,96,111,University of Alberta,Canada,Americas,XL,FC,VH,A,57.0,136,42.2,222,39.1,400,61.3,194,98.3,116,71.0,207,96.0,55,70.0,159,97.6,28,61.2,university of alberta,QS World University Rankings 2025,International Education Costs Dataset,Excellent,96.0,93.28,24900.0,61.9,24961.9,59.84,100.0,High Quality
Canada,Ottawa,University of Ottawa,Computer Science,Bachelor,4.0,37800,63.5,1400,235,600,1.35,university of ottawa,university of ottawa,university of ottawa,100.0,189,203,University of Ottawa,Canada,Americas,XL,FC,VH,A,26.2,340,23.3,406,3.5,701+,81.3,106,91.7,179,77.8,181,93.0,119,39.8,323,92.9,72,47.3,university of ottawa,QS World University Rankings 2025,International Education Costs Dataset,Excellent,189.0,86.63,37800.0,63.5,37863.5,39.05,100.0,High Quality
Canada,Ottawa,University of Ottawa,Computer Science,Bachelor,4.0,37800,63.5,1400,235,600,1.35,university of ottawa,university of ottawa,university of ottawa,100.0,189,203,University of Ottawa,Canada,Americas,XL,FC,VH,A,26.2,340,23.3,406,3.5,701+,81.3,106,91.7,179,77.8,181,93.0,119,39.8,323,92.9,72,47.3,university of ottawa,QS World University Rankings 2025,International Education Costs Dataset,Excellent,189.0,86.63,37800.0,63.5,37863.5,39.05,100.0,High Quality
Canada,Ottawa,University of Ottawa,Computer Science,Bachelor,4.0,37800,63.5,1400,235,600,1.35,university of ottawa,university of ottawa,university of ottawa,100.0,189,203,University of Ottawa,Canada,Americas,XL,FC,VH,A,26.2,340,23.3,406,3.5,701+,81.3,106,91.7,179,77.8,181,93.0,119,39.8,323,92.9,72,47.3,university of ottawa,QS World University Rankings 2025,International Education Costs Dataset,Excellent,189.0,86.63,37800.0,63.5,37863.5,39.05,100.0,High Quality
Canada,Ottawa,University of Ottawa,Computer Science,Bachelor,4.0,37800,63.5,1400,235,600,1.35,university of ottawa,university of ottawa,university of ottawa,100.0,189,203,University of Ottawa,Canada,Americas,XL,FC,VH,A,26.2,340,23.3,406,3.5,701+,81.3,106,91.7,179,77.8,181,93.0,119,39.8,323,92.9,72,47.3,university of ottawa,QS World University Rankings 2025,International Education Costs Dataset,Excellent,189.0,86.63,37800.0,63.5,37863.5,39.05,100.0,High Quality
Canada,Ottawa,University of Ottawa,Computer Science,Master,2.0,24500,63.5,1400,235,600,1.35,university of ottawa,university of ottawa,university of ottawa,100.0,189,203,University of Ottawa,Canada,Americas,XL,FC,VH,A,26.2,340,23.3,406,3.5,701+,81.3,106,91.7,179,77.8,181,93.0,119,39.8,323,92.9,72,47.3,university of ottawa,QS World University Rankings 2025,International Education Costs Dataset,Excellent,189.0,86.63,24500.0,63.5,24563.5,60.48,100.0,High Quality
Canada,Ottawa,University of Ottawa,Computer Science,Master,2.0,24500,63.5,1400,235,600,1.35,university of ottawa,university of ottawa,university of ottawa,100.0,189,203,University of Ottawa,Canada,Americas,XL,FC,VH,A,26.2,340,23.3,406,3.5,701+,81.3,106,91.7,179,77.8,181,93.0,119,39.8,323,92.9,72,47.3,university of ottawa,QS World University Rankings 2025,International Education Costs Dataset,Excellent,189.0,86.63,24500.0,63.5,24563.5,60.48,100.0,High Quality
Canada,Ottawa,University of Ottawa,Computer Science,Master,2.0,24500,63.5,1400,235,600,1.35,university of ottawa,university of ottawa,university of ottawa,100.0,189,203,University of Ottawa,Canada,Americas,XL,FC,VH,A,26.2,340,23.3,406,3.5,701+,81.3,106,91.7,179,77.8,181,93.0,119,39.8,323,92.9,72,47.3,university of ottawa,QS World University Rankings 2025,International Education Costs Dataset,Excellent,189.0,86.63,24500.0,63.5,24563.5,60.48,100.0,High Quality
Canada,Ottawa,University of Ottawa,Computer Science,Master,2.0,24500,63.5,1400,235,600,1.35,university of ottawa,university of ottawa,university of ottawa,100.0,189,203,University of Ottawa,Canada,Americas,XL,FC,VH,A,26.2,340,23.3,406,3.5,701+,81.3,106,91.7,179,77.8,181,93.0,119,39.8,323,92.9,72,47.3,university of ottawa,QS World University Rankings 2025,International Education Costs Dataset,Excellent,189.0,86.63,24500.0,63.5,24563.5,60.48,100.0,High Quality
Canada,Calgary,University of Calgary,Computer Science,Bachelor,4.0,37200,62.8,1300,235,600,1.35,university of calgary,university of calgary,university of calgary,100.0,198,182,University of Calgary,Canada,Americas,XL,FC,VH,A,37.9,227,44.5,207,18.1,701+,40.3,350,77.7,246,66.2,225,85.2,243,53.3,236,93.3,68=,46.3,university of calgary,QS World University Rankings 2025,International Education Costs Dataset,Excellent,198.0,85.99,37200.0,62.8,37262.8,40.02,100.0,High Quality
Canada,Calgary,University of Calgary,Computer Science,Bachelor,4.0,37200,62.8,1300,235,600,1.35,university of calgary,university of calgary,university of calgary,100.0,198,182,University of Calgary,Canada,Americas,XL,FC,VH,A,37.9,227,44.5,207,18.1,701+,40.3,350,77.7,246,66.2,225,85.2,243,53.3,236,93.3,68=,46.3,university of calgary,QS World University Rankings 2025,International Education Costs Dataset,Excellent,198.0,85.99,37200.0,62.8,37262.8,40.02,100.0,High Quality
Canada,Calgary,University of Calgary,Computer Science,Bachelor,4.0,37200,62.8,1300,235,600,1.35,university of calgary,university of calgary,university of calgary,100.0,198,182,University of Calgary,Canada,Americas,XL,FC,VH,A,37.9,227,44.5,207,18.1,701+,40.3,350,77.7,246,66.2,225,85.2,243,53.3,236,93.3,68=,46.3,university of calgary,QS World University Rankings 2025,International Education Costs Dataset,Excellent,198.0,85.99,37200.0,62.8,37262.8,40.02,100.0,High Quality
Canada,Calgary,University of Calgary,Computer Science,Bachelor,4.0,37200,62.8,1300,235,600,1.35,university of calgary,university of calgary,university of calgary,100.0,198,182,University of Calgary,Canada,Americas,XL,FC,VH,A,37.9,227,44.5,207,18.1,701+,40.3,350,77.7,246,66.2,225,85.2,243,53.3,236,93.3,68=,46.3,university of calgary,QS World University Rankings 2025,International Education Costs Dataset,Excellent,198.0,85.99,37200.0,62.8,37262.8,40.02,100.0,High Quality
Canada,Calgary,University of Calgary,Computer Science,Master,2.0,24100,62.8,1300,235,600,1.35,university of calgary,university of calgary,university of calgary,100.0,198,182,University of Calgary,Canada,Americas,XL,FC,VH,A,37.9,227,44.5,207,18.1,701+,40.3,350,77.7,246,66.2,225,85.2,243,53.3,236,93.3,68=,46.3,university of calgary,QS World University Rankings 2025,International Education Costs Dataset,Excellent,198.0,85.99,24100.0,62.8,24162.8,61.13,100.0,High Quality
Canada,Calgary,University of Calgary,Computer Science,Master,2.0,24100,62.8,1300,235,600,1.35,university of calgary,university of calgary,university of calgary,100.0,198,182,University of Calgary,Canada,Americas,XL,FC,VH,A,37.9,227,44.5,207,18.1,701+,40.3,350,77.7,246,66.2,225,85.2,243,53.3,236,93.3,68=,46.3,university of calgary,QS World University Rankings 2025,International Education Costs Dataset,Excellent,198.0,85.99,24100.0,62.8,24162.8,61.13,100.0,High Quality
Canada,Calgary,University of Calgary,Computer Science,Master,2.0,24100,62.8,1300,235,600,1.35,university of calgary,university of calgary,university of calgary,100.0,198,182,University of Calgary,Canada,Americas,XL,FC,VH,A,37.9,227,44.5,207,18.1,701+,40.3,350,77.7,246,66.2,225,85.2,243,53.3,236,93.3,68=,46.3,university of calgary,QS World University Rankings 2025,International Education Costs Dataset,Excellent,198.0,85.99,24100.0,62.8,24162.8,61.13,100.0,High Quality
Canada,Calgary,University of Calgary,Computer Science,Master,2.0,24100,62.8,1300,235,600,1.35,university of calgary,university of calgary,university of calgary,100.0,198,182,University of Calgary,Canada,Americas,XL,FC,VH,A,37.9,227,44.5,207,18.1,701+,40.3,350,77.7,246,66.2,225,85.2,243,53.3,236,93.3,68=,46.3,university of calgary,QS World University Rankings 2025,International Education Costs Dataset,Excellent,198.0,85.99,24100.0,62.8,24162.8,61.13,100.0,High Quality
Canada,Hamilton,McMaster University,Computer Science,Bachelor,4.0,36500,64.2,1250,235,600,1.35,mcmaster university,mcmaster university,mcmaster university,100.0,176,189,McMaster University,Canada,Americas,L,FC,VH,A,39.5,215,34.2,276,63.8,215,35.6,380,96.2,136,56.7,263,82.6,284,49.9,255,91.9,78=,49.0,mcmaster university,QS World University Rankings 2025,International Education Costs Dataset,Excellent,176.0,87.56,36500.0,64.2,36564.2,41.14,100.0,High Quality
Canada,Hamilton,McMaster University,Computer Science,Bachelor,4.0,36500,64.2,1250,235,600,1.35,mcmaster university,mcmaster university,mcmaster university,100.0,176,189,McMaster University,Canada,Americas,L,FC,VH,A,39.5,215,34.2,276,63.8,215,35.6,380,96.2,136,56.7,263,82.6,284,49.9,255,91.9,78=,49.0,mcmaster university,QS World University Rankings 2025,International Education Costs Dataset,Excellent,176.0,87.56,36500.0,64.2,36564.2,41.14,100.0,High Quality
Canada,Hamilton,McMaster University,Computer Science,Bachelor,4.0,36500,64.2,1250,235,600,1.35,mcmaster university,mcmaster university,mcmaster university,100.0,176,189,McMaster University,Canada,Americas,L,FC,VH,A,39.5,215,34.2,276,63.8,215,35.6,380,96.2,136,56.7,263,82.6,284,49.9,255,91.9,78=,49.0,mcmaster university,QS World University Rankings 2025,International Education Costs Dataset,Excellent,176.0,87.56,36500.0,64.2,36564.2,41.14,100.0,High Quality
Canada,Hamilton,McMaster University,Computer Science,Master,2.0,23800,64.2,1250,235,600,1.35,mcmaster university,mcmaster university,mcmaster university,100.0,176,189,McMaster University,Canada,Americas,L,FC,VH,A,39.5,215,34.2,276,63.8,215,35.6,380,96.2,136,56.7,263,82.6,284,49.9,255,91.9,78=,49.0,mcmaster university,QS World University Rankings 2025,International Education Costs Dataset,Excellent,176.0,87.56,23800.0,64.2,23864.2,61.61,100.0,High Quality
Canada,Hamilton,McMaster University,Computer Science,Master,2.0,23800,64.2,1250,235,600,1.35,mcmaster university,mcmaster university,mcmaster university,100.0,176,189,McMaster University,Canada,Americas,L,FC,VH,A,39.5,215,34.2,276,63.8,215,35.6,380,96.2,136,56.7,263,82.6,284,49.9,255,91.9,78=,49.0,mcmaster university,QS World University Rankings 2025,International Education Costs Dataset,Excellent,176.0,87.56,23800.0,64.2,23864.2,61.61,100.0,High Quality
Canada,Hamilton,McMaster University,Computer Science,Master,2.0,23800,64.2,1250,235,600,1.35,mcmaster university,mcmaster university,mcmaster university,100.0,176,189,McMaster University,Canada,Americas,L,FC,VH,A,39.5,215,34.2,276,63.8,215,35.6,380,96.2,136,56.7,263,82.6,284,49.9,255,91.9,78=,49.0,mcmaster university,QS World University Rankings 2025,International Education Costs Dataset,Excellent,176.0,87.56,23800.0,64.2,23864.2,61.61,100.0,High Quality
Canada,London,Western University,Computer Science,Bachelor,4.0,35900,61.5,1200,235,600,1.35,western university,western university,western university,100.0,120,114,Western University,Canada,Americas,XL,FC,VH,A,32.6,270,38.9,243,3.3,701+,93.4,60,99.8,94,49.5,299,81.5,296,96.7,38,99.3,10,55.8,western university,QS World University Rankings 2025,International Education Costs Dataset,Excellent,120.0,91.57,35900.0,61.5,35961.5,42.12,100.0,High Quality
Canada,London,Western University,Computer Science,Bachelor,4.0,35900,61.5,1200,235,600,1.35,western university,western university,western university,100.0,120,114,Western University,Canada,Americas,XL,FC,VH,A,32.6,270,38.9,243,3.3,701+,93.4,60,99.8,94,49.5,299,81.5,296,96.7,38,99.3,10,55.8,western university,QS World University Rankings 2025,International Education Costs Dataset,Excellent,120.0,91.57,35900.0,61.5,35961.5,42.12,100.0,High Quality
Canada,London,Western University,Computer Science,Bachelor,4.0,35900,61.5,1200,235,600,1.35,western university,western university,western university,100.0,120,114,Western University,Canada,Americas,XL,FC,VH,A,32.6,270,38.9,243,3.3,701+,93.4,60,99.8,94,49.5,299,81.5,296,96.7,38,99.3,10,55.8,western university,QS World University Rankings 2025,International Education Costs Dataset,Excellent,120.0,91.57,35900.0,61.5,35961.5,42.12,100.0,High Quality
Canada,London,Western University,Computer Science,Master,2.0,23500,61.5,1200,235,600,1.35,western university,western university,western university,100.0,120,114,Western University,Canada,Americas,XL,FC,VH,A,32.6,270,38.9,243,3.3,701+,93.4,60,99.8,94,49.5,299,81.5,296,96.7,38,99.3,10,55.8,western university,QS World University Rankings 2025,International Education Costs Dataset,Excellent,120.0,91.57,23500.0,61.5,23561.5,62.1,100.0,High Quality
Canada,London,Western University,Computer Science,Master,2.0,23500,61.5,1200,235,600,1.35,western university,western university,western university,100.0,120,114,Western University,Canada,Americas,XL,FC,VH,A,32.6,270,38.9,243,3.3,701+,93.4,60,99.8,94,49.5,299,81.5,296,96.7,38,99.3,10,55.8,western university,QS World University Rankings 2025,International Education Costs Dataset,Excellent,120.0,91.57,23500.0,61.5,23561.5,62.1,100.0,High Quality
Canada,London,Western University,Computer Science,Master,2.0,23500,61.5,1200,235,600,1.35,western university,western university,western university,100.0,120,114,Western University,Canada,Americas,XL,FC,VH,A,32.6,270,38.9,243,3.3,701+,93.4,60,99.8,94,49.5,299,81.5,296,96.7,38,99.3,10,55.8,western university,QS World University Rankings 2025,International Education Costs Dataset,Excellent,120.0,91.57,23500.0,61.5,23561.5,62.1,100.0,High Quality
Canada,Kingston,Queen's University,Computer Science,Bachelor,4.0,35400,62.1,1300,235,600,1.35,queen s university,queen s university,,,,,,,,,,,,,,,,,,,,,,,,,,,,,,,,Not Matched,International Education Costs Dataset,Unmatched,,,35400.0,62.1,35462.1,42.92,75.0,High Quality
Canada,Kingston,Queen's University,Computer Science,Bachelor,4.0,35400,62.1,1300,235,600,1.35,queen s university,queen s university,,,,,,,,,,,,,,,,,,,,,,,,,,,,,,,,Not Matched,International Education Costs Dataset,Unmatched,,,35400.0,62.1,35462.1,42.92,75.0,High Quality
Canada,Kingston,Queen's University,Computer Science,Master,2.0,23200,62.1,1300,235,600,1.35,queen s university,queen s university,,,,,,,,,,,,,,,,,,,,,,,,,,,,,,,,Not Matched,International Education Costs Dataset,Unmatched,,,23200.0,62.1,23262.1,62.58,75.0,High Quality
Canada,Kingston,Queen's University,Computer Science,Master,2.0,23200,62.1,1300,235,600,1.35,queen s university,queen s university,,,,,,,,,,,,,,,,,,,,,,,,,,,,,,,,Not Matched,International Education Costs Dataset,Unmatched,,,23200.0,62.1,23262.1,62.58,75.0,High Quality
Canada,Victoria,University of Victoria,Computer Science,Bachelor,4.0,34800,64.8,1400,235,600,1.35,university of victoria,university of victoria,victoria university,92.6829268292683,741-750,711-720,Victoria University,Australia,Oceania,L,CO,HI,A,6.9,601+,6.1,601+,2.4,701+,34.1,389,32.7,480,41.5,345,44.9,701+,6.4,701+,34.8,406=,,victoria university,QS World University Rankings 2025,International Education Costs Dataset,High,741.0,47.18,34800.0,64.8,34864.8,43.88,100.0,High Quality
Canada,Victoria,University of Victoria,Computer Science,Bachelor,4.0,34800,64.8,1400,235,600,1.35,university of victoria,university of victoria,victoria university,92.6829268292683,741-750,711-720,Victoria University,Australia,Oceania,L,CO,HI,A,6.9,601+,6.1,601+,2.4,701+,34.1,389,32.7,480,41.5,345,44.9,701+,6.4,701+,34.8,406=,,victoria university,QS World University Rankings 2025,International Education Costs Dataset,High,741.0,47.18,34800.0,64.8,34864.8,43.88,100.0,High Quality
Canada,Victoria,University of Victoria,Computer Science,Bachelor,4.0,34800,64.8,1400,235,600,1.35,university of victoria,university of victoria,victoria university,92.6829268292683,741-750,711-720,Victoria University,Australia,Oceania,L,CO,HI,A,6.9,601+,6.1,601+,2.4,701+,34.1,389,32.7,480,41.5,345,44.9,701+,6.4,701+,34.8,406=,,victoria university,QS World University Rankings 2025,International Education Costs Dataset,High,741.0,47.18,34800.0,64.8,34864.8,43.88,100.0,High Quality
Canada,Victoria,University of Victoria,Computer Science,Bachelor,4.0,34800,64.8,1400,235,600,1.35,university of victoria,university of victoria,victoria university,92.6829268292683,741-750,711-720,Victoria University,Australia,Oceania,L,CO,HI,A,6.9,601+,6.1,601+,2.4,701+,34.1,389,32.7,480,41.5,345,44.9,701+,6.4,701+,34.8,406=,,victoria university,QS World University Rankings 2025,International Education Costs Dataset,High,741.0,47.18,34800.0,64.8,34864.8,43.88,100.0,High Quality
Canada,Victoria,University of Victoria,Computer Science,Master,2.0,22900,64.8,1400,235,600,1.35,university of victoria,university of victoria,victoria university,92.6829268292683,741-750,711-720,Victoria University,Australia,Oceania,L,CO,HI,A,6.9,601+,6.1,601+,2.4,701+,34.1,389,32.7,480,41.5,345,44.9,701+,6.4,701+,34.8,406=,,victoria university,QS World University Rankings 2025,International Education Costs Dataset,High,741.0,47.18,22900.0,64.8,22964.8,63.06,100.0,High Quality
Canada,Victoria,University of Victoria,Computer Science,Master,2.0,22900,64.8,1400,235,600,1.35,university of victoria,university of victoria,victoria university,92.6829268292683,741-750,711-720,Victoria University,Australia,Oceania,L,CO,HI,A,6.9,601+,6.1,601+,2.4,701+,34.1,389,32.7,480,41.5,345,44.9,701+,6.4,701+,34.8,406=,,victoria university,QS World University Rankings 2025,International Education Costs Dataset,High,741.0,47.18,22900.0,64.8,22964.8,63.06,100.0,High Quality
Canada,Victoria,University of Victoria,Computer Science,Master,2.0,22900,64.8,1400,235,600,1.35,university of victoria,university of victoria,victoria university,92.6829268292683,741-750,711-720,Victoria University,Australia,Oceania,L,CO,HI,A,6.9,601+,6.1,601+,2.4,701+,34.1,389,32.7,480,41.5,345,44.9,701+,6.4,701+,34.8,406=,,victoria university,QS World University Rankings 2025,International Education Costs Dataset,High,741.0,47.18,22900.0,64.8,22964.8,63.06,100.0,High Quality
Canada,Victoria,University of Victoria,Computer Science,Master,2.0,22900,64.8,1400,235,600,1.35,university of victoria,university of victoria,victoria university,92.6829268292683,741-750,711-720,Victoria University,Australia,Oceania,L,CO,HI,A,6.9,601+,6.1,601+,2.4,701+,34.1,389,32.7,480,41.5,345,44.9,701+,6.4,701+,34.8,406=,,victoria university,QS World University Rankings 2025,International Education Costs Dataset,High,741.0,47.18,22900.0,64.8,22964.8,63.06,100.0,High Quality
Canada,Halifax,Dalhousie University,Computer Science,Bachelor,4.0,34200,61.2,1200,235,600,1.35,dalhousie university,dalhousie university,dalhousie university,100.0,275,298,Dalhousie University,Canada,Americas,L,FC,VH,A,19.4,463,16.7,513,12.9,701+,53.5,239,99.9,86,74.6,189,77.4,369,30.1,416,87.9,109,38.2,dalhousie university,QS World University Rankings 2025,International Education Costs Dataset,Excellent,275.0,80.49,34200.0,61.2,34261.2,44.86,100.0,High Quality
Canada,Halifax,Dalhousie University,Computer Science,Bachelor,4.0,34200,61.2,1200,235,600,1.35,dalhousie university,dalhousie university,dalhousie university,100.0,275,298,Dalhousie University,Canada,Americas,L,FC,VH,A,19.4,463,16.7,513,12.9,701+,53.5,239,99.9,86,74.6,189,77.4,369,30.1,416,87.9,109,38.2,dalhousie university,QS World University Rankings 2025,International Education Costs Dataset,Excellent,275.0,80.49,34200.0,61.2,34261.2,44.86,100.0,High Quality
Canada,Halifax,Dalhousie University,Computer Science,Bachelor,4.0,34200,61.2,1200,235,600,1.35,dalhousie university,dalhousie university,dalhousie university,100.0,275,298,Dalhousie University,Canada,Americas,L,FC,VH,A,19.4,463,16.7,513,12.9,701+,53.5,239,99.9,86,74.6,189,77.4,369,30.1,416,87.9,109,38.2,dalhousie university,QS World University Rankings 2025,International Education Costs Dataset,Excellent,275.0,80.49,34200.0,61.2,34261.2,44.86,100.0,High Quality
Canada,Halifax,Dalhousie University,Computer Science,Bachelor,4.0,34200,61.2,1200,235,600,1.35,dalhousie university,dalhousie university,dalhousie university,100.0,275,298,Dalhousie University,Canada,Americas,L,FC,VH,A,19.4,463,16.7,513,12.9,701+,53.5,239,99.9,86,74.6,189,77.4,369,30.1,416,87.9,109,38.2,dalhousie university,QS World University Rankings 2025,International Education Costs Dataset,Excellent,275.0,80.49,34200.0,61.2,34261.2,44.86,100.0,High Quality
Canada,Halifax,Dalhousie University,Computer Science,Master,2.0,22600,61.2,1200,235,600,1.35,dalhousie university,dalhousie university,dalhousie university,100.0,275,298,Dalhousie University,Canada,Americas,L,FC,VH,A,19.4,463,16.7,513,12.9,701+,53.5,239,99.9,86,74.6,189,77.4,369,30.1,416,87.9,109,38.2,dalhousie university,QS World University Rankings 2025,International Education Costs Dataset,Excellent,275.0,80.49,22600.0,61.2,22661.2,63.55,100.0,High Quality
Canada,Halifax,Dalhousie University,Computer Science,Master,2.0,22600,61.2,1200,235,600,1.35,dalhousie university,dalhousie university,dalhousie university,100.0,275,298,Dalhousie University,Canada,Americas,L,FC,VH,A,19.4,463,16.7,513,12.9,701+,53.5,239,99.9,86,74.6,189,77.4,369,30.1,416,87.9,109,38.2,dalhousie university,QS World University Rankings 2025,International Education Costs Dataset,Excellent,275.0,80.49,22600.0,61.2,22661.2,63.55,100.0,High Quality
Canada,Halifax,Dalhousie University,Computer Science,Master,2.0,22600,61.2,1200,235,600,1.35,dalhousie university,dalhousie university,dalhousie university,100.0,275,298,Dalhousie University,Canada,Americas,L,FC,VH,A,19.4,463,16.7,513,12.9,701+,53.5,239,99.9,86,74.6,189,77.4,369,30.1,416,87.9,109,38.2,dalhousie university,QS World University Rankings 2025,International Education Costs Dataset,Excellent,275.0,80.49,22600.0,61.2,22661.2,63.55,100.0,High Quality
Canada,Halifax,Dalhousie University,Computer Science,Master,2.0,22600,61.2,1200,235,600,1.35,dalhousie university,dalhousie university,dalhousie university,100.0,275,298,Dalhousie University,Canada,Americas,L,FC,VH,A,19.4,463,16.7,513,12.9,701+,53.5,239,99.9,86,74.6,189,77.4,369,30.1,416,87.9,109,38.2,dalhousie university,QS World University Rankings 2025,International Education Costs Dataset,Excellent,275.0,80.49,22600.0,61.2,22661.2,63.55,100.0,High Quality
Canada,Winnipeg,University of Manitoba,Computer Science,Bachelor,4.0,33600,59.8,1100,235,600,1.35,university of manitoba,university of manitoba,university of manitoba,100.0,661-670,671-680,University of Manitoba,Canada,Americas,L,FC,VH,A,13.6,601+,15.9,536,29.6,526,12.0,694,,,43.2,334,73.1,439,32.8,390,16.3,570=,,university of manitoba,QS World University Rankings 2025,International Education Costs Dataset,Excellent,661.0,52.89,33600.0,59.8,33659.8,45.82,100.0,High Quality
Canada,Winnipeg,University of Manitoba,Computer Science,Bachelor,4.0,33600,59.8,1100,235,600,1.35,university of manitoba,university of manitoba,university of manitoba,100.0,661-670,671-680,University of Manitoba,Canada,Americas,L,FC,VH,A,13.6,601+,15.9,536,29.6,526,12.0,694,,,43.2,334,73.1,439,32.8,390,16.3,570=,,university of manitoba,QS World University Rankings 2025,International Education Costs Dataset,Excellent,661.0,52.89,33600.0,59.8,33659.8,45.82,100.0,High Quality
Canada,Winnipeg,University of Manitoba,Computer Science,Bachelor,4.0,33600,59.8,1100,235,600,1.35,university of manitoba,university of manitoba,university of manitoba,100.0,661-670,671-680,University of Manitoba,Canada,Americas,L,FC,VH,A,13.6,601+,15.9,536,29.6,526,12.0,694,,,43.2,334,73.1,439,32.8,390,16.3,570=,,university of manitoba,QS World University Rankings 2025,International Education Costs Dataset,Excellent,661.0,52.89,33600.0,59.8,33659.8,45.82,100.0,High Quality
Canada,Winnipeg,University of Manitoba,Computer Science,Bachelor,4.0,33600,59.8,1100,235,600,1.35,university of manitoba,university of manitoba,university of manitoba,100.0,661-670,671-680,University of Manitoba,Canada,Americas,L,FC,VH,A,13.6,601+,15.9,536,29.6,526,12.0,694,,,43.2,334,73.1,439,32.8,390,16.3,570=,,university of manitoba,QS World University Rankings 2025,International Education Costs Dataset,Excellent,661.0,52.89,33600.0,59.8,33659.8,45.82,100.0,High Quality
Canada,Winnipeg,University of Manitoba,Computer Science,Master,2.0,22300,59.8,1100,235,600,1.35,university of manitoba,university of manitoba,university of manitoba,100.0,661-670,671-680,University of Manitoba,Canada,Americas,L,FC,VH,A,13.6,601+,15.9,536,29.6,526,12.0,694,,,43.2,334,73.1,439,32.8,390,16.3,570=,,university of manitoba,QS World University Rankings 2025,International Education Costs Dataset,Excellent,661.0,52.89,22300.0,59.8,22359.8,64.03,100.0,High Quality
Canada,Winnipeg,University of Manitoba,Computer Science,Master,2.0,22300,59.8,1100,235,600,1.35,university of manitoba,university of manitoba,university of manitoba,100.0,661-670,671-680,University of Manitoba,Canada,Americas,L,FC,VH,A,13.6,601+,15.9,536,29.6,526,12.0,694,,,43.2,334,73.1,439,32.8,390,16.3,570=,,university of manitoba,QS World University Rankings 2025,International Education Costs Dataset,Excellent,661.0,52.89,22300.0,59.8,22359.8,64.03,100.0,High Quality
Canada,Winnipeg,University of Manitoba,Computer Science,Master,2.0,22300,59.8,1100,235,600,1.35,university of manitoba,university of manitoba,university of manitoba,100.0,661-670,671-680,University of Manitoba,Canada,Americas,L,FC,VH,A,13.6,601+,15.9,536,29.6,526,12.0,694,,,43.2,334,73.1,439,32.8,390,16.3,570=,,university of manitoba,QS World University Rankings 2025,International Education Costs Dataset,Excellent,661.0,52.89,22300.0,59.8,22359.8,64.03,100.0,High Quality
Canada,Winnipeg,University of Manitoba,Computer Science,Master,2.0,22300,59.8,1100,235,600,1.35,university of manitoba,university of manitoba,university of manitoba,100.0,661-670,671-680,University of Manitoba,Canada,Americas,L,FC,VH,A,13.6,601+,15.9,536,29.6,526,12.0,694,,,43.2,334,73.1,439,32.8,390,16.3,570=,,university of manitoba,QS World University Rankings 2025,International Education Costs Dataset,Excellent,661.0,52.89,22300.0,59.8,22359.8,64.03,100.0,High Quality
Canada,Quebec City,Laval University,Computer Science,Bachelor,4.0,33000,58.5,1000,235,600,1.35,laval university,laval university,universit laval,96.7741935483871,423,441,Université Laval,Canada,Americas,L,FC,VH,A,19.2,468,8.1,601+,26.0,572,23.8,512,55.8,336,41.6,344,80.2,317,36.4,349,78.4,166=,28.1,universit laval,QS World University Rankings 2025,International Education Costs Dataset,Excellent,423.0,69.91,33000.0,58.5,33058.5,46.79,100.0,High Quality
Canada,Quebec City,Laval University,Computer Science,Bachelor,4.0,33000,58.5,1000,235,600,1.35,laval university,laval university,universit laval,96.7741935483871,423,441,Université Laval,Canada,Americas,L,FC,VH,A,19.2,468,8.1,601+,26.0,572,23.8,512,55.8,336,41.6,344,80.2,317,36.4,349,78.4,166=,28.1,universit laval,QS World University Rankings 2025,International Education Costs Dataset,Excellent,423.0,69.91,33000.0,58.5,33058.5,46.79,100.0,High Quality
Canada,Quebec City,Laval University,Computer Science,Bachelor,4.0,33000,58.5,1000,235,600,1.35,laval university,laval university,universit laval,96.7741935483871,423,441,Université Laval,Canada,Americas,L,FC,VH,A,19.2,468,8.1,601+,26.0,572,23.8,512,55.8,336,41.6,344,80.2,317,36.4,349,78.4,166=,28.1,universit laval,QS World University Rankings 2025,International Education Costs Dataset,Excellent,423.0,69.91,33000.0,58.5,33058.5,46.79,100.0,High Quality
Canada,Quebec City,Laval University,Computer Science,Bachelor,4.0,33000,58.5,1000,235,600,1.35,laval university,laval university,universit laval,96.7741935483871,423,441,Université Laval,Canada,Americas,L,FC,VH,A,19.2,468,8.1,601+,26.0,572,23.8,512,55.8,336,41.6,344,80.2,317,36.4,349,78.4,166=,28.1,universit laval,QS World University Rankings 2025,International Education Costs Dataset,Excellent,423.0,69.91,33000.0,58.5,33058.5,46.79,100.0,High Quality
Canada,Quebec City,Laval University,Computer Science,Master,2.0,22000,58.5,1000,235,600,1.35,laval university,laval university,universit laval,96.7741935483871,423,441,Université Laval,Canada,Americas,L,FC,VH,A,19.2,468,8.1,601+,26.0,572,23.8,512,55.8,336,41.6,344,80.2,317,36.4,349,78.4,166=,28.1,universit laval,QS World University Rankings 2025,International Education Costs Dataset,Excellent,423.0,69.91,22000.0,58.5,22058.5,64.52,100.0,High Quality
Canada,Quebec City,Laval University,Computer Science,Master,2.0,22000,58.5,1000,235,600,1.35,laval university,laval university,universit laval,96.7741935483871,423,441,Université Laval,Canada,Americas,L,FC,VH,A,19.2,468,8.1,601+,26.0,572,23.8,512,55.8,336,41.6,344,80.2,317,36.4,349,78.4,166=,28.1,universit laval,QS World University Rankings 2025,International Education Costs Dataset,Excellent,423.0,69.91,22000.0,58.5,22058.5,64.52,100.0,High Quality
Canada,Quebec City,Laval University,Computer Science,Master,2.0,22000,58.5,1000,235,600,1.35,laval university,laval university,universit laval,96.7741935483871,423,441,Université Laval,Canada,Americas,L,FC,VH,A,19.2,468,8.1,601+,26.0,572,23.8,512,55.8,336,41.6,344,80.2,317,36.4,349,78.4,166=,28.1,universit laval,QS World University Rankings 2025,International Education Costs Dataset,Excellent,423.0,69.91,22000.0,58.5,22058.5,64.52,100.0,High Quality
Canada,Quebec City,Laval University,Computer Science,Master,2.0,22000,58.5,1000,235,600,1.35,laval university,laval university,universit laval,96.7741935483871,423,441,Université Laval,Canada,Americas,L,FC,VH,A,19.2,468,8.1,601+,26.0,572,23.8,512,55.8,336,41.6,344,80.2,317,36.4,349,78.4,166=,28.1,universit laval,QS World University Rankings 2025,International Education Costs Dataset,Excellent,423.0,69.91,22000.0,58.5,22058.5,64.52,100.0,High Quality
Canada,Saskatoon,University of Saskatchewan,Computer Science,Bachelor,4.0,32400,58.2,950,235,600,1.35,university of saskatchewan,university of saskatchewan,university of saskatchewan,100.0,340,345,University of Saskatchewan,Canada,Americas,L,FC,VH,A,11.1,601+,5.3,601+,18.2,701+,57.0,219,77.3,251,49.5,298,82.3,287,32.1,394,90.7,89=,33.2,university of saskatchewan,QS World University Rankings 2025,International Education Costs Dataset,Excellent,340.0,75.84,32400.0,58.2,32458.2,47.76,100.0,High Quality
Canada,Saskatoon,University of Saskatchewan,Computer Science,Bachelor,4.0,32400,58.2,950,235,600,1.35,university of saskatchewan,university of saskatchewan,university of saskatchewan,100.0,340,345,University of Saskatchewan,Canada,Americas,L,FC,VH,A,11.1,601+,5.3,601+,18.2,701+,57.0,219,77.3,251,49.5,298,82.3,287,32.1,394,90.7,89=,33.2,university of saskatchewan,QS World University Rankings 2025,International Education Costs Dataset,Excellent,340.0,75.84,32400.0,58.2,32458.2,47.76,100.0,High Quality
Canada,Saskatoon,University of Saskatchewan,Computer Science,Bachelor,4.0,32400,58.2,950,235,600,1.35,university of saskatchewan,university of saskatchewan,university of saskatchewan,100.0,340,345,University of Saskatchewan,Canada,Americas,L,FC,VH,A,11.1,601+,5.3,601+,18.2,701+,57.0,219,77.3,251,49.5,298,82.3,287,32.1,394,90.7,89=,33.2,university of saskatchewan,QS World University Rankings 2025,International Education Costs Dataset,Excellent,340.0,75.84,32400.0,58.2,32458.2,47.76,100.0,High Quality
Canada,Saskatoon,University of Saskatchewan,Computer Science,Master,2.0,21700,58.2,950,235,600,1.35,university of saskatchewan,university of saskatchewan,university of saskatchewan,100.0,340,345,University of Saskatchewan,Canada,Americas,L,FC,VH,A,11.1,601+,5.3,601+,18.2,701+,57.0,219,77.3,251,49.5,298,82.3,287,32.1,394,90.7,89=,33.2,university of saskatchewan,QS World University Rankings 2025,International Education Costs Dataset,Excellent,340.0,75.84,21700.0,58.2,21758.2,65.0,100.0,High Quality
Canada,Saskatoon,University of Saskatchewan,Computer Science,Master,2.0,21700,58.2,950,235,600,1.35,university of saskatchewan,university of saskatchewan,university of saskatchewan,100.0,340,345,University of Saskatchewan,Canada,Americas,L,FC,VH,A,11.1,601+,5.3,601+,18.2,701+,57.0,219,77.3,251,49.5,298,82.3,287,32.1,394,90.7,89=,33.2,university of saskatchewan,QS World University Rankings 2025,International Education Costs Dataset,Excellent,340.0,75.84,21700.0,58.2,21758.2,65.0,100.0,High Quality
Canada,Saskatoon,University of Saskatchewan,Computer Science,Master,2.0,21700,58.2,950,235,600,1.35,university of saskatchewan,university of saskatchewan,university of saskatchewan,100.0,340,345,University of Saskatchewan,Canada,Americas,L,FC,VH,A,11.1,601+,5.3,601+,18.2,701+,57.0,219,77.3,251,49.5,298,82.3,287,32.1,394,90.7,89=,33.2,university of saskatchewan,QS World University Rankings 2025,International Education Costs Dataset,Excellent,340.0,75.84,21700.0,58.2,21758.2,65.0,100.0,High Quality
Canada,St. John's,Memorial University,Computer Science,Bachelor,4.0,31800,57.9,900,235,600,1.35,memorial university,memorial university,emory university,85.71428571428572,196,166,Emory University,United States,Americas,L,FC,VH,B,25.2,349,19.0,469,93.8,70,78.4,120,52.2,355,33.9,399,85.6,237,22.8,502,37.0,391=,46.6,emory university,QS World University Rankings 2025,International Education Costs Dataset,Medium,196.0,86.13,31800.0,57.9,31857.9,48.73,100.0,High Quality
Canada,St. John's,Memorial University,Computer Science,Bachelor,4.0,31800,57.9,900,235,600,1.35,memorial university,memorial university,emory university,85.71428571428572,196,166,Emory University,United States,Americas,L,FC,VH,B,25.2,349,19.0,469,93.8,70,78.4,120,52.2,355,33.9,399,85.6,237,22.8,502,37.0,391=,46.6,emory university,QS World University Rankings 2025,International Education Costs Dataset,Medium,196.0,86.13,31800.0,57.9,31857.9,48.73,100.0,High Quality
Canada,St. John's,Memorial University,Computer Science,Bachelor,4.0,31800,57.9,900,235,600,1.35,memorial university,memorial university,emory university,85.71428571428572,196,166,Emory University,United States,Americas,L,FC,VH,B,25.2,349,19.0,469,93.8,70,78.4,120,52.2,355,33.9,399,85.6,237,22.8,502,37.0,391=,46.6,emory university,QS World University Rankings 2025,International Education Costs Dataset,Medium,196.0,86.13,31800.0,57.9,31857.9,48.73,100.0,High Quality
Canada,St. John's,Memorial University,Computer Science,Master,2.0,21400,57.9,900,235,600,1.35,memorial university,memorial university,emory university,85.71428571428572,196,166,Emory University,United States,Americas,L,FC,VH,B,25.2,349,19.0,469,93.8,70,78.4,120,52.2,355,33.9,399,85.6,237,22.8,502,37.0,391=,46.6,emory university,QS World University Rankings 2025,International Education Costs Dataset,Medium,196.0,86.13,21400.0,57.9,21457.9,65.49,100.0,High Quality
Canada,St. John's,Memorial University,Computer Science,Master,2.0,21400,57.9,900,235,600,1.35,memorial university,memorial university,emory university,85.71428571428572,196,166,Emory University,United States,Americas,L,FC,VH,B,25.2,349,19.0,469,93.8,70,78.4,120,52.2,355,33.9,399,85.6,237,22.8,502,37.0,391=,46.6,emory university,QS World University Rankings 2025,International Education Costs Dataset,Medium,196.0,86.13,21400.0,57.9,21457.9,65.49,100.0,High Quality
Canada,St. John's,Memorial University,Computer Science,Master,2.0,21400,57.9,900,235,600,1.35,memorial university,memorial university,emory university,85.71428571428572,196,166,Emory University,United States,Americas,L,FC,VH,B,25.2,349,19.0,469,93.8,70,78.4,120,52.2,355,33.9,399,85.6,237,22.8,502,37.0,391=,46.6,emory university,QS World University Rankings 2025,International Education Costs Dataset,Medium,196.0,86.13,21400.0,57.9,21457.9,65.49,100.0,High Quality
Canada,Regina,University of Regina,Computer Science,Bachelor,4.0,31200,57.5,900,235,600,1.35,university of regina,university of regina,university of regina,100.0,951-1000,1001-1200,University of Regina,Canada,Americas,L,CO,HI,A,3.3,601+,2.5,601+,3.9,701+,21.0,544,7.3,701+,38.3,365,39.1,701+,4.1,701+,44.6,343=,,university of regina,QS World University Rankings 2025,International Education Costs Dataset,Excellent,951.0,32.17,31200.0,57.5,31257.5,49.7,100.0,High Quality
Canada,Regina,University of Regina,Computer Science,Bachelor,4.0,31200,57.5,900,235,600,1.35,university of regina,university of regina,university of regina,100.0,951-1000,1001-1200,University of Regina,Canada,Americas,L,CO,HI,A,3.3,601+,2.5,601+,3.9,701+,21.0,544,7.3,701+,38.3,365,39.1,701+,4.1,701+,44.6,343=,,university of regina,QS World University Rankings 2025,International Education Costs Dataset,Excellent,951.0,32.17,31200.0,57.5,31257.5,49.7,100.0,High Quality
Canada,Regina,University of Regina,Computer Science,Bachelor,4.0,31200,57.5,900,235,600,1.35,university of regina,university of regina,university of regina,100.0,951-1000,1001-1200,University of Regina,Canada,Americas,L,CO,HI,A,3.3,601+,2.5,601+,3.9,701+,21.0,544,7.3,701+,38.3,365,39.1,701+,4.1,701+,44.6,343=,,university of regina,QS World University Rankings 2025,International Education Costs Dataset,Excellent,951.0,32.17,31200.0,57.5,31257.5,49.7,100.0,High Quality
Canada,Regina,University of Regina,Computer Science,Master,2.0,21100,57.5,900,235,600,1.35,university of regina,university of regina,university of regina,100.0,951-1000,1001-1200,University of Regina,Canada,Americas,L,CO,HI,A,3.3,601+,2.5,601+,3.9,701+,21.0,544,7.3,701+,38.3,365,39.1,701+,4.1,701+,44.6,343=,,university of regina,QS World University Rankings 2025,International Education Costs Dataset,Excellent,951.0,32.17,21100.0,57.5,21157.5,65.97,100.0,High Quality
Canada,Regina,University of Regina,Computer Science,Master,2.0,21100,57.5,900,235,600,1.35,university of regina,university of regina,university of regina,100.0,951-1000,1001-1200,University of Regina,Canada,Americas,L,CO,HI,A,3.3,601+,2.5,601+,3.9,701+,21.0,544,7.3,701+,38.3,365,39.1,701+,4.1,701+,44.6,343=,,university of regina,QS World University Rankings 2025,International Education Costs Dataset,Excellent,951.0,32.17,21100.0,57.5,21157.5,65.97,100.0,High Quality
Canada,Regina,University of Regina,Computer Science,Master,2.0,21100,57.5,900,235,600,1.35,university of regina,university of regina,university of regina,100.0,951-1000,1001-1200,University of Regina,Canada,Americas,L,CO,HI,A,3.3,601+,2.5,601+,3.9,701+,21.0,544,7.3,701+,38.3,365,39.1,701+,4.1,701+,44.6,343=,,university of regina,QS World University Rankings 2025,International Education Costs Dataset,Excellent,951.0,32.17,21100.0,57.5,21157.5,65.97,100.0,High Quality
Canada,Sherbrooke,University of Sherbrooke,Computer Science,Bachelor,4.0,30600,56.8,850,235,600,1.35,university of sherbrooke,university of sherbrooke,universit de sherbrooke,89.36170212765957,851-900,801-850,Université de Sherbrooke,Canada,Americas,L,FC,HI,A,6.8,601+,4.2,601+,18.8,701+,16.9,604,54.7,341,7.6,701+,43.0,701+,23.4,483,8.0,701+,,universit de sherbrooke,QS World University Rankings 2025,International Education Costs Dataset,Medium,851.0,39.31,30600.0,56.8,30656.8,50.66,100.0,High Quality
Canada,Sherbrooke,University of Sherbrooke,Computer Science,Bachelor,4.0,30600,56.8,850,235,600,1.35,university of sherbrooke,university of sherbrooke,universit de sherbrooke,89.36170212765957,851-900,801-850,Université de Sherbrooke,Canada,Americas,L,FC,HI,A,6.8,601+,4.2,601+,18.8,701+,16.9,604,54.7,341,7.6,701+,43.0,701+,23.4,483,8.0,701+,,universit de sherbrooke,QS World University Rankings 2025,International Education Costs Dataset,Medium,851.0,39.31,30600.0,56.8,30656.8,50.66,100.0,High Quality
Canada,Sherbrooke,University of Sherbrooke,Computer Science,Master,2.0,20800,56.8,850,235,600,1.35,university of sherbrooke,university of sherbrooke,universit de sherbrooke,89.36170212765957,851-900,801-850,Université de Sherbrooke,Canada,Americas,L,FC,HI,A,6.8,601+,4.2,601+,18.8,701+,16.9,604,54.7,341,7.6,701+,43.0,701+,23.4,483,8.0,701+,,universit de sherbrooke,QS World University Rankings 2025,International Education Costs Dataset,Medium,851.0,39.31,20800.0,56.8,20856.8,66.45,100.0,High Quality
Canada,Sherbrooke,University of Sherbrooke,Computer Science,Master,2.0,20800,56.8,850,235,600,1.35,university of sherbrooke,university of sherbrooke,universit de sherbrooke,89.36170212765957,851-900,801-850,Université de Sherbrooke,Canada,Americas,L,FC,HI,A,6.8,601+,4.2,601+,18.8,701+,16.9,604,54.7,341,7.6,701+,43.0,701+,23.4,483,8.0,701+,,universit de sherbrooke,QS World University Rankings 2025,International Education Costs Dataset,Medium,851.0,39.31,20800.0,56.8,20856.8,66.45,100.0,High Quality
Canada,Windsor,University of Windsor,Computer Science,Bachelor,4.0,30000,58.9,950,235,600,1.35,university of windsor,university of windsor,university of windsor,100.0,547,641-650,University of Windsor,Canada,Americas,L,CO,VH,A,3.9,601+,3.9,601+,2.2,701+,36.2,378,88.7,199,83.8,159,51.1,701+,25.8,458,38.5,381=,22.6,university of windsor,QS World University Rankings 2025,International Education Costs Dataset,Excellent,547.0,61.04,30000.0,58.9,30058.9,51.63,100.0,High Quality
Canada,Windsor,University of Windsor,Computer Science,Bachelor,4.0,30000,58.9,950,235,600,1.35,university of windsor,university of windsor,university of windsor,100.0,547,641-650,University of Windsor,Canada,Americas,L,CO,VH,A,3.9,601+,3.9,601+,2.2,701+,36.2,378,88.7,199,83.8,159,51.1,701+,25.8,458,38.5,381=,22.6,university of windsor,QS World University Rankings 2025,International Education Costs Dataset,Excellent,547.0,61.04,30000.0,58.9,30058.9,51.63,100.0,High Quality
Canada,Windsor,University of Windsor,Computer Science,Master,2.0,20500,58.9,950,235,600,1.35,university of windsor,university of windsor,university of windsor,100.0,547,641-650,University of Windsor,Canada,Americas,L,CO,VH,A,3.9,601+,3.9,601+,2.2,701+,36.2,378,88.7,199,83.8,159,51.1,701+,25.8,458,38.5,381=,22.6,university of windsor,QS World University Rankings 2025,International Education Costs Dataset,Excellent,547.0,61.04,20500.0,58.9,20558.9,66.93,100.0,High Quality
Canada,Windsor,University of Windsor,Computer Science,Master,2.0,20500,58.9,950,235,600,1.35,university of windsor,university of windsor,university of windsor,100.0,547,641-650,University of Windsor,Canada,Americas,L,CO,VH,A,3.9,601+,3.9,601+,2.2,701+,36.2,378,88.7,199,83.8,159,51.1,701+,25.8,458,38.5,381=,22.6,university of windsor,QS World University Rankings 2025,International Education Costs Dataset,Excellent,547.0,61.04,20500.0,58.9,20558.9,66.93,100.0,High Quality
Canada,Moncton,University of New Brunswick,Computer Science,Bachelor,4.0,29400,57.2,900,235,600,1.35,university of new brunswick,university of new brunswick,university of new brunswick,100.0,681-690,711-720,University of New Brunswick,Canada,Americas,M,CO,VH,A,4.9,601+,8.3,601+,19.9,677,27.5,470,61.0,320,34.1,397,48.7,701+,17.3,613,29.0,453=,,university of new brunswick,QS World University Rankings 2025,International Education Costs Dataset,Excellent,681.0,51.47,29400.0,57.2,29457.2,52.6,100.0,High Quality
Canada,Moncton,University of New Brunswick,Computer Science,Bachelor,4.0,29400,57.2,900,235,600,1.35,university of new brunswick,university of new brunswick,university of new brunswick,100.0,681-690,711-720,University of New Brunswick,Canada,Americas,M,CO,VH,A,4.9,601+,8.3,601+,19.9,677,27.5,470,61.0,320,34.1,397,48.7,701+,17.3,613,29.0,453=,,university of new brunswick,QS World University Rankings 2025,International Education Costs Dataset,Excellent,681.0,51.47,29400.0,57.2,29457.2,52.6,100.0,High Quality
Canada,Moncton,University of New Brunswick,Computer Science,Master,2.0,20200,57.2,900,235,600,1.35,university of new brunswick,university of new brunswick,university of new brunswick,100.0,681-690,711-720,University of New Brunswick,Canada,Americas,M,CO,VH,A,4.9,601+,8.3,601+,19.9,677,27.5,470,61.0,320,34.1,397,48.7,701+,17.3,613,29.0,453=,,university of new brunswick,QS World University Rankings 2025,International Education Costs Dataset,Excellent,681.0,51.47,20200.0,57.2,20257.2,67.42,100.0,High Quality
Canada,Moncton,University of New Brunswick,Computer Science,Master,2.0,20200,57.2,900,235,600,1.35,university of new brunswick,university of new brunswick,university of new brunswick,100.0,681-690,711-720,University of New Brunswick,Canada,Americas,M,CO,VH,A,4.9,601+,8.3,601+,19.9,677,27.5,470,61.0,320,34.1,397,48.7,701+,17.3,613,29.0,453=,,university of new brunswick,QS World University Rankings 2025,International Education Costs Dataset,Excellent,681.0,51.47,20200.0,57.2,20257.2,67.42,100.0,High Quality
Canada,Trois-Rivieres,UQTR,Computer Science,Bachelor,4.0,28800,56.5,850,235,600,1.35,uqtr,uqtr,,,,,,,,,,,,,,,,,,,,,,,,,,,,,,,,Not Matched,International Education Costs Dataset,Unmatched,,,28800.0,56.5,28856.5,53.56,75.0,High Quality
Canada,Trois-Rivieres,UQTR,Computer Science,Bachelor,4.0,28800,56.5,850,235,600,1.35,uqtr,uqtr,,,,,,,,,,,,,,,,,,,,,,,,,,,,,,,,Not Matched,International Education Costs Dataset,Unmatched,,,28800.0,56.5,28856.5,53.56,75.0,High Quality
Canada,Trois-Rivieres,UQTR,Computer Science,Master,2.0,19900,56.5,850,235,600,1.35,uqtr,uqtr,,,,,,,,,,,,,,,,,,,,,,,,,,,,,,,,Not Matched,International Education Costs Dataset,Unmatched,,,19900.0,56.5,19956.5,67.9,75.0,High Quality
Canada,Trois-Rivieres,UQTR,Computer Science,Master,2.0,19900,56.5,850,235,600,1.35,uqtr,uqtr,,,,,,,,,,,,,,,,,,,,,,,,,,,,,,,,Not Matched,International Education Costs Dataset,Unmatched,,,19900.0,56.5,19956.5,67.9,75.0,High Quality
Canada,Thunder Bay,Lakehead University,Computer Science,Bachelor,4.0,28200,56.2,800,235,600,1.35,lakehead university,lakehead university,,,,,,,,,,,,,,,,,,,,,,,,,,,,,,,,Not Matched,International Education Costs Dataset,Unmatched,,,28200.0,56.2,28256.2,54.53,75.0,High Quality
Canada,Thunder Bay,Lakehead University,Computer Science,Bachelor,4.0,28200,56.2,800,235,600,1.35,lakehead university,lakehead university,,,,,,,,,,,,,,,,,,,,,,,,,,,,,,,,Not Matched,International Education Costs Dataset,Unmatched,,,28200.0,56.2,28256.2,54.53,75.0,High Quality
Canada,Thunder Bay,Lakehead University,Computer Science,Master,2.0,19600,56.2,800,235,600,1.35,lakehead university,lakehead university,,,,,,,,,,,,,,,,,,,,,,,,,,,,,,,,Not Matched,International Education Costs Dataset,Unmatched,,,19600.0,56.2,19656.2,68.39,75.0,High Quality
Canada,Thunder Bay,Lakehead University,Computer Science,Master,2.0,19600,56.2,800,235,600,1.35,lakehead university,lakehead university,,,,,,,,,,,,,,,,,,,,,,,,,,,,,,,,Not Matched,International Education Costs Dataset,Unmatched,,,19600.0,56.2,19656.2,68.39,75.0,High Quality
Canada,Sudbury,Laurentian University,Computer Science,Bachelor,4.0,27600,55.8,800,235,600,1.35,laurentian university,laurentian university,,,,,,,,,,,,,,,,,,,,,,,,,,,,,,,,Not Matched,International Education Costs Dataset,Unmatched,,,27600.0,55.8,27655.8,55.5,75.0,High Quality
Canada,Sudbury,Laurentian University,Computer Science,Bachelor,4.0,27600,55.8,800,235,600,1.35,laurentian university,laurentian university,,,,,,,,,,,,,,,,,,,,,,,,,,,,,,,,Not Matched,International Education Costs Dataset,Unmatched,,,27600.0,55.8,27655.8,55.5,75.0,High Quality
Canada,Sudbury,Laurentian University,Computer Science,Master,2.0,19300,55.8,800,235,600,1.35,laurentian university,laurentian university,,,,,,,,,,,,,,,,,,,,,,,,,,,,,,,,Not Matched,International Education Costs Dataset,Unmatched,,,19300.0,55.8,19355.8,68.87,75.0,High Quality
Canada,Sudbury,Laurentian University,Computer Science,Master,2.0,19300,55.8,800,235,600,1.35,laurentian university,laurentian university,,,,,,,,,,,,,,,,,,,,,,,,,,,,,,,,Not Matched,International Education Costs Dataset,Unmatched,,,19300.0,55.8,19355.8,68.87,75.0,High Quality
Canada,Prince George,UNBC,Computer Science,Bachelor,4.0,27000,55.5,750,235,600,1.35,unbc,unbc,,,,,,,,,,,,,,,,,,,,,,,,,,,,,,,,Not Matched,International Education Costs Dataset,Unmatched,,,27000.0,55.5,27055.5,56.47,75.0,High Quality
Canada,Prince George,UNBC,Computer Science,Bachelor,4.0,27000,55.5,750,235,600,1.35,unbc,unbc,,,,,,,,,,,,,,,,,,,,,,,,,,,,,,,,Not Matched,International Education Costs Dataset,Unmatched,,,27000.0,55.5,27055.5,56.47,75.0,High Quality
Canada,Prince George,UNBC,Computer Science,Master,2.0,19000,55.5,750,235,600,1.35,unbc,unbc,,,,,,,,,,,,,,,,,,,,,,,,,,,,,,,,Not Matched,International Education Costs Dataset,Unmatched,,,19000.0,55.5,19055.5,69.36,75.0,High Quality
Canada,Prince George,UNBC,Computer Science,Master,2.0,19000,55.5,750,235,600,1.35,unbc,unbc,,,,,,,,,,,,,,,,,,,,,,,,,,,,,,,,Not Matched,International Education Costs Dataset,Unmatched,,,19000.0,55.5,19055.5,69.36,75.0,High Quality
Australia,Melbourne,University of Melbourne,Computer Science,Bachelor,3.0,42500,72.8,1800,450,650,1.52,university of melbourne,university of melbourne,the university of melbourne,92.0,13,14,The University of Melbourne,Australia,Oceania,XL,FC,VH,A,98.5,21,93.9,39,15.4,701+,93.0,62,95.1,148,99.8,39,97.4,33,96.5,39,99.6,9,88.9,the university of melbourne,QS World University Rankings 2025,International Education Costs Dataset,High,13.0,99.21,42500.0,72.8,42572.8,31.46,100.0,High Quality
Australia,Melbourne,University of Melbourne,Computer Science,Bachelor,3.0,42500,72.8,1800,450,650,1.52,university of melbourne,university of melbourne,the university of melbourne,92.0,13,14,The University of Melbourne,Australia,Oceania,XL,FC,VH,A,98.5,21,93.9,39,15.4,701+,93.0,62,95.1,148,99.8,39,97.4,33,96.5,39,99.6,9,88.9,the university of melbourne,QS World University Rankings 2025,International Education Costs Dataset,High,13.0,99.21,42500.0,72.8,42572.8,31.46,100.0,High Quality
Australia,Melbourne,University of Melbourne,Computer Science,Bachelor,3.0,42500,72.8,1800,450,650,1.52,university of melbourne,university of melbourne,the university of melbourne,92.0,13,14,The University of Melbourne,Australia,Oceania,XL,FC,VH,A,98.5,21,93.9,39,15.4,701+,93.0,62,95.1,148,99.8,39,97.4,33,96.5,39,99.6,9,88.9,the university of melbourne,QS World University Rankings 2025,International Education Costs Dataset,High,13.0,99.21,42500.0,72.8,42572.8,31.46,100.0,High Quality
Australia,Melbourne,University of Melbourne,Computer Science,Bachelor,3.0,42500,72.8,1800,450,650,1.52,university of melbourne,university of melbourne,the university of melbourne,92.0,13,14,The University of Melbourne,Australia,Oceania,XL,FC,VH,A,98.5,21,93.9,39,15.4,701+,93.0,62,95.1,148,99.8,39,97.4,33,96.5,39,99.6,9,88.9,the university of melbourne,QS World University Rankings 2025,International Education Costs Dataset,High,13.0,99.21,42500.0,72.8,42572.8,31.46,100.0,High Quality
Australia,Melbourne,University of Melbourne,Computer Science,Bachelor,3.0,42500,72.8,1800,450,650,1.52,university of melbourne,university of melbourne,the university of melbourne,92.0,13,14,The University of Melbourne,Australia,Oceania,XL,FC,VH,A,98.5,21,93.9,39,15.4,701+,93.0,62,95.1,148,99.8,39,97.4,33,96.5,39,99.6,9,88.9,the university of melbourne,QS World University Rankings 2025,International Education Costs Dataset,High,13.0,99.21,42500.0,72.8,42572.8,31.46,100.0,High Quality
Australia,Melbourne,University of Melbourne,Computer Science,Master,2.0,45800,72.8,1800,450,650,1.52,university of melbourne,university of melbourne,the university of melbourne,92.0,13,14,The University of Melbourne,Australia,Oceania,XL,FC,VH,A,98.5,21,93.9,39,15.4,701+,93.0,62,95.1,148,99.8,39,97.4,33,96.5,39,99.6,9,88.9,the university of melbourne,QS World University Rankings 2025,International Education Costs Dataset,High,13.0,99.21,45800.0,72.8,45872.8,26.15,100.0,High Quality
Australia,Melbourne,University of Melbourne,Computer Science,Master,2.0,45800,72.8,1800,450,650,1.52,university of melbourne,university of melbourne,the university of melbourne,92.0,13,14,The University of Melbourne,Australia,Oceania,XL,FC,VH,A,98.5,21,93.9,39,15.4,701+,93.0,62,95.1,148,99.8,39,97.4,33,96.5,39,99.6,9,88.9,the university of melbourne,QS World University Rankings 2025,International Education Costs Dataset,High,13.0,99.21,45800.0,72.8,45872.8,26.15,100.0,High Quality
Australia,Melbourne,University of Melbourne,Computer Science,Master,2.0,45800,72.8,1800,450,650,1.52,university of melbourne,university of melbourne,the university of melbourne,92.0,13,14,The University of Melbourne,Australia,Oceania,XL,FC,VH,A,98.5,21,93.9,39,15.4,701+,93.0,62,95.1,148,99.8,39,97.4,33,96.5,39,99.6,9,88.9,the university of melbourne,QS World University Rankings 2025,International Education Costs Dataset,High,13.0,99.21,45800.0,72.8,45872.8,26.15,100.0,High Quality
Australia,Melbourne,University of Melbourne,Computer Science,Master,2.0,45800,72.8,1800,450,650,1.52,university of melbourne,university of melbourne,the university of melbourne,92.0,13,14,The University of Melbourne,Australia,Oceania,XL,FC,VH,A,98.5,21,93.9,39,15.4,701+,93.0,62,95.1,148,99.8,39,97.4,33,96.5,39,99.6,9,88.9,the university of melbourne,QS World University Rankings 2025,International Education Costs Dataset,High,13.0,99.21,45800.0,72.8,45872.8,26.15,100.0,High Quality
Australia,Melbourne,University of Melbourne,Computer Science,Master,2.0,45800,72.8,1800,450,650,1.52,university of melbourne,university of melbourne,the university of melbourne,92.0,13,14,The University of Melbourne,Australia,Oceania,XL,FC,VH,A,98.5,21,93.9,39,15.4,701+,93.0,62,95.1,148,99.8,39,97.4,33,96.5,39,99.6,9,88.9,the university of melbourne,QS World University Rankings 2025,International Education Costs Dataset,High,13.0,99.21,45800.0,72.8,45872.8,26.15,100.0,High Quality
Australia,Melbourne,University of Melbourne,Computer Science,PhD,4.0,35000,72.8,1800,450,650,1.52,university of melbourne,university of melbourne,the university of melbourne,92.0,13,14,The University of Melbourne,Australia,Oceania,XL,FC,VH,A,98.5,21,93.9,39,15.4,701+,93.0,62,95.1,148,99.8,39,97.4,33,96.5,39,99.6,9,88.9,the university of melbourne,QS World University Rankings 2025,International Education Costs Dataset,High,13.0,99.21,35000.0,72.8,35072.8,43.55,100.0,High Quality
Australia,Melbourne,University of Melbourne,Computer Science,PhD,4.0,35000,72.8,1800,450,650,1.52,university of melbourne,university of melbourne,the university of melbourne,92.0,13,14,The University of Melbourne,Australia,Oceania,XL,FC,VH,A,98.5,21,93.9,39,15.4,701+,93.0,62,95.1,148,99.8,39,97.4,33,96.5,39,99.6,9,88.9,the university of melbourne,QS World University Rankings 2025,International Education Costs Dataset,High,13.0,99.21,35000.0,72.8,35072.8,43.55,100.0,High Quality
Australia,Melbourne,University of Melbourne,Computer Science,PhD,4.0,35000,72.8,1800,450,650,1.52,university of melbourne,university of melbourne,the university of melbourne,92.0,13,14,The University of Melbourne,Australia,Oceania,XL,FC,VH,A,98.5,21,93.9,39,15.4,701+,93.0,62,95.1,148,99.8,39,97.4,33,96.5,39,99.6,9,88.9,the university of melbourne,QS World University Rankings 2025,International Education Costs Dataset,High,13.0,99.21,35000.0,72.8,35072.8,43.55,100.0,High Quality
Australia,Melbourne,University of Melbourne,Computer Science,PhD,4.0,35000,72.8,1800,450,650,1.52,university of melbourne,university of melbourne,the university of melbourne,92.0,13,14,The University of Melbourne,Australia,Oceania,XL,FC,VH,A,98.5,21,93.9,39,15.4,701+,93.0,62,95.1,148,99.8,39,97.4,33,96.5,39,99.6,9,88.9,the university of melbourne,QS World University Rankings 2025,International Education Costs Dataset,High,13.0,99.21,35000.0,72.8,35072.8,43.55,100.0,High Quality
Australia,Melbourne,University of Melbourne,Computer Science,PhD,4.0,35000,72.8,1800,450,650,1.52,university of melbourne,university of melbourne,the university of melbourne,92.0,13,14,The University of Melbourne,Australia,Oceania,XL,FC,VH,A,98.5,21,93.9,39,15.4,701+,93.0,62,95.1,148,99.8,39,97.4,33,96.5,39,99.6,9,88.9,the university of melbourne,QS World University Rankings 2025,International Education Costs Dataset,High,13.0,99.21,35000.0,72.8,35072.8,43.55,100.0,High Quality
Australia,Sydney,University of Sydney,Computer Science,Bachelor,3.0,41800,74.5,2000,450,650,1.52,university of sydney,university of sydney,the university of sydney,90.9090909090909,18,19,The University of Sydney,Australia,Oceania,XL,FC,VH,A,96.4,30,90.0,51,10.9,701+,93.7,56,99.9,87,100.0,17,95.8,61,93.1,63,99.6,7,87.3,the university of sydney,QS World University Rankings 2025,International Education Costs Dataset,High,18.0,98.86,41800.0,74.5,41874.5,32.59,100.0,High Quality
Australia,Sydney,University of Sydney,Computer Science,Bachelor,3.0,41800,74.5,2000,450,650,1.52,university of sydney,university of sydney,the university of sydney,90.9090909090909,18,19,The University of Sydney,Australia,Oceania,XL,FC,VH,A,96.4,30,90.0,51,10.9,701+,93.7,56,99.9,87,100.0,17,95.8,61,93.1,63,99.6,7,87.3,the university of sydney,QS World University Rankings 2025,International Education Costs Dataset,High,18.0,98.86,41800.0,74.5,41874.5,32.59,100.0,High Quality
Australia,Sydney,University of Sydney,Computer Science,Bachelor,3.0,41800,74.5,2000,450,650,1.52,university of sydney,university of sydney,the university of sydney,90.9090909090909,18,19,The University of Sydney,Australia,Oceania,XL,FC,VH,A,96.4,30,90.0,51,10.9,701+,93.7,56,99.9,87,100.0,17,95.8,61,93.1,63,99.6,7,87.3,the university of sydney,QS World University Rankings 2025,International Education Costs Dataset,High,18.0,98.86,41800.0,74.5,41874.5,32.59,100.0,High Quality
Australia,Sydney,University of Sydney,Computer Science,Bachelor,3.0,41800,74.5,2000,450,650,1.52,university of sydney,university of sydney,the university of sydney,90.9090909090909,18,19,The University of Sydney,Australia,Oceania,XL,FC,VH,A,96.4,30,90.0,51,10.9,701+,93.7,56,99.9,87,100.0,17,95.8,61,93.1,63,99.6,7,87.3,the university of sydney,QS World University Rankings 2025,International Education Costs Dataset,High,18.0,98.86,41800.0,74.5,41874.5,32.59,100.0,High Quality
Australia,Sydney,University of Sydney,Computer Science,Bachelor,3.0,41800,74.5,2000,450,650,1.52,university of sydney,university of sydney,the university of sydney,90.9090909090909,18,19,The University of Sydney,Australia,Oceania,XL,FC,VH,A,96.4,30,90.0,51,10.9,701+,93.7,56,99.9,87,100.0,17,95.8,61,93.1,63,99.6,7,87.3,the university of sydney,QS World University Rankings 2025,International Education Costs Dataset,High,18.0,98.86,41800.0,74.5,41874.5,32.59,100.0,High Quality
Australia,Sydney,University of Sydney,Computer Science,Master,2.0,44900,74.5,2000,450,650,1.52,university of sydney,university of sydney,the university of sydney,90.9090909090909,18,19,The University of Sydney,Australia,Oceania,XL,FC,VH,A,96.4,30,90.0,51,10.9,701+,93.7,56,99.9,87,100.0,17,95.8,61,93.1,63,99.6,7,87.3,the university of sydney,QS World University Rankings 2025,International Education Costs Dataset,High,18.0,98.86,44900.0,74.5,44974.5,27.59,100.0,High Quality
Australia,Sydney,University of Sydney,Computer Science,Master,2.0,44900,74.5,2000,450,650,1.52,university of sydney,university of sydney,the university of sydney,90.9090909090909,18,19,The University of Sydney,Australia,Oceania,XL,FC,VH,A,96.4,30,90.0,51,10.9,701+,93.7,56,99.9,87,100.0,17,95.8,61,93.1,63,99.6,7,87.3,the university of sydney,QS World University Rankings 2025,International Education Costs Dataset,High,18.0,98.86,44900.0,74.5,44974.5,27.59,100.0,High Quality
Australia,Sydney,University of Sydney,Computer Science,Master,2.0,44900,74.5,2000,450,650,1.52,university of sydney,university of sydney,the university of sydney,90.9090909090909,18,19,The University of Sydney,Australia,Oceania,XL,FC,VH,A,96.4,30,90.0,51,10.9,701+,93.7,56,99.9,87,100.0,17,95.8,61,93.1,63,99.6,7,87.3,the university of sydney,QS World University Rankings 2025,International Education Costs Dataset,High,18.0,98.86,44900.0,74.5,44974.5,27.59,100.0,High Quality
Australia,Sydney,University of Sydney,Computer Science,Master,2.0,44900,74.5,2000,450,650,1.52,university of sydney,university of sydney,the university of sydney,90.9090909090909,18,19,The University of Sydney,Australia,Oceania,XL,FC,VH,A,96.4,30,90.0,51,10.9,701+,93.7,56,99.9,87,100.0,17,95.8,61,93.1,63,99.6,7,87.3,the university of sydney,QS World University Rankings 2025,International Education Costs Dataset,High,18.0,98.86,44900.0,74.5,44974.5,27.59,100.0,High Quality
Australia,Sydney,University of Sydney,Computer Science,Master,2.0,44900,74.5,2000,450,650,1.52,university of sydney,university of sydney,the university of sydney,90.9090909090909,18,19,The University of Sydney,Australia,Oceania,XL,FC,VH,A,96.4,30,90.0,51,10.9,701+,93.7,56,99.9,87,100.0,17,95.8,61,93.1,63,99.6,7,87.3,the university of sydney,QS World University Rankings 2025,International Education Costs Dataset,High,18.0,98.86,44900.0,74.5,44974.5,27.59,100.0,High Quality
Australia,Sydney,University of Sydney,Computer Science,PhD,4.0,34500,74.5,2000,450,650,1.52,university of sydney,university of sydney,the university of sydney,90.9090909090909,18,19,The University of Sydney,Australia,Oceania,XL,FC,VH,A,96.4,30,90.0,51,10.9,701+,93.7,56,99.9,87,100.0,17,95.8,61,93.1,63,99.6,7,87.3,the university of sydney,QS World University Rankings 2025,International Education Costs Dataset,High,18.0,98.86,34500.0,74.5,34574.5,44.35,100.0,High Quality
Australia,Sydney,University of Sydney,Computer Science,PhD,4.0,34500,74.5,2000,450,650,1.52,university of sydney,university of sydney,the university of sydney,90.9090909090909,18,19,The University of Sydney,Australia,Oceania,XL,FC,VH,A,96.4,30,90.0,51,10.9,701+,93.7,56,99.9,87,100.0,17,95.8,61,93.1,63,99.6,7,87.3,the university of sydney,QS World University Rankings 2025,International Education Costs Dataset,High,18.0,98.86,34500.0,74.5,34574.5,44.35,100.0,High Quality
Australia,Sydney,University of Sydney,Computer Science,PhD,4.0,34500,74.5,2000,450,650,1.52,university of sydney,university of sydney,the university of sydney,90.9090909090909,18,19,The University of Sydney,Australia,Oceania,XL,FC,VH,A,96.4,30,90.0,51,10.9,701+,93.7,56,99.9,87,100.0,17,95.8,61,93.1,63,99.6,7,87.3,the university of sydney,QS World University Rankings 2025,International Education Costs Dataset,High,18.0,98.86,34500.0,74.5,34574.5,44.35,100.0,High Quality
Australia,Sydney,University of Sydney,Computer Science,PhD,4.0,34500,74.5,2000,450,650,1.52,university of sydney,university of sydney,the university of sydney,90.9090909090909,18,19,The University of Sydney,Australia,Oceania,XL,FC,VH,A,96.4,30,90.0,51,10.9,701+,93.7,56,99.9,87,100.0,17,95.8,61,93.1,63,99.6,7,87.3,the university of sydney,QS World University Rankings 2025,International Education Costs Dataset,High,18.0,98.86,34500.0,74.5,34574.5,44.35,100.0,High Quality
Australia,Sydney,University of Sydney,Computer Science,PhD,4.0,34500,74.5,2000,450,650,1.52,university of sydney,university of sydney,the university of sydney,90.9090909090909,18,19,The University of Sydney,Australia,Oceania,XL,FC,VH,A,96.4,30,90.0,51,10.9,701+,93.7,56,99.9,87,100.0,17,95.8,61,93.1,63,99.6,7,87.3,the university of sydney,QS World University Rankings 2025,International Education Costs Dataset,High,18.0,98.86,34500.0,74.5,34574.5,44.35,100.0,High Quality
Australia,Canberra,Australian National University,Computer Science,Bachelor,3.0,41200,68.9,1600,450,650,1.52,australian national university,australian national university,the australian national university,93.75,30,34,The Australian National University,Australia,Oceania,L,FC,VH,A,93.8,36,75.4,85,34.6,457,84.6,97,100.0,52,96.2,89,91.4,151,56.6,216,97.1,30=,82.4,the australian national university,QS World University Rankings 2025,International Education Costs Dataset,High,30.0,98.0,41200.0,68.9,41268.9,33.56,100.0,High Quality
Australia,Canberra,Australian National University,Computer Science,Bachelor,3.0,41200,68.9,1600,450,650,1.52,australian national university,australian national university,the australian national university,93.75,30,34,The Australian National University,Australia,Oceania,L,FC,VH,A,93.8,36,75.4,85,34.6,457,84.6,97,100.0,52,96.2,89,91.4,151,56.6,216,97.1,30=,82.4,the australian national university,QS World University Rankings 2025,International Education Costs Dataset,High,30.0,98.0,41200.0,68.9,41268.9,33.56,100.0,High Quality
Australia,Canberra,Australian National University,Computer Science,Bachelor,3.0,41200,68.9,1600,450,650,1.52,australian national university,australian national university,the australian national university,93.75,30,34,The Australian National University,Australia,Oceania,L,FC,VH,A,93.8,36,75.4,85,34.6,457,84.6,97,100.0,52,96.2,89,91.4,151,56.6,216,97.1,30=,82.4,the australian national university,QS World University Rankings 2025,International Education Costs Dataset,High,30.0,98.0,41200.0,68.9,41268.9,33.56,100.0,High Quality
Australia,Canberra,Australian National University,Computer Science,Bachelor,3.0,41200,68.9,1600,450,650,1.52,australian national university,australian national university,the australian national university,93.75,30,34,The Australian National University,Australia,Oceania,L,FC,VH,A,93.8,36,75.4,85,34.6,457,84.6,97,100.0,52,96.2,89,91.4,151,56.6,216,97.1,30=,82.4,the australian national university,QS World University Rankings 2025,International Education Costs Dataset,High,30.0,98.0,41200.0,68.9,41268.9,33.56,100.0,High Quality
Australia,Canberra,Australian National University,Computer Science,Bachelor,3.0,41200,68.9,1600,450,650,1.52,australian national university,australian national university,the australian national university,93.75,30,34,The Australian National University,Australia,Oceania,L,FC,VH,A,93.8,36,75.4,85,34.6,457,84.6,97,100.0,52,96.2,89,91.4,151,56.6,216,97.1,30=,82.4,the australian national university,QS World University Rankings 2025,International Education Costs Dataset,High,30.0,98.0,41200.0,68.9,41268.9,33.56,100.0,High Quality
Australia,Canberra,Australian National University,Computer Science,Master,2.0,44200,68.9,1600,450,650,1.52,australian national university,australian national university,the australian national university,93.75,30,34,The Australian National University,Australia,Oceania,L,FC,VH,A,93.8,36,75.4,85,34.6,457,84.6,97,100.0,52,96.2,89,91.4,151,56.6,216,97.1,30=,82.4,the australian national university,QS World University Rankings 2025,International Education Costs Dataset,High,30.0,98.0,44200.0,68.9,44268.9,28.73,100.0,High Quality
Australia,Canberra,Australian National University,Computer Science,Master,2.0,44200,68.9,1600,450,650,1.52,australian national university,australian national university,the australian national university,93.75,30,34,The Australian National University,Australia,Oceania,L,FC,VH,A,93.8,36,75.4,85,34.6,457,84.6,97,100.0,52,96.2,89,91.4,151,56.6,216,97.1,30=,82.4,the australian national university,QS World University Rankings 2025,International Education Costs Dataset,High,30.0,98.0,44200.0,68.9,44268.9,28.73,100.0,High Quality
Australia,Canberra,Australian National University,Computer Science,Master,2.0,44200,68.9,1600,450,650,1.52,australian national university,australian national university,the australian national university,93.75,30,34,The Australian National University,Australia,Oceania,L,FC,VH,A,93.8,36,75.4,85,34.6,457,84.6,97,100.0,52,96.2,89,91.4,151,56.6,216,97.1,30=,82.4,the australian national university,QS World University Rankings 2025,International Education Costs Dataset,High,30.0,98.0,44200.0,68.9,44268.9,28.73,100.0,High Quality
Australia,Canberra,Australian National University,Computer Science,Master,2.0,44200,68.9,1600,450,650,1.52,australian national university,australian national university,the australian national university,93.75,30,34,The Australian National University,Australia,Oceania,L,FC,VH,A,93.8,36,75.4,85,34.6,457,84.6,97,100.0,52,96.2,89,91.4,151,56.6,216,97.1,30=,82.4,the australian national university,QS World University Rankings 2025,International Education Costs Dataset,High,30.0,98.0,44200.0,68.9,44268.9,28.73,100.0,High Quality
Australia,Canberra,Australian National University,Computer Science,Master,2.0,44200,68.9,1600,450,650,1.52,australian national university,australian national university,the australian national university,93.75,30,34,The Australian National University,Australia,Oceania,L,FC,VH,A,93.8,36,75.4,85,34.6,457,84.6,97,100.0,52,96.2,89,91.4,151,56.6,216,97.1,30=,82.4,the australian national university,QS World University Rankings 2025,International Education Costs Dataset,High,30.0,98.0,44200.0,68.9,44268.9,28.73,100.0,High Quality
Australia,Canberra,Australian National University,Computer Science,PhD,4.0,34000,68.9,1600,450,650,1.52,australian national university,australian national university,the australian national university,93.75,30,34,The Australian National University,Australia,Oceania,L,FC,VH,A,93.8,36,75.4,85,34.6,457,84.6,97,100.0,52,96.2,89,91.4,151,56.6,216,97.1,30=,82.4,the australian national university,QS World University Rankings 2025,International Education Costs Dataset,High,30.0,98.0,34000.0,68.9,34068.9,45.17,100.0,High Quality
Australia,Canberra,Australian National University,Computer Science,PhD,4.0,34000,68.9,1600,450,650,1.52,australian national university,australian national university,the australian national university,93.75,30,34,The Australian National University,Australia,Oceania,L,FC,VH,A,93.8,36,75.4,85,34.6,457,84.6,97,100.0,52,96.2,89,91.4,151,56.6,216,97.1,30=,82.4,the australian national university,QS World University Rankings 2025,International Education Costs Dataset,High,30.0,98.0,34000.0,68.9,34068.9,45.17,100.0,High Quality
Australia,Canberra,Australian National University,Computer Science,PhD,4.0,34000,68.9,1600,450,650,1.52,australian national university,australian national university,the australian national university,93.75,30,34,The Australian National University,Australia,Oceania,L,FC,VH,A,93.8,36,75.4,85,34.6,457,84.6,97,100.0,52,96.2,89,91.4,151,56.6,216,97.1,30=,82.4,the australian national university,QS World University Rankings 2025,International Education Costs Dataset,High,30.0,98.0,34000.0,68.9,34068.9,45.17,100.0,High Quality
Australia,Canberra,Australian National University,Computer Science,PhD,4.0,34000,68.9,1600,450,650,1.52,australian national university,australian national university,the australian national university,93.75,30,34,The Australian National University,Australia,Oceania,L,FC,VH,A,93.8,36,75.4,85,34.6,457,84.6,97,100.0,52,96.2,89,91.4,151,56.6,216,97.1,30=,82.4,the australian national university,QS World University Rankings 2025,International Education Costs Dataset,High,30.0,98.0,34000.0,68.9,34068.9,45.17,100.0,High Quality
Australia,Canberra,Australian National University,Computer Science,PhD,4.0,34000,68.9,1600,450,650,1.52,australian national university,australian national university,the australian national university,93.75,30,34,The Australian National University,Australia,Oceania,L,FC,VH,A,93.8,36,75.4,85,34.6,457,84.6,97,100.0,52,96.2,89,91.4,151,56.6,216,97.1,30=,82.4,the australian national university,QS World University Rankings 2025,International Education Costs Dataset,High,30.0,98.0,34000.0,68.9,34068.9,45.17,100.0,High Quality
Australia,Brisbane,University of Queensland,Computer Science,Bachelor,3.0,40500,69.2,1500,450,650,1.52,university of queensland,university of queensland,the university of queensland,92.3076923076923,40,43,The University of Queensland,Australia,Oceania,XL,FC,VH,A,86.7,50,74.0,89,21.2,653,90.2,75,100.0,54,100.0,23,96.7,47,56.7,214,96.7,36,80.2,the university of queensland,QS World University Rankings 2025,International Education Costs Dataset,High,40.0,97.28,40500.0,69.2,40569.2,34.69,100.0,High Quality
Australia,Brisbane,University of Queensland,Computer Science,Bachelor,3.0,40500,69.2,1500,450,650,1.52,university of queensland,university of queensland,the university of queensland,92.3076923076923,40,43,The University of Queensland,Australia,Oceania,XL,FC,VH,A,86.7,50,74.0,89,21.2,653,90.2,75,100.0,54,100.0,23,96.7,47,56.7,214,96.7,36,80.2,the university of queensland,QS World University Rankings 2025,International Education Costs Dataset,High,40.0,97.28,40500.0,69.2,40569.2,34.69,100.0,High Quality
Australia,Brisbane,University of Queensland,Computer Science,Bachelor,3.0,40500,69.2,1500,450,650,1.52,university of queensland,university of queensland,the university of queensland,92.3076923076923,40,43,The University of Queensland,Australia,Oceania,XL,FC,VH,A,86.7,50,74.0,89,21.2,653,90.2,75,100.0,54,100.0,23,96.7,47,56.7,214,96.7,36,80.2,the university of queensland,QS World University Rankings 2025,International Education Costs Dataset,High,40.0,97.28,40500.0,69.2,40569.2,34.69,100.0,High Quality
Australia,Brisbane,University of Queensland,Computer Science,Bachelor,3.0,40500,69.2,1500,450,650,1.52,university of queensland,university of queensland,the university of queensland,92.3076923076923,40,43,The University of Queensland,Australia,Oceania,XL,FC,VH,A,86.7,50,74.0,89,21.2,653,90.2,75,100.0,54,100.0,23,96.7,47,56.7,214,96.7,36,80.2,the university of queensland,QS World University Rankings 2025,International Education Costs Dataset,High,40.0,97.28,40500.0,69.2,40569.2,34.69,100.0,High Quality
Australia,Brisbane,University of Queensland,Computer Science,Master,2.0,43500,69.2,1500,450,650,1.52,university of queensland,university of queensland,the university of queensland,92.3076923076923,40,43,The University of Queensland,Australia,Oceania,XL,FC,VH,A,86.7,50,74.0,89,21.2,653,90.2,75,100.0,54,100.0,23,96.7,47,56.7,214,96.7,36,80.2,the university of queensland,QS World University Rankings 2025,International Education Costs Dataset,High,40.0,97.28,43500.0,69.2,43569.2,29.86,100.0,High Quality
Australia,Brisbane,University of Queensland,Computer Science,Master,2.0,43500,69.2,1500,450,650,1.52,university of queensland,university of queensland,the university of queensland,92.3076923076923,40,43,The University of Queensland,Australia,Oceania,XL,FC,VH,A,86.7,50,74.0,89,21.2,653,90.2,75,100.0,54,100.0,23,96.7,47,56.7,214,96.7,36,80.2,the university of queensland,QS World University Rankings 2025,International Education Costs Dataset,High,40.0,97.28,43500.0,69.2,43569.2,29.86,100.0,High Quality
Australia,Brisbane,University of Queensland,Computer Science,Master,2.0,43500,69.2,1500,450,650,1.52,university of queensland,university of queensland,the university of queensland,92.3076923076923,40,43,The University of Queensland,Australia,Oceania,XL,FC,VH,A,86.7,50,74.0,89,21.2,653,90.2,75,100.0,54,100.0,23,96.7,47,56.7,214,96.7,36,80.2,the university of queensland,QS World University Rankings 2025,International Education Costs Dataset,High,40.0,97.28,43500.0,69.2,43569.2,29.86,100.0,High Quality
Australia,Brisbane,University of Queensland,Computer Science,Master,2.0,43500,69.2,1500,450,650,1.52,university of queensland,university of queensland,the university of queensland,92.3076923076923,40,43,The University of Queensland,Australia,Oceania,XL,FC,VH,A,86.7,50,74.0,89,21.2,653,90.2,75,100.0,54,100.0,23,96.7,47,56.7,214,96.7,36,80.2,the university of queensland,QS World University Rankings 2025,International Education Costs Dataset,High,40.0,97.28,43500.0,69.2,43569.2,29.86,100.0,High Quality
Australia,Brisbane,University of Queensland,Computer Science,PhD,4.0,33500,69.2,1500,450,650,1.52,university of queensland,university of queensland,the university of queensland,92.3076923076923,40,43,The University of Queensland,Australia,Oceania,XL,FC,VH,A,86.7,50,74.0,89,21.2,653,90.2,75,100.0,54,100.0,23,96.7,47,56.7,214,96.7,36,80.2,the university of queensland,QS World University Rankings 2025,International Education Costs Dataset,High,40.0,97.28,33500.0,69.2,33569.2,45.97,100.0,High Quality
Australia,Brisbane,University of Queensland,Computer Science,PhD,4.0,33500,69.2,1500,450,650,1.52,university of queensland,university of queensland,the university of queensland,92.3076923076923,40,43,The University of Queensland,Australia,Oceania,XL,FC,VH,A,86.7,50,74.0,89,21.2,653,90.2,75,100.0,54,100.0,23,96.7,47,56.7,214,96.7,36,80.2,the university of queensland,QS World University Rankings 2025,International Education Costs Dataset,High,40.0,97.28,33500.0,69.2,33569.2,45.97,100.0,High Quality
Australia,Brisbane,University of Queensland,Computer Science,PhD,4.0,33500,69.2,1500,450,650,1.52,university of queensland,university of queensland,the university of queensland,92.3076923076923,40,43,The University of Queensland,Australia,Oceania,XL,FC,VH,A,86.7,50,74.0,89,21.2,653,90.2,75,100.0,54,100.0,23,96.7,47,56.7,214,96.7,36,80.2,the university of queensland,QS World University Rankings 2025,International Education Costs Dataset,High,40.0,97.28,33500.0,69.2,33569.2,45.97,100.0,High Quality
Australia,Brisbane,University of Queensland,Computer Science,PhD,4.0,33500,69.2,1500,450,650,1.52,university of queensland,university of queensland,the university of queensland,92.3076923076923,40,43,The University of Queensland,Australia,Oceania,XL,FC,VH,A,86.7,50,74.0,89,21.2,653,90.2,75,100.0,54,100.0,23,96.7,47,56.7,214,96.7,36,80.2,the university of queensland,QS World University Rankings 2025,International Education Costs Dataset,High,40.0,97.28,33500.0,69.2,33569.2,45.97,100.0,High Quality
Australia,Sydney,University of New South Wales,Computer Science,Bachelor,3.0,40200,74.5,1900,450,650,1.52,university of new south wales,university of new south wales,,,,,,,,,,,,,,,,,,,,,,,,,,,,,,,,Not Matched,International Education Costs Dataset,Unmatched,,,40200.0,74.5,40274.5,35.17,75.0,High Quality
Australia,Sydney,University of New South Wales,Computer Science,Bachelor,3.0,40200,74.5,1900,450,650,1.52,university of new south wales,university of new south wales,,,,,,,,,,,,,,,,,,,,,,,,,,,,,,,,Not Matched,International Education Costs Dataset,Unmatched,,,40200.0,74.5,40274.5,35.17,75.0,High Quality
Australia,Sydney,University of New South Wales,Computer Science,Bachelor,3.0,40200,74.5,1900,450,650,1.52,university of new south wales,university of new south wales,,,,,,,,,,,,,,,,,,,,,,,,,,,,,,,,Not Matched,International Education Costs Dataset,Unmatched,,,40200.0,74.5,40274.5,35.17,75.0,High Quality
Australia,Sydney,University of New South Wales,Computer Science,Master,2.0,43200,74.5,1900,450,650,1.52,university of new south wales,university of new south wales,,,,,,,,,,,,,,,,,,,,,,,,,,,,,,,,Not Matched,International Education Costs Dataset,Unmatched,,,43200.0,74.5,43274.5,30.33,75.0,High Quality
Australia,Sydney,University of New South Wales,Computer Science,Master,2.0,43200,74.5,1900,450,650,1.52,university of new south wales,university of new south wales,,,,,,,,,,,,,,,,,,,,,,,,,,,,,,,,Not Matched,International Education Costs Dataset,Unmatched,,,43200.0,74.5,43274.5,30.33,75.0,High Quality
Australia,Sydney,University of New South Wales,Computer Science,Master,2.0,43200,74.5,1900,450,650,1.52,university of new south wales,university of new south wales,,,,,,,,,,,,,,,,,,,,,,,,,,,,,,,,Not Matched,International Education Costs Dataset,Unmatched,,,43200.0,74.5,43274.5,30.33,75.0,High Quality
Australia,Sydney,University of New South Wales,Computer Science,PhD,4.0,33200,74.5,1900,450,650,1.52,university of new south wales,university of new south wales,,,,,,,,,,,,,,,,,,,,,,,,,,,,,,,,Not Matched,International Education Costs Dataset,Unmatched,,,33200.0,74.5,33274.5,46.45,75.0,High Quality
Australia,Sydney,University of New South Wales,Computer Science,PhD,4.0,33200,74.5,1900,450,650,1.52,university of new south wales,university of new south wales,,,,,,,,,,,,,,,,,,,,,,,,,,,,,,,,Not Matched,International Education Costs Dataset,Unmatched,,,33200.0,74.5,33274.5,46.45,75.0,High Quality
Australia,Sydney,University of New South Wales,Computer Science,PhD,4.0,33200,74.5,1900,450,650,1.52,university of new south wales,university of new south wales,,,,,,,,,,,,,,,,,,,,,,,,,,,,,,,,Not Matched,International Education Costs Dataset,Unmatched,,,33200.0,74.5,33274.5,46.45,75.0,High Quality
Australia,Melbourne,Monash University,Computer Science,Bachelor,3.0,39800,72.8,1700,450,650,1.52,monash university,monash university,monash university,100.0,37,42,Monash University,Australia,Oceania,XL,FC,VH,A,89.2,47,79.6,78,9.4,701+,87.6,84,100.0,59,100.0,24,94.8,81,79.4,126,98.2,23,81.2,monash university,QS World University Rankings 2025,International Education Costs Dataset,Excellent,37.0,97.5,39800.0,72.8,39872.8,35.81,100.0,High Quality
Australia,Melbourne,Monash University,Computer Science,Bachelor,3.0,39800,72.8,1700,450,650,1.52,monash university,monash university,monash university,100.0,37,42,Monash University,Australia,Oceania,XL,FC,VH,A,89.2,47,79.6,78,9.4,701+,87.6,84,100.0,59,100.0,24,94.8,81,79.4,126,98.2,23,81.2,monash university,QS World University Rankings 2025,International Education Costs Dataset,Excellent,37.0,97.5,39800.0,72.8,39872.8,35.81,100.0,High Quality
Australia,Melbourne,Monash University,Computer Science,Bachelor,3.0,39800,72.8,1700,450,650,1.52,monash university,monash university,monash university,100.0,37,42,Monash University,Australia,Oceania,XL,FC,VH,A,89.2,47,79.6,78,9.4,701+,87.6,84,100.0,59,100.0,24,94.8,81,79.4,126,98.2,23,81.2,monash university,QS World University Rankings 2025,International Education Costs Dataset,Excellent,37.0,97.5,39800.0,72.8,39872.8,35.81,100.0,High Quality
Australia,Melbourne,Monash University,Computer Science,Master,2.0,42800,72.8,1700,450,650,1.52,monash university,monash university,monash university,100.0,37,42,Monash University,Australia,Oceania,XL,FC,VH,A,89.2,47,79.6,78,9.4,701+,87.6,84,100.0,59,100.0,24,94.8,81,79.4,126,98.2,23,81.2,monash university,QS World University Rankings 2025,International Education Costs Dataset,Excellent,37.0,97.5,42800.0,72.8,42872.8,30.98,100.0,High Quality
Australia,Melbourne,Monash University,Computer Science,Master,2.0,42800,72.8,1700,450,650,1.52,monash university,monash university,monash university,100.0,37,42,Monash University,Australia,Oceania,XL,FC,VH,A,89.2,47,79.6,78,9.4,701+,87.6,84,100.0,59,100.0,24,94.8,81,79.4,126,98.2,23,81.2,monash university,QS World University Rankings 2025,International Education Costs Dataset,Excellent,37.0,97.5,42800.0,72.8,42872.8,30.98,100.0,High Quality
Australia,Melbourne,Monash University,Computer Science,Master,2.0,42800,72.8,1700,450,650,1.52,monash university,monash university,monash university,100.0,37,42,Monash University,Australia,Oceania,XL,FC,VH,A,89.2,47,79.6,78,9.4,701+,87.6,84,100.0,59,100.0,24,94.8,81,79.4,126,98.2,23,81.2,monash university,QS World University Rankings 2025,International Education Costs Dataset,Excellent,37.0,97.5,42800.0,72.8,42872.8,30.98,100.0,High Quality
Australia,Melbourne,Monash University,Computer Science,PhD,4.0,32800,72.8,1700,450,650,1.52,monash university,monash university,monash university,100.0,37,42,Monash University,Australia,Oceania,XL,FC,VH,A,89.2,47,79.6,78,9.4,701+,87.6,84,100.0,59,100.0,24,94.8,81,79.4,126,98.2,23,81.2,monash university,QS World University Rankings 2025,International Education Costs Dataset,Excellent,37.0,97.5,32800.0,72.8,32872.8,47.09,100.0,High Quality
Australia,Melbourne,Monash University,Computer Science,PhD,4.0,32800,72.8,1700,450,650,1.52,monash university,monash university,monash university,100.0,37,42,Monash University,Australia,Oceania,XL,FC,VH,A,89.2,47,79.6,78,9.4,701+,87.6,84,100.0,59,100.0,24,94.8,81,79.4,126,98.2,23,81.2,monash university,QS World University Rankings 2025,International Education Costs Dataset,Excellent,37.0,97.5,32800.0,72.8,32872.8,47.09,100.0,High Quality
Australia,Melbourne,Monash University,Computer Science,PhD,4.0,32800,72.8,1700,450,650,1.52,monash university,monash university,monash university,100.0,37,42,Monash University,Australia,Oceania,XL,FC,VH,A,89.2,47,79.6,78,9.4,701+,87.6,84,100.0,59,100.0,24,94.8,81,79.4,126,98.2,23,81.2,monash university,QS World University Rankings 2025,International Education Costs Dataset,Excellent,37.0,97.5,32800.0,72.8,32872.8,47.09,100.0,High Quality
Australia,Adelaide,University of Adelaide,Computer Science,Bachelor,3.0,39200,67.5,1400,450,650,1.52,university of adelaide,university of adelaide,the university of adelaide,91.66666666666666,82,89,The University of Adelaide,Australia,Oceania,L,FC,VH,A,56.0,138,38.9,242,17.9,701+,87.0,86,100.0,78,99.3,53,93.6,108,51.5,246,95.7,49,63.8,the university of adelaide,QS World University Rankings 2025,International Education Costs Dataset,High,82.0,94.28,39200.0,67.5,39267.5,36.79,100.0,High Quality
Australia,Adelaide,University of Adelaide,Computer Science,Bachelor,3.0,39200,67.5,1400,450,650,1.52,university of adelaide,university of adelaide,the university of adelaide,91.66666666666666,82,89,The University of Adelaide,Australia,Oceania,L,FC,VH,A,56.0,138,38.9,242,17.9,701+,87.0,86,100.0,78,99.3,53,93.6,108,51.5,246,95.7,49,63.8,the university of adelaide,QS World University Rankings 2025,International Education Costs Dataset,High,82.0,94.28,39200.0,67.5,39267.5,36.79,100.0,High Quality
Australia,Adelaide,University of Adelaide,Computer Science,Bachelor,3.0,39200,67.5,1400,450,650,1.52,university of adelaide,university of adelaide,the university of adelaide,91.66666666666666,82,89,The University of Adelaide,Australia,Oceania,L,FC,VH,A,56.0,138,38.9,242,17.9,701+,87.0,86,100.0,78,99.3,53,93.6,108,51.5,246,95.7,49,63.8,the university of adelaide,QS World University Rankings 2025,International Education Costs Dataset,High,82.0,94.28,39200.0,67.5,39267.5,36.79,100.0,High Quality
Australia,Adelaide,University of Adelaide,Computer Science,Bachelor,3.0,39200,67.5,1400,450,650,1.52,university of adelaide,university of adelaide,the university of adelaide,91.66666666666666,82,89,The University of Adelaide,Australia,Oceania,L,FC,VH,A,56.0,138,38.9,242,17.9,701+,87.0,86,100.0,78,99.3,53,93.6,108,51.5,246,95.7,49,63.8,the university of adelaide,QS World University Rankings 2025,International Education Costs Dataset,High,82.0,94.28,39200.0,67.5,39267.5,36.79,100.0,High Quality
Australia,Adelaide,University of Adelaide,Computer Science,Bachelor,3.0,39200,67.5,1400,450,650,1.52,university of adelaide,university of adelaide,the university of adelaide,91.66666666666666,82,89,The University of Adelaide,Australia,Oceania,L,FC,VH,A,56.0,138,38.9,242,17.9,701+,87.0,86,100.0,78,99.3,53,93.6,108,51.5,246,95.7,49,63.8,the university of adelaide,QS World University Rankings 2025,International Education Costs Dataset,High,82.0,94.28,39200.0,67.5,39267.5,36.79,100.0,High Quality
Australia,Adelaide,University of Adelaide,Computer Science,Master,2.0,42200,67.5,1400,450,650,1.52,university of adelaide,university of adelaide,the university of adelaide,91.66666666666666,82,89,The University of Adelaide,Australia,Oceania,L,FC,VH,A,56.0,138,38.9,242,17.9,701+,87.0,86,100.0,78,99.3,53,93.6,108,51.5,246,95.7,49,63.8,the university of adelaide,QS World University Rankings 2025,International Education Costs Dataset,High,82.0,94.28,42200.0,67.5,42267.5,31.96,100.0,High Quality
Australia,Adelaide,University of Adelaide,Computer Science,Master,2.0,42200,67.5,1400,450,650,1.52,university of adelaide,university of adelaide,the university of adelaide,91.66666666666666,82,89,The University of Adelaide,Australia,Oceania,L,FC,VH,A,56.0,138,38.9,242,17.9,701+,87.0,86,100.0,78,99.3,53,93.6,108,51.5,246,95.7,49,63.8,the university of adelaide,QS World University Rankings 2025,International Education Costs Dataset,High,82.0,94.28,42200.0,67.5,42267.5,31.96,100.0,High Quality
Australia,Adelaide,University of Adelaide,Computer Science,Master,2.0,42200,67.5,1400,450,650,1.52,university of adelaide,university of adelaide,the university of adelaide,91.66666666666666,82,89,The University of Adelaide,Australia,Oceania,L,FC,VH,A,56.0,138,38.9,242,17.9,701+,87.0,86,100.0,78,99.3,53,93.6,108,51.5,246,95.7,49,63.8,the university of adelaide,QS World University Rankings 2025,International Education Costs Dataset,High,82.0,94.28,42200.0,67.5,42267.5,31.96,100.0,High Quality
Australia,Adelaide,University of Adelaide,Computer Science,Master,2.0,42200,67.5,1400,450,650,1.52,university of adelaide,university of adelaide,the university of adelaide,91.66666666666666,82,89,The University of Adelaide,Australia,Oceania,L,FC,VH,A,56.0,138,38.9,242,17.9,701+,87.0,86,100.0,78,99.3,53,93.6,108,51.5,246,95.7,49,63.8,the university of adelaide,QS World University Rankings 2025,International Education Costs Dataset,High,82.0,94.28,42200.0,67.5,42267.5,31.96,100.0,High Quality
Australia,Adelaide,University of Adelaide,Computer Science,Master,2.0,42200,67.5,1400,450,650,1.52,university of adelaide,university of adelaide,the university of adelaide,91.66666666666666,82,89,The University of Adelaide,Australia,Oceania,L,FC,VH,A,56.0,138,38.9,242,17.9,701+,87.0,86,100.0,78,99.3,53,93.6,108,51.5,246,95.7,49,63.8,the university of adelaide,QS World University Rankings 2025,International Education Costs Dataset,High,82.0,94.28,42200.0,67.5,42267.5,31.96,100.0,High Quality
Australia,Adelaide,University of Adelaide,Computer Science,PhD,4.0,32200,67.5,1400,450,650,1.52,university of adelaide,university of adelaide,the university of adelaide,91.66666666666666,82,89,The University of Adelaide,Australia,Oceania,L,FC,VH,A,56.0,138,38.9,242,17.9,701+,87.0,86,100.0,78,99.3,53,93.6,108,51.5,246,95.7,49,63.8,the university of adelaide,QS World University Rankings 2025,International Education Costs Dataset,High,82.0,94.28,32200.0,67.5,32267.5,48.07,100.0,High Quality
Australia,Adelaide,University of Adelaide,Computer Science,PhD,4.0,32200,67.5,1400,450,650,1.52,university of adelaide,university of adelaide,the university of adelaide,91.66666666666666,82,89,The University of Adelaide,Australia,Oceania,L,FC,VH,A,56.0,138,38.9,242,17.9,701+,87.0,86,100.0,78,99.3,53,93.6,108,51.5,246,95.7,49,63.8,the university of adelaide,QS World University Rankings 2025,International Education Costs Dataset,High,82.0,94.28,32200.0,67.5,32267.5,48.07,100.0,High Quality
Australia,Adelaide,University of Adelaide,Computer Science,PhD,4.0,32200,67.5,1400,450,650,1.52,university of adelaide,university of adelaide,the university of adelaide,91.66666666666666,82,89,The University of Adelaide,Australia,Oceania,L,FC,VH,A,56.0,138,38.9,242,17.9,701+,87.0,86,100.0,78,99.3,53,93.6,108,51.5,246,95.7,49,63.8,the university of adelaide,QS World University Rankings 2025,International Education Costs Dataset,High,82.0,94.28,32200.0,67.5,32267.5,48.07,100.0,High Quality
Australia,Adelaide,University of Adelaide,Computer Science,PhD,4.0,32200,67.5,1400,450,650,1.52,university of adelaide,university of adelaide,the university of adelaide,91.66666666666666,82,89,The University of Adelaide,Australia,Oceania,L,FC,VH,A,56.0,138,38.9,242,17.9,701+,87.0,86,100.0,78,99.3,53,93.6,108,51.5,246,95.7,49,63.8,the university of adelaide,QS World University Rankings 2025,International Education Costs Dataset,High,82.0,94.28,32200.0,67.5,32267.5,48.07,100.0,High Quality
Australia,Adelaide,University of Adelaide,Computer Science,PhD,4.0,32200,67.5,1400,450,650,1.52,university of adelaide,university of adelaide,the university of adelaide,91.66666666666666,82,89,The University of Adelaide,Australia,Oceania,L,FC,VH,A,56.0,138,38.9,242,17.9,701+,87.0,86,100.0,78,99.3,53,93.6,108,51.5,246,95.7,49,63.8,the university of adelaide,QS World University Rankings 2025,International Education Costs Dataset,High,82.0,94.28,32200.0,67.5,32267.5,48.07,100.0,High Quality
Australia,Perth,University of Western Australia,Computer Science,Bachelor,3.0,38800,68.2,1500,450,650,1.52,university of western australia,university of western australia,the university of western australia,93.93939393939394,77,72,The University of Western Australia,Australia,Oceania,L,FC,VH,A,55.5,141,41.8,225,13.1,701+,98.8,30,100.0,37,99.8,40,94.2,95,78.0,128,50.8,315=,65.2,the university of western australia,QS World University Rankings 2025,International Education Costs Dataset,High,77.0,94.64,38800.0,68.2,38868.2,37.43,100.0,High Quality
Australia,Perth,University of Western Australia,Computer Science,Bachelor,3.0,38800,68.2,1500,450,650,1.52,university of western australia,university of western australia,the university of western australia,93.93939393939394,77,72,The University of Western Australia,Australia,Oceania,L,FC,VH,A,55.5,141,41.8,225,13.1,701+,98.8,30,100.0,37,99.8,40,94.2,95,78.0,128,50.8,315=,65.2,the university of western australia,QS World University Rankings 2025,International Education Costs Dataset,High,77.0,94.64,38800.0,68.2,38868.2,37.43,100.0,High Quality
Australia,Perth,University of Western Australia,Computer Science,Bachelor,3.0,38800,68.2,1500,450,650,1.52,university of western australia,university of western australia,the university of western australia,93.93939393939394,77,72,The University of Western Australia,Australia,Oceania,L,FC,VH,A,55.5,141,41.8,225,13.1,701+,98.8,30,100.0,37,99.8,40,94.2,95,78.0,128,50.8,315=,65.2,the university of western australia,QS World University Rankings 2025,International Education Costs Dataset,High,77.0,94.64,38800.0,68.2,38868.2,37.43,100.0,High Quality
Australia,Perth,University of Western Australia,Computer Science,Bachelor,3.0,38800,68.2,1500,450,650,1.52,university of western australia,university of western australia,the university of western australia,93.93939393939394,77,72,The University of Western Australia,Australia,Oceania,L,FC,VH,A,55.5,141,41.8,225,13.1,701+,98.8,30,100.0,37,99.8,40,94.2,95,78.0,128,50.8,315=,65.2,the university of western australia,QS World University Rankings 2025,International Education Costs Dataset,High,77.0,94.64,38800.0,68.2,38868.2,37.43,100.0,High Quality
Australia,Perth,University of Western Australia,Computer Science,Bachelor,3.0,38800,68.2,1500,450,650,1.52,university of western australia,university of western australia,the university of western australia,93.93939393939394,77,72,The University of Western Australia,Australia,Oceania,L,FC,VH,A,55.5,141,41.8,225,13.1,701+,98.8,30,100.0,37,99.8,40,94.2,95,78.0,128,50.8,315=,65.2,the university of western australia,QS World University Rankings 2025,International Education Costs Dataset,High,77.0,94.64,38800.0,68.2,38868.2,37.43,100.0,High Quality
Australia,Perth,University of Western Australia,Computer Science,Master,2.0,41800,68.2,1500,450,650,1.52,university of western australia,university of western australia,the university of western australia,93.93939393939394,77,72,The University of Western Australia,Australia,Oceania,L,FC,VH,A,55.5,141,41.8,225,13.1,701+,98.8,30,100.0,37,99.8,40,94.2,95,78.0,128,50.8,315=,65.2,the university of western australia,QS World University Rankings 2025,International Education Costs Dataset,High,77.0,94.64,41800.0,68.2,41868.2,32.6,100.0,High Quality
Australia,Perth,University of Western Australia,Computer Science,Master,2.0,41800,68.2,1500,450,650,1.52,university of western australia,university of western australia,the university of western australia,93.93939393939394,77,72,The University of Western Australia,Australia,Oceania,L,FC,VH,A,55.5,141,41.8,225,13.1,701+,98.8,30,100.0,37,99.8,40,94.2,95,78.0,128,50.8,315=,65.2,the university of western australia,QS World University Rankings 2025,International Education Costs Dataset,High,77.0,94.64,41800.0,68.2,41868.2,32.6,100.0,High Quality
Australia,Perth,University of Western Australia,Computer Science,Master,2.0,41800,68.2,1500,450,650,1.52,university of western australia,university of western australia,the university of western australia,93.93939393939394,77,72,The University of Western Australia,Australia,Oceania,L,FC,VH,A,55.5,141,41.8,225,13.1,701+,98.8,30,100.0,37,99.8,40,94.2,95,78.0,128,50.8,315=,65.2,the university of western australia,QS World University Rankings 2025,International Education Costs Dataset,High,77.0,94.64,41800.0,68.2,41868.2,32.6,100.0,High Quality
Australia,Perth,University of Western Australia,Computer Science,Master,2.0,41800,68.2,1500,450,650,1.52,university of western australia,university of western australia,the university of western australia,93.93939393939394,77,72,The University of Western Australia,Australia,Oceania,L,FC,VH,A,55.5,141,41.8,225,13.1,701+,98.8,30,100.0,37,99.8,40,94.2,95,78.0,128,50.8,315=,65.2,the university of western australia,QS World University Rankings 2025,International Education Costs Dataset,High,77.0,94.64,41800.0,68.2,41868.2,32.6,100.0,High Quality
Australia,Perth,University of Western Australia,Computer Science,Master,2.0,41800,68.2,1500,450,650,1.52,university of western australia,university of western australia,the university of western australia,93.93939393939394,77,72,The University of Western Australia,Australia,Oceania,L,FC,VH,A,55.5,141,41.8,225,13.1,701+,98.8,30,100.0,37,99.8,40,94.2,95,78.0,128,50.8,315=,65.2,the university of western australia,QS World University Rankings 2025,International Education Costs Dataset,High,77.0,94.64,41800.0,68.2,41868.2,32.6,100.0,High Quality
Australia,Perth,University of Western Australia,Computer Science,PhD,4.0,31800,68.2,1500,450,650,1.52,university of western australia,university of western australia,the university of western australia,93.93939393939394,77,72,The University of Western Australia,Australia,Oceania,L,FC,VH,A,55.5,141,41.8,225,13.1,701+,98.8,30,100.0,37,99.8,40,94.2,95,78.0,128,50.8,315=,65.2,the university of western australia,QS World University Rankings 2025,International Education Costs Dataset,High,77.0,94.64,31800.0,68.2,31868.2,48.71,100.0,High Quality
Australia,Perth,University of Western Australia,Computer Science,PhD,4.0,31800,68.2,1500,450,650,1.52,university of western australia,university of western australia,the university of western australia,93.93939393939394,77,72,The University of Western Australia,Australia,Oceania,L,FC,VH,A,55.5,141,41.8,225,13.1,701+,98.8,30,100.0,37,99.8,40,94.2,95,78.0,128,50.8,315=,65.2,the university of western australia,QS World University Rankings 2025,International Education Costs Dataset,High,77.0,94.64,31800.0,68.2,31868.2,48.71,100.0,High Quality
Australia,Perth,University of Western Australia,Computer Science,PhD,4.0,31800,68.2,1500,450,650,1.52,university of western australia,university of western australia,the university of western australia,93.93939393939394,77,72,The University of Western Australia,Australia,Oceania,L,FC,VH,A,55.5,141,41.8,225,13.1,701+,98.8,30,100.0,37,99.8,40,94.2,95,78.0,128,50.8,315=,65.2,the university of western australia,QS World University Rankings 2025,International Education Costs Dataset,High,77.0,94.64,31800.0,68.2,31868.2,48.71,100.0,High Quality
Australia,Perth,University of Western Australia,Computer Science,PhD,4.0,31800,68.2,1500,450,650,1.52,university of western australia,university of western australia,the university of western australia,93.93939393939394,77,72,The University of Western Australia,Australia,Oceania,L,FC,VH,A,55.5,141,41.8,225,13.1,701+,98.8,30,100.0,37,99.8,40,94.2,95,78.0,128,50.8,315=,65.2,the university of western australia,QS World University Rankings 2025,International Education Costs Dataset,High,77.0,94.64,31800.0,68.2,31868.2,48.71,100.0,High Quality
Australia,Perth,University of Western Australia,Computer Science,PhD,4.0,31800,68.2,1500,450,650,1.52,university of western australia,university of western australia,the university of western australia,93.93939393939394,77,72,The University of Western Australia,Australia,Oceania,L,FC,VH,A,55.5,141,41.8,225,13.1,701+,98.8,30,100.0,37,99.8,40,94.2,95,78.0,128,50.8,315=,65.2,the university of western australia,QS World University Rankings 2025,International Education Costs Dataset,High,77.0,94.64,31800.0,68.2,31868.2,48.71,100.0,High Quality
Australia,Brisbane,Queensland University of Technology,Computer Science,Bachelor,3.0,38200,69.2,1400,450,650,1.52,queensland university of technology,queensland university of technology,queensland university of technology qut,94.5945945945946,213,189,Queensland University of Technology (QUT),Australia,Oceania,XL,CO,VH,A,39.8,214,33.1,285,8.1,701+,59.9,202,97.9,122,20.7,530,83.4,274,19.0,581,89.4,100,44.7,queensland university of technology qut,QS World University Rankings 2025,International Education Costs Dataset,High,213.0,84.92,38200.0,69.2,38269.2,38.4,100.0,High Quality
Australia,Brisbane,Queensland University of Technology,Computer Science,Bachelor,3.0,38200,69.2,1400,450,650,1.52,queensland university of technology,queensland university of technology,queensland university of technology qut,94.5945945945946,213,189,Queensland University of Technology (QUT),Australia,Oceania,XL,CO,VH,A,39.8,214,33.1,285,8.1,701+,59.9,202,97.9,122,20.7,530,83.4,274,19.0,581,89.4,100,44.7,queensland university of technology qut,QS World University Rankings 2025,International Education Costs Dataset,High,213.0,84.92,38200.0,69.2,38269.2,38.4,100.0,High Quality
Australia,Brisbane,Queensland University of Technology,Computer Science,Bachelor,3.0,38200,69.2,1400,450,650,1.52,queensland university of technology,queensland university of technology,queensland university of technology qut,94.5945945945946,213,189,Queensland University of Technology (QUT),Australia,Oceania,XL,CO,VH,A,39.8,214,33.1,285,8.1,701+,59.9,202,97.9,122,20.7,530,83.4,274,19.0,581,89.4,100,44.7,queensland university of technology qut,QS World University Rankings 2025,International Education Costs Dataset,High,213.0,84.92,38200.0,69.2,38269.2,38.4,100.0,High Quality
Australia,Brisbane,Queensland University of Technology,Computer Science,Master,2.0,41200,69.2,1400,450,650,1.52,queensland university of technology,queensland university of technology,queensland university of technology qut,94.5945945945946,213,189,Queensland University of Technology (QUT),Australia,Oceania,XL,CO,VH,A,39.8,214,33.1,285,8.1,701+,59.9,202,97.9,122,20.7,530,83.4,274,19.0,581,89.4,100,44.7,queensland university of technology qut,QS World University Rankings 2025,International Education Costs Dataset,High,213.0,84.92,41200.0,69.2,41269.2,33.56,100.0,High Quality
Australia,Brisbane,Queensland University of Technology,Computer Science,Master,2.0,41200,69.2,1400,450,650,1.52,queensland university of technology,queensland university of technology,queensland university of technology qut,94.5945945945946,213,189,Queensland University of Technology (QUT),Australia,Oceania,XL,CO,VH,A,39.8,214,33.1,285,8.1,701+,59.9,202,97.9,122,20.7,530,83.4,274,19.0,581,89.4,100,44.7,queensland university of technology qut,QS World University Rankings 2025,International Education Costs Dataset,High,213.0,84.92,41200.0,69.2,41269.2,33.56,100.0,High Quality
Australia,Brisbane,Queensland University of Technology,Computer Science,Master,2.0,41200,69.2,1400,450,650,1.52,queensland university of technology,queensland university of technology,queensland university of technology qut,94.5945945945946,213,189,Queensland University of Technology (QUT),Australia,Oceania,XL,CO,VH,A,39.8,214,33.1,285,8.1,701+,59.9,202,97.9,122,20.7,530,83.4,274,19.0,581,89.4,100,44.7,queensland university of technology qut,QS World University Rankings 2025,International Education Costs Dataset,High,213.0,84.92,41200.0,69.2,41269.2,33.56,100.0,High Quality
Australia,Brisbane,Queensland University of Technology,Computer Science,PhD,4.0,31200,69.2,1400,450,650,1.52,queensland university of technology,queensland university of technology,queensland university of technology qut,94.5945945945946,213,189,Queensland University of Technology (QUT),Australia,Oceania,XL,CO,VH,A,39.8,214,33.1,285,8.1,701+,59.9,202,97.9,122,20.7,530,83.4,274,19.0,581,89.4,100,44.7,queensland university of technology qut,QS World University Rankings 2025,International Education Costs Dataset,High,213.0,84.92,31200.0,69.2,31269.2,49.68,100.0,High Quality
Australia,Brisbane,Queensland University of Technology,Computer Science,PhD,4.0,31200,69.2,1400,450,650,1.52,queensland university of technology,queensland university of technology,queensland university of technology qut,94.5945945945946,213,189,Queensland University of Technology (QUT),Australia,Oceania,XL,CO,VH,A,39.8,214,33.1,285,8.1,701+,59.9,202,97.9,122,20.7,530,83.4,274,19.0,581,89.4,100,44.7,queensland university of technology qut,QS World University Rankings 2025,International Education Costs Dataset,High,213.0,84.92,31200.0,69.2,31269.2,49.68,100.0,High Quality
Australia,Brisbane,Queensland University of Technology,Computer Science,PhD,4.0,31200,69.2,1400,450,650,1.52,queensland university of technology,queensland university of technology,queensland university of technology qut,94.5945945945946,213,189,Queensland University of Technology (QUT),Australia,Oceania,XL,CO,VH,A,39.8,214,33.1,285,8.1,701+,59.9,202,97.9,122,20.7,530,83.4,274,19.0,581,89.4,100,44.7,queensland university of technology qut,QS World University Rankings 2025,International Education Costs Dataset,High,213.0,84.92,31200.0,69.2,31269.2,49.68,100.0,High Quality
Australia,Sydney,University of Technology Sydney,Computer Science,Bachelor,3.0,37800,74.5,1800,450,650,1.52,university of technology sydney,university of technology sydney,university of technology sydney,100.0,88,90,University of Technology Sydney,Australia,Oceania,L,CO,VH,A,43.9,194,55.0,153,9.8,701+,97.7,39,96.6,133,86.0,145,91.4,150,40.2,318,96.3,43,62.4,university of technology sydney,QS World University Rankings 2025,International Education Costs Dataset,Excellent,88.0,93.85,37800.0,74.5,37874.5,39.03,100.0,High Quality
Australia,Sydney,University of Technology Sydney,Computer Science,Bachelor,3.0,37800,74.5,1800,450,650,1.52,university of technology sydney,university of technology sydney,university of technology sydney,100.0,88,90,University of Technology Sydney,Australia,Oceania,L,CO,VH,A,43.9,194,55.0,153,9.8,701+,97.7,39,96.6,133,86.0,145,91.4,150,40.2,318,96.3,43,62.4,university of technology sydney,QS World University Rankings 2025,International Education Costs Dataset,Excellent,88.0,93.85,37800.0,74.5,37874.5,39.03,100.0,High Quality
Australia,Sydney,University of Technology Sydney,Computer Science,Bachelor,3.0,37800,74.5,1800,450,650,1.52,university of technology sydney,university of technology sydney,university of technology sydney,100.0,88,90,University of Technology Sydney,Australia,Oceania,L,CO,VH,A,43.9,194,55.0,153,9.8,701+,97.7,39,96.6,133,86.0,145,91.4,150,40.2,318,96.3,43,62.4,university of technology sydney,QS World University Rankings 2025,International Education Costs Dataset,Excellent,88.0,93.85,37800.0,74.5,37874.5,39.03,100.0,High Quality
Australia,Sydney,University of Technology Sydney,Computer Science,Master,2.0,40800,74.5,1800,450,650,1.52,university of technology sydney,university of technology sydney,university of technology sydney,100.0,88,90,University of Technology Sydney,Australia,Oceania,L,CO,VH,A,43.9,194,55.0,153,9.8,701+,97.7,39,96.6,133,86.0,145,91.4,150,40.2,318,96.3,43,62.4,university of technology sydney,QS World University Rankings 2025,International Education Costs Dataset,Excellent,88.0,93.85,40800.0,74.5,40874.5,34.2,100.0,High Quality
Australia,Sydney,University of Technology Sydney,Computer Science,Master,2.0,40800,74.5,1800,450,650,1.52,university of technology sydney,university of technology sydney,university of technology sydney,100.0,88,90,University of Technology Sydney,Australia,Oceania,L,CO,VH,A,43.9,194,55.0,153,9.8,701+,97.7,39,96.6,133,86.0,145,91.4,150,40.2,318,96.3,43,62.4,university of technology sydney,QS World University Rankings 2025,International Education Costs Dataset,Excellent,88.0,93.85,40800.0,74.5,40874.5,34.2,100.0,High Quality
Australia,Sydney,University of Technology Sydney,Computer Science,Master,2.0,40800,74.5,1800,450,650,1.52,university of technology sydney,university of technology sydney,university of technology sydney,100.0,88,90,University of Technology Sydney,Australia,Oceania,L,CO,VH,A,43.9,194,55.0,153,9.8,701+,97.7,39,96.6,133,86.0,145,91.4,150,40.2,318,96.3,43,62.4,university of technology sydney,QS World University Rankings 2025,International Education Costs Dataset,Excellent,88.0,93.85,40800.0,74.5,40874.5,34.2,100.0,High Quality
Australia,Sydney,University of Technology Sydney,Computer Science,PhD,4.0,30800,74.5,1800,450,650,1.52,university of technology sydney,university of technology sydney,university of technology sydney,100.0,88,90,University of Technology Sydney,Australia,Oceania,L,CO,VH,A,43.9,194,55.0,153,9.8,701+,97.7,39,96.6,133,86.0,145,91.4,150,40.2,318,96.3,43,62.4,university of technology sydney,QS World University Rankings 2025,International Education Costs Dataset,Excellent,88.0,93.85,30800.0,74.5,30874.5,50.31,100.0,High Quality
Australia,Sydney,University of Technology Sydney,Computer Science,PhD,4.0,30800,74.5,1800,450,650,1.52,university of technology sydney,university of technology sydney,university of technology sydney,100.0,88,90,University of Technology Sydney,Australia,Oceania,L,CO,VH,A,43.9,194,55.0,153,9.8,701+,97.7,39,96.6,133,86.0,145,91.4,150,40.2,318,96.3,43,62.4,university of technology sydney,QS World University Rankings 2025,International Education Costs Dataset,Excellent,88.0,93.85,30800.0,74.5,30874.5,50.31,100.0,High Quality
Australia,Sydney,University of Technology Sydney,Computer Science,PhD,4.0,30800,74.5,1800,450,650,1.52,university of technology sydney,university of technology sydney,university of technology sydney,100.0,88,90,University of Technology Sydney,Australia,Oceania,L,CO,VH,A,43.9,194,55.0,153,9.8,701+,97.7,39,96.6,133,86.0,145,91.4,150,40.2,318,96.3,43,62.4,university of technology sydney,QS World University Rankings 2025,International Education Costs Dataset,Excellent,88.0,93.85,30800.0,74.5,30874.5,50.31,100.0,High Quality
Australia,Melbourne,RMIT University,Computer Science,Bachelor,3.0,37200,72.8,1600,450,650,1.52,rmit university,rmit university,rmit university,100.0,123,140,RMIT University,Australia,Oceania,XL,CO,VH,A,40.4,210,48.0,192,5.2,701+,77.7,122,100.0,45,91.4,116,83.2,276,38.4,334,93.9,62=,55.5,rmit university,QS World University Rankings 2025,International Education Costs Dataset,Excellent,123.0,91.35,37200.0,72.8,37272.8,40.0,100.0,High Quality
Australia,Melbourne,RMIT University,Computer Science,Bachelor,3.0,37200,72.8,1600,450,650,1.52,rmit university,rmit university,rmit university,100.0,123,140,RMIT University,Australia,Oceania,XL,CO,VH,A,40.4,210,48.0,192,5.2,701+,77.7,122,100.0,45,91.4,116,83.2,276,38.4,334,93.9,62=,55.5,rmit university,QS World University Rankings 2025,International Education Costs Dataset,Excellent,123.0,91.35,37200.0,72.8,37272.8,40.0,100.0,High Quality
Australia,Melbourne,RMIT University,Computer Science,Bachelor,3.0,37200,72.8,1600,450,650,1.52,rmit university,rmit university,rmit university,100.0,123,140,RMIT University,Australia,Oceania,XL,CO,VH,A,40.4,210,48.0,192,5.2,701+,77.7,122,100.0,45,91.4,116,83.2,276,38.4,334,93.9,62=,55.5,rmit university,QS World University Rankings 2025,International Education Costs Dataset,Excellent,123.0,91.35,37200.0,72.8,37272.8,40.0,100.0,High Quality
Australia,Melbourne,RMIT University,Computer Science,Master,2.0,40200,72.8,1600,450,650,1.52,rmit university,rmit university,rmit university,100.0,123,140,RMIT University,Australia,Oceania,XL,CO,VH,A,40.4,210,48.0,192,5.2,701+,77.7,122,100.0,45,91.4,116,83.2,276,38.4,334,93.9,62=,55.5,rmit university,QS World University Rankings 2025,International Education Costs Dataset,Excellent,123.0,91.35,40200.0,72.8,40272.8,35.17,100.0,High Quality
Australia,Melbourne,RMIT University,Computer Science,Master,2.0,40200,72.8,1600,450,650,1.52,rmit university,rmit university,rmit university,100.0,123,140,RMIT University,Australia,Oceania,XL,CO,VH,A,40.4,210,48.0,192,5.2,701+,77.7,122,100.0,45,91.4,116,83.2,276,38.4,334,93.9,62=,55.5,rmit university,QS World University Rankings 2025,International Education Costs Dataset,Excellent,123.0,91.35,40200.0,72.8,40272.8,35.17,100.0,High Quality
Australia,Melbourne,RMIT University,Computer Science,Master,2.0,40200,72.8,1600,450,650,1.52,rmit university,rmit university,rmit university,100.0,123,140,RMIT University,Australia,Oceania,XL,CO,VH,A,40.4,210,48.0,192,5.2,701+,77.7,122,100.0,45,91.4,116,83.2,276,38.4,334,93.9,62=,55.5,rmit university,QS World University Rankings 2025,International Education Costs Dataset,Excellent,123.0,91.35,40200.0,72.8,40272.8,35.17,100.0,High Quality
Australia,Melbourne,RMIT University,Computer Science,PhD,4.0,30200,72.8,1600,450,650,1.52,rmit university,rmit university,rmit university,100.0,123,140,RMIT University,Australia,Oceania,XL,CO,VH,A,40.4,210,48.0,192,5.2,701+,77.7,122,100.0,45,91.4,116,83.2,276,38.4,334,93.9,62=,55.5,rmit university,QS World University Rankings 2025,International Education Costs Dataset,Excellent,123.0,91.35,30200.0,72.8,30272.8,51.28,100.0,High Quality
Australia,Melbourne,RMIT University,Computer Science,PhD,4.0,30200,72.8,1600,450,650,1.52,rmit university,rmit university,rmit university,100.0,123,140,RMIT University,Australia,Oceania,XL,CO,VH,A,40.4,210,48.0,192,5.2,701+,77.7,122,100.0,45,91.4,116,83.2,276,38.4,334,93.9,62=,55.5,rmit university,QS World University Rankings 2025,International Education Costs Dataset,Excellent,123.0,91.35,30200.0,72.8,30272.8,51.28,100.0,High Quality
Australia,Melbourne,RMIT University,Computer Science,PhD,4.0,30200,72.8,1600,450,650,1.52,rmit university,rmit university,rmit university,100.0,123,140,RMIT University,Australia,Oceania,XL,CO,VH,A,40.4,210,48.0,192,5.2,701+,77.7,122,100.0,45,91.4,116,83.2,276,38.4,334,93.9,62=,55.5,rmit university,QS World University Rankings 2025,International Education Costs Dataset,Excellent,123.0,91.35,30200.0,72.8,30272.8,51.28,100.0,High Quality
Australia,Wollongong,University of Wollongong,Computer Science,Bachelor,3.0,36800,65.8,1300,450,650,1.52,university of wollongong,university of wollongong,university of wollongong,100.0,167,162,University of Wollongong,Australia,Oceania,L,FC,VH,A,29.5,300,24.5,393,17.0,701+,94.6,52,91.8,178,56.3,265,89.0,185,18.3,596,93.9,62=,50.3,university of wollongong,QS World University Rankings 2025,International Education Costs Dataset,Excellent,167.0,88.21,36800.0,65.8,36865.8,40.66,100.0,High Quality
Australia,Wollongong,University of Wollongong,Computer Science,Bachelor,3.0,36800,65.8,1300,450,650,1.52,university of wollongong,university of wollongong,university of wollongong,100.0,167,162,University of Wollongong,Australia,Oceania,L,FC,VH,A,29.5,300,24.5,393,17.0,701+,94.6,52,91.8,178,56.3,265,89.0,185,18.3,596,93.9,62=,50.3,university of wollongong,QS World University Rankings 2025,International Education Costs Dataset,Excellent,167.0,88.21,36800.0,65.8,36865.8,40.66,100.0,High Quality
Australia,Wollongong,University of Wollongong,Computer Science,Bachelor,3.0,36800,65.8,1300,450,650,1.52,university of wollongong,university of wollongong,university of wollongong,100.0,167,162,University of Wollongong,Australia,Oceania,L,FC,VH,A,29.5,300,24.5,393,17.0,701+,94.6,52,91.8,178,56.3,265,89.0,185,18.3,596,93.9,62=,50.3,university of wollongong,QS World University Rankings 2025,International Education Costs Dataset,Excellent,167.0,88.21,36800.0,65.8,36865.8,40.66,100.0,High Quality
Australia,Wollongong,University of Wollongong,Computer Science,Bachelor,3.0,36800,65.8,1300,450,650,1.52,university of wollongong,university of wollongong,university of wollongong,100.0,167,162,University of Wollongong,Australia,Oceania,L,FC,VH,A,29.5,300,24.5,393,17.0,701+,94.6,52,91.8,178,56.3,265,89.0,185,18.3,596,93.9,62=,50.3,university of wollongong,QS World University Rankings 2025,International Education Costs Dataset,Excellent,167.0,88.21,36800.0,65.8,36865.8,40.66,100.0,High Quality
Australia,Wollongong,University of Wollongong,Computer Science,Bachelor,3.0,36800,65.8,1300,450,650,1.52,university of wollongong,university of wollongong,university of wollongong,100.0,167,162,University of Wollongong,Australia,Oceania,L,FC,VH,A,29.5,300,24.5,393,17.0,701+,94.6,52,91.8,178,56.3,265,89.0,185,18.3,596,93.9,62=,50.3,university of wollongong,QS World University Rankings 2025,International Education Costs Dataset,Excellent,167.0,88.21,36800.0,65.8,36865.8,40.66,100.0,High Quality
Australia,Wollongong,University of Wollongong,Computer Science,Master,2.0,39800,65.8,1300,450,650,1.52,university of wollongong,university of wollongong,university of wollongong,100.0,167,162,University of Wollongong,Australia,Oceania,L,FC,VH,A,29.5,300,24.5,393,17.0,701+,94.6,52,91.8,178,56.3,265,89.0,185,18.3,596,93.9,62=,50.3,university of wollongong,QS World University Rankings 2025,International Education Costs Dataset,Excellent,167.0,88.21,39800.0,65.8,39865.8,35.83,100.0,High Quality
Australia,Wollongong,University of Wollongong,Computer Science,Master,2.0,39800,65.8,1300,450,650,1.52,university of wollongong,university of wollongong,university of wollongong,100.0,167,162,University of Wollongong,Australia,Oceania,L,FC,VH,A,29.5,300,24.5,393,17.0,701+,94.6,52,91.8,178,56.3,265,89.0,185,18.3,596,93.9,62=,50.3,university of wollongong,QS World University Rankings 2025,International Education Costs Dataset,Excellent,167.0,88.21,39800.0,65.8,39865.8,35.83,100.0,High Quality
Australia,Wollongong,University of Wollongong,Computer Science,Master,2.0,39800,65.8,1300,450,650,1.52,university of wollongong,university of wollongong,university of wollongong,100.0,167,162,University of Wollongong,Australia,Oceania,L,FC,VH,A,29.5,300,24.5,393,17.0,701+,94.6,52,91.8,178,56.3,265,89.0,185,18.3,596,93.9,62=,50.3,university of wollongong,QS World University Rankings 2025,International Education Costs Dataset,Excellent,167.0,88.21,39800.0,65.8,39865.8,35.83,100.0,High Quality
Australia,Wollongong,University of Wollongong,Computer Science,Master,2.0,39800,65.8,1300,450,650,1.52,university of wollongong,university of wollongong,university of wollongong,100.0,167,162,University of Wollongong,Australia,Oceania,L,FC,VH,A,29.5,300,24.5,393,17.0,701+,94.6,52,91.8,178,56.3,265,89.0,185,18.3,596,93.9,62=,50.3,university of wollongong,QS World University Rankings 2025,International Education Costs Dataset,Excellent,167.0,88.21,39800.0,65.8,39865.8,35.83,100.0,High Quality
Australia,Wollongong,University of Wollongong,Computer Science,Master,2.0,39800,65.8,1300,450,650,1.52,university of wollongong,university of wollongong,university of wollongong,100.0,167,162,University of Wollongong,Australia,Oceania,L,FC,VH,A,29.5,300,24.5,393,17.0,701+,94.6,52,91.8,178,56.3,265,89.0,185,18.3,596,93.9,62=,50.3,university of wollongong,QS World University Rankings 2025,International Education Costs Dataset,Excellent,167.0,88.21,39800.0,65.8,39865.8,35.83,100.0,High Quality
Australia,Wollongong,University of Wollongong,Computer Science,PhD,4.0,29800,65.8,1300,450,650,1.52,university of wollongong,university of wollongong,university of wollongong,100.0,167,162,University of Wollongong,Australia,Oceania,L,FC,VH,A,29.5,300,24.5,393,17.0,701+,94.6,52,91.8,178,56.3,265,89.0,185,18.3,596,93.9,62=,50.3,university of wollongong,QS World University Rankings 2025,International Education Costs Dataset,Excellent,167.0,88.21,29800.0,65.8,29865.8,51.94,100.0,High Quality
Australia,Wollongong,University of Wollongong,Computer Science,PhD,4.0,29800,65.8,1300,450,650,1.52,university of wollongong,university of wollongong,university of wollongong,100.0,167,162,University of Wollongong,Australia,Oceania,L,FC,VH,A,29.5,300,24.5,393,17.0,701+,94.6,52,91.8,178,56.3,265,89.0,185,18.3,596,93.9,62=,50.3,university of wollongong,QS World University Rankings 2025,International Education Costs Dataset,Excellent,167.0,88.21,29800.0,65.8,29865.8,51.94,100.0,High Quality
Australia,Wollongong,University of Wollongong,Computer Science,PhD,4.0,29800,65.8,1300,450,650,1.52,university of wollongong,university of wollongong,university of wollongong,100.0,167,162,University of Wollongong,Australia,Oceania,L,FC,VH,A,29.5,300,24.5,393,17.0,701+,94.6,52,91.8,178,56.3,265,89.0,185,18.3,596,93.9,62=,50.3,university of wollongong,QS World University Rankings 2025,International Education Costs Dataset,Excellent,167.0,88.21,29800.0,65.8,29865.8,51.94,100.0,High Quality
Australia,Wollongong,University of Wollongong,Computer Science,PhD,4.0,29800,65.8,1300,450,650,1.52,university of wollongong,university of wollongong,university of wollongong,100.0,167,162,University of Wollongong,Australia,Oceania,L,FC,VH,A,29.5,300,24.5,393,17.0,701+,94.6,52,91.8,178,56.3,265,89.0,185,18.3,596,93.9,62=,50.3,university of wollongong,QS World University Rankings 2025,International Education Costs Dataset,Excellent,167.0,88.21,29800.0,65.8,29865.8,51.94,100.0,High Quality
Australia,Wollongong,University of Wollongong,Computer Science,PhD,4.0,29800,65.8,1300,450,650,1.52,university of wollongong,university of wollongong,university of wollongong,100.0,167,162,University of Wollongong,Australia,Oceania,L,FC,VH,A,29.5,300,24.5,393,17.0,701+,94.6,52,91.8,178,56.3,265,89.0,185,18.3,596,93.9,62=,50.3,university of wollongong,QS World University Rankings 2025,International Education Costs Dataset,Excellent,167.0,88.21,29800.0,65.8,29865.8,51.94,100.0,High Quality
Australia,Newcastle,University of Newcastle,Computer Science,Bachelor,3.0,36200,66.2,1300,450,650,1.52,university of newcastle,university of newcastle,newcastle university,93.02325581395348,129,110,Newcastle University,United Kingdom,Europe,L,FC,VH,A,50.0,164,59.3,137,39.2,399,38.7,362,89.5,193,68.6,217,97.1,42,31.3,403,97.1,30=,54.5,newcastle university,QS World University Rankings 2025,International Education Costs Dataset,High,129.0,90.92,36200.0,66.2,36266.2,41.62,100.0,High Quality
Australia,Newcastle,University of Newcastle,Computer Science,Bachelor,3.0,36200,66.2,1300,450,650,1.52,university of newcastle,university of newcastle,newcastle university,93.02325581395348,129,110,Newcastle University,United Kingdom,Europe,L,FC,VH,A,50.0,164,59.3,137,39.2,399,38.7,362,89.5,193,68.6,217,97.1,42,31.3,403,97.1,30=,54.5,newcastle university,QS World University Rankings 2025,International Education Costs Dataset,High,129.0,90.92,36200.0,66.2,36266.2,41.62,100.0,High Quality
Australia,Newcastle,University of Newcastle,Computer Science,Bachelor,3.0,36200,66.2,1300,450,650,1.52,university of newcastle,university of newcastle,newcastle university,93.02325581395348,129,110,Newcastle University,United Kingdom,Europe,L,FC,VH,A,50.0,164,59.3,137,39.2,399,38.7,362,89.5,193,68.6,217,97.1,42,31.3,403,97.1,30=,54.5,newcastle university,QS World University Rankings 2025,International Education Costs Dataset,High,129.0,90.92,36200.0,66.2,36266.2,41.62,100.0,High Quality
Australia,Newcastle,University of Newcastle,Computer Science,Bachelor,3.0,36200,66.2,1300,450,650,1.52,university of newcastle,university of newcastle,newcastle university,93.02325581395348,129,110,Newcastle University,United Kingdom,Europe,L,FC,VH,A,50.0,164,59.3,137,39.2,399,38.7,362,89.5,193,68.6,217,97.1,42,31.3,403,97.1,30=,54.5,newcastle university,QS World University Rankings 2025,International Education Costs Dataset,High,129.0,90.92,36200.0,66.2,36266.2,41.62,100.0,High Quality
Australia,Newcastle,University of Newcastle,Computer Science,Bachelor,3.0,36200,66.2,1300,450,650,1.52,university of newcastle,university of newcastle,newcastle university,93.02325581395348,129,110,Newcastle University,United Kingdom,Europe,L,FC,VH,A,50.0,164,59.3,137,39.2,399,38.7,362,89.5,193,68.6,217,97.1,42,31.3,403,97.1,30=,54.5,newcastle university,QS World University Rankings 2025,International Education Costs Dataset,High,129.0,90.92,36200.0,66.2,36266.2,41.62,100.0,High Quality
Australia,Newcastle,University of Newcastle,Computer Science,Master,2.0,39200,66.2,1300,450,650,1.52,university of newcastle,university of newcastle,newcastle university,93.02325581395348,129,110,Newcastle University,United Kingdom,Europe,L,FC,VH,A,50.0,164,59.3,137,39.2,399,38.7,362,89.5,193,68.6,217,97.1,42,31.3,403,97.1,30=,54.5,newcastle university,QS World University Rankings 2025,International Education Costs Dataset,High,129.0,90.92,39200.0,66.2,39266.2,36.79,100.0,High Quality
Australia,Newcastle,University of Newcastle,Computer Science,Master,2.0,39200,66.2,1300,450,650,1.52,university of newcastle,university of newcastle,newcastle university,93.02325581395348,129,110,Newcastle University,United Kingdom,Europe,L,FC,VH,A,50.0,164,59.3,137,39.2,399,38.7,362,89.5,193,68.6,217,97.1,42,31.3,403,97.1,30=,54.5,newcastle university,QS World University Rankings 2025,International Education Costs Dataset,High,129.0,90.92,39200.0,66.2,39266.2,36.79,100.0,High Quality
Australia,Newcastle,University of Newcastle,Computer Science,Master,2.0,39200,66.2,1300,450,650,1.52,university of newcastle,university of newcastle,newcastle university,93.02325581395348,129,110,Newcastle University,United Kingdom,Europe,L,FC,VH,A,50.0,164,59.3,137,39.2,399,38.7,362,89.5,193,68.6,217,97.1,42,31.3,403,97.1,30=,54.5,newcastle university,QS World University Rankings 2025,International Education Costs Dataset,High,129.0,90.92,39200.0,66.2,39266.2,36.79,100.0,High Quality
Australia,Newcastle,University of Newcastle,Computer Science,Master,2.0,39200,66.2,1300,450,650,1.52,university of newcastle,university of newcastle,newcastle university,93.02325581395348,129,110,Newcastle University,United Kingdom,Europe,L,FC,VH,A,50.0,164,59.3,137,39.2,399,38.7,362,89.5,193,68.6,217,97.1,42,31.3,403,97.1,30=,54.5,newcastle university,QS World University Rankings 2025,International Education Costs Dataset,High,129.0,90.92,39200.0,66.2,39266.2,36.79,100.0,High Quality
Australia,Newcastle,University of Newcastle,Computer Science,Master,2.0,39200,66.2,1300,450,650,1.52,university of newcastle,university of newcastle,newcastle university,93.02325581395348,129,110,Newcastle University,United Kingdom,Europe,L,FC,VH,A,50.0,164,59.3,137,39.2,399,38.7,362,89.5,193,68.6,217,97.1,42,31.3,403,97.1,30=,54.5,newcastle university,QS World University Rankings 2025,International Education Costs Dataset,High,129.0,90.92,39200.0,66.2,39266.2,36.79,100.0,High Quality
Australia,Newcastle,University of Newcastle,Computer Science,PhD,4.0,29200,66.2,1300,450,650,1.52,university of newcastle,university of newcastle,newcastle university,93.02325581395348,129,110,Newcastle University,United Kingdom,Europe,L,FC,VH,A,50.0,164,59.3,137,39.2,399,38.7,362,89.5,193,68.6,217,97.1,42,31.3,403,97.1,30=,54.5,newcastle university,QS World University Rankings 2025,International Education Costs Dataset,High,129.0,90.92,29200.0,66.2,29266.2,52.9,100.0,High Quality
Australia,Newcastle,University of Newcastle,Computer Science,PhD,4.0,29200,66.2,1300,450,650,1.52,university of newcastle,university of newcastle,newcastle university,93.02325581395348,129,110,Newcastle University,United Kingdom,Europe,L,FC,VH,A,50.0,164,59.3,137,39.2,399,38.7,362,89.5,193,68.6,217,97.1,42,31.3,403,97.1,30=,54.5,newcastle university,QS World University Rankings 2025,International Education Costs Dataset,High,129.0,90.92,29200.0,66.2,29266.2,52.9,100.0,High Quality
Australia,Newcastle,University of Newcastle,Computer Science,PhD,4.0,29200,66.2,1300,450,650,1.52,university of newcastle,university of newcastle,newcastle university,93.02325581395348,129,110,Newcastle University,United Kingdom,Europe,L,FC,VH,A,50.0,164,59.3,137,39.2,399,38.7,362,89.5,193,68.6,217,97.1,42,31.3,403,97.1,30=,54.5,newcastle university,QS World University Rankings 2025,International Education Costs Dataset,High,129.0,90.92,29200.0,66.2,29266.2,52.9,100.0,High Quality
Australia,Newcastle,University of Newcastle,Computer Science,PhD,4.0,29200,66.2,1300,450,650,1.52,university of newcastle,university of newcastle,newcastle university,93.02325581395348,129,110,Newcastle University,United Kingdom,Europe,L,FC,VH,A,50.0,164,59.3,137,39.2,399,38.7,362,89.5,193,68.6,217,97.1,42,31.3,403,97.1,30=,54.5,newcastle university,QS World University Rankings 2025,International Education Costs Dataset,High,129.0,90.92,29200.0,66.2,29266.2,52.9,100.0,High Quality
Australia,Newcastle,University of Newcastle,Computer Science,PhD,4.0,29200,66.2,1300,450,650,1.52,university of newcastle,university of newcastle,newcastle university,93.02325581395348,129,110,Newcastle University,United Kingdom,Europe,L,FC,VH,A,50.0,164,59.3,137,39.2,399,38.7,362,89.5,193,68.6,217,97.1,42,31.3,403,97.1,30=,54.5,newcastle university,QS World University Rankings 2025,International Education Costs Dataset,High,129.0,90.92,29200.0,66.2,29266.2,52.9,100.0,High Quality
Australia,Hobart,University of Tasmania,Computer Science,Bachelor,3.0,35800,64.5,1200,450,650,1.52,university of tasmania,university of tasmania,university of tasmania,100.0,293,307,University of Tasmania,Australia,Oceania,M,CO,VH,A,16.0,552,7.4,601+,22.1,635,59.8,203,79.9,240,89.7,123,80.0,323,15.9,636,85.6,123,37.0,university of tasmania,QS World University Rankings 2025,International Education Costs Dataset,Excellent,293.0,79.2,35800.0,64.5,35864.5,42.27,100.0,High Quality
Australia,Hobart,University of Tasmania,Computer Science,Bachelor,3.0,35800,64.5,1200,450,650,1.52,university of tasmania,university of tasmania,university of tasmania,100.0,293,307,University of Tasmania,Australia,Oceania,M,CO,VH,A,16.0,552,7.4,601+,22.1,635,59.8,203,79.9,240,89.7,123,80.0,323,15.9,636,85.6,123,37.0,university of tasmania,QS World University Rankings 2025,International Education Costs Dataset,Excellent,293.0,79.2,35800.0,64.5,35864.5,42.27,100.0,High Quality
Australia,Hobart,University of Tasmania,Computer Science,Bachelor,3.0,35800,64.5,1200,450,650,1.52,university of tasmania,university of tasmania,university of tasmania,100.0,293,307,University of Tasmania,Australia,Oceania,M,CO,VH,A,16.0,552,7.4,601+,22.1,635,59.8,203,79.9,240,89.7,123,80.0,323,15.9,636,85.6,123,37.0,university of tasmania,QS World University Rankings 2025,International Education Costs Dataset,Excellent,293.0,79.2,35800.0,64.5,35864.5,42.27,100.0,High Quality
Australia,Hobart,University of Tasmania,Computer Science,Bachelor,3.0,35800,64.5,1200,450,650,1.52,university of tasmania,university of tasmania,university of tasmania,100.0,293,307,University of Tasmania,Australia,Oceania,M,CO,VH,A,16.0,552,7.4,601+,22.1,635,59.8,203,79.9,240,89.7,123,80.0,323,15.9,636,85.6,123,37.0,university of tasmania,QS World University Rankings 2025,International Education Costs Dataset,Excellent,293.0,79.2,35800.0,64.5,35864.5,42.27,100.0,High Quality
Australia,Hobart,University of Tasmania,Computer Science,Bachelor,3.0,35800,64.5,1200,450,650,1.52,university of tasmania,university of tasmania,university of tasmania,100.0,293,307,University of Tasmania,Australia,Oceania,M,CO,VH,A,16.0,552,7.4,601+,22.1,635,59.8,203,79.9,240,89.7,123,80.0,323,15.9,636,85.6,123,37.0,university of tasmania,QS World University Rankings 2025,International Education Costs Dataset,Excellent,293.0,79.2,35800.0,64.5,35864.5,42.27,100.0,High Quality
Australia,Hobart,University of Tasmania,Computer Science,Master,2.0,38800,64.5,1200,450,650,1.52,university of tasmania,university of tasmania,university of tasmania,100.0,293,307,University of Tasmania,Australia,Oceania,M,CO,VH,A,16.0,552,7.4,601+,22.1,635,59.8,203,79.9,240,89.7,123,80.0,323,15.9,636,85.6,123,37.0,university of tasmania,QS World University Rankings 2025,International Education Costs Dataset,Excellent,293.0,79.2,38800.0,64.5,38864.5,37.44,100.0,High Quality
Australia,Hobart,University of Tasmania,Computer Science,Master,2.0,38800,64.5,1200,450,650,1.52,university of tasmania,university of tasmania,university of tasmania,100.0,293,307,University of Tasmania,Australia,Oceania,M,CO,VH,A,16.0,552,7.4,601+,22.1,635,59.8,203,79.9,240,89.7,123,80.0,323,15.9,636,85.6,123,37.0,university of tasmania,QS World University Rankings 2025,International Education Costs Dataset,Excellent,293.0,79.2,38800.0,64.5,38864.5,37.44,100.0,High Quality
Australia,Hobart,University of Tasmania,Computer Science,Master,2.0,38800,64.5,1200,450,650,1.52,university of tasmania,university of tasmania,university of tasmania,100.0,293,307,University of Tasmania,Australia,Oceania,M,CO,VH,A,16.0,552,7.4,601+,22.1,635,59.8,203,79.9,240,89.7,123,80.0,323,15.9,636,85.6,123,37.0,university of tasmania,QS World University Rankings 2025,International Education Costs Dataset,Excellent,293.0,79.2,38800.0,64.5,38864.5,37.44,100.0,High Quality
Australia,Hobart,University of Tasmania,Computer Science,Master,2.0,38800,64.5,1200,450,650,1.52,university of tasmania,university of tasmania,university of tasmania,100.0,293,307,University of Tasmania,Australia,Oceania,M,CO,VH,A,16.0,552,7.4,601+,22.1,635,59.8,203,79.9,240,89.7,123,80.0,323,15.9,636,85.6,123,37.0,university of tasmania,QS World University Rankings 2025,International Education Costs Dataset,Excellent,293.0,79.2,38800.0,64.5,38864.5,37.44,100.0,High Quality
Australia,Hobart,University of Tasmania,Computer Science,Master,2.0,38800,64.5,1200,450,650,1.52,university of tasmania,university of tasmania,university of tasmania,100.0,293,307,University of Tasmania,Australia,Oceania,M,CO,VH,A,16.0,552,7.4,601+,22.1,635,59.8,203,79.9,240,89.7,123,80.0,323,15.9,636,85.6,123,37.0,university of tasmania,QS World University Rankings 2025,International Education Costs Dataset,Excellent,293.0,79.2,38800.0,64.5,38864.5,37.44,100.0,High Quality
Australia,Hobart,University of Tasmania,Computer Science,PhD,4.0,28800,64.5,1200,450,650,1.52,university of tasmania,university of tasmania,university of tasmania,100.0,293,307,University of Tasmania,Australia,Oceania,M,CO,VH,A,16.0,552,7.4,601+,22.1,635,59.8,203,79.9,240,89.7,123,80.0,323,15.9,636,85.6,123,37.0,university of tasmania,QS World University Rankings 2025,International Education Costs Dataset,Excellent,293.0,79.2,28800.0,64.5,28864.5,53.55,100.0,High Quality
Australia,Hobart,University of Tasmania,Computer Science,PhD,4.0,28800,64.5,1200,450,650,1.52,university of tasmania,university of tasmania,university of tasmania,100.0,293,307,University of Tasmania,Australia,Oceania,M,CO,VH,A,16.0,552,7.4,601+,22.1,635,59.8,203,79.9,240,89.7,123,80.0,323,15.9,636,85.6,123,37.0,university of tasmania,QS World University Rankings 2025,International Education Costs Dataset,Excellent,293.0,79.2,28800.0,64.5,28864.5,53.55,100.0,High Quality
Australia,Hobart,University of Tasmania,Computer Science,PhD,4.0,28800,64.5,1200,450,650,1.52,university of tasmania,university of tasmania,university of tasmania,100.0,293,307,University of Tasmania,Australia,Oceania,M,CO,VH,A,16.0,552,7.4,601+,22.1,635,59.8,203,79.9,240,89.7,123,80.0,323,15.9,636,85.6,123,37.0,university of tasmania,QS World University Rankings 2025,International Education Costs Dataset,Excellent,293.0,79.2,28800.0,64.5,28864.5,53.55,100.0,High Quality
Australia,Hobart,University of Tasmania,Computer Science,PhD,4.0,28800,64.5,1200,450,650,1.52,university of tasmania,university of tasmania,university of tasmania,100.0,293,307,University of Tasmania,Australia,Oceania,M,CO,VH,A,16.0,552,7.4,601+,22.1,635,59.8,203,79.9,240,89.7,123,80.0,323,15.9,636,85.6,123,37.0,university of tasmania,QS World University Rankings 2025,International Education Costs Dataset,Excellent,293.0,79.2,28800.0,64.5,28864.5,53.55,100.0,High Quality
Australia,Hobart,University of Tasmania,Computer Science,PhD,4.0,28800,64.5,1200,450,650,1.52,university of tasmania,university of tasmania,university of tasmania,100.0,293,307,University of Tasmania,Australia,Oceania,M,CO,VH,A,16.0,552,7.4,601+,22.1,635,59.8,203,79.9,240,89.7,123,80.0,323,15.9,636,85.6,123,37.0,university of tasmania,QS World University Rankings 2025,International Education Costs Dataset,Excellent,293.0,79.2,28800.0,64.5,28864.5,53.55,100.0,High Quality
Australia,Gold Coast,Griffith University,Computer Science,Bachelor,3.0,35200,68.5,1400,450,650,1.52,griffith university,griffith university,griffith university,100.0,255,243,Griffith University,Australia,Oceania,L,FC,VH,A,27.0,324,13.7,593,8.4,701+,62.5,187,99.8,90,38.5,363,92.1,135,17.9,602,96.4,40,40.1,griffith university,QS World University Rankings 2025,International Education Costs Dataset,Excellent,255.0,81.92,35200.0,68.5,35268.5,43.23,100.0,High Quality
Australia,Gold Coast,Griffith University,Computer Science,Bachelor,3.0,35200,68.5,1400,450,650,1.52,griffith university,griffith university,griffith university,100.0,255,243,Griffith University,Australia,Oceania,L,FC,VH,A,27.0,324,13.7,593,8.4,701+,62.5,187,99.8,90,38.5,363,92.1,135,17.9,602,96.4,40,40.1,griffith university,QS World University Rankings 2025,International Education Costs Dataset,Excellent,255.0,81.92,35200.0,68.5,35268.5,43.23,100.0,High Quality
Australia,Gold Coast,Griffith University,Computer Science,Bachelor,3.0,35200,68.5,1400,450,650,1.52,griffith university,griffith university,griffith university,100.0,255,243,Griffith University,Australia,Oceania,L,FC,VH,A,27.0,324,13.7,593,8.4,701+,62.5,187,99.8,90,38.5,363,92.1,135,17.9,602,96.4,40,40.1,griffith university,QS World University Rankings 2025,International Education Costs Dataset,Excellent,255.0,81.92,35200.0,68.5,35268.5,43.23,100.0,High Quality
Australia,Gold Coast,Griffith University,Computer Science,Bachelor,3.0,35200,68.5,1400,450,650,1.52,griffith university,griffith university,griffith university,100.0,255,243,Griffith University,Australia,Oceania,L,FC,VH,A,27.0,324,13.7,593,8.4,701+,62.5,187,99.8,90,38.5,363,92.1,135,17.9,602,96.4,40,40.1,griffith university,QS World University Rankings 2025,International Education Costs Dataset,Excellent,255.0,81.92,35200.0,68.5,35268.5,43.23,100.0,High Quality
Australia,Gold Coast,Griffith University,Computer Science,Bachelor,3.0,35200,68.5,1400,450,650,1.52,griffith university,griffith university,griffith university,100.0,255,243,Griffith University,Australia,Oceania,L,FC,VH,A,27.0,324,13.7,593,8.4,701+,62.5,187,99.8,90,38.5,363,92.1,135,17.9,602,96.4,40,40.1,griffith university,QS World University Rankings 2025,International Education Costs Dataset,Excellent,255.0,81.92,35200.0,68.5,35268.5,43.23,100.0,High Quality
Australia,Gold Coast,Griffith University,Computer Science,Master,2.0,38200,68.5,1400,450,650,1.52,griffith university,griffith university,griffith university,100.0,255,243,Griffith University,Australia,Oceania,L,FC,VH,A,27.0,324,13.7,593,8.4,701+,62.5,187,99.8,90,38.5,363,92.1,135,17.9,602,96.4,40,40.1,griffith university,QS World University Rankings 2025,International Education Costs Dataset,Excellent,255.0,81.92,38200.0,68.5,38268.5,38.4,100.0,High Quality
Australia,Gold Coast,Griffith University,Computer Science,Master,2.0,38200,68.5,1400,450,650,1.52,griffith university,griffith university,griffith university,100.0,255,243,Griffith University,Australia,Oceania,L,FC,VH,A,27.0,324,13.7,593,8.4,701+,62.5,187,99.8,90,38.5,363,92.1,135,17.9,602,96.4,40,40.1,griffith university,QS World University Rankings 2025,International Education Costs Dataset,Excellent,255.0,81.92,38200.0,68.5,38268.5,38.4,100.0,High Quality
Australia,Gold Coast,Griffith University,Computer Science,Master,2.0,38200,68.5,1400,450,650,1.52,griffith university,griffith university,griffith university,100.0,255,243,Griffith University,Australia,Oceania,L,FC,VH,A,27.0,324,13.7,593,8.4,701+,62.5,187,99.8,90,38.5,363,92.1,135,17.9,602,96.4,40,40.1,griffith university,QS World University Rankings 2025,International Education Costs Dataset,Excellent,255.0,81.92,38200.0,68.5,38268.5,38.4,100.0,High Quality
Australia,Gold Coast,Griffith University,Computer Science,Master,2.0,38200,68.5,1400,450,650,1.52,griffith university,griffith university,griffith university,100.0,255,243,Griffith University,Australia,Oceania,L,FC,VH,A,27.0,324,13.7,593,8.4,701+,62.5,187,99.8,90,38.5,363,92.1,135,17.9,602,96.4,40,40.1,griffith university,QS World University Rankings 2025,International Education Costs Dataset,Excellent,255.0,81.92,38200.0,68.5,38268.5,38.4,100.0,High Quality
Australia,Gold Coast,Griffith University,Computer Science,Master,2.0,38200,68.5,1400,450,650,1.52,griffith university,griffith university,griffith university,100.0,255,243,Griffith University,Australia,Oceania,L,FC,VH,A,27.0,324,13.7,593,8.4,701+,62.5,187,99.8,90,38.5,363,92.1,135,17.9,602,96.4,40,40.1,griffith university,QS World University Rankings 2025,International Education Costs Dataset,Excellent,255.0,81.92,38200.0,68.5,38268.5,38.4,100.0,High Quality
Australia,Gold Coast,Griffith University,Computer Science,PhD,4.0,28200,68.5,1400,450,650,1.52,griffith university,griffith university,griffith university,100.0,255,243,Griffith University,Australia,Oceania,L,FC,VH,A,27.0,324,13.7,593,8.4,701+,62.5,187,99.8,90,38.5,363,92.1,135,17.9,602,96.4,40,40.1,griffith university,QS World University Rankings 2025,International Education Costs Dataset,Excellent,255.0,81.92,28200.0,68.5,28268.5,54.51,100.0,High Quality
Australia,Gold Coast,Griffith University,Computer Science,PhD,4.0,28200,68.5,1400,450,650,1.52,griffith university,griffith university,griffith university,100.0,255,243,Griffith University,Australia,Oceania,L,FC,VH,A,27.0,324,13.7,593,8.4,701+,62.5,187,99.8,90,38.5,363,92.1,135,17.9,602,96.4,40,40.1,griffith university,QS World University Rankings 2025,International Education Costs Dataset,Excellent,255.0,81.92,28200.0,68.5,28268.5,54.51,100.0,High Quality
Australia,Gold Coast,Griffith University,Computer Science,PhD,4.0,28200,68.5,1400,450,650,1.52,griffith university,griffith university,griffith university,100.0,255,243,Griffith University,Australia,Oceania,L,FC,VH,A,27.0,324,13.7,593,8.4,701+,62.5,187,99.8,90,38.5,363,92.1,135,17.9,602,96.4,40,40.1,griffith university,QS World University Rankings 2025,International Education Costs Dataset,Excellent,255.0,81.92,28200.0,68.5,28268.5,54.51,100.0,High Quality
Australia,Gold Coast,Griffith University,Computer Science,PhD,4.0,28200,68.5,1400,450,650,1.52,griffith university,griffith university,griffith university,100.0,255,243,Griffith University,Australia,Oceania,L,FC,VH,A,27.0,324,13.7,593,8.4,701+,62.5,187,99.8,90,38.5,363,92.1,135,17.9,602,96.4,40,40.1,griffith university,QS World University Rankings 2025,International Education Costs Dataset,Excellent,255.0,81.92,28200.0,68.5,28268.5,54.51,100.0,High Quality
Australia,Gold Coast,Griffith University,Computer Science,PhD,4.0,28200,68.5,1400,450,650,1.52,griffith university,griffith university,griffith university,100.0,255,243,Griffith University,Australia,Oceania,L,FC,VH,A,27.0,324,13.7,593,8.4,701+,62.5,187,99.8,90,38.5,363,92.1,135,17.9,602,96.4,40,40.1,griffith university,QS World University Rankings 2025,International Education Costs Dataset,Excellent,255.0,81.92,28200.0,68.5,28268.5,54.51,100.0,High Quality
Australia,Canberra,University of Canberra,Computer Science,Bachelor,3.0,34800,68.9,1500,450,650,1.52,university of canberra,university of canberra,university of canberra,100.0,403,421,University of Canberra,Australia,Oceania,M,CO,VH,A,14.3,601+,7.7,601+,2.4,701+,51.2,255,79.6,243,69.4,213,63.1,583,5.6,701+,70.9,217=,29.5,university of canberra,QS World University Rankings 2025,International Education Costs Dataset,Excellent,403.0,71.34,34800.0,68.9,34868.9,43.88,100.0,High Quality
Australia,Canberra,University of Canberra,Computer Science,Bachelor,3.0,34800,68.9,1500,450,650,1.52,university of canberra,university of canberra,university of canberra,100.0,403,421,University of Canberra,Australia,Oceania,M,CO,VH,A,14.3,601+,7.7,601+,2.4,701+,51.2,255,79.6,243,69.4,213,63.1,583,5.6,701+,70.9,217=,29.5,university of canberra,QS World University Rankings 2025,International Education Costs Dataset,Excellent,403.0,71.34,34800.0,68.9,34868.9,43.88,100.0,High Quality
Australia,Canberra,University of Canberra,Computer Science,Bachelor,3.0,34800,68.9,1500,450,650,1.52,university of canberra,university of canberra,university of canberra,100.0,403,421,University of Canberra,Australia,Oceania,M,CO,VH,A,14.3,601+,7.7,601+,2.4,701+,51.2,255,79.6,243,69.4,213,63.1,583,5.6,701+,70.9,217=,29.5,university of canberra,QS World University Rankings 2025,International Education Costs Dataset,Excellent,403.0,71.34,34800.0,68.9,34868.9,43.88,100.0,High Quality
Australia,Canberra,University of Canberra,Computer Science,Master,2.0,37800,68.9,1500,450,650,1.52,university of canberra,university of canberra,university of canberra,100.0,403,421,University of Canberra,Australia,Oceania,M,CO,VH,A,14.3,601+,7.7,601+,2.4,701+,51.2,255,79.6,243,69.4,213,63.1,583,5.6,701+,70.9,217=,29.5,university of canberra,QS World University Rankings 2025,International Education Costs Dataset,Excellent,403.0,71.34,37800.0,68.9,37868.9,39.04,100.0,High Quality
Australia,Canberra,University of Canberra,Computer Science,Master,2.0,37800,68.9,1500,450,650,1.52,university of canberra,university of canberra,university of canberra,100.0,403,421,University of Canberra,Australia,Oceania,M,CO,VH,A,14.3,601+,7.7,601+,2.4,701+,51.2,255,79.6,243,69.4,213,63.1,583,5.6,701+,70.9,217=,29.5,university of canberra,QS World University Rankings 2025,International Education Costs Dataset,Excellent,403.0,71.34,37800.0,68.9,37868.9,39.04,100.0,High Quality
Australia,Canberra,University of Canberra,Computer Science,Master,2.0,37800,68.9,1500,450,650,1.52,university of canberra,university of canberra,university of canberra,100.0,403,421,University of Canberra,Australia,Oceania,M,CO,VH,A,14.3,601+,7.7,601+,2.4,701+,51.2,255,79.6,243,69.4,213,63.1,583,5.6,701+,70.9,217=,29.5,university of canberra,QS World University Rankings 2025,International Education Costs Dataset,Excellent,403.0,71.34,37800.0,68.9,37868.9,39.04,100.0,High Quality
Australia,Canberra,University of Canberra,Computer Science,PhD,4.0,27800,68.9,1500,450,650,1.52,university of canberra,university of canberra,university of canberra,100.0,403,421,University of Canberra,Australia,Oceania,M,CO,VH,A,14.3,601+,7.7,601+,2.4,701+,51.2,255,79.6,243,69.4,213,63.1,583,5.6,701+,70.9,217=,29.5,university of canberra,QS World University Rankings 2025,International Education Costs Dataset,Excellent,403.0,71.34,27800.0,68.9,27868.9,55.16,100.0,High Quality
Australia,Canberra,University of Canberra,Computer Science,PhD,4.0,27800,68.9,1500,450,650,1.52,university of canberra,university of canberra,university of canberra,100.0,403,421,University of Canberra,Australia,Oceania,M,CO,VH,A,14.3,601+,7.7,601+,2.4,701+,51.2,255,79.6,243,69.4,213,63.1,583,5.6,701+,70.9,217=,29.5,university of canberra,QS World University Rankings 2025,International Education Costs Dataset,Excellent,403.0,71.34,27800.0,68.9,27868.9,55.16,100.0,High Quality
Australia,Canberra,University of Canberra,Computer Science,PhD,4.0,27800,68.9,1500,450,650,1.52,university of canberra,university of canberra,university of canberra,100.0,403,421,University of Canberra,Australia,Oceania,M,CO,VH,A,14.3,601+,7.7,601+,2.4,701+,51.2,255,79.6,243,69.4,213,63.1,583,5.6,701+,70.9,217=,29.5,university of canberra,QS World University Rankings 2025,International Education Costs Dataset,Excellent,403.0,71.34,27800.0,68.9,27868.9,55.16,100.0,High Quality
Australia,Townsville,James Cook University,Computer Science,Bachelor,3.0,34200,65.2,1200,450,650,1.52,james cook university,james cook university,james cook university,100.0,445,415,James Cook University,Australia,Oceania,M,FC,VH,A,14.4,601+,6.5,601+,17.5,701+,46.9,292,36.7,434,16.0,607,76.0,389,6.7,701+,88.9,103=,26.7,james cook university,QS World University Rankings 2025,International Education Costs Dataset,Excellent,445.0,68.33,34200.0,65.2,34265.2,44.85,100.0,High Quality
Australia,Townsville,James Cook University,Computer Science,Bachelor,3.0,34200,65.2,1200,450,650,1.52,james cook university,james cook university,james cook university,100.0,445,415,James Cook University,Australia,Oceania,M,FC,VH,A,14.4,601+,6.5,601+,17.5,701+,46.9,292,36.7,434,16.0,607,76.0,389,6.7,701+,88.9,103=,26.7,james cook university,QS World University Rankings 2025,International Education Costs Dataset,Excellent,445.0,68.33,34200.0,65.2,34265.2,44.85,100.0,High Quality
Australia,Townsville,James Cook University,Computer Science,Bachelor,3.0,34200,65.2,1200,450,650,1.52,james cook university,james cook university,james cook university,100.0,445,415,James Cook University,Australia,Oceania,M,FC,VH,A,14.4,601+,6.5,601+,17.5,701+,46.9,292,36.7,434,16.0,607,76.0,389,6.7,701+,88.9,103=,26.7,james cook university,QS World University Rankings 2025,International Education Costs Dataset,Excellent,445.0,68.33,34200.0,65.2,34265.2,44.85,100.0,High Quality
Australia,Townsville,James Cook University,Computer Science,Bachelor,3.0,34200,65.2,1200,450,650,1.52,james cook university,james cook university,james cook university,100.0,445,415,James Cook University,Australia,Oceania,M,FC,VH,A,14.4,601+,6.5,601+,17.5,701+,46.9,292,36.7,434,16.0,607,76.0,389,6.7,701+,88.9,103=,26.7,james cook university,QS World University Rankings 2025,International Education Costs Dataset,Excellent,445.0,68.33,34200.0,65.2,34265.2,44.85,100.0,High Quality
Australia,Townsville,James Cook University,Computer Science,Master,2.0,37200,65.2,1200,450,650,1.52,james cook university,james cook university,james cook university,100.0,445,415,James Cook University,Australia,Oceania,M,FC,VH,A,14.4,601+,6.5,601+,17.5,701+,46.9,292,36.7,434,16.0,607,76.0,389,6.7,701+,88.9,103=,26.7,james cook university,QS World University Rankings 2025,International Education Costs Dataset,Excellent,445.0,68.33,37200.0,65.2,37265.2,40.02,100.0,High Quality
Australia,Townsville,James Cook University,Computer Science,Master,2.0,37200,65.2,1200,450,650,1.52,james cook university,james cook university,james cook university,100.0,445,415,James Cook University,Australia,Oceania,M,FC,VH,A,14.4,601+,6.5,601+,17.5,701+,46.9,292,36.7,434,16.0,607,76.0,389,6.7,701+,88.9,103=,26.7,james cook university,QS World University Rankings 2025,International Education Costs Dataset,Excellent,445.0,68.33,37200.0,65.2,37265.2,40.02,100.0,High Quality
Australia,Townsville,James Cook University,Computer Science,Master,2.0,37200,65.2,1200,450,650,1.52,james cook university,james cook university,james cook university,100.0,445,415,James Cook University,Australia,Oceania,M,FC,VH,A,14.4,601+,6.5,601+,17.5,701+,46.9,292,36.7,434,16.0,607,76.0,389,6.7,701+,88.9,103=,26.7,james cook university,QS World University Rankings 2025,International Education Costs Dataset,Excellent,445.0,68.33,37200.0,65.2,37265.2,40.02,100.0,High Quality
Australia,Townsville,James Cook University,Computer Science,Master,2.0,37200,65.2,1200,450,650,1.52,james cook university,james cook university,james cook university,100.0,445,415,James Cook University,Australia,Oceania,M,FC,VH,A,14.4,601+,6.5,601+,17.5,701+,46.9,292,36.7,434,16.0,607,76.0,389,6.7,701+,88.9,103=,26.7,james cook university,QS World University Rankings 2025,International Education Costs Dataset,Excellent,445.0,68.33,37200.0,65.2,37265.2,40.02,100.0,High Quality
Australia,Townsville,James Cook University,Computer Science,PhD,4.0,27200,65.2,1200,450,650,1.52,james cook university,james cook university,james cook university,100.0,445,415,James Cook University,Australia,Oceania,M,FC,VH,A,14.4,601+,6.5,601+,17.5,701+,46.9,292,36.7,434,16.0,607,76.0,389,6.7,701+,88.9,103=,26.7,james cook university,QS World University Rankings 2025,International Education Costs Dataset,Excellent,445.0,68.33,27200.0,65.2,27265.2,56.13,100.0,High Quality
Australia,Townsville,James Cook University,Computer Science,PhD,4.0,27200,65.2,1200,450,650,1.52,james cook university,james cook university,james cook university,100.0,445,415,James Cook University,Australia,Oceania,M,FC,VH,A,14.4,601+,6.5,601+,17.5,701+,46.9,292,36.7,434,16.0,607,76.0,389,6.7,701+,88.9,103=,26.7,james cook university,QS World University Rankings 2025,International Education Costs Dataset,Excellent,445.0,68.33,27200.0,65.2,27265.2,56.13,100.0,High Quality
Australia,Townsville,James Cook University,Computer Science,PhD,4.0,27200,65.2,1200,450,650,1.52,james cook university,james cook university,james cook university,100.0,445,415,James Cook University,Australia,Oceania,M,FC,VH,A,14.4,601+,6.5,601+,17.5,701+,46.9,292,36.7,434,16.0,607,76.0,389,6.7,701+,88.9,103=,26.7,james cook university,QS World University Rankings 2025,International Education Costs Dataset,Excellent,445.0,68.33,27200.0,65.2,27265.2,56.13,100.0,High Quality
Australia,Townsville,James Cook University,Computer Science,PhD,4.0,27200,65.2,1200,450,650,1.52,james cook university,james cook university,james cook university,100.0,445,415,James Cook University,Australia,Oceania,M,FC,VH,A,14.4,601+,6.5,601+,17.5,701+,46.9,292,36.7,434,16.0,607,76.0,389,6.7,701+,88.9,103=,26.7,james cook university,QS World University Rankings 2025,International Education Costs Dataset,Excellent,445.0,68.33,27200.0,65.2,27265.2,56.13,100.0,High Quality
Australia,Armidale,University of New England,Computer Science,Bachelor,3.0,33800,63.8,1100,450,650,1.52,university of new england,university of new england,,,,,,,,,,,,,,,,,,,,,,,,,,,,,,,,Not Matched,International Education Costs Dataset,Unmatched,,,33800.0,63.8,33863.8,45.5,75.0,High Quality
Australia,Armidale,University of New England,Computer Science,Bachelor,3.0,33800,63.8,1100,450,650,1.52,university of new england,university of new england,,,,,,,,,,,,,,,,,,,,,,,,,,,,,,,,Not Matched,International Education Costs Dataset,Unmatched,,,33800.0,63.8,33863.8,45.5,75.0,High Quality
Australia,Armidale,University of New England,Computer Science,Bachelor,3.0,33800,63.8,1100,450,650,1.52,university of new england,university of new england,,,,,,,,,,,,,,,,,,,,,,,,,,,,,,,,Not Matched,International Education Costs Dataset,Unmatched,,,33800.0,63.8,33863.8,45.5,75.0,High Quality
Australia,Armidale,University of New England,Computer Science,Bachelor,3.0,33800,63.8,1100,450,650,1.52,university of new england,university of new england,,,,,,,,,,,,,,,,,,,,,,,,,,,,,,,,Not Matched,International Education Costs Dataset,Unmatched,,,33800.0,63.8,33863.8,45.5,75.0,High Quality
Australia,Armidale,University of New England,Computer Science,Master,2.0,36800,63.8,1100,450,650,1.52,university of new england,university of new england,,,,,,,,,,,,,,,,,,,,,,,,,,,,,,,,Not Matched,International Education Costs Dataset,Unmatched,,,36800.0,63.8,36863.8,40.66,75.0,High Quality
Australia,Armidale,University of New England,Computer Science,Master,2.0,36800,63.8,1100,450,650,1.52,university of new england,university of new england,,,,,,,,,,,,,,,,,,,,,,,,,,,,,,,,Not Matched,International Education Costs Dataset,Unmatched,,,36800.0,63.8,36863.8,40.66,75.0,High Quality
Australia,Armidale,University of New England,Computer Science,Master,2.0,36800,63.8,1100,450,650,1.52,university of new england,university of new england,,,,,,,,,,,,,,,,,,,,,,,,,,,,,,,,Not Matched,International Education Costs Dataset,Unmatched,,,36800.0,63.8,36863.8,40.66,75.0,High Quality
Australia,Armidale,University of New England,Computer Science,Master,2.0,36800,63.8,1100,450,650,1.52,university of new england,university of new england,,,,,,,,,,,,,,,,,,,,,,,,,,,,,,,,Not Matched,International Education Costs Dataset,Unmatched,,,36800.0,63.8,36863.8,40.66,75.0,High Quality
Australia,Armidale,University of New England,Computer Science,PhD,4.0,26800,63.8,1100,450,650,1.52,university of new england,university of new england,,,,,,,,,,,,,,,,,,,,,,,,,,,,,,,,Not Matched,International Education Costs Dataset,Unmatched,,,26800.0,63.8,26863.8,56.77,75.0,High Quality
Australia,Armidale,University of New England,Computer Science,PhD,4.0,26800,63.8,1100,450,650,1.52,university of new england,university of new england,,,,,,,,,,,,,,,,,,,,,,,,,,,,,,,,Not Matched,International Education Costs Dataset,Unmatched,,,26800.0,63.8,26863.8,56.77,75.0,High Quality
Australia,Armidale,University of New England,Computer Science,PhD,4.0,26800,63.8,1100,450,650,1.52,university of new england,university of new england,,,,,,,,,,,,,,,,,,,,,,,,,,,,,,,,Not Matched,International Education Costs Dataset,Unmatched,,,26800.0,63.8,26863.8,56.77,75.0,High Quality
Australia,Armidale,University of New England,Computer Science,PhD,4.0,26800,63.8,1100,450,650,1.52,university of new england,university of new england,,,,,,,,,,,,,,,,,,,,,,,,,,,,,,,,Not Matched,International Education Costs Dataset,Unmatched,,,26800.0,63.8,26863.8,56.77,75.0,High Quality
Australia,Toowoomba,University of Southern Queensland,Computer Science,Bachelor,3.0,33200,64.2,1100,450,650,1.52,university of southern queensland,university of southern queensland,university of southern queensland,100.0,396,410,University of Southern Queensland,Australia,Oceania,M,CO,VH,A,8.8,601+,5.7,601+,4.8,701+,73.1,143,84.1,223,23.0,503,81.0,310,8.6,701+,43.0,353,29.7,university of southern queensland,QS World University Rankings 2025,International Education Costs Dataset,Excellent,396.0,71.84,33200.0,64.2,33264.2,46.46,100.0,High Quality
Australia,Toowoomba,University of Southern Queensland,Computer Science,Bachelor,3.0,33200,64.2,1100,450,650,1.52,university of southern queensland,university of southern queensland,university of southern queensland,100.0,396,410,University of Southern Queensland,Australia,Oceania,M,CO,VH,A,8.8,601+,5.7,601+,4.8,701+,73.1,143,84.1,223,23.0,503,81.0,310,8.6,701+,43.0,353,29.7,university of southern queensland,QS World University Rankings 2025,International Education Costs Dataset,Excellent,396.0,71.84,33200.0,64.2,33264.2,46.46,100.0,High Quality
Australia,Toowoomba,University of Southern Queensland,Computer Science,Bachelor,3.0,33200,64.2,1100,450,650,1.52,university of southern queensland,university of southern queensland,university of southern queensland,100.0,396,410,University of Southern Queensland,Australia,Oceania,M,CO,VH,A,8.8,601+,5.7,601+,4.8,701+,73.1,143,84.1,223,23.0,503,81.0,310,8.6,701+,43.0,353,29.7,university of southern queensland,QS World University Rankings 2025,International Education Costs Dataset,Excellent,396.0,71.84,33200.0,64.2,33264.2,46.46,100.0,High Quality
Australia,Toowoomba,University of Southern Queensland,Computer Science,Master,2.0,36200,64.2,1100,450,650,1.52,university of southern queensland,university of southern queensland,university of southern queensland,100.0,396,410,University of Southern Queensland,Australia,Oceania,M,CO,VH,A,8.8,601+,5.7,601+,4.8,701+,73.1,143,84.1,223,23.0,503,81.0,310,8.6,701+,43.0,353,29.7,university of southern queensland,QS World University Rankings 2025,International Education Costs Dataset,Excellent,396.0,71.84,36200.0,64.2,36264.2,41.63,100.0,High Quality
Australia,Toowoomba,University of Southern Queensland,Computer Science,Master,2.0,36200,64.2,1100,450,650,1.52,university of southern queensland,university of southern queensland,university of southern queensland,100.0,396,410,University of Southern Queensland,Australia,Oceania,M,CO,VH,A,8.8,601+,5.7,601+,4.8,701+,73.1,143,84.1,223,23.0,503,81.0,310,8.6,701+,43.0,353,29.7,university of southern queensland,QS World University Rankings 2025,International Education Costs Dataset,Excellent,396.0,71.84,36200.0,64.2,36264.2,41.63,100.0,High Quality
Australia,Toowoomba,University of Southern Queensland,Computer Science,Master,2.0,36200,64.2,1100,450,650,1.52,university of southern queensland,university of southern queensland,university of southern queensland,100.0,396,410,University of Southern Queensland,Australia,Oceania,M,CO,VH,A,8.8,601+,5.7,601+,4.8,701+,73.1,143,84.1,223,23.0,503,81.0,310,8.6,701+,43.0,353,29.7,university of southern queensland,QS World University Rankings 2025,International Education Costs Dataset,Excellent,396.0,71.84,36200.0,64.2,36264.2,41.63,100.0,High Quality
Australia,Toowoomba,University of Southern Queensland,Computer Science,PhD,4.0,26200,64.2,1100,450,650,1.52,university of southern queensland,university of southern queensland,university of southern queensland,100.0,396,410,University of Southern Queensland,Australia,Oceania,M,CO,VH,A,8.8,601+,5.7,601+,4.8,701+,73.1,143,84.1,223,23.0,503,81.0,310,8.6,701+,43.0,353,29.7,university of southern queensland,QS World University Rankings 2025,International Education Costs Dataset,Excellent,396.0,71.84,26200.0,64.2,26264.2,57.74,100.0,High Quality
Australia,Toowoomba,University of Southern Queensland,Computer Science,PhD,4.0,26200,64.2,1100,450,650,1.52,university of southern queensland,university of southern queensland,university of southern queensland,100.0,396,410,University of Southern Queensland,Australia,Oceania,M,CO,VH,A,8.8,601+,5.7,601+,4.8,701+,73.1,143,84.1,223,23.0,503,81.0,310,8.6,701+,43.0,353,29.7,university of southern queensland,QS World University Rankings 2025,International Education Costs Dataset,Excellent,396.0,71.84,26200.0,64.2,26264.2,57.74,100.0,High Quality
Australia,Toowoomba,University of Southern Queensland,Computer Science,PhD,4.0,26200,64.2,1100,450,650,1.52,university of southern queensland,university of southern queensland,university of southern queensland,100.0,396,410,University of Southern Queensland,Australia,Oceania,M,CO,VH,A,8.8,601+,5.7,601+,4.8,701+,73.1,143,84.1,223,23.0,503,81.0,310,8.6,701+,43.0,353,29.7,university of southern queensland,QS World University Rankings 2025,International Education Costs Dataset,Excellent,396.0,71.84,26200.0,64.2,26264.2,57.74,100.0,High Quality
Australia,Ballarat,Federation University,Computer Science,Bachelor,3.0,32800,63.5,1000,450,650,1.52,federation university,federation university,,,,,,,,,,,,,,,,,,,,,,,,,,,,,,,,Not Matched,International Education Costs Dataset,Unmatched,,,32800.0,63.5,32863.5,47.11,75.0,High Quality
Australia,Ballarat,Federation University,Computer Science,Bachelor,3.0,32800,63.5,1000,450,650,1.52,federation university,federation university,,,,,,,,,,,,,,,,,,,,,,,,,,,,,,,,Not Matched,International Education Costs Dataset,Unmatched,,,32800.0,63.5,32863.5,47.11,75.0,High Quality
Australia,Ballarat,Federation University,Computer Science,Bachelor,3.0,32800,63.5,1000,450,650,1.52,federation university,federation university,,,,,,,,,,,,,,,,,,,,,,,,,,,,,,,,Not Matched,International Education Costs Dataset,Unmatched,,,32800.0,63.5,32863.5,47.11,75.0,High Quality
Australia,Ballarat,Federation University,Computer Science,Master,2.0,35800,63.5,1000,450,650,1.52,federation university,federation university,,,,,,,,,,,,,,,,,,,,,,,,,,,,,,,,Not Matched,International Education Costs Dataset,Unmatched,,,35800.0,63.5,35863.5,42.27,75.0,High Quality
Australia,Ballarat,Federation University,Computer Science,Master,2.0,35800,63.5,1000,450,650,1.52,federation university,federation university,,,,,,,,,,,,,,,,,,,,,,,,,,,,,,,,Not Matched,International Education Costs Dataset,Unmatched,,,35800.0,63.5,35863.5,42.27,75.0,High Quality
Australia,Ballarat,Federation University,Computer Science,Master,2.0,35800,63.5,1000,450,650,1.52,federation university,federation university,,,,,,,,,,,,,,,,,,,,,,,,,,,,,,,,Not Matched,International Education Costs Dataset,Unmatched,,,35800.0,63.5,35863.5,42.27,75.0,High Quality
Australia,Ballarat,Federation University,Computer Science,PhD,4.0,25800,63.5,1000,450,650,1.52,federation university,federation university,,,,,,,,,,,,,,,,,,,,,,,,,,,,,,,,Not Matched,International Education Costs Dataset,Unmatched,,,25800.0,63.5,25863.5,58.39,75.0,High Quality
Australia,Ballarat,Federation University,Computer Science,PhD,4.0,25800,63.5,1000,450,650,1.52,federation university,federation university,,,,,,,,,,,,,,,,,,,,,,,,,,,,,,,,Not Matched,International Education Costs Dataset,Unmatched,,,25800.0,63.5,25863.5,58.39,75.0,High Quality
Australia,Ballarat,Federation University,Computer Science,PhD,4.0,25800,63.5,1000,450,650,1.52,federation university,federation university,,,,,,,,,,,,,,,,,,,,,,,,,,,,,,,,Not Matched,International Education Costs Dataset,Unmatched,,,25800.0,63.5,25863.5,58.39,75.0,High Quality
Australia,Lismore,Southern Cross University,Computer Science,Bachelor,3.0,32200,63.2,1000,450,650,1.52,southern cross university,southern cross university,southern cross university,100.0,576,651-660,Southern Cross University,Australia,Oceania,M,CO,VH,A,4.4,601+,2.8,601+,2.9,701+,46.3,299,81.1,234,44.8,327,44.2,701+,4.8,701+,48.2,327,21.4,southern cross university,QS World University Rankings 2025,International Education Costs Dataset,Excellent,576.0,58.97,32200.0,63.2,32263.2,48.07,100.0,High Quality
Australia,Lismore,Southern Cross University,Computer Science,Bachelor,3.0,32200,63.2,1000,450,650,1.52,southern cross university,southern cross university,southern cross university,100.0,576,651-660,Southern Cross University,Australia,Oceania,M,CO,VH,A,4.4,601+,2.8,601+,2.9,701+,46.3,299,81.1,234,44.8,327,44.2,701+,4.8,701+,48.2,327,21.4,southern cross university,QS World University Rankings 2025,International Education Costs Dataset,Excellent,576.0,58.97,32200.0,63.2,32263.2,48.07,100.0,High Quality
Australia,Lismore,Southern Cross University,Computer Science,Bachelor,3.0,32200,63.2,1000,450,650,1.52,southern cross university,southern cross university,southern cross university,100.0,576,651-660,Southern Cross University,Australia,Oceania,M,CO,VH,A,4.4,601+,2.8,601+,2.9,701+,46.3,299,81.1,234,44.8,327,44.2,701+,4.8,701+,48.2,327,21.4,southern cross university,QS World University Rankings 2025,International Education Costs Dataset,Excellent,576.0,58.97,32200.0,63.2,32263.2,48.07,100.0,High Quality
Australia,Lismore,Southern Cross University,Computer Science,Master,2.0,35200,63.2,1000,450,650,1.52,southern cross university,southern cross university,southern cross university,100.0,576,651-660,Southern Cross University,Australia,Oceania,M,CO,VH,A,4.4,601+,2.8,601+,2.9,701+,46.3,299,81.1,234,44.8,327,44.2,701+,4.8,701+,48.2,327,21.4,southern cross university,QS World University Rankings 2025,International Education Costs Dataset,Excellent,576.0,58.97,35200.0,63.2,35263.2,43.24,100.0,High Quality
Australia,Lismore,Southern Cross University,Computer Science,Master,2.0,35200,63.2,1000,450,650,1.52,southern cross university,southern cross university,southern cross university,100.0,576,651-660,Southern Cross University,Australia,Oceania,M,CO,VH,A,4.4,601+,2.8,601+,2.9,701+,46.3,299,81.1,234,44.8,327,44.2,701+,4.8,701+,48.2,327,21.4,southern cross university,QS World University Rankings 2025,International Education Costs Dataset,Excellent,576.0,58.97,35200.0,63.2,35263.2,43.24,100.0,High Quality
Australia,Lismore,Southern Cross University,Computer Science,Master,2.0,35200,63.2,1000,450,650,1.52,southern cross university,southern cross university,southern cross university,100.0,576,651-660,Southern Cross University,Australia,Oceania,M,CO,VH,A,4.4,601+,2.8,601+,2.9,701+,46.3,299,81.1,234,44.8,327,44.2,701+,4.8,701+,48.2,327,21.4,southern cross university,QS World University Rankings 2025,International Education Costs Dataset,Excellent,576.0,58.97,35200.0,63.2,35263.2,43.24,100.0,High Quality
Australia,Lismore,Southern Cross University,Computer Science,PhD,4.0,25200,63.2,1000,450,650,1.52,southern cross university,southern cross university,southern cross university,100.0,576,651-660,Southern Cross University,Australia,Oceania,M,CO,VH,A,4.4,601+,2.8,601+,2.9,701+,46.3,299,81.1,234,44.8,327,44.2,701+,4.8,701+,48.2,327,21.4,southern cross university,QS World University Rankings 2025,International Education Costs Dataset,Excellent,576.0,58.97,25200.0,63.2,25263.2,59.35,100.0,High Quality
Australia,Lismore,Southern Cross University,Computer Science,PhD,4.0,25200,63.2,1000,450,650,1.52,southern cross university,southern cross university,southern cross university,100.0,576,651-660,Southern Cross University,Australia,Oceania,M,CO,VH,A,4.4,601+,2.8,601+,2.9,701+,46.3,299,81.1,234,44.8,327,44.2,701+,4.8,701+,48.2,327,21.4,southern cross university,QS World University Rankings 2025,International Education Costs Dataset,Excellent,576.0,58.97,25200.0,63.2,25263.2,59.35,100.0,High Quality
Australia,Lismore,Southern Cross University,Computer Science,PhD,4.0,25200,63.2,1000,450,650,1.52,southern cross university,southern cross university,southern cross university,100.0,576,651-660,Southern Cross University,Australia,Oceania,M,CO,VH,A,4.4,601+,2.8,601+,2.9,701+,46.3,299,81.1,234,44.8,327,44.2,701+,4.8,701+,48.2,327,21.4,southern cross university,QS World University Rankings 2025,International Education Costs Dataset,Excellent,576.0,58.97,25200.0,63.2,25263.2,59.35,100.0,High Quality
USA,Boston,MIT,Computer Science,Master,2.0,58000,82.1,2100,160,1500,1.0,mit,mit,,,,,,,,,,,,,,,,,,,,,,,,,,,,,,,,Not Matched,International Education Costs Dataset,Unmatched,,,58000.0,82.1,58082.1,6.47,75.0,High Quality
USA,Boston,MIT,Computer Science,Master,2.0,58000,82.1,2100,160,1500,1.0,mit,mit,,,,,,,,,,,,,,,,,,,,,,,,,,,,,,,,Not Matched,International Education Costs Dataset,Unmatched,,,58000.0,82.1,58082.1,6.47,75.0,High Quality
USA,Boston,MIT,Computer Science,Master,2.0,58000,82.1,2100,160,1500,1.0,mit,mit,,,,,,,,,,,,,,,,,,,,,,,,,,,,,,,,Not Matched,International Education Costs Dataset,Unmatched,,,58000.0,82.1,58082.1,6.47,75.0,High Quality
UK,London,Imperial College London,Data Science,Master,1.0,42000,75.3,1800,485,800,0.79,imperial college london,imperial college london,imperial college london,100.0,2,6,Imperial College London,United Kingdom,Europe,L,FC,VH,A,98.5,22,99.5,11,98.2,45,93.9,54,100.0,66,99.6,44,97.4,34,93.4,61,99.7,6,98.5,imperial college london,QS World University Rankings 2025,International Education Costs Dataset,Excellent,2.0,100.0,42000.0,75.3,42075.3,32.27,100.0,High Quality
UK,London,Imperial College London,Data Science,Master,1.0,42000,75.3,1800,485,800,0.79,imperial college london,imperial college london,imperial college london,100.0,2,6,Imperial College London,United Kingdom,Europe,L,FC,VH,A,98.5,22,99.5,11,98.2,45,93.9,54,100.0,66,99.6,44,97.4,34,93.4,61,99.7,6,98.5,imperial college london,QS World University Rankings 2025,International Education Costs Dataset,Excellent,2.0,100.0,42000.0,75.3,42075.3,32.27,100.0,High Quality
UK,London,Imperial College London,Data Science,Master,1.0,42000,75.3,1800,485,800,0.79,imperial college london,imperial college london,imperial college london,100.0,2,6,Imperial College London,United Kingdom,Europe,L,FC,VH,A,98.5,22,99.5,11,98.2,45,93.9,54,100.0,66,99.6,44,97.4,34,93.4,61,99.7,6,98.5,imperial college london,QS World University Rankings 2025,International Education Costs Dataset,Excellent,2.0,100.0,42000.0,75.3,42075.3,32.27,100.0,High Quality
Germany,Munich,TU Munich,Mechanical Engineering,Master,2.0,0,71.5,1200,110,900,0.92,tu munich,tu munich,,,,,,,,,,,,,,,,,,,,,,,,,,,,,,,,Not Matched,International Education Costs Dataset,Unmatched,,,0.0,71.5,71.5,99.94,75.0,High Quality
Canada,Toronto,University of Toronto,Business Analytics,Master,2.0,45000,73.8,1700,235,750,1.35,university of toronto,university of toronto,university of toronto,100.0,25,21,University of Toronto,Canada,Americas,XL,FC,VH,A,99.7,11,96.9,27,44.9,344,50.8,257,96.9,132,96.1,90,97.7,29,98.7,19,100.0,1,84.1,university of toronto,QS World University Rankings 2025,International Education Costs Dataset,Excellent,25.0,98.36,45000.0,73.8,45073.8,27.43,100.0,High Quality
Canada,Toronto,University of Toronto,Business Analytics,Master,2.0,45000,73.8,1700,235,750,1.35,university of toronto,university of toronto,university of toronto,100.0,25,21,University of Toronto,Canada,Americas,XL,FC,VH,A,99.7,11,96.9,27,44.9,344,50.8,257,96.9,132,96.1,90,97.7,29,98.7,19,100.0,1,84.1,university of toronto,QS World University Rankings 2025,International Education Costs Dataset,Excellent,25.0,98.36,45000.0,73.8,45073.8,27.43,100.0,High Quality
Canada,Toronto,University of Toronto,Business Analytics,Master,2.0,45000,73.8,1700,235,750,1.35,university of toronto,university of toronto,university of toronto,100.0,25,21,University of Toronto,Canada,Americas,XL,FC,VH,A,99.7,11,96.9,27,44.9,344,50.8,257,96.9,132,96.1,90,97.7,29,98.7,19,100.0,1,84.1,university of toronto,QS World University Rankings 2025,International Education Costs Dataset,Excellent,25.0,98.36,45000.0,73.8,45073.8,27.43,100.0,High Quality
Canada,Toronto,University of Toronto,Business Analytics,Master,2.0,45000,73.8,1700,235,750,1.35,university of toronto,university of toronto,university of toronto,100.0,25,21,University of Toronto,Canada,Americas,XL,FC,VH,A,99.7,11,96.9,27,44.9,344,50.8,257,96.9,132,96.1,90,97.7,29,98.7,19,100.0,1,84.1,university of toronto,QS World University Rankings 2025,International Education Costs Dataset,Excellent,25.0,98.36,45000.0,73.8,45073.8,27.43,100.0,High Quality
Australia,Melbourne,University of Melbourne,Artificial Intelligence,PhD,4.0,29000,72.4,1500,450,650,1.52,university of melbourne,university of melbourne,the university of melbourne,92.0,13,14,The University of Melbourne,Australia,Oceania,XL,FC,VH,A,98.5,21,93.9,39,15.4,701+,93.0,62,95.1,148,99.8,39,97.4,33,96.5,39,99.6,9,88.9,the university of melbourne,QS World University Rankings 2025,International Education Costs Dataset,High,13.0,99.21,29000.0,72.4,29072.4,53.22,100.0,High Quality
Australia,Melbourne,University of Melbourne,Artificial Intelligence,PhD,4.0,29000,72.4,1500,450,650,1.52,university of melbourne,university of melbourne,the university of melbourne,92.0,13,14,The University of Melbourne,Australia,Oceania,XL,FC,VH,A,98.5,21,93.9,39,15.4,701+,93.0,62,95.1,148,99.8,39,97.4,33,96.5,39,99.6,9,88.9,the university of melbourne,QS World University Rankings 2025,International Education Costs Dataset,High,13.0,99.21,29000.0,72.4,29072.4,53.22,100.0,High Quality
Australia,Melbourne,University of Melbourne,Artificial Intelligence,PhD,4.0,29000,72.4,1500,450,650,1.52,university of melbourne,university of melbourne,the university of melbourne,92.0,13,14,The University of Melbourne,Australia,Oceania,XL,FC,VH,A,98.5,21,93.9,39,15.4,701+,93.0,62,95.1,148,99.8,39,97.4,33,96.5,39,99.6,9,88.9,the university of melbourne,QS World University Rankings 2025,International Education Costs Dataset,High,13.0,99.21,29000.0,72.4,29072.4,53.22,100.0,High Quality
Australia,Melbourne,University of Melbourne,Artificial Intelligence,PhD,4.0,29000,72.4,1500,450,650,1.52,university of melbourne,university of melbourne,the university of melbourne,92.0,13,14,The University of Melbourne,Australia,Oceania,XL,FC,VH,A,98.5,21,93.9,39,15.4,701+,93.0,62,95.1,148,99.8,39,97.4,33,96.5,39,99.6,9,88.9,the university of melbourne,QS World University Rankings 2025,International Education Costs Dataset,High,13.0,99.21,29000.0,72.4,29072.4,53.22,100.0,High Quality
Australia,Melbourne,University of Melbourne,Artificial Intelligence,PhD,4.0,29000,72.4,1500,450,650,1.52,university of melbourne,university of melbourne,the university of melbourne,92.0,13,14,The University of Melbourne,Australia,Oceania,XL,FC,VH,A,98.5,21,93.9,39,15.4,701+,93.0,62,95.1,148,99.8,39,97.4,33,96.5,39,99.6,9,88.9,the university of melbourne,QS World University Rankings 2025,International Education Costs Dataset,High,13.0,99.21,29000.0,72.4,29072.4,53.22,100.0,High Quality
USA,Stanford,Stanford University,Physics,PhD,5.0,52000,84.3,2300,160,1500,1.0,stanford university,stanford university,stanford university,100.0,6,5,Stanford University,United States,Americas,L,FC,VH,B,100.0,5,100.0,3,100.0,12,99.0,27,70.3,284,60.8,244,96.8,45,100.0,2,81.2,148=,96.1,stanford university,QS World University Rankings 2025,International Education Costs Dataset,Excellent,6.0,99.71,52000.0,84.3,52084.3,16.14,100.0,High Quality
USA,Stanford,Stanford University,Physics,PhD,5.0,52000,84.3,2300,160,1500,1.0,stanford university,stanford university,stanford university,100.0,6,5,Stanford University,United States,Americas,L,FC,VH,B,100.0,5,100.0,3,100.0,12,99.0,27,70.3,284,60.8,244,96.8,45,100.0,2,81.2,148=,96.1,stanford university,QS World University Rankings 2025,International Education Costs Dataset,Excellent,6.0,99.71,52000.0,84.3,52084.3,16.14,100.0,High Quality
USA,Stanford,Stanford University,Physics,PhD,5.0,52000,84.3,2300,160,1500,1.0,stanford university,stanford university,stanford university,100.0,6,5,Stanford University,United States,Americas,L,FC,VH,B,100.0,5,100.0,3,100.0,12,99.0,27,70.3,284,60.8,244,96.8,45,100.0,2,81.2,148=,96.1,stanford university,QS World University Rankings 2025,International Education Costs Dataset,Excellent,6.0,99.71,52000.0,84.3,52084.3,16.14,100.0,High Quality
USA,Stanford,Stanford University,Physics,PhD,5.0,52000,84.3,2300,160,1500,1.0,stanford university,stanford university,stanford university,100.0,6,5,Stanford University,United States,Americas,L,FC,VH,B,100.0,5,100.0,3,100.0,12,99.0,27,70.3,284,60.8,244,96.8,45,100.0,2,81.2,148=,96.1,stanford university,QS World University Rankings 2025,International Education Costs Dataset,Excellent,6.0,99.71,52000.0,84.3,52084.3,16.14,100.0,High Quality
USA,Stanford,Stanford University,Physics,PhD,5.0,52000,84.3,2300,160,1500,1.0,stanford university,stanford university,stanford university,100.0,6,5,Stanford University,United States,Americas,L,FC,VH,B,100.0,5,100.0,3,100.0,12,99.0,27,70.3,284,60.8,244,96.8,45,100.0,2,81.2,148=,96.1,stanford university,QS World University Rankings 2025,International Education Costs Dataset,Excellent,6.0,99.71,52000.0,84.3,52084.3,16.14,100.0,High Quality
UK,Edinburgh,University of Edinburgh,Chemistry,Master,2.0,38000,67.8,1100,485,800,0.79,university of edinburgh,university of edinburgh,the university of edinburgh,92.0,27,22,The University of Edinburgh,United Kingdom,Europe,XL,FC,VH,A,98.3,24,97.2,24,65.5,201,47.7,282,98.7,111,99.8,41,99.5,7,55.9,222,99.0,15=,83.3,the university of edinburgh,QS World University Rankings 2025,International Education Costs Dataset,High,27.0,98.21,38000.0,67.8,38067.8,38.72,100.0,High Quality
UK,Edinburgh,University of Edinburgh,Chemistry,Master,2.0,38000,67.8,1100,485,800,0.79,university of edinburgh,university of edinburgh,the university of edinburgh,92.0,27,22,The University of Edinburgh,United Kingdom,Europe,XL,FC,VH,A,98.3,24,97.2,24,65.5,201,47.7,282,98.7,111,99.8,41,99.5,7,55.9,222,99.0,15=,83.3,the university of edinburgh,QS World University Rankings 2025,International Education Costs Dataset,High,27.0,98.21,38000.0,67.8,38067.8,38.72,100.0,High Quality
UK,Edinburgh,University of Edinburgh,Chemistry,Master,2.0,38000,67.8,1100,485,800,0.79,university of edinburgh,university of edinburgh,the university of edinburgh,92.0,27,22,The University of Edinburgh,United Kingdom,Europe,XL,FC,VH,A,98.3,24,97.2,24,65.5,201,47.7,282,98.7,111,99.8,41,99.5,7,55.9,222,99.0,15=,83.3,the university of edinburgh,QS World University Rankings 2025,International Education Costs Dataset,High,27.0,98.21,38000.0,67.8,38067.8,38.72,100.0,High Quality
Germany,Berlin,Humboldt University,Computer Science,Bachelor,3.0,0,68.9,950,110,900,0.92,humboldt university,humboldt university,humboldt state university,86.36363636363636,1401+,1401+,Humboldt State University,United States,Americas,M,CO,HI,A,3.0,601+,2.5,601+,9.7,701+,3.7,701+,2.9,701+,1.2,701+,9.9,701+,3.1,701+,1.0,701+,,humboldt state university,QS World University Rankings 2025,International Education Costs Dataset,Medium,1401.0,0.0,0.0,68.9,68.9,99.95,100.0,High Quality
Canada,Vancouver,University of British Columbia,Environmental Science,Master,2.0,42000,71.2,1600,235,750,1.35,university of british columbia,university of british columbia,university of british columbia,100.0,38,34,University of British Columbia,Canada,Americas,XL,FC,VH,A,98.3,23,94.3,36,34.5,459,57.7,214,95.5,142,72.8,200,96.2,53,74.6,141,99.8,4,81.0,university of british columbia,QS World University Rankings 2025,International Education Costs Dataset,Excellent,38.0,97.43,42000.0,71.2,42071.2,32.27,100.0,High Quality
Canada,Vancouver,University of British Columbia,Environmental Science,Master,2.0,42000,71.2,1600,235,750,1.35,university of british columbia,university of british columbia,university of british columbia,100.0,38,34,University of British Columbia,Canada,Americas,XL,FC,VH,A,98.3,23,94.3,36,34.5,459,57.7,214,95.5,142,72.8,200,96.2,53,74.6,141,99.8,4,81.0,university of british columbia,QS World University Rankings 2025,International Education Costs Dataset,Excellent,38.0,97.43,42000.0,71.2,42071.2,32.27,100.0,High Quality
Canada,Vancouver,University of British Columbia,Environmental Science,Master,2.0,42000,71.2,1600,235,750,1.35,university of british columbia,university of british columbia,university of british columbia,100.0,38,34,University of British Columbia,Canada,Americas,XL,FC,VH,A,98.3,23,94.3,36,34.5,459,57.7,214,95.5,142,72.8,200,96.2,53,74.6,141,99.8,4,81.0,university of british columbia,QS World University Rankings 2025,International Education Costs Dataset,Excellent,38.0,97.43,42000.0,71.2,42071.2,32.27,100.0,High Quality
Canada,Vancouver,University of British Columbia,Environmental Science,Master,2.0,42000,71.2,1600,235,750,1.35,university of british columbia,university of british columbia,university of british columbia,100.0,38,34,University of British Columbia,Canada,Americas,XL,FC,VH,A,98.3,23,94.3,36,34.5,459,57.7,214,95.5,142,72.8,200,96.2,53,74.6,141,99.8,4,81.0,university of british columbia,QS World University Rankings 2025,International Education Costs Dataset,Excellent,38.0,97.43,42000.0,71.2,42071.2,32.27,100.0,High Quality
Australia,Sydney,University of Sydney,Biotechnology,PhD,4.0,31000,75.6,1700,450,650,1.52,university of sydney,university of sydney,the university of sydney,90.9090909090909,18,19,The University of Sydney,Australia,Oceania,XL,FC,VH,A,96.4,30,90.0,51,10.9,701+,93.7,56,99.9,87,100.0,17,95.8,61,93.1,63,99.6,7,87.3,the university of sydney,QS World University Rankings 2025,International Education Costs Dataset,High,18.0,98.86,31000.0,75.6,31075.6,49.99,100.0,High Quality
Australia,Sydney,University of Sydney,Biotechnology,PhD,4.0,31000,75.6,1700,450,650,1.52,university of sydney,university of sydney,the university of sydney,90.9090909090909,18,19,The University of Sydney,Australia,Oceania,XL,FC,VH,A,96.4,30,90.0,51,10.9,701+,93.7,56,99.9,87,100.0,17,95.8,61,93.1,63,99.6,7,87.3,the university of sydney,QS World University Rankings 2025,International Education Costs Dataset,High,18.0,98.86,31000.0,75.6,31075.6,49.99,100.0,High Quality
Australia,Sydney,University of Sydney,Biotechnology,PhD,4.0,31000,75.6,1700,450,650,1.52,university of sydney,university of sydney,the university of sydney,90.9090909090909,18,19,The University of Sydney,Australia,Oceania,XL,FC,VH,A,96.4,30,90.0,51,10.9,701+,93.7,56,99.9,87,100.0,17,95.8,61,93.1,63,99.6,7,87.3,the university of sydney,QS World University Rankings 2025,International Education Costs Dataset,High,18.0,98.86,31000.0,75.6,31075.6,49.99,100.0,High Quality
Australia,Sydney,University of Sydney,Biotechnology,PhD,4.0,31000,75.6,1700,450,650,1.52,university of sydney,university of sydney,the university of sydney,90.9090909090909,18,19,The University of Sydney,Australia,Oceania,XL,FC,VH,A,96.4,30,90.0,51,10.9,701+,93.7,56,99.9,87,100.0,17,95.8,61,93.1,63,99.6,7,87.3,the university of sydney,QS World University Rankings 2025,International Education Costs Dataset,High,18.0,98.86,31000.0,75.6,31075.6,49.99,100.0,High Quality
Australia,Sydney,University of Sydney,Biotechnology,PhD,4.0,31000,75.6,1700,450,650,1.52,university of sydney,university of sydney,the university of sydney,90.9090909090909,18,19,The University of Sydney,Australia,Oceania,XL,FC,VH,A,96.4,30,90.0,51,10.9,701+,93.7,56,99.9,87,100.0,17,95.8,61,93.1,63,99.6,7,87.3,the university of sydney,QS World University Rankings 2025,International Education Costs Dataset,High,18.0,98.86,31000.0,75.6,31075.6,49.99,100.0,High Quality
USA,Berkeley,UC Berkeley,Mathematics,Master,2.0,54000,83.2,2000,160,1500,1.0,uc berkeley,uc berkeley,,,,,,,,,,,,,,,,,,,,,,,,,,,,,,,,Not Matched,International Education Costs Dataset,Unmatched,,,54000.0,83.2,54083.2,12.92,75.0,High Quality
USA,Berkeley,UC Berkeley,Mathematics,Master,2.0,54000,83.2,2000,160,1500,1.0,uc berkeley,uc berkeley,,,,,,,,,,,,,,,,,,,,,,,,,,,,,,,,Not Matched,International Education Costs Dataset,Unmatched,,,54000.0,83.2,54083.2,12.92,75.0,High Quality
USA,Berkeley,UC Berkeley,Mathematics,Master,2.0,54000,83.2,2000,160,1500,1.0,uc berkeley,uc berkeley,,,,,,,,,,,,,,,,,,,,,,,,,,,,,,,,Not Matched,International Education Costs Dataset,Unmatched,,,54000.0,83.2,54083.2,12.92,75.0,High Quality
USA,Berkeley,UC Berkeley,Mathematics,Master,2.0,54000,83.2,2000,160,1500,1.0,uc berkeley,uc berkeley,,,,,,,,,,,,,,,,,,,,,,,,,,,,,,,,Not Matched,International Education Costs Dataset,Unmatched,,,54000.0,83.2,54083.2,12.92,75.0,High Quality
UK,Manchester,University of Manchester,Engineering,Bachelor,3.0,35000,65.4,900,485,800,0.79,university of manchester,university of manchester,the university of manchester,92.3076923076923,34,32,The University of Manchester,United Kingdom,Europe,XL,FC,VH,A,95.6,33,98.1,20,51.3,297,45.1,307,93.1,169,99.2,55,99.2,12,87.6,90,99.8,3,82.0,the university of manchester,QS World University Rankings 2025,International Education Costs Dataset,High,34.0,97.71,35000.0,65.4,35065.4,43.56,100.0,High Quality
UK,Manchester,University of Manchester,Engineering,Bachelor,3.0,35000,65.4,900,485,800,0.79,university of manchester,university of manchester,the university of manchester,92.3076923076923,34,32,The University of Manchester,United Kingdom,Europe,XL,FC,VH,A,95.6,33,98.1,20,51.3,297,45.1,307,93.1,169,99.2,55,99.2,12,87.6,90,99.8,3,82.0,the university of manchester,QS World University Rankings 2025,International Education Costs Dataset,High,34.0,97.71,35000.0,65.4,35065.4,43.56,100.0,High Quality
UK,Manchester,University of Manchester,Engineering,Bachelor,3.0,35000,65.4,900,485,800,0.79,university of manchester,university of manchester,the university of manchester,92.3076923076923,34,32,The University of Manchester,United Kingdom,Europe,XL,FC,VH,A,95.6,33,98.1,20,51.3,297,45.1,307,93.1,169,99.2,55,99.2,12,87.6,90,99.8,3,82.0,the university of manchester,QS World University Rankings 2025,International Education Costs Dataset,High,34.0,97.71,35000.0,65.4,35065.4,43.56,100.0,High Quality
UK,Manchester,University of Manchester,Engineering,Bachelor,3.0,35000,65.4,900,485,800,0.79,university of manchester,university of manchester,the university of manchester,92.3076923076923,34,32,The University of Manchester,United Kingdom,Europe,XL,FC,VH,A,95.6,33,98.1,20,51.3,297,45.1,307,93.1,169,99.2,55,99.2,12,87.6,90,99.8,3,82.0,the university of manchester,QS World University Rankings 2025,International Education Costs Dataset,High,34.0,97.71,35000.0,65.4,35065.4,43.56,100.0,High Quality
Germany,Hamburg,University of Hamburg,Physics,Master,2.0,0,69.8,1100,110,900,0.92,university of hamburg,university of hamburg,universit t hamburg,90.0,191,205,Universität Hamburg,Germany,Europe,L,FO,VH,A,50.7,159,35.7,264,16.5,701+,54.7,233,40.2,418,20.4,532,93.4,109,42.8,300,90.6,91,47.1,universit t hamburg,QS World University Rankings 2025,International Education Costs Dataset,High,191.0,86.49,0.0,69.8,69.8,99.95,100.0,High Quality
Canada,Montreal,McGill University,Computer Science,PhD,4.0,38000,68.9,1400,235,750,1.35,mcgill university,mcgill university,mcgill university,100.0,29,30,McGill University,Canada,Americas,L,FC,VH,A,94.3,34,87.6,56,62.3,224,57.9,212,83.7,225,89.6,124,94.2,94,98.3,24,99.1,13,83.0,mcgill university,QS World University Rankings 2025,International Education Costs Dataset,Excellent,29.0,98.07,38000.0,68.9,38068.9,38.72,100.0,High Quality
Canada,Montreal,McGill University,Computer Science,PhD,4.0,38000,68.9,1400,235,750,1.35,mcgill university,mcgill university,mcgill university,100.0,29,30,McGill University,Canada,Americas,L,FC,VH,A,94.3,34,87.6,56,62.3,224,57.9,212,83.7,225,89.6,124,94.2,94,98.3,24,99.1,13,83.0,mcgill university,QS World University Rankings 2025,International Education Costs Dataset,Excellent,29.0,98.07,38000.0,68.9,38068.9,38.72,100.0,High Quality
Canada,Montreal,McGill University,Computer Science,PhD,4.0,38000,68.9,1400,235,750,1.35,mcgill university,mcgill university,mcgill university,100.0,29,30,McGill University,Canada,Americas,L,FC,VH,A,94.3,34,87.6,56,62.3,224,57.9,212,83.7,225,89.6,124,94.2,94,98.3,24,99.1,13,83.0,mcgill university,QS World University Rankings 2025,International Education Costs Dataset,Excellent,29.0,98.07,38000.0,68.9,38068.9,38.72,100.0,High Quality
Australia,Brisbane,University of Queensland,Data Science,Master,2.0,32000,68.7,1200,450,650,1.52,university of queensland,university of queensland,the university of queensland,92.3076923076923,40,43,The University of Queensland,Australia,Oceania,XL,FC,VH,A,86.7,50,74.0,89,21.2,653,90.2,75,100.0,54,100.0,23,96.7,47,56.7,214,96.7,36,80.2,the university of queensland,QS World University Rankings 2025,International Education Costs Dataset,High,40.0,97.28,32000.0,68.7,32068.7,48.39,100.0,High Quality
Australia,Brisbane,University of Queensland,Data Science,Master,2.0,32000,68.7,1200,450,650,1.52,university of queensland,university of queensland,the university of queensland,92.3076923076923,40,43,The University of Queensland,Australia,Oceania,XL,FC,VH,A,86.7,50,74.0,89,21.2,653,90.2,75,100.0,54,100.0,23,96.7,47,56.7,214,96.7,36,80.2,the university of queensland,QS World University Rankings 2025,International Education Costs Dataset,High,40.0,97.28,32000.0,68.7,32068.7,48.39,100.0,High Quality
Australia,Brisbane,University of Queensland,Data Science,Master,2.0,32000,68.7,1200,450,650,1.52,university of queensland,university of queensland,the university of queensland,92.3076923076923,40,43,The University of Queensland,Australia,Oceania,XL,FC,VH,A,86.7,50,74.0,89,21.2,653,90.2,75,100.0,54,100.0,23,96.7,47,56.7,214,96.7,36,80.2,the university of queensland,QS World University Rankings 2025,International Education Costs Dataset,High,40.0,97.28,32000.0,68.7,32068.7,48.39,100.0,High Quality
Australia,Brisbane,University of Queensland,Data Science,Master,2.0,32000,68.7,1200,450,650,1.52,university of queensland,university of queensland,the university of queensland,92.3076923076923,40,43,The University of Queensland,Australia,Oceania,XL,FC,VH,A,86.7,50,74.0,89,21.2,653,90.2,75,100.0,54,100.0,23,96.7,47,56.7,214,96.7,36,80.2,the university of queensland,QS World University Rankings 2025,International Education Costs Dataset,High,40.0,97.28,32000.0,68.7,32068.7,48.39,100.0,High Quality
USA,New York,Columbia University,Economics,Master,2.0,62000,100.0,2500,160,1500,1.0,columbia university,columbia university,columbia university,100.0,34,23,Columbia University,United States,Americas,XL,FC,VH,B,99.6,12,98.8,15,100.0,16,31.7,417,41.5,413,97.0,79,98.5,19,99.9,9,71.8,211=,82.0,columbia university,QS World University Rankings 2025,International Education Costs Dataset,Excellent,34.0,97.71,62000.0,100.0,62100.0,0.0,100.0,High Quality
USA,New York,Columbia University,Economics,Master,2.0,62000,100.0,2500,160,1500,1.0,columbia university,columbia university,columbia university,100.0,34,23,Columbia University,United States,Americas,XL,FC,VH,B,99.6,12,98.8,15,100.0,16,31.7,417,41.5,413,97.0,79,98.5,19,99.9,9,71.8,211=,82.0,columbia university,QS World University Rankings 2025,International Education Costs Dataset,Excellent,34.0,97.71,62000.0,100.0,62100.0,0.0,100.0,High Quality
USA,New York,Columbia University,Economics,Master,2.0,62000,100.0,2500,160,1500,1.0,columbia university,columbia university,columbia university,100.0,34,23,Columbia University,United States,Americas,XL,FC,VH,B,99.6,12,98.8,15,100.0,16,31.7,417,41.5,413,97.0,79,98.5,19,99.9,9,71.8,211=,82.0,columbia university,QS World University Rankings 2025,International Education Costs Dataset,Excellent,34.0,97.71,62000.0,100.0,62100.0,0.0,100.0,High Quality
UK,Oxford,University of Oxford,Computer Science,PhD,4.0,40000,71.5,1400,485,800,0.79,university of oxford,university of oxford,university of oxford,100.0,3,3,University of Oxford,United Kingdom,Europe,L,FC,VH,A,100.0,2,100.0,5,100.0,8,84.8,93,98.1,120,97.7,73,100.0,1,100.0,3,85.0,126,96.9,university of oxford,QS World University Rankings 2025,International Education Costs Dataset,Excellent,3.0,99.93,40000.0,71.5,40071.5,35.49,100.0,High Quality
UK,Oxford,University of Oxford,Computer Science,PhD,4.0,40000,71.5,1400,485,800,0.79,university of oxford,university of oxford,university of oxford,100.0,3,3,University of Oxford,United Kingdom,Europe,L,FC,VH,A,100.0,2,100.0,5,100.0,8,84.8,93,98.1,120,97.7,73,100.0,1,100.0,3,85.0,126,96.9,university of oxford,QS World University Rankings 2025,International Education Costs Dataset,Excellent,3.0,99.93,40000.0,71.5,40071.5,35.49,100.0,High Quality
UK,Oxford,University of Oxford,Computer Science,PhD,4.0,40000,71.5,1400,485,800,0.79,university of oxford,university of oxford,university of oxford,100.0,3,3,University of Oxford,United Kingdom,Europe,L,FC,VH,A,100.0,2,100.0,5,100.0,8,84.8,93,98.1,120,97.7,73,100.0,1,100.0,3,85.0,126,96.9,university of oxford,QS World University Rankings 2025,International Education Costs Dataset,Excellent,3.0,99.93,40000.0,71.5,40071.5,35.49,100.0,High Quality
UK,Oxford,University of Oxford,Computer Science,PhD,4.0,40000,71.5,1400,485,800,0.79,university of oxford,university of oxford,university of oxford,100.0,3,3,University of Oxford,United Kingdom,Europe,L,FC,VH,A,100.0,2,100.0,5,100.0,8,84.8,93,98.1,120,97.7,73,100.0,1,100.0,3,85.0,126,96.9,university of oxford,QS World University Rankings 2025,International Education Costs Dataset,Excellent,3.0,99.93,40000.0,71.5,40071.5,35.49,100.0,High Quality
Germany,Dresden,TU Dresden,Mechanical Engineering,Bachelor,3.0,0,65.4,800,110,900,0.92,tu dresden,tu dresden,,,,,,,,,,,,,,,,,,,,,,,,,,,,,,,,Not Matched,International Education Costs Dataset,Unmatched,,,0.0,65.4,65.4,99.95,75.0,High Quality
Germany,Dresden,TU Dresden,Mechanical Engineering,Bachelor,3.0,0,65.4,800,110,900,0.92,tu dresden,tu dresden,,,,,,,,,,,,,,,,,,,,,,,,,,,,,,,,Not Matched,International Education Costs Dataset,Unmatched,,,0.0,65.4,65.4,99.95,75.0,High Quality
Germany,Dresden,TU Dresden,Mechanical Engineering,Bachelor,3.0,0,65.4,800,110,900,0.92,tu dresden,tu dresden,,,,,,,,,,,,,,,,,,,,,,,,,,,,,,,,Not Matched,International Education Costs Dataset,Unmatched,,,0.0,65.4,65.4,99.95,75.0,High Quality
Canada,Ottawa,University of Ottawa,Artificial Intelligence,Master,2.0,40000,67.8,1300,235,750,1.35,university of ottawa,university of ottawa,university of ottawa,100.0,189,203,University of Ottawa,Canada,Americas,XL,FC,VH,A,26.2,340,23.3,406,3.5,701+,81.3,106,91.7,179,77.8,181,93.0,119,39.8,323,92.9,72,47.3,university of ottawa,QS World University Rankings 2025,International Education Costs Dataset,Excellent,189.0,86.63,40000.0,67.8,40067.8,35.5,100.0,High Quality
Canada,Ottawa,University of Ottawa,Artificial Intelligence,Master,2.0,40000,67.8,1300,235,750,1.35,university of ottawa,university of ottawa,university of ottawa,100.0,189,203,University of Ottawa,Canada,Americas,XL,FC,VH,A,26.2,340,23.3,406,3.5,701+,81.3,106,91.7,179,77.8,181,93.0,119,39.8,323,92.9,72,47.3,university of ottawa,QS World University Rankings 2025,International Education Costs Dataset,Excellent,189.0,86.63,40000.0,67.8,40067.8,35.5,100.0,High Quality
Canada,Ottawa,University of Ottawa,Artificial Intelligence,Master,2.0,40000,67.8,1300,235,750,1.35,university of ottawa,university of ottawa,university of ottawa,100.0,189,203,University of Ottawa,Canada,Americas,XL,FC,VH,A,26.2,340,23.3,406,3.5,701+,81.3,106,91.7,179,77.8,181,93.0,119,39.8,323,92.9,72,47.3,university of ottawa,QS World University Rankings 2025,International Education Costs Dataset,Excellent,189.0,86.63,40000.0,67.8,40067.8,35.5,100.0,High Quality
Canada,Ottawa,University of Ottawa,Artificial Intelligence,Master,2.0,40000,67.8,1300,235,750,1.35,university of ottawa,university of ottawa,university of ottawa,100.0,189,203,University of Ottawa,Canada,Americas,XL,FC,VH,A,26.2,340,23.3,406,3.5,701+,81.3,106,91.7,179,77.8,181,93.0,119,39.8,323,92.9,72,47.3,university of ottawa,QS World University Rankings 2025,International Education Costs Dataset,Excellent,189.0,86.63,40000.0,67.8,40067.8,35.5,100.0,High Quality
Australia,Perth,University of Western Australia,Physics,Master,2.0,30000,67.2,1100,450,650,1.52,university of western australia,university of western australia,the university of western australia,93.93939393939394,77,72,The University of Western Australia,Australia,Oceania,L,FC,VH,A,55.5,141,41.8,225,13.1,701+,98.8,30,100.0,37,99.8,40,94.2,95,78.0,128,50.8,315=,65.2,the university of western australia,QS World University Rankings 2025,International Education Costs Dataset,High,77.0,94.64,30000.0,67.2,30067.2,51.61,100.0,High Quality
Australia,Perth,University of Western Australia,Physics,Master,2.0,30000,67.2,1100,450,650,1.52,university of western australia,university of western australia,the university of western australia,93.93939393939394,77,72,The University of Western Australia,Australia,Oceania,L,FC,VH,A,55.5,141,41.8,225,13.1,701+,98.8,30,100.0,37,99.8,40,94.2,95,78.0,128,50.8,315=,65.2,the university of western australia,QS World University Rankings 2025,International Education Costs Dataset,High,77.0,94.64,30000.0,67.2,30067.2,51.61,100.0,High Quality
Australia,Perth,University of Western Australia,Physics,Master,2.0,30000,67.2,1100,450,650,1.52,university of western australia,university of western australia,the university of western australia,93.93939393939394,77,72,The University of Western Australia,Australia,Oceania,L,FC,VH,A,55.5,141,41.8,225,13.1,701+,98.8,30,100.0,37,99.8,40,94.2,95,78.0,128,50.8,315=,65.2,the university of western australia,QS World University Rankings 2025,International Education Costs Dataset,High,77.0,94.64,30000.0,67.2,30067.2,51.61,100.0,High Quality
Australia,Perth,University of Western Australia,Physics,Master,2.0,30000,67.2,1100,450,650,1.52,university of western australia,university of western australia,the university of western australia,93.93939393939394,77,72,The University of Western Australia,Australia,Oceania,L,FC,VH,A,55.5,141,41.8,225,13.1,701+,98.8,30,100.0,37,99.8,40,94.2,95,78.0,128,50.8,315=,65.2,the university of western australia,QS World University Rankings 2025,International Education Costs Dataset,High,77.0,94.64,30000.0,67.2,30067.2,51.61,100.0,High Quality
Australia,Perth,University of Western Australia,Physics,Master,2.0,30000,67.2,1100,450,650,1.52,university of western australia,university of western australia,the university of western australia,93.93939393939394,77,72,The University of Western Australia,Australia,Oceania,L,FC,VH,A,55.5,141,41.8,225,13.1,701+,98.8,30,100.0,37,99.8,40,94.2,95,78.0,128,50.8,315=,65.2,the university of western australia,QS World University Rankings 2025,International Education Costs Dataset,High,77.0,94.64,30000.0,67.2,30067.2,51.61,100.0,High Quality
USA,Atlanta,Georgia Tech,Engineering,PhD,5.0,48000,71.2,1700,160,1500,1.0,georgia technology,georgia technology,,,,,,,,,,,,,,,,,,,,,,,,,,,,,,,,Not Matched,International Education Costs Dataset,Unmatched,,,48000.0,71.2,48071.2,22.6,75.0,High Quality
USA,Atlanta,Georgia Tech,Engineering,PhD,5.0,48000,71.2,1700,160,1500,1.0,georgia technology,georgia technology,,,,,,,,,,,,,,,,,,,,,,,,,,,,,,,,Not Matched,International Education Costs Dataset,Unmatched,,,48000.0,71.2,48071.2,22.6,75.0,High Quality
USA,Atlanta,Georgia Tech,Engineering,PhD,5.0,48000,71.2,1700,160,1500,1.0,georgia technology,georgia technology,,,,,,,,,,,,,,,,,,,,,,,,,,,,,,,,Not Matched,International Education Costs Dataset,Unmatched,,,48000.0,71.2,48071.2,22.6,75.0,High Quality
USA,Atlanta,Georgia Tech,Engineering,PhD,5.0,48000,71.2,1700,160,1500,1.0,georgia technology,georgia technology,,,,,,,,,,,,,,,,,,,,,,,,,,,,,,,,Not Matched,International Education Costs Dataset,Unmatched,,,48000.0,71.2,48071.2,22.6,75.0,High Quality
UK,Bristol,University of Bristol,Data Science,Master,2.0,36000,68.9,1200,485,800,0.79,university of bristol,university of bristol,university of bristol,100.0,54,55,University of Bristol,United Kingdom,Europe,L,FC,VH,A,75.8,78,82.5,69,36.7,437,75.9,134,87.5,206,89.8,121,94.6,84,51.2,250,98.9,17,75.4,university of bristol,QS World University Rankings 2025,International Education Costs Dataset,Excellent,54.0,96.28,36000.0,68.9,36068.9,41.94,100.0,High Quality
UK,Bristol,University of Bristol,Data Science,Master,2.0,36000,68.9,1200,485,800,0.79,university of bristol,university of bristol,university of bristol,100.0,54,55,University of Bristol,United Kingdom,Europe,L,FC,VH,A,75.8,78,82.5,69,36.7,437,75.9,134,87.5,206,89.8,121,94.6,84,51.2,250,98.9,17,75.4,university of bristol,QS World University Rankings 2025,International Education Costs Dataset,Excellent,54.0,96.28,36000.0,68.9,36068.9,41.94,100.0,High Quality
UK,Bristol,University of Bristol,Data Science,Master,2.0,36000,68.9,1200,485,800,0.79,university of bristol,university of bristol,university of bristol,100.0,54,55,University of Bristol,United Kingdom,Europe,L,FC,VH,A,75.8,78,82.5,69,36.7,437,75.9,134,87.5,206,89.8,121,94.6,84,51.2,250,98.9,17,75.4,university of bristol,QS World University Rankings 2025,International Education Costs Dataset,Excellent,54.0,96.28,36000.0,68.9,36068.9,41.94,100.0,High Quality
UK,Bristol,University of Bristol,Data Science,Master,2.0,36000,68.9,1200,485,800,0.79,university of bristol,university of bristol,university of bristol,100.0,54,55,University of Bristol,United Kingdom,Europe,L,FC,VH,A,75.8,78,82.5,69,36.7,437,75.9,134,87.5,206,89.8,121,94.6,84,51.2,250,98.9,17,75.4,university of bristol,QS World University Rankings 2025,International Education Costs Dataset,Excellent,54.0,96.28,36000.0,68.9,36068.9,41.94,100.0,High Quality
Germany,Frankfurt,Goethe University,Computer Science,Master,2.0,0,72.3,1300,110,900,0.92,goethe university,goethe university,,,,,,,,,,,,,,,,,,,,,,,,,,,,,,,,Not Matched,International Education Costs Dataset,Unmatched,,,0.0,72.3,72.3,99.94,75.0,High Quality
Canada,Calgary,University of Calgary,Mathematics,Bachelor,4.0,35000,65.4,1200,235,750,1.35,university of calgary,university of calgary,university of calgary,100.0,198,182,University of Calgary,Canada,Americas,XL,FC,VH,A,37.9,227,44.5,207,18.1,701+,40.3,350,77.7,246,66.2,225,85.2,243,53.3,236,93.3,68=,46.3,university of calgary,QS World University Rankings 2025,International Education Costs Dataset,Excellent,198.0,85.99,35000.0,65.4,35065.4,43.56,100.0,High Quality
Canada,Calgary,University of Calgary,Mathematics,Bachelor,4.0,35000,65.4,1200,235,750,1.35,university of calgary,university of calgary,university of calgary,100.0,198,182,University of Calgary,Canada,Americas,XL,FC,VH,A,37.9,227,44.5,207,18.1,701+,40.3,350,77.7,246,66.2,225,85.2,243,53.3,236,93.3,68=,46.3,university of calgary,QS World University Rankings 2025,International Education Costs Dataset,Excellent,198.0,85.99,35000.0,65.4,35065.4,43.56,100.0,High Quality
Canada,Calgary,University of Calgary,Mathematics,Bachelor,4.0,35000,65.4,1200,235,750,1.35,university of calgary,university of calgary,university of calgary,100.0,198,182,University of Calgary,Canada,Americas,XL,FC,VH,A,37.9,227,44.5,207,18.1,701+,40.3,350,77.7,246,66.2,225,85.2,243,53.3,236,93.3,68=,46.3,university of calgary,QS World University Rankings 2025,International Education Costs Dataset,Excellent,198.0,85.99,35000.0,65.4,35065.4,43.56,100.0,High Quality
Canada,Calgary,University of Calgary,Mathematics,Bachelor,4.0,35000,65.4,1200,235,750,1.35,university of calgary,university of calgary,university of calgary,100.0,198,182,University of Calgary,Canada,Americas,XL,FC,VH,A,37.9,227,44.5,207,18.1,701+,40.3,350,77.7,246,66.2,225,85.2,243,53.3,236,93.3,68=,46.3,university of calgary,QS World University Rankings 2025,International Education Costs Dataset,Excellent,198.0,85.99,35000.0,65.4,35065.4,43.56,100.0,High Quality
Australia,Adelaide,University of Adelaide,Chemistry,PhD,4.0,28000,64.5,1000,450,650,1.52,university of adelaide,university of adelaide,the university of adelaide,91.66666666666666,82,89,The University of Adelaide,Australia,Oceania,L,FC,VH,A,56.0,138,38.9,242,17.9,701+,87.0,86,100.0,78,99.3,53,93.6,108,51.5,246,95.7,49,63.8,the university of adelaide,QS World University Rankings 2025,International Education Costs Dataset,High,82.0,94.28,28000.0,64.5,28064.5,54.84,100.0,High Quality
Australia,Adelaide,University of Adelaide,Chemistry,PhD,4.0,28000,64.5,1000,450,650,1.52,university of adelaide,university of adelaide,the university of adelaide,91.66666666666666,82,89,The University of Adelaide,Australia,Oceania,L,FC,VH,A,56.0,138,38.9,242,17.9,701+,87.0,86,100.0,78,99.3,53,93.6,108,51.5,246,95.7,49,63.8,the university of adelaide,QS World University Rankings 2025,International Education Costs Dataset,High,82.0,94.28,28000.0,64.5,28064.5,54.84,100.0,High Quality
Australia,Adelaide,University of Adelaide,Chemistry,PhD,4.0,28000,64.5,1000,450,650,1.52,university of adelaide,university of adelaide,the university of adelaide,91.66666666666666,82,89,The University of Adelaide,Australia,Oceania,L,FC,VH,A,56.0,138,38.9,242,17.9,701+,87.0,86,100.0,78,99.3,53,93.6,108,51.5,246,95.7,49,63.8,the university of adelaide,QS World University Rankings 2025,International Education Costs Dataset,High,82.0,94.28,28000.0,64.5,28064.5,54.84,100.0,High Quality
Australia,Adelaide,University of Adelaide,Chemistry,PhD,4.0,28000,64.5,1000,450,650,1.52,university of adelaide,university of adelaide,the university of adelaide,91.66666666666666,82,89,The University of Adelaide,Australia,Oceania,L,FC,VH,A,56.0,138,38.9,242,17.9,701+,87.0,86,100.0,78,99.3,53,93.6,108,51.5,246,95.7,49,63.8,the university of adelaide,QS World University Rankings 2025,International Education Costs Dataset,High,82.0,94.28,28000.0,64.5,28064.5,54.84,100.0,High Quality
Australia,Adelaide,University of Adelaide,Chemistry,PhD,4.0,28000,64.5,1000,450,650,1.52,university of adelaide,university of adelaide,the university of adelaide,91.66666666666666,82,89,The University of Adelaide,Australia,Oceania,L,FC,VH,A,56.0,138,38.9,242,17.9,701+,87.0,86,100.0,78,99.3,53,93.6,108,51.5,246,95.7,49,63.8,the university of adelaide,QS World University Rankings 2025,International Education Costs Dataset,High,82.0,94.28,28000.0,64.5,28064.5,54.84,100.0,High Quality
USA,Los Angeles,UCLA,Computer Science,Master,2.0,52000,79.8,2200,160,1500,1.0,ucla,ucla,ucl,85.71428571428572,9,9,UCL,United Kingdom,Europe,XL,FC,VH,A,99.5,14,98.3,18,95.9,56,72.2,145,99.0,106,100.0,21,99.9,2,70.3,157,74.8,190=,91.6,ucl,QS World University Rankings 2025,International Education Costs Dataset,Medium,9.0,99.5,52000.0,79.8,52079.8,16.15,100.0,High Quality
USA,Los Angeles,UCLA,Computer Science,Master,2.0,52000,79.8,2200,160,1500,1.0,ucla,ucla,ucl,85.71428571428572,9,9,UCL,United Kingdom,Europe,XL,FC,VH,A,99.5,14,98.3,18,95.9,56,72.2,145,99.0,106,100.0,21,99.9,2,70.3,157,74.8,190=,91.6,ucl,QS World University Rankings 2025,International Education Costs Dataset,Medium,9.0,99.5,52000.0,79.8,52079.8,16.15,100.0,High Quality
USA,Los Angeles,UCLA,Computer Science,Master,2.0,52000,79.8,2200,160,1500,1.0,ucla,ucla,ucl,85.71428571428572,9,9,UCL,United Kingdom,Europe,XL,FC,VH,A,99.5,14,98.3,18,95.9,56,72.2,145,99.0,106,100.0,21,99.9,2,70.3,157,74.8,190=,91.6,ucl,QS World University Rankings 2025,International Education Costs Dataset,Medium,9.0,99.5,52000.0,79.8,52079.8,16.15,100.0,High Quality
UK,Glasgow,University of Glasgow,Physics,Bachelor,3.0,34000,64.5,950,485,800,0.79,university of glasgow,university of glasgow,university of glasgow,100.0,78,76,University of Glasgow,United Kingdom,Europe,XL,FC,VH,A,77.4,75,67.7,110,38.0,418,32.5,405,95.7,141,99.4,49,97.6,30,33.5,378,98.5,20,65.0,university of glasgow,QS World University Rankings 2025,International Education Costs Dataset,Excellent,78.0,94.57,34000.0,64.5,34064.5,45.17,100.0,High Quality
UK,Glasgow,University of Glasgow,Physics,Bachelor,3.0,34000,64.5,950,485,800,0.79,university of glasgow,university of glasgow,university of glasgow,100.0,78,76,University of Glasgow,United Kingdom,Europe,XL,FC,VH,A,77.4,75,67.7,110,38.0,418,32.5,405,95.7,141,99.4,49,97.6,30,33.5,378,98.5,20,65.0,university of glasgow,QS World University Rankings 2025,International Education Costs Dataset,Excellent,78.0,94.57,34000.0,64.5,34064.5,45.17,100.0,High Quality
UK,Glasgow,University of Glasgow,Physics,Bachelor,3.0,34000,64.5,950,485,800,0.79,university of glasgow,university of glasgow,university of glasgow,100.0,78,76,University of Glasgow,United Kingdom,Europe,XL,FC,VH,A,77.4,75,67.7,110,38.0,418,32.5,405,95.7,141,99.4,49,97.6,30,33.5,378,98.5,20,65.0,university of glasgow,QS World University Rankings 2025,International Education Costs Dataset,Excellent,78.0,94.57,34000.0,64.5,34064.5,45.17,100.0,High Quality
UK,Glasgow,University of Glasgow,Physics,Bachelor,3.0,34000,64.5,950,485,800,0.79,university of glasgow,university of glasgow,university of glasgow,100.0,78,76,University of Glasgow,United Kingdom,Europe,XL,FC,VH,A,77.4,75,67.7,110,38.0,418,32.5,405,95.7,141,99.4,49,97.6,30,33.5,378,98.5,20,65.0,university of glasgow,QS World University Rankings 2025,International Education Costs Dataset,Excellent,78.0,94.57,34000.0,64.5,34064.5,45.17,100.0,High Quality
Germany,Stuttgart,University of Stuttgart,Engineering,Master,2.0,0,68.7,1100,110,900,0.92,university of stuttgart,university of stuttgart,universit t stuttgart,86.36363636363636,314,312,Universität Stuttgart,Germany,Europe,L,FO,VH,A,23.1,386,33.0,286,6.8,701+,55.2,228,36.0,442,46.8,314,70.4,479,21.7,527,65.3,239=,34.9,universit t stuttgart,QS World University Rankings 2025,International Education Costs Dataset,Medium,314.0,77.7,0.0,68.7,68.7,99.95,100.0,High Quality
Germany,Stuttgart,University of Stuttgart,Engineering,Master,2.0,0,68.7,1100,110,900,0.92,university of stuttgart,university of stuttgart,universit t stuttgart,86.36363636363636,314,312,Universität Stuttgart,Germany,Europe,L,FO,VH,A,23.1,386,33.0,286,6.8,701+,55.2,228,36.0,442,46.8,314,70.4,479,21.7,527,65.3,239=,34.9,universit t stuttgart,QS World University Rankings 2025,International Education Costs Dataset,Medium,314.0,77.7,0.0,68.7,68.7,99.95,100.0,High Quality
Germany,Stuttgart,University of Stuttgart,Engineering,Master,2.0,0,68.7,1100,110,900,0.92,university of stuttgart,university of stuttgart,universit t stuttgart,86.36363636363636,314,312,Universität Stuttgart,Germany,Europe,L,FO,VH,A,23.1,386,33.0,286,6.8,701+,55.2,228,36.0,442,46.8,314,70.4,479,21.7,527,65.3,239=,34.9,universit t stuttgart,QS World University Rankings 2025,International Education Costs Dataset,Medium,314.0,77.7,0.0,68.7,68.7,99.95,100.0,High Quality
Canada,Edmonton,University of Alberta,Data Science,Master,2.0,37000,64.3,1100,235,750,1.35,university of alberta,university of alberta,university of alberta,100.0,96,111,University of Alberta,Canada,Americas,XL,FC,VH,A,57.0,136,42.2,222,39.1,400,61.3,194,98.3,116,71.0,207,96.0,55,70.0,159,97.6,28,61.2,university of alberta,QS World University Rankings 2025,International Education Costs Dataset,Excellent,96.0,93.28,37000.0,64.3,37064.3,40.34,100.0,High Quality
Canada,Edmonton,University of Alberta,Data Science,Master,2.0,37000,64.3,1100,235,750,1.35,university of alberta,university of alberta,university of alberta,100.0,96,111,University of Alberta,Canada,Americas,XL,FC,VH,A,57.0,136,42.2,222,39.1,400,61.3,194,98.3,116,71.0,207,96.0,55,70.0,159,97.6,28,61.2,university of alberta,QS World University Rankings 2025,International Education Costs Dataset,Excellent,96.0,93.28,37000.0,64.3,37064.3,40.34,100.0,High Quality
Canada,Edmonton,University of Alberta,Data Science,Master,2.0,37000,64.3,1100,235,750,1.35,university of alberta,university of alberta,university of alberta,100.0,96,111,University of Alberta,Canada,Americas,XL,FC,VH,A,57.0,136,42.2,222,39.1,400,61.3,194,98.3,116,71.0,207,96.0,55,70.0,159,97.6,28,61.2,university of alberta,QS World University Rankings 2025,International Education Costs Dataset,Excellent,96.0,93.28,37000.0,64.3,37064.3,40.34,100.0,High Quality
Canada,Edmonton,University of Alberta,Data Science,Master,2.0,37000,64.3,1100,235,750,1.35,university of alberta,university of alberta,university of alberta,100.0,96,111,University of Alberta,Canada,Americas,XL,FC,VH,A,57.0,136,42.2,222,39.1,400,61.3,194,98.3,116,71.0,207,96.0,55,70.0,159,97.6,28,61.2,university of alberta,QS World University Rankings 2025,International Education Costs Dataset,Excellent,96.0,93.28,37000.0,64.3,37064.3,40.34,100.0,High Quality
Australia,Canberra,Australian National University,Computer Science,PhD,4.0,33000,69.8,1300,450,650,1.52,australian national university,australian national university,the australian national university,93.75,30,34,The Australian National University,Australia,Oceania,L,FC,VH,A,93.8,36,75.4,85,34.6,457,84.6,97,100.0,52,96.2,89,91.4,151,56.6,216,97.1,30=,82.4,the australian national university,QS World University Rankings 2025,International Education Costs Dataset,High,30.0,98.0,33000.0,69.8,33069.8,46.78,100.0,High Quality
Australia,Canberra,Australian National University,Computer Science,PhD,4.0,33000,69.8,1300,450,650,1.52,australian national university,australian national university,the australian national university,93.75,30,34,The Australian National University,Australia,Oceania,L,FC,VH,A,93.8,36,75.4,85,34.6,457,84.6,97,100.0,52,96.2,89,91.4,151,56.6,216,97.1,30=,82.4,the australian national university,QS World University Rankings 2025,International Education Costs Dataset,High,30.0,98.0,33000.0,69.8,33069.8,46.78,100.0,High Quality
Australia,Canberra,Australian National University,Computer Science,PhD,4.0,33000,69.8,1300,450,650,1.52,australian national university,australian national university,the australian national university,93.75,30,34,The Australian National University,Australia,Oceania,L,FC,VH,A,93.8,36,75.4,85,34.6,457,84.6,97,100.0,52,96.2,89,91.4,151,56.6,216,97.1,30=,82.4,the australian national university,QS World University Rankings 2025,International Education Costs Dataset,High,30.0,98.0,33000.0,69.8,33069.8,46.78,100.0,High Quality
Australia,Canberra,Australian National University,Computer Science,PhD,4.0,33000,69.8,1300,450,650,1.52,australian national university,australian national university,the australian national university,93.75,30,34,The Australian National University,Australia,Oceania,L,FC,VH,A,93.8,36,75.4,85,34.6,457,84.6,97,100.0,52,96.2,89,91.4,151,56.6,216,97.1,30=,82.4,the australian national university,QS World University Rankings 2025,International Education Costs Dataset,High,30.0,98.0,33000.0,69.8,33069.8,46.78,100.0,High Quality
Australia,Canberra,Australian National University,Computer Science,PhD,4.0,33000,69.8,1300,450,650,1.52,australian national university,australian national university,the australian national university,93.75,30,34,The Australian National University,Australia,Oceania,L,FC,VH,A,93.8,36,75.4,85,34.6,457,84.6,97,100.0,52,96.2,89,91.4,151,56.6,216,97.1,30=,82.4,the australian national university,QS World University Rankings 2025,International Education Costs Dataset,High,30.0,98.0,33000.0,69.8,33069.8,46.78,100.0,High Quality
USA,Austin,UT Austin,Mathematics,Master,2.0,45000,68.9,1600,160,1500,1.0,ut austin,ut austin,,,,,,,,,,,,,,,,,,,,,,,,,,,,,,,,Not Matched,International Education Costs Dataset,Unmatched,,,45000.0,68.9,45068.9,27.44,75.0,High Quality
USA,Austin,UT Austin,Mathematics,Master,2.0,45000,68.9,1600,160,1500,1.0,ut austin,ut austin,,,,,,,,,,,,,,,,,,,,,,,,,,,,,,,,Not Matched,International Education Costs Dataset,Unmatched,,,45000.0,68.9,45068.9,27.44,75.0,High Quality
USA,Austin,UT Austin,Mathematics,Master,2.0,45000,68.9,1600,160,1500,1.0,ut austin,ut austin,,,,,,,,,,,,,,,,,,,,,,,,,,,,,,,,Not Matched,International Education Costs Dataset,Unmatched,,,45000.0,68.9,45068.9,27.44,75.0,High Quality
USA,Austin,UT Austin,Mathematics,Master,2.0,45000,68.9,1600,160,1500,1.0,ut austin,ut austin,,,,,,,,,,,,,,,,,,,,,,,,,,,,,,,,Not Matched,International Education Costs Dataset,Unmatched,,,45000.0,68.9,45068.9,27.44,75.0,High Quality
UK,Leeds,University of Leeds,Chemistry,PhD,4.0,35000,63.2,900,485,800,0.79,university of leeds,university of leeds,university of leeds,100.0,82,75,University of Leeds,United Kingdom,Europe,XL,FC,VH,A,70.5,91,75.9,83,36.4,438,39.8,355,82.5,230,88.5,132,98.8,14,50.9,251,71.8,211=,63.8,university of leeds,QS World University Rankings 2025,International Education Costs Dataset,Excellent,82.0,94.28,35000.0,63.2,35063.2,43.56,100.0,High Quality
UK,Leeds,University of Leeds,Chemistry,PhD,4.0,35000,63.2,900,485,800,0.79,university of leeds,university of leeds,university of leeds,100.0,82,75,University of Leeds,United Kingdom,Europe,XL,FC,VH,A,70.5,91,75.9,83,36.4,438,39.8,355,82.5,230,88.5,132,98.8,14,50.9,251,71.8,211=,63.8,university of leeds,QS World University Rankings 2025,International Education Costs Dataset,Excellent,82.0,94.28,35000.0,63.2,35063.2,43.56,100.0,High Quality
UK,Leeds,University of Leeds,Chemistry,PhD,4.0,35000,63.2,900,485,800,0.79,university of leeds,university of leeds,university of leeds,100.0,82,75,University of Leeds,United Kingdom,Europe,XL,FC,VH,A,70.5,91,75.9,83,36.4,438,39.8,355,82.5,230,88.5,132,98.8,14,50.9,251,71.8,211=,63.8,university of leeds,QS World University Rankings 2025,International Education Costs Dataset,Excellent,82.0,94.28,35000.0,63.2,35063.2,43.56,100.0,High Quality
UK,Leeds,University of Leeds,Chemistry,PhD,4.0,35000,63.2,900,485,800,0.79,university of leeds,university of leeds,university of leeds,100.0,82,75,University of Leeds,United Kingdom,Europe,XL,FC,VH,A,70.5,91,75.9,83,36.4,438,39.8,355,82.5,230,88.5,132,98.8,14,50.9,251,71.8,211=,63.8,university of leeds,QS World University Rankings 2025,International Education Costs Dataset,Excellent,82.0,94.28,35000.0,63.2,35063.2,43.56,100.0,High Quality
Germany,Heidelberg,Heidelberg University,Physics,Bachelor,3.0,0,67.8,1000,110,900,0.92,heidelberg university,heidelberg university,,,,,,,,,,,,,,,,,,,,,,,,,,,,,,,,Not Matched,International Education Costs Dataset,Unmatched,,,0.0,67.8,67.8,99.95,75.0,High Quality
Germany,Heidelberg,Heidelberg University,Physics,Bachelor,3.0,0,67.8,1000,110,900,0.92,heidelberg university,heidelberg university,,,,,,,,,,,,,,,,,,,,,,,,,,,,,,,,Not Matched,International Education Costs Dataset,Unmatched,,,0.0,67.8,67.8,99.95,75.0,High Quality
Canada,Halifax,Dalhousie University,Engineering,Master,2.0,36000,63.4,1000,235,750,1.35,dalhousie university,dalhousie university,dalhousie university,100.0,275,298,Dalhousie University,Canada,Americas,L,FC,VH,A,19.4,463,16.7,513,12.9,701+,53.5,239,99.9,86,74.6,189,77.4,369,30.1,416,87.9,109,38.2,dalhousie university,QS World University Rankings 2025,International Education Costs Dataset,Excellent,275.0,80.49,36000.0,63.4,36063.4,41.95,100.0,High Quality
Canada,Halifax,Dalhousie University,Engineering,Master,2.0,36000,63.4,1000,235,750,1.35,dalhousie university,dalhousie university,dalhousie university,100.0,275,298,Dalhousie University,Canada,Americas,L,FC,VH,A,19.4,463,16.7,513,12.9,701+,53.5,239,99.9,86,74.6,189,77.4,369,30.1,416,87.9,109,38.2,dalhousie university,QS World University Rankings 2025,International Education Costs Dataset,Excellent,275.0,80.49,36000.0,63.4,36063.4,41.95,100.0,High Quality
Canada,Halifax,Dalhousie University,Engineering,Master,2.0,36000,63.4,1000,235,750,1.35,dalhousie university,dalhousie university,dalhousie university,100.0,275,298,Dalhousie University,Canada,Americas,L,FC,VH,A,19.4,463,16.7,513,12.9,701+,53.5,239,99.9,86,74.6,189,77.4,369,30.1,416,87.9,109,38.2,dalhousie university,QS World University Rankings 2025,International Education Costs Dataset,Excellent,275.0,80.49,36000.0,63.4,36063.4,41.95,100.0,High Quality
Canada,Halifax,Dalhousie University,Engineering,Master,2.0,36000,63.4,1000,235,750,1.35,dalhousie university,dalhousie university,dalhousie university,100.0,275,298,Dalhousie University,Canada,Americas,L,FC,VH,A,19.4,463,16.7,513,12.9,701+,53.5,239,99.9,86,74.6,189,77.4,369,30.1,416,87.9,109,38.2,dalhousie university,QS World University Rankings 2025,International Education Costs Dataset,Excellent,275.0,80.49,36000.0,63.4,36063.4,41.95,100.0,High Quality
Australia,Gold Coast,Griffith University,Data Science,Master,2.0,29000,65.4,1100,450,650,1.52,griffith university,griffith university,griffith university,100.0,255,243,Griffith University,Australia,Oceania,L,FC,VH,A,27.0,324,13.7,593,8.4,701+,62.5,187,99.8,90,38.5,363,92.1,135,17.9,602,96.4,40,40.1,griffith university,QS World University Rankings 2025,International Education Costs Dataset,Excellent,255.0,81.92,29000.0,65.4,29065.4,53.23,100.0,High Quality
Australia,Gold Coast,Griffith University,Data Science,Master,2.0,29000,65.4,1100,450,650,1.52,griffith university,griffith university,griffith university,100.0,255,243,Griffith University,Australia,Oceania,L,FC,VH,A,27.0,324,13.7,593,8.4,701+,62.5,187,99.8,90,38.5,363,92.1,135,17.9,602,96.4,40,40.1,griffith university,QS World University Rankings 2025,International Education Costs Dataset,Excellent,255.0,81.92,29000.0,65.4,29065.4,53.23,100.0,High Quality
Australia,Gold Coast,Griffith University,Data Science,Master,2.0,29000,65.4,1100,450,650,1.52,griffith university,griffith university,griffith university,100.0,255,243,Griffith University,Australia,Oceania,L,FC,VH,A,27.0,324,13.7,593,8.4,701+,62.5,187,99.8,90,38.5,363,92.1,135,17.9,602,96.4,40,40.1,griffith university,QS World University Rankings 2025,International Education Costs Dataset,Excellent,255.0,81.92,29000.0,65.4,29065.4,53.23,100.0,High Quality
Australia,Gold Coast,Griffith University,Data Science,Master,2.0,29000,65.4,1100,450,650,1.52,griffith university,griffith university,griffith university,100.0,255,243,Griffith University,Australia,Oceania,L,FC,VH,A,27.0,324,13.7,593,8.4,701+,62.5,187,99.8,90,38.5,363,92.1,135,17.9,602,96.4,40,40.1,griffith university,QS World University Rankings 2025,International Education Costs Dataset,Excellent,255.0,81.92,29000.0,65.4,29065.4,53.23,100.0,High Quality
Australia,Gold Coast,Griffith University,Data Science,Master,2.0,29000,65.4,1100,450,650,1.52,griffith university,griffith university,griffith university,100.0,255,243,Griffith University,Australia,Oceania,L,FC,VH,A,27.0,324,13.7,593,8.4,701+,62.5,187,99.8,90,38.5,363,92.1,135,17.9,602,96.4,40,40.1,griffith university,QS World University Rankings 2025,International Education Costs Dataset,Excellent,255.0,81.92,29000.0,65.4,29065.4,53.23,100.0,High Quality
USA,Seattle,University of Washington,Computer Science,PhD,5.0,50000,77.8,2000,160,1500,1.0,university of washington,university of washington,university of washington,100.0,76,63,University of Washington,United States,Americas,XL,FC,VH,A,81.9,66,55.5,150,28.6,542,78.8,119,11.0,701+,32.8,407,95.6,67,68.7,170,66.5,235,65.3,university of washington,QS World University Rankings 2025,International Education Costs Dataset,Excellent,76.0,94.71,50000.0,77.8,50077.8,19.37,100.0,High Quality
USA,Seattle,University of Washington,Computer Science,PhD,5.0,50000,77.8,2000,160,1500,1.0,university of washington,university of washington,university of washington,100.0,76,63,University of Washington,United States,Americas,XL,FC,VH,A,81.9,66,55.5,150,28.6,542,78.8,119,11.0,701+,32.8,407,95.6,67,68.7,170,66.5,235,65.3,university of washington,QS World University Rankings 2025,International Education Costs Dataset,Excellent,76.0,94.71,50000.0,77.8,50077.8,19.37,100.0,High Quality
USA,Seattle,University of Washington,Computer Science,PhD,5.0,50000,77.8,2000,160,1500,1.0,university of washington,university of washington,university of washington,100.0,76,63,University of Washington,United States,Americas,XL,FC,VH,A,81.9,66,55.5,150,28.6,542,78.8,119,11.0,701+,32.8,407,95.6,67,68.7,170,66.5,235,65.3,university of washington,QS World University Rankings 2025,International Education Costs Dataset,Excellent,76.0,94.71,50000.0,77.8,50077.8,19.37,100.0,High Quality
USA,Seattle,University of Washington,Computer Science,PhD,5.0,50000,77.8,2000,160,1500,1.0,university of washington,university of washington,university of washington,100.0,76,63,University of Washington,United States,Americas,XL,FC,VH,A,81.9,66,55.5,150,28.6,542,78.8,119,11.0,701+,32.8,407,95.6,67,68.7,170,66.5,235,65.3,university of washington,QS World University Rankings 2025,International Education Costs Dataset,Excellent,76.0,94.71,50000.0,77.8,50077.8,19.37,100.0,High Quality
USA,Seattle,University of Washington,Computer Science,PhD,5.0,50000,77.8,2000,160,1500,1.0,university of washington,university of washington,university of washington,100.0,76,63,University of Washington,United States,Americas,XL,FC,VH,A,81.9,66,55.5,150,28.6,542,78.8,119,11.0,701+,32.8,407,95.6,67,68.7,170,66.5,235,65.3,university of washington,QS World University Rankings 2025,International Education Costs Dataset,Excellent,76.0,94.71,50000.0,77.8,50077.8,19.37,100.0,High Quality
USA,Seattle,University of Washington,Computer Science,PhD,5.0,50000,77.8,2000,160,1500,1.0,university of washington,university of washington,university of washington,100.0,76,63,University of Washington,United States,Americas,XL,FC,VH,A,81.9,66,55.5,150,28.6,542,78.8,119,11.0,701+,32.8,407,95.6,67,68.7,170,66.5,235,65.3,university of washington,QS World University Rankings 2025,International Education Costs Dataset,Excellent,76.0,94.71,50000.0,77.8,50077.8,19.37,100.0,High Quality
UK,Sheffield,University of Sheffield,Engineering,Master,2.0,33000,62.3,850,485,800,0.79,university of sheffield,university of sheffield,the university of sheffield,92.0,105,104,The University of Sheffield,United Kingdom,Europe,L,FC,VH,A,58.3,132,48.7,187,52.5,290,43.9,313,83.3,228,96.8,80,95.8,62,33.8,374,97.7,24=,59.1,the university of sheffield,QS World University Rankings 2025,International Education Costs Dataset,High,105.0,92.64,33000.0,62.3,33062.3,46.79,100.0,High Quality
UK,Sheffield,University of Sheffield,Engineering,Master,2.0,33000,62.3,850,485,800,0.79,university of sheffield,university of sheffield,the university of sheffield,92.0,105,104,The University of Sheffield,United Kingdom,Europe,L,FC,VH,A,58.3,132,48.7,187,52.5,290,43.9,313,83.3,228,96.8,80,95.8,62,33.8,374,97.7,24=,59.1,the university of sheffield,QS World University Rankings 2025,International Education Costs Dataset,High,105.0,92.64,33000.0,62.3,33062.3,46.79,100.0,High Quality
UK,Sheffield,University of Sheffield,Engineering,Master,2.0,33000,62.3,850,485,800,0.79,university of sheffield,university of sheffield,the university of sheffield,92.0,105,104,The University of Sheffield,United Kingdom,Europe,L,FC,VH,A,58.3,132,48.7,187,52.5,290,43.9,313,83.3,228,96.8,80,95.8,62,33.8,374,97.7,24=,59.1,the university of sheffield,QS World University Rankings 2025,International Education Costs Dataset,High,105.0,92.64,33000.0,62.3,33062.3,46.79,100.0,High Quality
Germany,Cologne,University of Cologne,Mathematics,Master,2.0,0,69.8,1200,110,900,0.92,university of cologne,university of cologne,university of cologne,100.0,285,268,University of Cologne,Germany,Europe,L,FO,VH,A,35.2,250,30.4,310,15.7,701+,29.3,440,35.9,444,30.1,429,90.8,158,56.8,212,91.9,78=,37.2,university of cologne,QS World University Rankings 2025,International Education Costs Dataset,Excellent,285.0,79.77,0.0,69.8,69.8,99.95,100.0,High Quality
Canada,Quebec City,Laval University,Physics,Bachelor,3.0,34000,62.1,900,235,750,1.35,laval university,laval university,universit laval,96.7741935483871,423,441,Université Laval,Canada,Americas,L,FC,VH,A,19.2,468,8.1,601+,26.0,572,23.8,512,55.8,336,41.6,344,80.2,317,36.4,349,78.4,166=,28.1,universit laval,QS World University Rankings 2025,International Education Costs Dataset,Excellent,423.0,69.91,34000.0,62.1,34062.1,45.18,100.0,High Quality
Canada,Quebec City,Laval University,Physics,Bachelor,3.0,34000,62.1,900,235,750,1.35,laval university,laval university,universit laval,96.7741935483871,423,441,Université Laval,Canada,Americas,L,FC,VH,A,19.2,468,8.1,601+,26.0,572,23.8,512,55.8,336,41.6,344,80.2,317,36.4,349,78.4,166=,28.1,universit laval,QS World University Rankings 2025,International Education Costs Dataset,Excellent,423.0,69.91,34000.0,62.1,34062.1,45.18,100.0,High Quality
Canada,Quebec City,Laval University,Physics,Bachelor,3.0,34000,62.1,900,235,750,1.35,laval university,laval university,universit laval,96.7741935483871,423,441,Université Laval,Canada,Americas,L,FC,VH,A,19.2,468,8.1,601+,26.0,572,23.8,512,55.8,336,41.6,344,80.2,317,36.4,349,78.4,166=,28.1,universit laval,QS World University Rankings 2025,International Education Costs Dataset,Excellent,423.0,69.91,34000.0,62.1,34062.1,45.18,100.0,High Quality
Canada,Quebec City,Laval University,Physics,Bachelor,3.0,34000,62.1,900,235,750,1.35,laval university,laval university,universit laval,96.7741935483871,423,441,Université Laval,Canada,Americas,L,FC,VH,A,19.2,468,8.1,601+,26.0,572,23.8,512,55.8,336,41.6,344,80.2,317,36.4,349,78.4,166=,28.1,universit laval,QS World University Rankings 2025,International Education Costs Dataset,Excellent,423.0,69.91,34000.0,62.1,34062.1,45.18,100.0,High Quality
Australia,Newcastle,University of Newcastle,Chemistry,Master,2.0,27000,63.2,950,450,650,1.52,university of newcastle,university of newcastle,newcastle university,93.02325581395348,129,110,Newcastle University,United Kingdom,Europe,L,FC,VH,A,50.0,164,59.3,137,39.2,399,38.7,362,89.5,193,68.6,217,97.1,42,31.3,403,97.1,30=,54.5,newcastle university,QS World University Rankings 2025,International Education Costs Dataset,High,129.0,90.92,27000.0,63.2,27063.2,56.45,100.0,High Quality
Australia,Newcastle,University of Newcastle,Chemistry,Master,2.0,27000,63.2,950,450,650,1.52,university of newcastle,university of newcastle,newcastle university,93.02325581395348,129,110,Newcastle University,United Kingdom,Europe,L,FC,VH,A,50.0,164,59.3,137,39.2,399,38.7,362,89.5,193,68.6,217,97.1,42,31.3,403,97.1,30=,54.5,newcastle university,QS World University Rankings 2025,International Education Costs Dataset,High,129.0,90.92,27000.0,63.2,27063.2,56.45,100.0,High Quality
Australia,Newcastle,University of Newcastle,Chemistry,Master,2.0,27000,63.2,950,450,650,1.52,university of newcastle,university of newcastle,newcastle university,93.02325581395348,129,110,Newcastle University,United Kingdom,Europe,L,FC,VH,A,50.0,164,59.3,137,39.2,399,38.7,362,89.5,193,68.6,217,97.1,42,31.3,403,97.1,30=,54.5,newcastle university,QS World University Rankings 2025,International Education Costs Dataset,High,129.0,90.92,27000.0,63.2,27063.2,56.45,100.0,High Quality
Australia,Newcastle,University of Newcastle,Chemistry,Master,2.0,27000,63.2,950,450,650,1.52,university of newcastle,university of newcastle,newcastle university,93.02325581395348,129,110,Newcastle University,United Kingdom,Europe,L,FC,VH,A,50.0,164,59.3,137,39.2,399,38.7,362,89.5,193,68.6,217,97.1,42,31.3,403,97.1,30=,54.5,newcastle university,QS World University Rankings 2025,International Education Costs Dataset,High,129.0,90.92,27000.0,63.2,27063.2,56.45,100.0,High Quality
Australia,Newcastle,University of Newcastle,Chemistry,Master,2.0,27000,63.2,950,450,650,1.52,university of newcastle,university of newcastle,newcastle university,93.02325581395348,129,110,Newcastle University,United Kingdom,Europe,L,FC,VH,A,50.0,164,59.3,137,39.2,399,38.7,362,89.5,193,68.6,217,97.1,42,31.3,403,97.1,30=,54.5,newcastle university,QS World University Rankings 2025,International Education Costs Dataset,High,129.0,90.92,27000.0,63.2,27063.2,56.45,100.0,High Quality
USA,Pittsburgh,Carnegie Mellon,Data Science,Master,2.0,56000,65.4,1500,160,1500,1.0,carnegie mellon,carnegie mellon,,,,,,,,,,,,,,,,,,,,,,,,,,,,,,,,Not Matched,International Education Costs Dataset,Unmatched,,,56000.0,65.4,56065.4,9.72,75.0,High Quality
USA,Pittsburgh,Carnegie Mellon,Data Science,Master,2.0,56000,65.4,1500,160,1500,1.0,carnegie mellon,carnegie mellon,,,,,,,,,,,,,,,,,,,,,,,,,,,,,,,,Not Matched,International Education Costs Dataset,Unmatched,,,56000.0,65.4,56065.4,9.72,75.0,High Quality
USA,Pittsburgh,Carnegie Mellon,Data Science,Master,2.0,56000,65.4,1500,160,1500,1.0,carnegie mellon,carnegie mellon,,,,,,,,,,,,,,,,,,,,,,,,,,,,,,,,Not Matched,International Education Costs Dataset,Unmatched,,,56000.0,65.4,56065.4,9.72,75.0,High Quality
UK,Nottingham,University of Nottingham,Computer Science,PhD,4.0,34000,61.2,800,485,800,0.79,university of nottingham,university of nottingham,university of nottingham,100.0,108,100,University of Nottingham,United Kingdom,Europe,XL,FC,VH,A,61.1,117,65.8,116,32.8,481,37.6,368,89.4,194,70.5,208,98.0,25,38.0,339,97.0,33,58.5,university of nottingham,QS World University Rankings 2025,International Education Costs Dataset,Excellent,108.0,92.42,34000.0,61.2,34061.2,45.18,100.0,High Quality
UK,Nottingham,University of Nottingham,Computer Science,PhD,4.0,34000,61.2,800,485,800,0.79,university of nottingham,university of nottingham,university of nottingham,100.0,108,100,University of Nottingham,United Kingdom,Europe,XL,FC,VH,A,61.1,117,65.8,116,32.8,481,37.6,368,89.4,194,70.5,208,98.0,25,38.0,339,97.0,33,58.5,university of nottingham,QS World University Rankings 2025,International Education Costs Dataset,Excellent,108.0,92.42,34000.0,61.2,34061.2,45.18,100.0,High Quality
UK,Nottingham,University of Nottingham,Computer Science,PhD,4.0,34000,61.2,800,485,800,0.79,university of nottingham,university of nottingham,university of nottingham,100.0,108,100,University of Nottingham,United Kingdom,Europe,XL,FC,VH,A,61.1,117,65.8,116,32.8,481,37.6,368,89.4,194,70.5,208,98.0,25,38.0,339,97.0,33,58.5,university of nottingham,QS World University Rankings 2025,International Education Costs Dataset,Excellent,108.0,92.42,34000.0,61.2,34061.2,45.18,100.0,High Quality
UK,Nottingham,University of Nottingham,Computer Science,PhD,4.0,34000,61.2,800,485,800,0.79,university of nottingham,university of nottingham,university of nottingham,100.0,108,100,University of Nottingham,United Kingdom,Europe,XL,FC,VH,A,61.1,117,65.8,116,32.8,481,37.6,368,89.4,194,70.5,208,98.0,25,38.0,339,97.0,33,58.5,university of nottingham,QS World University Rankings 2025,International Education Costs Dataset,Excellent,108.0,92.42,34000.0,61.2,34061.2,45.18,100.0,High Quality
Germany,Bonn,University of Bonn,Engineering,Master,2.0,0,67.8,1100,110,900,0.92,university of bonn,university of bonn,university of lisbon,89.47368421052632,260,266,University of Lisbon,Portugal,Europe,XL,FC,VH,A,44.0,193,20.7,443,10.7,701+,36.5,376,9.0,701+,39.4,356,98.2,23,94.0,57,70.9,217=,39.6,university of lisbon,QS World University Rankings 2025,International Education Costs Dataset,Medium,260.0,81.56,0.0,67.8,67.8,99.95,100.0,High Quality
Canada,Victoria,University of Victoria,Mathematics,Master,2.0,35000,64.5,1100,235,750,1.35,university of victoria,university of victoria,victoria university,92.6829268292683,741-750,711-720,Victoria University,Australia,Oceania,L,CO,HI,A,6.9,601+,6.1,601+,2.4,701+,34.1,389,32.7,480,41.5,345,44.9,701+,6.4,701+,34.8,406=,,victoria university,QS World University Rankings 2025,International Education Costs Dataset,High,741.0,47.18,35000.0,64.5,35064.5,43.56,100.0,High Quality
Canada,Victoria,University of Victoria,Mathematics,Master,2.0,35000,64.5,1100,235,750,1.35,university of victoria,university of victoria,victoria university,92.6829268292683,741-750,711-720,Victoria University,Australia,Oceania,L,CO,HI,A,6.9,601+,6.1,601+,2.4,701+,34.1,389,32.7,480,41.5,345,44.9,701+,6.4,701+,34.8,406=,,victoria university,QS World University Rankings 2025,International Education Costs Dataset,High,741.0,47.18,35000.0,64.5,35064.5,43.56,100.0,High Quality
Canada,Victoria,University of Victoria,Mathematics,Master,2.0,35000,64.5,1100,235,750,1.35,university of victoria,university of victoria,victoria university,92.6829268292683,741-750,711-720,Victoria University,Australia,Oceania,L,CO,HI,A,6.9,601+,6.1,601+,2.4,701+,34.1,389,32.7,480,41.5,345,44.9,701+,6.4,701+,34.8,406=,,victoria university,QS World University Rankings 2025,International Education Costs Dataset,High,741.0,47.18,35000.0,64.5,35064.5,43.56,100.0,High Quality
Canada,Victoria,University of Victoria,Mathematics,Master,2.0,35000,64.5,1100,235,750,1.35,university of victoria,university of victoria,victoria university,92.6829268292683,741-750,711-720,Victoria University,Australia,Oceania,L,CO,HI,A,6.9,601+,6.1,601+,2.4,701+,34.1,389,32.7,480,41.5,345,44.9,701+,6.4,701+,34.8,406=,,victoria university,QS World University Rankings 2025,International Education Costs Dataset,High,741.0,47.18,35000.0,64.5,35064.5,43.56,100.0,High Quality
Australia,Hobart,University of Tasmania,Physics,Bachelor,3.0,26000,62.1,900,450,650,1.52,university of tasmania,university of tasmania,university of tasmania,100.0,293,307,University of Tasmania,Australia,Oceania,M,CO,VH,A,16.0,552,7.4,601+,22.1,635,59.8,203,79.9,240,89.7,123,80.0,323,15.9,636,85.6,123,37.0,university of tasmania,QS World University Rankings 2025,International Education Costs Dataset,Excellent,293.0,79.2,26000.0,62.1,26062.1,58.07,100.0,High Quality
Australia,Hobart,University of Tasmania,Physics,Bachelor,3.0,26000,62.1,900,450,650,1.52,university of tasmania,university of tasmania,university of tasmania,100.0,293,307,University of Tasmania,Australia,Oceania,M,CO,VH,A,16.0,552,7.4,601+,22.1,635,59.8,203,79.9,240,89.7,123,80.0,323,15.9,636,85.6,123,37.0,university of tasmania,QS World University Rankings 2025,International Education Costs Dataset,Excellent,293.0,79.2,26000.0,62.1,26062.1,58.07,100.0,High Quality
Australia,Hobart,University of Tasmania,Physics,Bachelor,3.0,26000,62.1,900,450,650,1.52,university of tasmania,university of tasmania,university of tasmania,100.0,293,307,University of Tasmania,Australia,Oceania,M,CO,VH,A,16.0,552,7.4,601+,22.1,635,59.8,203,79.9,240,89.7,123,80.0,323,15.9,636,85.6,123,37.0,university of tasmania,QS World University Rankings 2025,International Education Costs Dataset,Excellent,293.0,79.2,26000.0,62.1,26062.1,58.07,100.0,High Quality
Australia,Hobart,University of Tasmania,Physics,Bachelor,3.0,26000,62.1,900,450,650,1.52,university of tasmania,university of tasmania,university of tasmania,100.0,293,307,University of Tasmania,Australia,Oceania,M,CO,VH,A,16.0,552,7.4,601+,22.1,635,59.8,203,79.9,240,89.7,123,80.0,323,15.9,636,85.6,123,37.0,university of tasmania,QS World University Rankings 2025,International Education Costs Dataset,Excellent,293.0,79.2,26000.0,62.1,26062.1,58.07,100.0,High Quality
Australia,Hobart,University of Tasmania,Physics,Bachelor,3.0,26000,62.1,900,450,650,1.52,university of tasmania,university of tasmania,university of tasmania,100.0,293,307,University of Tasmania,Australia,Oceania,M,CO,VH,A,16.0,552,7.4,601+,22.1,635,59.8,203,79.9,240,89.7,123,80.0,323,15.9,636,85.6,123,37.0,university of tasmania,QS World University Rankings 2025,International Education Costs Dataset,Excellent,293.0,79.2,26000.0,62.1,26062.1,58.07,100.0,High Quality
USA,San Diego,UC San Diego,Chemistry,PhD,5.0,49000,75.6,1900,160,1500,1.0,uc san diego,uc san diego,,,,,,,,,,,,,,,,,,,,,,,,,,,,,,,,Not Matched,International Education Costs Dataset,Unmatched,,,49000.0,75.6,49075.6,20.99,75.0,High Quality
USA,San Diego,UC San Diego,Chemistry,PhD,5.0,49000,75.6,1900,160,1500,1.0,uc san diego,uc san diego,,,,,,,,,,,,,,,,,,,,,,,,,,,,,,,,Not Matched,International Education Costs Dataset,Unmatched,,,49000.0,75.6,49075.6,20.99,75.0,High Quality
USA,San Diego,UC San Diego,Chemistry,PhD,5.0,49000,75.6,1900,160,1500,1.0,uc san diego,uc san diego,,,,,,,,,,,,,,,,,,,,,,,,,,,,,,,,Not Matched,International Education Costs Dataset,Unmatched,,,49000.0,75.6,49075.6,20.99,75.0,High Quality
UK,Durham,Durham University,Engineering,Master,2.0,35000,63.4,900,485,800,0.79,durham university,durham university,durham university,100.0,89,78,Durham University,United Kingdom,Europe,L,FC,VH,A,59.6,126,83.9,65,26.3,567,40.9,342,97.3,125,84.9,153,89.7,172,39.4,326,98.6,19,61.7,durham university,QS World University Rankings 2025,International Education Costs Dataset,Excellent,89.0,93.78,35000.0,63.4,35063.4,43.56,100.0,High Quality
UK,Durham,Durham University,Engineering,Master,2.0,35000,63.4,900,485,800,0.79,durham university,durham university,durham university,100.0,89,78,Durham University,United Kingdom,Europe,L,FC,VH,A,59.6,126,83.9,65,26.3,567,40.9,342,97.3,125,84.9,153,89.7,172,39.4,326,98.6,19,61.7,durham university,QS World University Rankings 2025,International Education Costs Dataset,Excellent,89.0,93.78,35000.0,63.4,35063.4,43.56,100.0,High Quality
Germany,Aachen,RWTH Aachen,Computer Science,Bachelor,3.0,0,68.9,1000,110,900,0.92,rwth aachen,rwth aachen,,,,,,,,,,,,,,,,,,,,,,,,,,,,,,,,Not Matched,International Education Costs Dataset,Unmatched,,,0.0,68.9,68.9,99.95,75.0,High Quality
Germany,Aachen,RWTH Aachen,Computer Science,Bachelor,3.0,0,68.9,1000,110,900,0.92,rwth aachen,rwth aachen,,,,,,,,,,,,,,,,,,,,,,,,,,,,,,,,Not Matched,International Education Costs Dataset,Unmatched,,,0.0,68.9,68.9,99.95,75.0,High Quality
Germany,Aachen,RWTH Aachen,Computer Science,Bachelor,3.0,0,68.9,1000,110,900,0.92,rwth aachen,rwth aachen,,,,,,,,,,,,,,,,,,,,,,,,,,,,,,,,Not Matched,International Education Costs Dataset,Unmatched,,,0.0,68.9,68.9,99.95,75.0,High Quality
Canada,Winnipeg,University of Manitoba,Data Science,Master,2.0,33000,61.2,900,235,750,1.35,university of manitoba,university of manitoba,university of manitoba,100.0,661-670,671-680,University of Manitoba,Canada,Americas,L,FC,VH,A,13.6,601+,15.9,536,29.6,526,12.0,694,,,43.2,334,73.1,439,32.8,390,16.3,570=,,university of manitoba,QS World University Rankings 2025,International Education Costs Dataset,Excellent,661.0,52.89,33000.0,61.2,33061.2,46.79,100.0,High Quality
Canada,Winnipeg,University of Manitoba,Data Science,Master,2.0,33000,61.2,900,235,750,1.35,university of manitoba,university of manitoba,university of manitoba,100.0,661-670,671-680,University of Manitoba,Canada,Americas,L,FC,VH,A,13.6,601+,15.9,536,29.6,526,12.0,694,,,43.2,334,73.1,439,32.8,390,16.3,570=,,university of manitoba,QS World University Rankings 2025,International Education Costs Dataset,Excellent,661.0,52.89,33000.0,61.2,33061.2,46.79,100.0,High Quality
Canada,Winnipeg,University of Manitoba,Data Science,Master,2.0,33000,61.2,900,235,750,1.35,university of manitoba,university of manitoba,university of manitoba,100.0,661-670,671-680,University of Manitoba,Canada,Americas,L,FC,VH,A,13.6,601+,15.9,536,29.6,526,12.0,694,,,43.2,334,73.1,439,32.8,390,16.3,570=,,university of manitoba,QS World University Rankings 2025,International Education Costs Dataset,Excellent,661.0,52.89,33000.0,61.2,33061.2,46.79,100.0,High Quality
Canada,Winnipeg,University of Manitoba,Data Science,Master,2.0,33000,61.2,900,235,750,1.35,university of manitoba,university of manitoba,university of manitoba,100.0,661-670,671-680,University of Manitoba,Canada,Americas,L,FC,VH,A,13.6,601+,15.9,536,29.6,526,12.0,694,,,43.2,334,73.1,439,32.8,390,16.3,570=,,university of manitoba,QS World University Rankings 2025,International Education Costs Dataset,Excellent,661.0,52.89,33000.0,61.2,33061.2,46.79,100.0,High Quality
Australia,Wollongong,University of Wollongong,Mathematics,PhD,4.0,28000,63.4,950,450,650,1.52,university of wollongong,university of wollongong,university of wollongong,100.0,167,162,University of Wollongong,Australia,Oceania,L,FC,VH,A,29.5,300,24.5,393,17.0,701+,94.6,52,91.8,178,56.3,265,89.0,185,18.3,596,93.9,62=,50.3,university of wollongong,QS World University Rankings 2025,International Education Costs Dataset,Excellent,167.0,88.21,28000.0,63.4,28063.4,54.84,100.0,High Quality
Australia,Wollongong,University of Wollongong,Mathematics,PhD,4.0,28000,63.4,950,450,650,1.52,university of wollongong,university of wollongong,university of wollongong,100.0,167,162,University of Wollongong,Australia,Oceania,L,FC,VH,A,29.5,300,24.5,393,17.0,701+,94.6,52,91.8,178,56.3,265,89.0,185,18.3,596,93.9,62=,50.3,university of wollongong,QS World University Rankings 2025,International Education Costs Dataset,Excellent,167.0,88.21,28000.0,63.4,28063.4,54.84,100.0,High Quality
Australia,Wollongong,University of Wollongong,Mathematics,PhD,4.0,28000,63.4,950,450,650,1.52,university of wollongong,university of wollongong,university of wollongong,100.0,167,162,University of Wollongong,Australia,Oceania,L,FC,VH,A,29.5,300,24.5,393,17.0,701+,94.6,52,91.8,178,56.3,265,89.0,185,18.3,596,93.9,62=,50.3,university of wollongong,QS World University Rankings 2025,International Education Costs Dataset,Excellent,167.0,88.21,28000.0,63.4,28063.4,54.84,100.0,High Quality
Australia,Wollongong,University of Wollongong,Mathematics,PhD,4.0,28000,63.4,950,450,650,1.52,university of wollongong,university of wollongong,university of wollongong,100.0,167,162,University of Wollongong,Australia,Oceania,L,FC,VH,A,29.5,300,24.5,393,17.0,701+,94.6,52,91.8,178,56.3,265,89.0,185,18.3,596,93.9,62=,50.3,university of wollongong,QS World University Rankings 2025,International Education Costs Dataset,Excellent,167.0,88.21,28000.0,63.4,28063.4,54.84,100.0,High Quality
Australia,Wollongong,University of Wollongong,Mathematics,PhD,4.0,28000,63.4,950,450,650,1.52,university of wollongong,university of wollongong,university of wollongong,100.0,167,162,University of Wollongong,Australia,Oceania,L,FC,VH,A,29.5,300,24.5,393,17.0,701+,94.6,52,91.8,178,56.3,265,89.0,185,18.3,596,93.9,62=,50.3,university of wollongong,QS World University Rankings 2025,International Education Costs Dataset,Excellent,167.0,88.21,28000.0,63.4,28063.4,54.84,100.0,High Quality
USA,San Francisco,UC Berkeley Extension,Data Science,Master,2.0,52000,95.2,2400,160,1500,1.0,uc berkeley extension,uc berkeley extension,,,,,,,,,,,,,,,,,,,,,,,,,,,,,,,,Not Matched,International Education Costs Dataset,Unmatched,,,52000.0,95.2,52095.2,16.12,75.0,High Quality
UK,London,King's College London,Computer Science,Master,1.0,39000,75.3,1900,485,800,0.79,king s college london,king s college london,king s college london,100.0,40,40,King's College London,United Kingdom,Europe,XL,FC,VH,A,90.3,44,85.7,64,64.3,210,53.6,238,99.1,103,99.5,47,98.6,17,59.8,205,96.2,44=,80.2,king s college london,QS World University Rankings 2025,International Education Costs Dataset,Excellent,40.0,97.28,39000.0,75.3,39075.3,37.1,100.0,High Quality
UK,London,King's College London,Computer Science,Master,1.0,39000,75.3,1900,485,800,0.79,king s college london,king s college london,king s college london,100.0,40,40,King's College London,United Kingdom,Europe,XL,FC,VH,A,90.3,44,85.7,64,64.3,210,53.6,238,99.1,103,99.5,47,98.6,17,59.8,205,96.2,44=,80.2,king s college london,QS World University Rankings 2025,International Education Costs Dataset,Excellent,40.0,97.28,39000.0,75.3,39075.3,37.1,100.0,High Quality
Switzerland,Zurich,ETH Zurich,Computer Science,Master,2.0,1500,122.4,2000,140,1200,0.89,eth zurich,eth zurich,,,,,,,,,,,,,,,,,,,,,,,,,,,,,,,,Not Matched,International Education Costs Dataset,Unmatched,,,1500.0,122.4,1622.4,97.45,75.0,High Quality
Switzerland,Zurich,ETH Zurich,Computer Science,Master,2.0,1500,122.4,2000,140,1200,0.89,eth zurich,eth zurich,,,,,,,,,,,,,,,,,,,,,,,,,,,,,,,,Not Matched,International Education Costs Dataset,Unmatched,,,1500.0,122.4,1622.4,97.45,75.0,High Quality
France,Paris,Sorbonne University,Data Analytics,Master,2.0,4500,84.3,1800,99,850,0.92,sorbonne university,sorbonne university,sorbonne university,100.0,63,59,Sorbonne University,France,Europe,XL,FC,VH,A,87.2,49,52.0,166,43.0,363,72.3,144,33.8,471,46.7,315,99.8,4,79.7,125,87.6,111,70.3,sorbonne university,QS World University Rankings 2025,International Education Costs Dataset,Excellent,63.0,95.64,4500.0,84.3,4584.3,92.67,100.0,High Quality
France,Paris,Sorbonne University,Data Analytics,Master,2.0,4500,84.3,1800,99,850,0.92,sorbonne university,sorbonne university,sorbonne university,100.0,63,59,Sorbonne University,France,Europe,XL,FC,VH,A,87.2,49,52.0,166,43.0,363,72.3,144,33.8,471,46.7,315,99.8,4,79.7,125,87.6,111,70.3,sorbonne university,QS World University Rankings 2025,International Education Costs Dataset,Excellent,63.0,95.64,4500.0,84.3,4584.3,92.67,100.0,High Quality
France,Paris,Sorbonne University,Data Analytics,Master,2.0,4500,84.3,1800,99,850,0.92,sorbonne university,sorbonne university,sorbonne university,100.0,63,59,Sorbonne University,France,Europe,XL,FC,VH,A,87.2,49,52.0,166,43.0,363,72.3,144,33.8,471,46.7,315,99.8,4,79.7,125,87.6,111,70.3,sorbonne university,QS World University Rankings 2025,International Education Costs Dataset,Excellent,63.0,95.64,4500.0,84.3,4584.3,92.67,100.0,High Quality
Ireland,Dublin,Trinity College Dublin,Computer Science,PhD,4.0,18900,83.6,1700,150,750,0.92,trinity college dublin,trinity college dublin,,,,,,,,,,,,,,,,,,,,,,,,,,,,,,,,Not Matched,International Education Costs Dataset,Unmatched,,,18900.0,83.6,18983.6,69.47,75.0,High Quality
Ireland,Dublin,Trinity College Dublin,Computer Science,PhD,4.0,18900,83.6,1700,150,750,0.92,trinity college dublin,trinity college dublin,,,,,,,,,,,,,,,,,,,,,,,,,,,,,,,,Not Matched,International Education Costs Dataset,Unmatched,,,18900.0,83.6,18983.6,69.47,75.0,High Quality
USA,Chicago,University of Chicago,Data Science,Master,2.0,58000,84.1,1900,160,1500,1.0,university of chicago,university of chicago,university of chicago,100.0,21,11,University of Chicago,United States,Americas,L,FC,VH,B,99.1,17,96.4,29,94.2,69,60.8,197,79.0,244,87.0,140,85.1,245,99.1,16,46.9,330=,86.2,university of chicago,QS World University Rankings 2025,International Education Costs Dataset,Excellent,21.0,98.64,58000.0,84.1,58084.1,6.47,100.0,High Quality
USA,Chicago,University of Chicago,Data Science,Master,2.0,58000,84.1,1900,160,1500,1.0,university of chicago,university of chicago,university of chicago,100.0,21,11,University of Chicago,United States,Americas,L,FC,VH,B,99.1,17,96.4,29,94.2,69,60.8,197,79.0,244,87.0,140,85.1,245,99.1,16,46.9,330=,86.2,university of chicago,QS World University Rankings 2025,International Education Costs Dataset,Excellent,21.0,98.64,58000.0,84.1,58084.1,6.47,100.0,High Quality
USA,Chicago,University of Chicago,Data Science,Master,2.0,58000,84.1,1900,160,1500,1.0,university of chicago,university of chicago,university of chicago,100.0,21,11,University of Chicago,United States,Americas,L,FC,VH,B,99.1,17,96.4,29,94.2,69,60.8,197,79.0,244,87.0,140,85.1,245,99.1,16,46.9,330=,86.2,university of chicago,QS World University Rankings 2025,International Education Costs Dataset,Excellent,21.0,98.64,58000.0,84.1,58084.1,6.47,100.0,High Quality
UK,Cambridge,Anglia Ruskin University,Data Analytics,Bachelor,3.0,35000,71.2,1500,485,800,0.79,anglia ruskin university,anglia ruskin university,,,,,,,,,,,,,,,,,,,,,,,,,,,,,,,,Not Matched,International Education Costs Dataset,Unmatched,,,35000.0,71.2,35071.2,43.55,75.0,High Quality
Switzerland,Lausanne,EPFL,Computer Science,PhD,4.0,1500,119.8,1900,140,1200,0.89,epfl,epfl,epfl,100.0,26,36,EPFL,Switzerland,Europe,M,FO,VH,A,84.2,56,67.2,111,91.2,80,93.6,57,100.0,28,100.0,14,81.7,291,27.2,440,86.7,114=,83.5,epfl,QS World University Rankings 2025,International Education Costs Dataset,Excellent,26.0,98.28,1500.0,119.8,1619.8,97.45,100.0,High Quality
Switzerland,Lausanne,EPFL,Computer Science,PhD,4.0,1500,119.8,1900,140,1200,0.89,epfl,epfl,epfl,100.0,26,36,EPFL,Switzerland,Europe,M,FO,VH,A,84.2,56,67.2,111,91.2,80,93.6,57,100.0,28,100.0,14,81.7,291,27.2,440,86.7,114=,83.5,epfl,QS World University Rankings 2025,International Education Costs Dataset,Excellent,26.0,98.28,1500.0,119.8,1619.8,97.45,100.0,High Quality
France,Lyon,University of Lyon,Data Science,Master,2.0,4200,75.6,1200,99,850,0.92,university of lyon,university of lyon,university of lisbon,89.47368421052632,260,266,University of Lisbon,Portugal,Europe,XL,FC,VH,A,44.0,193,20.7,443,10.7,701+,36.5,376,9.0,701+,39.4,356,98.2,23,94.0,57,70.9,217=,39.6,university of lisbon,QS World University Rankings 2025,International Education Costs Dataset,Medium,260.0,81.56,4200.0,75.6,4275.6,93.17,100.0,High Quality
Ireland,Cork,University College Cork,Computer Science,Master,2.0,16800,75.4,1300,150,750,0.92,university college cork,university college cork,university college cork,100.0,273,292,University College Cork,Ireland,Europe,L,FC,VH,A,30.1,294,35.1,270,22.1,636,28.5,457,89.0,198,52.1,281,69.1,497,34.0,371,91.0,88,38.3,university college cork,QS World University Rankings 2025,International Education Costs Dataset,Excellent,273.0,80.63,16800.0,75.4,16875.4,72.87,100.0,High Quality
USA,Boston,Northeastern University,Data Analytics,Master,2.0,54000,82.1,2200,160,1500,1.0,northeastern university,northeastern university,northeastern university,100.0,396,375,Northeastern University,United States,Americas,XL,CO,VH,B,19.2,470,11.8,601+,15.4,701+,24.6,501,51.6,360,96.4,85,67.3,516,44.0,291,72.3,205=,29.7,northeastern university,QS World University Rankings 2025,International Education Costs Dataset,Excellent,396.0,71.84,54000.0,82.1,54082.1,12.92,100.0,High Quality
USA,Boston,Northeastern University,Data Analytics,Master,2.0,54000,82.1,2200,160,1500,1.0,northeastern university,northeastern university,northeastern university,100.0,396,375,Northeastern University,United States,Americas,XL,CO,VH,B,19.2,470,11.8,601+,15.4,701+,24.6,501,51.6,360,96.4,85,67.3,516,44.0,291,72.3,205=,29.7,northeastern university,QS World University Rankings 2025,International Education Costs Dataset,Excellent,396.0,71.84,54000.0,82.1,54082.1,12.92,100.0,High Quality
UK,Edinburgh,Heriot-Watt University,Computer Science,Master,1.0,37000,67.8,1200,485,800,0.79,heriot watt university,heriot watt university,heriot watt university,100.0,256,235,Heriot-Watt University,United Kingdom,Europe,M,CO,VH,A,17.8,507,27.1,356,17.6,701+,65.2,171,100.0,79,98.1,69,75.4,402,26.3,451,25.7,483=,39.9,heriot watt university,QS World University Rankings 2025,International Education Costs Dataset,Excellent,256.0,81.84,37000.0,67.8,37067.8,40.33,100.0,High Quality
UK,Edinburgh,Heriot-Watt University,Computer Science,Master,1.0,37000,67.8,1200,485,800,0.79,heriot watt university,heriot watt university,heriot watt university,100.0,256,235,Heriot-Watt University,United Kingdom,Europe,M,CO,VH,A,17.8,507,27.1,356,17.6,701+,65.2,171,100.0,79,98.1,69,75.4,402,26.3,451,25.7,483=,39.9,heriot watt university,QS World University Rankings 2025,International Education Costs Dataset,Excellent,256.0,81.84,37000.0,67.8,37067.8,40.33,100.0,High Quality
Switzerland,Geneva,University of Geneva,Data Science,Master,2.0,1500,116.5,1800,140,1200,0.89,university of geneva,university of geneva,university of geneva,100.0,155,128,University of Geneva,Switzerland,Europe,L,FC,VH,A,45.5,183,17.2,499,40.4,387,62.4,189,100.0,51,97.6,74,94.2,93,49.5,258,42.3,355=,51.6,university of geneva,QS World University Rankings 2025,International Education Costs Dataset,Excellent,155.0,89.06,1500.0,116.5,1616.5,97.45,100.0,High Quality
Switzerland,Geneva,University of Geneva,Data Science,Master,2.0,1500,116.5,1800,140,1200,0.89,university of geneva,university of geneva,university of geneva,100.0,155,128,University of Geneva,Switzerland,Europe,L,FC,VH,A,45.5,183,17.2,499,40.4,387,62.4,189,100.0,51,97.6,74,94.2,93,49.5,258,42.3,355=,51.6,university of geneva,QS World University Rankings 2025,International Education Costs Dataset,Excellent,155.0,89.06,1500.0,116.5,1616.5,97.45,100.0,High Quality
France,Toulouse,University of Toulouse,Computer Science,Bachelor,3.0,4000,71.2,900,99,850,0.92,university of toulouse,university of toulouse,university of oulu,90.0,344,313,University of Oulu,Finland,Europe,M,FC,VH,A,15.1,582,13.5,600,25.3,587,59.4,207,65.3,300,8.6,701+,89.4,175,21.7,528,68.6,226,32.9,university of oulu,QS World University Rankings 2025,International Education Costs Dataset,High,344.0,75.55,4000.0,71.2,4071.2,93.5,100.0,High Quality
Ireland,Galway,NUI Galway,Data Analytics,Master,2.0,15900,72.3,1100,150,750,0.92,nui galway,nui galway,,,,,,,,,,,,,,,,,,,,,,,,,,,,,,,,Not Matched,International Education Costs Dataset,Unmatched,,,15900.0,72.3,15972.3,74.32,75.0,High Quality
Ireland,Galway,NUI Galway,Data Analytics,Master,2.0,15900,72.3,1100,150,750,0.92,nui galway,nui galway,,,,,,,,,,,,,,,,,,,,,,,,,,,,,,,,Not Matched,International Education Costs Dataset,Unmatched,,,15900.0,72.3,15972.3,74.32,75.0,High Quality
USA,Seattle,University of Washington,Data Science,PhD,4.0,51000,77.8,2100,160,1500,1.0,university of washington,university of washington,university of washington,100.0,76,63,University of Washington,United States,Americas,XL,FC,VH,A,81.9,66,55.5,150,28.6,542,78.8,119,11.0,701+,32.8,407,95.6,67,68.7,170,66.5,235,65.3,university of washington,QS World University Rankings 2025,International Education Costs Dataset,Excellent,76.0,94.71,51000.0,77.8,51077.8,17.76,100.0,High Quality
USA,Seattle,University of Washington,Data Science,PhD,4.0,51000,77.8,2100,160,1500,1.0,university of washington,university of washington,university of washington,100.0,76,63,University of Washington,United States,Americas,XL,FC,VH,A,81.9,66,55.5,150,28.6,542,78.8,119,11.0,701+,32.8,407,95.6,67,68.7,170,66.5,235,65.3,university of washington,QS World University Rankings 2025,International Education Costs Dataset,Excellent,76.0,94.71,51000.0,77.8,51077.8,17.76,100.0,High Quality
USA,Seattle,University of Washington,Data Science,PhD,4.0,51000,77.8,2100,160,1500,1.0,university of washington,university of washington,university of washington,100.0,76,63,University of Washington,United States,Americas,XL,FC,VH,A,81.9,66,55.5,150,28.6,542,78.8,119,11.0,701+,32.8,407,95.6,67,68.7,170,66.5,235,65.3,university of washington,QS World University Rankings 2025,International Education Costs Dataset,Excellent,76.0,94.71,51000.0,77.8,51077.8,17.76,100.0,High Quality
USA,Seattle,University of Washington,Data Science,PhD,4.0,51000,77.8,2100,160,1500,1.0,university of washington,university of washington,university of washington,100.0,76,63,University of Washington,United States,Americas,XL,FC,VH,A,81.9,66,55.5,150,28.6,542,78.8,119,11.0,701+,32.8,407,95.6,67,68.7,170,66.5,235,65.3,university of washington,QS World University Rankings 2025,International Education Costs Dataset,Excellent,76.0,94.71,51000.0,77.8,51077.8,17.76,100.0,High Quality
USA,Seattle,University of Washington,Data Science,PhD,4.0,51000,77.8,2100,160,1500,1.0,university of washington,university of washington,university of washington,100.0,76,63,University of Washington,United States,Americas,XL,FC,VH,A,81.9,66,55.5,150,28.6,542,78.8,119,11.0,701+,32.8,407,95.6,67,68.7,170,66.5,235,65.3,university of washington,QS World University Rankings 2025,International Education Costs Dataset,Excellent,76.0,94.71,51000.0,77.8,51077.8,17.76,100.0,High Quality
USA,Seattle,University of Washington,Data Science,PhD,4.0,51000,77.8,2100,160,1500,1.0,university of washington,university of washington,university of washington,100.0,76,63,University of Washington,United States,Americas,XL,FC,VH,A,81.9,66,55.5,150,28.6,542,78.8,119,11.0,701+,32.8,407,95.6,67,68.7,170,66.5,235,65.3,university of washington,QS World University Rankings 2025,International Education Costs Dataset,Excellent,76.0,94.71,51000.0,77.8,51077.8,17.76,100.0,High Quality
UK,Birmingham,University of Birmingham,Computer Science,Master,1.0,36000,65.4,1100,485,800,0.79,university of birmingham,university of birmingham,university of birmingham,100.0,80,84,University of Birmingham,United Kingdom,Europe,XL,FC,VH,A,68.9,94,69.0,105,39.0,402,40.5,348,92.6,171,89.3,127,97.5,31,44.5,285,96.8,35,64.1,university of birmingham,QS World University Rankings 2025,International Education Costs Dataset,Excellent,80.0,94.42,36000.0,65.4,36065.4,41.95,100.0,High Quality
UK,Birmingham,University of Birmingham,Computer Science,Master,1.0,36000,65.4,1100,485,800,0.79,university of birmingham,university of birmingham,university of birmingham,100.0,80,84,University of Birmingham,United Kingdom,Europe,XL,FC,VH,A,68.9,94,69.0,105,39.0,402,40.5,348,92.6,171,89.3,127,97.5,31,44.5,285,96.8,35,64.1,university of birmingham,QS World University Rankings 2025,International Education Costs Dataset,Excellent,80.0,94.42,36000.0,65.4,36065.4,41.95,100.0,High Quality
UK,Birmingham,University of Birmingham,Computer Science,Master,1.0,36000,65.4,1100,485,800,0.79,university of birmingham,university of birmingham,university of birmingham,100.0,80,84,University of Birmingham,United Kingdom,Europe,XL,FC,VH,A,68.9,94,69.0,105,39.0,402,40.5,348,92.6,171,89.3,127,97.5,31,44.5,285,96.8,35,64.1,university of birmingham,QS World University Rankings 2025,International Education Costs Dataset,Excellent,80.0,94.42,36000.0,65.4,36065.4,41.95,100.0,High Quality
Switzerland,Basel,University of Basel,Data Science,Master,2.0,1500,114.3,1700,140,1200,0.89,university of basel,university of basel,university of basel,100.0,131,124,University of Basel,Switzerland,Europe,M,FC,VH,A,26.6,331,13.5,601+,61.4,232,94.5,53,100.0,44,85.8,147,89.4,176,69.9,160,44.6,343=,54.3,university of basel,QS World University Rankings 2025,International Education Costs Dataset,Excellent,131.0,90.78,1500.0,114.3,1614.3,97.46,100.0,High Quality
Switzerland,Basel,University of Basel,Data Science,Master,2.0,1500,114.3,1700,140,1200,0.89,university of basel,university of basel,university of basel,100.0,131,124,University of Basel,Switzerland,Europe,M,FC,VH,A,26.6,331,13.5,601+,61.4,232,94.5,53,100.0,44,85.8,147,89.4,176,69.9,160,44.6,343=,54.3,university of basel,QS World University Rankings 2025,International Education Costs Dataset,Excellent,131.0,90.78,1500.0,114.3,1614.3,97.46,100.0,High Quality
France,Bordeaux,University of Bordeaux,Data Analytics,Master,2.0,4300,72.1,1000,99,850,0.92,university of bordeaux,university of bordeaux,university of bordeaux,100.0,535,465,University of Bordeaux,France,Europe,XL,FO,VH,A,31.3,284,5.5,601+,11.5,701+,17.6,588,27.1,517,23.3,500,92.9,120,16.7,620,20.1,530=,22.9,university of bordeaux,QS World University Rankings 2025,International Education Costs Dataset,Excellent,535.0,61.9,4300.0,72.1,4372.1,93.01,100.0,High Quality
France,Bordeaux,University of Bordeaux,Data Analytics,Master,2.0,4300,72.1,1000,99,850,0.92,university of bordeaux,university of bordeaux,university of bordeaux,100.0,535,465,University of Bordeaux,France,Europe,XL,FO,VH,A,31.3,284,5.5,601+,11.5,701+,17.6,588,27.1,517,23.3,500,92.9,120,16.7,620,20.1,530=,22.9,university of bordeaux,QS World University Rankings 2025,International Education Costs Dataset,Excellent,535.0,61.9,4300.0,72.1,4372.1,93.01,100.0,High Quality
France,Bordeaux,University of Bordeaux,Data Analytics,Master,2.0,4300,72.1,1000,99,850,0.92,university of bordeaux,university of bordeaux,university of bordeaux,100.0,535,465,University of Bordeaux,France,Europe,XL,FO,VH,A,31.3,284,5.5,601+,11.5,701+,17.6,588,27.1,517,23.3,500,92.9,120,16.7,620,20.1,530=,22.9,university of bordeaux,QS World University Rankings 2025,International Education Costs Dataset,Excellent,535.0,61.9,4300.0,72.1,4372.1,93.01,100.0,High Quality
Ireland,Limerick,University of Limerick,Computer Science,Bachelor,4.0,15400,71.2,1000,150,750,0.92,university of limerick,university of limerick,university of limerick,100.0,421,426,University of Limerick,Ireland,Europe,L,FC,HI,A,18.3,497,25.5,371,15.7,701+,23.0,520,87.1,209,30.8,421,72.5,447,8.0,701+,76.4,176=,28.3,university of limerick,QS World University Rankings 2025,International Education Costs Dataset,Excellent,421.0,70.05,15400.0,71.2,15471.2,75.13,100.0,High Quality
USA,Austin,UT Austin,Computer Science,Master,2.0,49000,68.9,1800,160,1500,1.0,ut austin,ut austin,,,,,,,,,,,,,,,,,,,,,,,,,,,,,,,,Not Matched,International Education Costs Dataset,Unmatched,,,49000.0,68.9,49068.9,21.0,75.0,High Quality
USA,Austin,UT Austin,Computer Science,Master,2.0,49000,68.9,1800,160,1500,1.0,ut austin,ut austin,,,,,,,,,,,,,,,,,,,,,,,,,,,,,,,,Not Matched,International Education Costs Dataset,Unmatched,,,49000.0,68.9,49068.9,21.0,75.0,High Quality
USA,Austin,UT Austin,Computer Science,Master,2.0,49000,68.9,1800,160,1500,1.0,ut austin,ut austin,,,,,,,,,,,,,,,,,,,,,,,,,,,,,,,,Not Matched,International Education Costs Dataset,Unmatched,,,49000.0,68.9,49068.9,21.0,75.0,High Quality
USA,Austin,UT Austin,Computer Science,Master,2.0,49000,68.9,1800,160,1500,1.0,ut austin,ut austin,,,,,,,,,,,,,,,,,,,,,,,,,,,,,,,,Not Matched,International Education Costs Dataset,Unmatched,,,49000.0,68.9,49068.9,21.0,75.0,High Quality
UK,Manchester,University of Salford,Data Science,Master,1.0,35000,65.4,1000,485,800,0.79,university of salford,university of salford,university of salford,100.0,901-950,851-900,University of Salford,United Kingdom,Europe,L,CO,HI,A,6.8,601+,3.9,601+,6.4,701+,6.9,701+,36.7,435,69.8,212,63.6,579,9.6,701+,5.8,701+,,university of salford,QS World University Rankings 2025,International Education Costs Dataset,Excellent,901.0,35.74,35000.0,65.4,35065.4,43.56,100.0,High Quality
Switzerland,St. Gallen,University of St. Gallen,Data Analytics,Master,2.0,1500,112.1,1600,140,1200,0.89,university of st gallen,university of st gallen,,,,,,,,,,,,,,,,,,,,,,,,,,,,,,,,Not Matched,International Education Costs Dataset,Unmatched,,,1500.0,112.1,1612.1,97.46,75.0,High Quality
Switzerland,St. Gallen,University of St. Gallen,Data Analytics,Master,2.0,1500,112.1,1600,140,1200,0.89,university of st gallen,university of st gallen,,,,,,,,,,,,,,,,,,,,,,,,,,,,,,,,Not Matched,International Education Costs Dataset,Unmatched,,,1500.0,112.1,1612.1,97.46,75.0,High Quality
France,Nice,University of Nice,Computer Science,Master,2.0,4100,76.5,1300,99,850,0.92,university of nice,university of nice,university of ni,94.11764705882352,1201-1400,1201-1400,University of Ni,Serbia,Europe,L,FC,HI,A,5.0,601+,5.5,601+,12.5,701+,2.4,701+,,,5.7,701+,49.0,701+,4.0,701+,1.0,701+,,university of ni,QS World University Rankings 2025,International Education Costs Dataset,High,1201.0,14.3,4100.0,76.5,4176.5,93.33,100.0,High Quality
France,Nice,University of Nice,Computer Science,Master,2.0,4100,76.5,1300,99,850,0.92,university of nice,university of nice,university of ni,94.11764705882352,1201-1400,1201-1400,University of Ni,Serbia,Europe,L,FC,HI,A,5.0,601+,5.5,601+,12.5,701+,2.4,701+,,,5.7,701+,49.0,701+,4.0,701+,1.0,701+,,university of ni,QS World University Rankings 2025,International Education Costs Dataset,High,1201.0,14.3,4100.0,76.5,4176.5,93.33,100.0,High Quality
Ireland,Maynooth,Maynooth University,Data Science,PhD,4.0,14900,70.1,950,150,750,0.92,maynooth university,maynooth university,maynooth university,100.0,801-850,801-850,Maynooth University,Ireland,Europe,M,FO,VH,A,10.4,601+,7.7,601+,9.2,701+,12.7,673,87.4,207,16.7,591,48.5,701+,9.2,701+,6.4,701+,,maynooth university,QS World University Rankings 2025,International Education Costs Dataset,Excellent,801.0,42.89,14900.0,70.1,14970.1,75.94,100.0,High Quality
USA,Denver,University of Denver,Data Analytics,Master,2.0,47000,69.8,1700,160,1500,1.0,university of denver,university of denver,university of denver,100.0,951-1000,901-950,University of Denver,United States,Americas,M,CO,VH,B,5.4,601+,7.4,601+,42.2,368,7.8,701+,7.7,701+,5.8,701+,32.7,701+,25.6,460,9.9,667=,,university of denver,QS World University Rankings 2025,International Education Costs Dataset,Excellent,951.0,32.17,47000.0,69.8,47069.8,24.22,100.0,High Quality
UK,Leeds,Leeds Beckett University,Computer Science,Bachelor,3.0,34000,63.2,900,485,800,0.79,leeds beckett university,leeds beckett university,leeds beckett university,100.0,1001-1200,1001-1200,Leeds Beckett University,United Kingdom,Europe,L,CO,HI,A,4.5,601+,5.9,601+,3.8,701+,7.5,701+,39.1,424,27.4,452,24.8,701+,8.5,701+,1.5,701+,,leeds beckett university,QS World University Rankings 2025,International Education Costs Dataset,Excellent,1001.0,28.59,34000.0,63.2,34063.2,45.17,100.0,High Quality
Switzerland,Bern,University of Bern,Data Science,Master,2.0,1500,110.4,1500,140,1200,0.89,university of bern,university of bern,university of bern,100.0,161,126,University of Bern,Switzerland,Europe,M,FO,VH,A,29.7,298,16.1,530,45.9,338,99.3,22,100.0,48,38.0,370,93.8,103,30.7,410,52.1,305=,51.2,university of bern,QS World University Rankings 2025,International Education Costs Dataset,Excellent,161.0,88.63,1500.0,110.4,1610.4,97.46,100.0,High Quality
Switzerland,Bern,University of Bern,Data Science,Master,2.0,1500,110.4,1500,140,1200,0.89,university of bern,university of bern,university of bern,100.0,161,126,University of Bern,Switzerland,Europe,M,FO,VH,A,29.7,298,16.1,530,45.9,338,99.3,22,100.0,48,38.0,370,93.8,103,30.7,410,52.1,305=,51.2,university of bern,QS World University Rankings 2025,International Education Costs Dataset,Excellent,161.0,88.63,1500.0,110.4,1610.4,97.46,100.0,High Quality
France,Lille,University of Lille,Data Analytics,PhD,4.0,4200,69.8,950,99,850,0.92,university of lille,university of lille,university of louisville,88.37209302325581,1001-1200,1001-1200,University of Louisville,United States,Americas,L,FC,HI,A,3.5,601+,3.2,601+,30.5,513,7.7,701+,24.8,539,3.2,701+,59.0,644,5.1,701+,2.4,701+,,university of louisville,QS World University Rankings 2025,International Education Costs Dataset,Medium,1001.0,28.59,4200.0,69.8,4269.8,93.18,100.0,High Quality
France,Lille,University of Lille,Data Analytics,PhD,4.0,4200,69.8,950,99,850,0.92,university of lille,university of lille,university of louisville,88.37209302325581,1001-1200,1001-1200,University of Louisville,United States,Americas,L,FC,HI,A,3.5,601+,3.2,601+,30.5,513,7.7,701+,24.8,539,3.2,701+,59.0,644,5.1,701+,2.4,701+,,university of louisville,QS World University Rankings 2025,International Education Costs Dataset,Medium,1001.0,28.59,4200.0,69.8,4269.8,93.18,100.0,High Quality
Ireland,Waterford,Waterford IT,Computer Science,Master,2.0,14500,68.9,900,150,750,0.92,waterford it,waterford it,,,,,,,,,,,,,,,,,,,,,,,,,,,,,,,,Not Matched,International Education Costs Dataset,Unmatched,,,14500.0,68.9,14568.9,76.58,75.0,High Quality
USA,Portland,Portland State University,Data Science,Master,2.0,45000,71.2,1600,160,1500,1.0,portland state university,portland state university,portland state university,100.0,1201-1400,1201-1400,Portland State University,United States,Americas,L,CO,VH,A,4.1,601+,1.7,601+,9.3,701+,9.2,701+,1.6,701+,6.1,701+,44.4,701+,9.7,701+,6.8,701+,,portland state university,QS World University Rankings 2025,International Education Costs Dataset,Excellent,1201.0,14.3,45000.0,71.2,45071.2,27.44,100.0,High Quality
UK,Bristol,UWE Bristol,Computer Science,Master,1.0,33000,68.9,1100,485,800,0.79,uwe bristol,uwe bristol,,,,,,,,,,,,,,,,,,,,,,,,,,,,,,,,Not Matched,International Education Costs Dataset,Unmatched,,,33000.0,68.9,33068.9,46.78,75.0,High Quality
Switzerland,Lugano,USI Lugano,Data Analytics,Master,2.0,1500,108.9,1400,140,1200,0.89,usi lugano,usi lugano,,,,,,,,,,,,,,,,,,,,,,,,,,,,,,,,Not Matched,International Education Costs Dataset,Unmatched,,,1500.0,108.9,1608.9,97.47,75.0,High Quality
France,Strasbourg,University of Strasbourg,Computer Science,Master,2.0,4000,70.2,1000,99,850,0.92,university of strasbourg,university of strasbourg,universit de strasbourg,89.36170212765957,456,421,Université de Strasbourg,France,Europe,XL,FC,VH,A,39.1,219,10.3,601+,5.1,701+,20.7,549,34.2,469,35.9,384,90.7,161,20.4,558,5.4,701+,26.3,universit de strasbourg,QS World University Rankings 2025,International Education Costs Dataset,Medium,456.0,67.55,4000.0,70.2,4070.2,93.5,100.0,High Quality
France,Strasbourg,University of Strasbourg,Computer Science,Master,2.0,4000,70.2,1000,99,850,0.92,university of strasbourg,university of strasbourg,universit de strasbourg,89.36170212765957,456,421,Université de Strasbourg,France,Europe,XL,FC,VH,A,39.1,219,10.3,601+,5.1,701+,20.7,549,34.2,469,35.9,384,90.7,161,20.4,558,5.4,701+,26.3,universit de strasbourg,QS World University Rankings 2025,International Education Costs Dataset,Medium,456.0,67.55,4000.0,70.2,4070.2,93.5,100.0,High Quality
France,Strasbourg,University of Strasbourg,Computer Science,Master,2.0,4000,70.2,1000,99,850,0.92,university of strasbourg,university of strasbourg,universit de strasbourg,89.36170212765957,456,421,Université de Strasbourg,France,Europe,XL,FC,VH,A,39.1,219,10.3,601+,5.1,701+,20.7,549,34.2,469,35.9,384,90.7,161,20.4,558,5.4,701+,26.3,universit de strasbourg,QS World University Rankings 2025,International Education Costs Dataset,Medium,456.0,67.55,4000.0,70.2,4070.2,93.5,100.0,High Quality
Ireland,Sligo,IT Sligo,Data Science,Bachelor,4.0,14000,67.5,850,150,750,0.92,it sligo,it sligo,,,,,,,,,,,,,,,,,,,,,,,,,,,,,,,,Not Matched,International Education Costs Dataset,Unmatched,,,14000.0,67.5,14067.5,77.39,75.0,High Quality
USA,Minneapolis,University of Minnesota,Computer Science,PhD,4.0,48000,72.3,1700,160,1500,1.0,university of minnesota,university of minnesota,university of minho,85.71428571428572,611-620,611-620,University of Minho,Portugal,Europe,L,FC,VH,A,15.6,565,7.1,601+,26.5,566,21.0,543,15.9,652,14.9,624,83.7,268,8.6,701+,52.1,305=,,university of minho,QS World University Rankings 2025,International Education Costs Dataset,Medium,611.0,56.47,48000.0,72.3,48072.3,22.6,100.0,High Quality
USA,Minneapolis,University of Minnesota,Computer Science,PhD,4.0,48000,72.3,1700,160,1500,1.0,university of minnesota,university of minnesota,university of minho,85.71428571428572,611-620,611-620,University of Minho,Portugal,Europe,L,FC,VH,A,15.6,565,7.1,601+,26.5,566,21.0,543,15.9,652,14.9,624,83.7,268,8.6,701+,52.1,305=,,university of minho,QS World University Rankings 2025,International Education Costs Dataset,Medium,611.0,56.47,48000.0,72.3,48072.3,22.6,100.0,High Quality
UK,Cardiff,Cardiff University,Data Analytics,Master,1.0,34000,64.5,950,485,800,0.79,cardiff university,cardiff university,cardiff university,100.0,186,154,Cardiff University,United Kingdom,Europe,L,FC,VH,A,46.8,171,43.2,213,36.1,441,30.0,437,82.8,229,67.7,219,92.3,132,18.9,584,96.0,46=,47.6,cardiff university,QS World University Rankings 2025,International Education Costs Dataset,Excellent,186.0,86.85,34000.0,64.5,34064.5,45.17,100.0,High Quality
UK,Cardiff,Cardiff University,Data Analytics,Master,1.0,34000,64.5,950,485,800,0.79,cardiff university,cardiff university,cardiff university,100.0,186,154,Cardiff University,United Kingdom,Europe,L,FC,VH,A,46.8,171,43.2,213,36.1,441,30.0,437,82.8,229,67.7,219,92.3,132,18.9,584,96.0,46=,47.6,cardiff university,QS World University Rankings 2025,International Education Costs Dataset,Excellent,186.0,86.85,34000.0,64.5,34064.5,45.17,100.0,High Quality
UK,Cardiff,Cardiff University,Data Analytics,Master,1.0,34000,64.5,950,485,800,0.79,cardiff university,cardiff university,cardiff university,100.0,186,154,Cardiff University,United Kingdom,Europe,L,FC,VH,A,46.8,171,43.2,213,36.1,441,30.0,437,82.8,229,67.7,219,92.3,132,18.9,584,96.0,46=,47.6,cardiff university,QS World University Rankings 2025,International Education Costs Dataset,Excellent,186.0,86.85,34000.0,64.5,34064.5,45.17,100.0,High Quality
Switzerland,Fribourg,University of Fribourg,Computer Science,Master,2.0,1500,107.8,1300,140,1200,0.89,university of fribourg,university of fribourg,university of maribor,88.37209302325581,901-950,851-900,University of Maribor,Slovenia,Europe,L,FC,HI,A,8.0,601+,6.6,601+,29.2,530,6.8,701+,1.8,701+,13.0,658,61.0,622,33.4,380,9.1,686=,,university of maribor,QS World University Rankings 2025,International Education Costs Dataset,Medium,901.0,35.74,1500.0,107.8,1607.8,97.47,100.0,High Quality
Switzerland,Fribourg,University of Fribourg,Computer Science,Master,2.0,1500,107.8,1300,140,1200,0.89,university of fribourg,university of fribourg,university of maribor,88.37209302325581,901-950,851-900,University of Maribor,Slovenia,Europe,L,FC,HI,A,8.0,601+,6.6,601+,29.2,530,6.8,701+,1.8,701+,13.0,658,61.0,622,33.4,380,9.1,686=,,university of maribor,QS World University Rankings 2025,International Education Costs Dataset,Medium,901.0,35.74,1500.0,107.8,1607.8,97.47,100.0,High Quality
France,Grenoble,Grenoble INP,Data Science,Master,2.0,4100,71.5,1100,99,850,0.92,grenoble inp,grenoble inp,,,,,,,,,,,,,,,,,,,,,,,,,,,,,,,,Not Matched,International Education Costs Dataset,Unmatched,,,4100.0,71.5,4171.5,93.34,75.0,High Quality
France,Grenoble,Grenoble INP,Data Science,Master,2.0,4100,71.5,1100,99,850,0.92,grenoble inp,grenoble inp,,,,,,,,,,,,,,,,,,,,,,,,,,,,,,,,Not Matched,International Education Costs Dataset,Unmatched,,,4100.0,71.5,4171.5,93.34,75.0,High Quality
Ireland,Athlone,Athlone IT,Data Analytics,Master,2.0,13800,66.7,800,150,750,0.92,athlone it,athlone it,,,,,,,,,,,,,,,,,,,,,,,,,,,,,,,,Not Matched,International Education Costs Dataset,Unmatched,,,13800.0,66.7,13866.7,77.72,75.0,High Quality
Norway,Oslo,University of Oslo,Computer Science,Master,2.0,0,83.2,1400,275,700,10.45,university of oslo,university of oslo,university of oslo,100.0,119,117,University of Oslo,Norway,Europe,L,FC,VH,A,55.6,139,16.0,534,73.8,175,55.7,225,91.6,180,31.7,416,97.3,35,80.9,121,72.1,208=,56.1,university of oslo,QS World University Rankings 2025,International Education Costs Dataset,Excellent,119.0,91.64,0.0,83.2,83.2,99.93,100.0,High Quality
Norway,Oslo,University of Oslo,Computer Science,Master,2.0,0,83.2,1400,275,700,10.45,university of oslo,university of oslo,university of oslo,100.0,119,117,University of Oslo,Norway,Europe,L,FC,VH,A,55.6,139,16.0,534,73.8,175,55.7,225,91.6,180,31.7,416,97.3,35,80.9,121,72.1,208=,56.1,university of oslo,QS World University Rankings 2025,International Education Costs Dataset,Excellent,119.0,91.64,0.0,83.2,83.2,99.93,100.0,High Quality
Finland,Helsinki,University of Helsinki,Data Science,Master,2.0,0,79.4,1200,350,650,0.92,university of helsinki,university of helsinki,university of helsinki,100.0,117,115,University of Helsinki,Finland,Europe,L,CO,VH,A,62.3,110,29.1,324,59.4,246,49.6,267,73.4,272,5.7,701+,96.9,43,90.5,74,94.5,60,56.8,university of helsinki,QS World University Rankings 2025,International Education Costs Dataset,Excellent,117.0,91.78,0.0,79.4,79.4,99.93,100.0,High Quality
Finland,Helsinki,University of Helsinki,Data Science,Master,2.0,0,79.4,1200,350,650,0.92,university of helsinki,university of helsinki,university of helsinki,100.0,117,115,University of Helsinki,Finland,Europe,L,CO,VH,A,62.3,110,29.1,324,59.4,246,49.6,267,73.4,272,5.7,701+,96.9,43,90.5,74,94.5,60,56.8,university of helsinki,QS World University Rankings 2025,International Education Costs Dataset,Excellent,117.0,91.78,0.0,79.4,79.4,99.93,100.0,High Quality
Germany,Berlin,Technical University Berlin,Mechanical Engineering,Master,2.0,0,68.9,1100,110,900,0.92,technical university berlin,technical university berlin,georgian technical university,89.28571428571429,901-950,1401+,Georgian Technical University,Georgia,Asia,L,FO,MD,A,7.1,601+,6.6,601+,1.0,701+,46.9,291,,,,,5.4,701+,25.9,457,1.0,701+,,georgian technical university,QS World University Rankings 2025,International Education Costs Dataset,Medium,901.0,35.74,0.0,68.9,68.9,99.95,100.0,High Quality
Denmark,Copenhagen,University of Copenhagen,Physics,PhD,4.0,0,82.1,1500,450,800,7.45,university of copenhagen,university of copenhagen,university of copenhagen,100.0,100,107,University of Copenhagen,Denmark,Europe,XL,FC,VH,A,74.0,83,31.6,299,99.8,27,23.1,519,84.9,221,15.6,613,98.2,22,90.8,72,73.2,198=,59.6,university of copenhagen,QS World University Rankings 2025,International Education Costs Dataset,Excellent,100.0,92.99,0.0,82.1,82.1,99.93,100.0,High Quality
Denmark,Copenhagen,University of Copenhagen,Physics,PhD,4.0,0,82.1,1500,450,800,7.45,university of copenhagen,university of copenhagen,university of copenhagen,100.0,100,107,University of Copenhagen,Denmark,Europe,XL,FC,VH,A,74.0,83,31.6,299,99.8,27,23.1,519,84.9,221,15.6,613,98.2,22,90.8,72,73.2,198=,59.6,university of copenhagen,QS World University Rankings 2025,International Education Costs Dataset,Excellent,100.0,92.99,0.0,82.1,82.1,99.93,100.0,High Quality
Denmark,Copenhagen,University of Copenhagen,Physics,PhD,4.0,0,82.1,1500,450,800,7.45,university of copenhagen,university of copenhagen,university of copenhagen,100.0,100,107,University of Copenhagen,Denmark,Europe,XL,FC,VH,A,74.0,83,31.6,299,99.8,27,23.1,519,84.9,221,15.6,613,98.2,22,90.8,72,73.2,198=,59.6,university of copenhagen,QS World University Rankings 2025,International Education Costs Dataset,Excellent,100.0,92.99,0.0,82.1,82.1,99.93,100.0,High Quality
Denmark,Copenhagen,University of Copenhagen,Physics,PhD,4.0,0,82.1,1500,450,800,7.45,university of copenhagen,university of copenhagen,university of copenhagen,100.0,100,107,University of Copenhagen,Denmark,Europe,XL,FC,VH,A,74.0,83,31.6,299,99.8,27,23.1,519,84.9,221,15.6,613,98.2,22,90.8,72,73.2,198=,59.6,university of copenhagen,QS World University Rankings 2025,International Education Costs Dataset,Excellent,100.0,92.99,0.0,82.1,82.1,99.93,100.0,High Quality
Norway,Trondheim,NTNU,Robotics,Master,2.0,0,75.6,1100,275,700,10.45,ntnu,ntnu,,,,,,,,,,,,,,,,,,,,,,,,,,,,,,,,Not Matched,International Education Costs Dataset,Unmatched,,,0.0,75.6,75.6,99.94,75.0,High Quality
Finland,Espoo,Aalto University,Computer Engineering,Bachelor,3.0,0,77.8,1000,350,650,0.92,aalto university,aalto university,aalto university,100.0,113,109,Aalto University,Finland,Europe,L,FO,VH,A,45.7,180,40.6,231,33.2,476,73.6,141,95.2,146,40.1,354,78.2,355,95.1,52,94.7,59,57.9,aalto university,QS World University Rankings 2025,International Education Costs Dataset,Excellent,113.0,92.07,0.0,77.8,77.8,99.93,100.0,High Quality
Germany,Munich,LMU Munich,Mathematics,PhD,4.0,0,71.5,1300,110,900,0.92,lmu munich,lmu munich,,,,,,,,,,,,,,,,,,,,,,,,,,,,,,,,Not Matched,International Education Costs Dataset,Unmatched,,,0.0,71.5,71.5,99.94,75.0,High Quality
Denmark,Aarhus,Aarhus University,Data Analytics,Master,2.0,0,76.5,1200,450,800,7.45,aarhus university,aarhus university,aarhus university,100.0,144,143,Aarhus University,Denmark,Europe,L,FC,VH,A,54.7,144,27.6,349,30.8,509,63.8,177,89.8,192,11.9,682,96.1,54,69.5,162,76.4,176=,53.3,aarhus university,QS World University Rankings 2025,International Education Costs Dataset,Excellent,144.0,89.85,0.0,76.5,76.5,99.94,100.0,High Quality
Denmark,Aarhus,Aarhus University,Data Analytics,Master,2.0,0,76.5,1200,450,800,7.45,aarhus university,aarhus university,aarhus university,100.0,144,143,Aarhus University,Denmark,Europe,L,FC,VH,A,54.7,144,27.6,349,30.8,509,63.8,177,89.8,192,11.9,682,96.1,54,69.5,162,76.4,176=,53.3,aarhus university,QS World University Rankings 2025,International Education Costs Dataset,Excellent,144.0,89.85,0.0,76.5,76.5,99.94,100.0,High Quality
Denmark,Aarhus,Aarhus University,Data Analytics,Master,2.0,0,76.5,1200,450,800,7.45,aarhus university,aarhus university,aarhus university,100.0,144,143,Aarhus University,Denmark,Europe,L,FC,VH,A,54.7,144,27.6,349,30.8,509,63.8,177,89.8,192,11.9,682,96.1,54,69.5,162,76.4,176=,53.3,aarhus university,QS World University Rankings 2025,International Education Costs Dataset,Excellent,144.0,89.85,0.0,76.5,76.5,99.94,100.0,High Quality
Norway,Bergen,University of Bergen,Artificial Intelligence,Master,2.0,0,74.3,1200,275,700,10.45,university of bergen,university of bergen,university of bergen,100.0,291,281,University of Bergen,Norway,Europe,L,FC,VH,A,31.6,280,8.3,601+,64.9,205,28.3,460,93.3,167,16.9,589,90.7,160,63.9,184,33.6,416=,37.1,university of bergen,QS World University Rankings 2025,International Education Costs Dataset,Excellent,291.0,79.34,0.0,74.3,74.3,99.94,100.0,High Quality
Finland,Tampere,Tampere University,Software Engineering,Master,2.0,0,72.1,900,350,650,0.92,tampere university,tampere university,tampere university,100.0,462,436,Tampere University,Finland,Europe,L,FC,VH,A,21.7,407,15.4,548,20.4,662,33.1,400,44.5,398,5.9,701+,84.8,251,30.8,409,23.0,508,26.0,tampere university,QS World University Rankings 2025,International Education Costs Dataset,Excellent,462.0,67.12,0.0,72.1,72.1,99.94,100.0,High Quality
Germany,Dresden,TU Dresden,Computer Science,Bachelor,3.0,0,65.4,900,110,900,0.92,tu dresden,tu dresden,,,,,,,,,,,,,,,,,,,,,,,,,,,,,,,,Not Matched,International Education Costs Dataset,Unmatched,,,0.0,65.4,65.4,99.95,75.0,High Quality
Germany,Dresden,TU Dresden,Computer Science,Bachelor,3.0,0,65.4,900,110,900,0.92,tu dresden,tu dresden,,,,,,,,,,,,,,,,,,,,,,,,,,,,,,,,Not Matched,International Education Costs Dataset,Unmatched,,,0.0,65.4,65.4,99.95,75.0,High Quality
Germany,Dresden,TU Dresden,Computer Science,Bachelor,3.0,0,65.4,900,110,900,0.92,tu dresden,tu dresden,,,,,,,,,,,,,,,,,,,,,,,,,,,,,,,,Not Matched,International Education Costs Dataset,Unmatched,,,0.0,65.4,65.4,99.95,75.0,High Quality
Denmark,Odense,University of Southern Denmark,Biotechnology,Master,2.0,0,73.2,1100,450,800,7.45,university of southern denmark,university of southern denmark,university of southern denmark sdu,93.75,324,326,University of Southern Denmark (SDU),Denmark,Europe,L,CO,VH,A,20.2,440,15.9,538,22.3,631,49.3,270,85.5,217,24.1,491,81.1,309,21.3,540,73.2,198=,34.1,university of southern denmark sdu,QS World University Rankings 2025,International Education Costs Dataset,High,324.0,76.98,0.0,73.2,73.2,99.94,100.0,High Quality
Denmark,Odense,University of Southern Denmark,Biotechnology,Master,2.0,0,73.2,1100,450,800,7.45,university of southern denmark,university of southern denmark,university of southern denmark sdu,93.75,324,326,University of Southern Denmark (SDU),Denmark,Europe,L,CO,VH,A,20.2,440,15.9,538,22.3,631,49.3,270,85.5,217,24.1,491,81.1,309,21.3,540,73.2,198=,34.1,university of southern denmark sdu,QS World University Rankings 2025,International Education Costs Dataset,High,324.0,76.98,0.0,73.2,73.2,99.94,100.0,High Quality
Denmark,Odense,University of Southern Denmark,Biotechnology,Master,2.0,0,73.2,1100,450,800,7.45,university of southern denmark,university of southern denmark,university of southern denmark sdu,93.75,324,326,University of Southern Denmark (SDU),Denmark,Europe,L,CO,VH,A,20.2,440,15.9,538,22.3,631,49.3,270,85.5,217,24.1,491,81.1,309,21.3,540,73.2,198=,34.1,university of southern denmark sdu,QS World University Rankings 2025,International Education Costs Dataset,High,324.0,76.98,0.0,73.2,73.2,99.94,100.0,High Quality
Norway,Tromsø,UiT Arctic University,Marine Technology,PhD,4.0,0,71.2,1000,275,700,10.45,uit arctic university,uit arctic university,,,,,,,,,,,,,,,,,,,,,,,,,,,,,,,,Not Matched,International Education Costs Dataset,Unmatched,,,0.0,71.2,71.2,99.94,75.0,High Quality
Finland,Turku,University of Turku,Bioinformatics,Master,2.0,0,71.8,850,350,650,0.92,university of turku,university of turku,university of turku,100.0,375,315,University of Turku,Finland,Europe,L,FC,VH,A,27.8,317,12.1,601+,52.3,291,29.3,442,33.2,477,4.4,701+,86.3,229,39.9,321,52.5,302=,31.2,university of turku,QS World University Rankings 2025,International Education Costs Dataset,Excellent,375.0,73.34,0.0,71.8,71.8,99.94,100.0,High Quality
Germany,Hamburg,TU Hamburg,Electrical Engineering,Master,2.0,0,69.8,1200,110,900,0.92,tu hamburg,tu hamburg,,,,,,,,,,,,,,,,,,,,,,,,,,,,,,,,Not Matched,International Education Costs Dataset,Unmatched,,,0.0,69.8,69.8,99.95,75.0,High Quality
Germany,Hamburg,TU Hamburg,Electrical Engineering,Master,2.0,0,69.8,1200,110,900,0.92,tu hamburg,tu hamburg,,,,,,,,,,,,,,,,,,,,,,,,,,,,,,,,Not Matched,International Education Costs Dataset,Unmatched,,,0.0,69.8,69.8,99.95,75.0,High Quality
Denmark,Aalborg,Aalborg University,Energy Engineering,Bachelor,3.0,0,71.5,1000,450,800,7.45,aalborg university,aalborg university,aalborg university,100.0,306,336,Aalborg University,Denmark,Europe,L,FC,VH,A,19.9,450,20.8,439,25.5,580,53.2,241,77.3,250,14.9,627,92.1,134,23.3,486,75.6,183,35.7,aalborg university,QS World University Rankings 2025,International Education Costs Dataset,Excellent,306.0,78.27,0.0,71.5,71.5,99.94,100.0,High Quality
Denmark,Aalborg,Aalborg University,Energy Engineering,Bachelor,3.0,0,71.5,1000,450,800,7.45,aalborg university,aalborg university,aalborg university,100.0,306,336,Aalborg University,Denmark,Europe,L,FC,VH,A,19.9,450,20.8,439,25.5,580,53.2,241,77.3,250,14.9,627,92.1,134,23.3,486,75.6,183,35.7,aalborg university,QS World University Rankings 2025,International Education Costs Dataset,Excellent,306.0,78.27,0.0,71.5,71.5,99.94,100.0,High Quality
Denmark,Aalborg,Aalborg University,Energy Engineering,Bachelor,3.0,0,71.5,1000,450,800,7.45,aalborg university,aalborg university,aalborg university,100.0,306,336,Aalborg University,Denmark,Europe,L,FC,VH,A,19.9,450,20.8,439,25.5,580,53.2,241,77.3,250,14.9,627,92.1,134,23.3,486,75.6,183,35.7,aalborg university,QS World University Rankings 2025,International Education Costs Dataset,Excellent,306.0,78.27,0.0,71.5,71.5,99.94,100.0,High Quality
Norway,Stavanger,University of Stavanger,Petroleum Engineering,Master,2.0,0,72.4,1100,275,700,10.45,university of stavanger,university of stavanger,university of stavanger,100.0,801-850,1401+,University of Stavanger,Norway,Europe,M,CO,VH,,7.1,601+,5.8,601+,84.6,108,5.0,701+,,,,,69.6,489,10.0,701+,5.1,701+,,university of stavanger,QS World University Rankings 2025,International Education Costs Dataset,Excellent,801.0,42.89,0.0,72.4,72.4,99.94,100.0,High Quality
Finland,Oulu,University of Oulu,Computer Science,PhD,4.0,0,70.2,800,350,650,0.92,university of oulu,university of oulu,university of oulu,100.0,344,313,University of Oulu,Finland,Europe,M,FC,VH,A,15.1,582,13.5,600,25.3,587,59.4,207,65.3,300,8.6,701+,89.4,175,21.7,528,68.6,226,32.9,university of oulu,QS World University Rankings 2025,International Education Costs Dataset,Excellent,344.0,75.55,0.0,70.2,70.2,99.95,100.0,High Quality
Germany,Stuttgart,University of Stuttgart,Aerospace Engineering,Master,2.0,0,68.7,1100,110,900,0.92,university of stuttgart,university of stuttgart,universit t stuttgart,86.36363636363636,314,312,Universität Stuttgart,Germany,Europe,L,FO,VH,A,23.1,386,33.0,286,6.8,701+,55.2,228,36.0,442,46.8,314,70.4,479,21.7,527,65.3,239=,34.9,universit t stuttgart,QS World University Rankings 2025,International Education Costs Dataset,Medium,314.0,77.7,0.0,68.7,68.7,99.95,100.0,High Quality
Germany,Stuttgart,University of Stuttgart,Aerospace Engineering,Master,2.0,0,68.7,1100,110,900,0.92,university of stuttgart,university of stuttgart,universit t stuttgart,86.36363636363636,314,312,Universität Stuttgart,Germany,Europe,L,FO,VH,A,23.1,386,33.0,286,6.8,701+,55.2,228,36.0,442,46.8,314,70.4,479,21.7,527,65.3,239=,34.9,universit t stuttgart,QS World University Rankings 2025,International Education Costs Dataset,Medium,314.0,77.7,0.0,68.7,68.7,99.95,100.0,High Quality
Germany,Stuttgart,University of Stuttgart,Aerospace Engineering,Master,2.0,0,68.7,1100,110,900,0.92,university of stuttgart,university of stuttgart,universit t stuttgart,86.36363636363636,314,312,Universität Stuttgart,Germany,Europe,L,FO,VH,A,23.1,386,33.0,286,6.8,701+,55.2,228,36.0,442,46.8,314,70.4,479,21.7,527,65.3,239=,34.9,universit t stuttgart,QS World University Rankings 2025,International Education Costs Dataset,Medium,314.0,77.7,0.0,68.7,68.7,99.95,100.0,High Quality
Denmark,Roskilde,Roskilde University,Environmental Science,Master,2.0,0,70.8,1000,450,800,7.45,roskilde university,roskilde university,,,,,,,,,,,,,,,,,,,,,,,,,,,,,,,,Not Matched,International Education Costs Dataset,Unmatched,,,0.0,70.8,70.8,99.95,75.0,High Quality
Norway,Ås,Norwegian University of Life Sciences,Biotechnology,Master,2.0,0,70.5,900,275,700,10.45,norwegian university of life sciences,norwegian university of life sciences,norwegian university of life sciences umb,94.87179487179486,691-700,1201-1400,Norwegian University of Life Sciences (UMB),Norway,Europe,M,FO,VH,,5.8,601+,4.3,601+,100.0,14,8.5,701+,,,,,74.7,414,18.6,592,9.9,667=,,norwegian university of life sciences umb,QS World University Rankings 2025,International Education Costs Dataset,High,691.0,50.75,0.0,70.5,70.5,99.95,100.0,High Quality
Finland,Vaasa,University of Vaasa,Industrial Management,Master,2.0,0,69.8,800,350,650,0.92,university of vaasa,university of vaasa,university of warsaw,87.17948717948718,258,262,University of Warsaw,Poland,Europe,XL,CO,VH,A,50.0,163,53.6,158,46.4,330,5.5,701+,10.5,701+,8.4,701+,84.1,262,60.0,203,69.8,222,39.8,university of warsaw,QS World University Rankings 2025,International Education Costs Dataset,Medium,258.0,81.7,0.0,69.8,69.8,99.95,100.0,High Quality
Germany,Karlsruhe,KIT,Mechatronics,PhD,4.0,0,67.9,1000,110,900,0.92,kit,kit,,,,,,,,,,,,,,,,,,,,,,,,,,,,,,,,Not Matched,International Education Costs Dataset,Unmatched,,,0.0,67.9,67.9,99.95,75.0,High Quality
Germany,Karlsruhe,KIT,Mechatronics,PhD,4.0,0,67.9,1000,110,900,0.92,kit,kit,,,,,,,,,,,,,,,,,,,,,,,,,,,,,,,,Not Matched,International Education Costs Dataset,Unmatched,,,0.0,67.9,67.9,99.95,75.0,High Quality
Denmark,Lyngby,Technical University of Denmark,Quantum Engineering,Master,2.0,0,81.2,1400,450,800,7.45,technical university of denmark,technical university of denmark,technical university of denmark,100.0,109,121,Technical University of Denmark,Denmark,Europe,M,FO,VH,A,33.2,265,22.1,421,99.1,34,84.4,98,100.0,55,87.7,135,88.1,194,43.6,293,47.9,328,58.3,technical university of denmark,QS World University Rankings 2025,International Education Costs Dataset,Excellent,109.0,92.35,0.0,81.2,81.2,99.93,100.0,High Quality
Norway,Bodø,Nord University,Marine Biology,Bachelor,3.0,0,69.4,850,275,700,10.45,nord university,nord university,stanford university,88.23529411764706,6,5,Stanford University,United States,Americas,L,FC,VH,B,100.0,5,100.0,3,100.0,12,99.0,27,70.3,284,60.8,244,96.8,45,100.0,2,81.2,148=,96.1,stanford university,QS World University Rankings 2025,International Education Costs Dataset,Medium,6.0,99.71,0.0,69.4,69.4,99.95,100.0,High Quality
Finland,Jyväskylä,University of Jyväskylä,Data Science,Master,2.0,0,68.7,750,350,650,0.92,university of jyv skyl,university of jyv skyl,university of jyv skyl,100.0,489,446,University of Jyväskylä,Finland,Europe,M,FO,VH,A,16.2,548,11.4,601+,87.7,96,12.1,687,44.0,400,2.6,701+,81.2,303,10.4,701+,16.3,570=,24.5,university of jyv skyl,QS World University Rankings 2025,International Education Costs Dataset,Excellent,489.0,65.19,0.0,68.7,68.7,99.95,100.0,High Quality
Germany,Darmstadt,TU Darmstadt,Computer Engineering,Master,2.0,0,66.8,950,110,900,0.92,tu darmstadt,tu darmstadt,,,,,,,,,,,,,,,,,,,,,,,,,,,,,,,,Not Matched,International Education Costs Dataset,Unmatched,,,0.0,66.8,66.8,99.95,75.0,High Quality
Germany,Darmstadt,TU Darmstadt,Computer Engineering,Master,2.0,0,66.8,950,110,900,0.92,tu darmstadt,tu darmstadt,,,,,,,,,,,,,,,,,,,,,,,,,,,,,,,,Not Matched,International Education Costs Dataset,Unmatched,,,0.0,66.8,66.8,99.95,75.0,High Quality
Denmark,Kolding,University of Southern Denmark,Software Engineering,PhD,4.0,0,69.5,900,450,800,7.45,university of southern denmark,university of southern denmark,university of southern denmark sdu,93.75,324,326,University of Southern Denmark (SDU),Denmark,Europe,L,CO,VH,A,20.2,440,15.9,538,22.3,631,49.3,270,85.5,217,24.1,491,81.1,309,21.3,540,73.2,198=,34.1,university of southern denmark sdu,QS World University Rankings 2025,International Education Costs Dataset,High,324.0,76.98,0.0,69.5,69.5,99.95,100.0,High Quality
Denmark,Kolding,University of Southern Denmark,Software Engineering,PhD,4.0,0,69.5,900,450,800,7.45,university of southern denmark,university of southern denmark,university of southern denmark sdu,93.75,324,326,University of Southern Denmark (SDU),Denmark,Europe,L,CO,VH,A,20.2,440,15.9,538,22.3,631,49.3,270,85.5,217,24.1,491,81.1,309,21.3,540,73.2,198=,34.1,university of southern denmark sdu,QS World University Rankings 2025,International Education Costs Dataset,High,324.0,76.98,0.0,69.5,69.5,99.95,100.0,High Quality
Denmark,Kolding,University of Southern Denmark,Software Engineering,PhD,4.0,0,69.5,900,450,800,7.45,university of southern denmark,university of southern denmark,university of southern denmark sdu,93.75,324,326,University of Southern Denmark (SDU),Denmark,Europe,L,CO,VH,A,20.2,440,15.9,538,22.3,631,49.3,270,85.5,217,24.1,491,81.1,309,21.3,540,73.2,198=,34.1,university of southern denmark sdu,QS World University Rankings 2025,International Education Costs Dataset,High,324.0,76.98,0.0,69.5,69.5,99.95,100.0,High Quality
Norway,Gjøvik,NTNU Gjøvik,Information Security,Master,2.0,0,68.9,800,275,700,10.45,ntnu gj vik,ntnu gj vik,,,,,,,,,,,,,,,,,,,,,,,,,,,,,,,,Not Matched,International Education Costs Dataset,Unmatched,,,0.0,68.9,68.9,99.95,75.0,High Quality
Finland,Lappeenranta,LUT University,Industrial Engineering,Master,2.0,0,67.5,700,350,650,0.92,lut university,lut university,lund university,89.65517241379311,75,85,Lund University,Sweden,Europe,L,FC,VH,A,68.3,96,52.5,160,55.5,271,44.6,309,97.4,124,73.4,198,96.7,48,86.5,95,99.6,8,65.6,lund university,QS World University Rankings 2025,International Education Costs Dataset,Medium,75.0,94.78,0.0,67.5,67.5,99.95,100.0,High Quality
Germany,Bremen,University of Bremen,Robotics,Master,2.0,0,66.5,900,110,900,0.92,university of bremen,university of bremen,university of aberdeen,90.47619047619048,236,208,University of Aberdeen,United Kingdom,Europe,L,FC,VH,A,30.5,292,28.8,330,32.7,482,32.0,412,94.5,154,92.6,103,88.5,190,22.2,519,96.5,37=,42.3,university of aberdeen,QS World University Rankings 2025,International Education Costs Dataset,High,236.0,83.27,0.0,66.5,66.5,99.95,100.0,High Quality
Denmark,Esbjerg,University of Southern Denmark,Environmental Engineering,Master,2.0,0,68.4,850,450,800,7.45,university of southern denmark,university of southern denmark,university of southern denmark sdu,93.75,324,326,University of Southern Denmark (SDU),Denmark,Europe,L,CO,VH,A,20.2,440,15.9,538,22.3,631,49.3,270,85.5,217,24.1,491,81.1,309,21.3,540,73.2,198=,34.1,university of southern denmark sdu,QS World University Rankings 2025,International Education Costs Dataset,High,324.0,76.98,0.0,68.4,68.4,99.95,100.0,High Quality
Denmark,Esbjerg,University of Southern Denmark,Environmental Engineering,Master,2.0,0,68.4,850,450,800,7.45,university of southern denmark,university of southern denmark,university of southern denmark sdu,93.75,324,326,University of Southern Denmark (SDU),Denmark,Europe,L,CO,VH,A,20.2,440,15.9,538,22.3,631,49.3,270,85.5,217,24.1,491,81.1,309,21.3,540,73.2,198=,34.1,university of southern denmark sdu,QS World University Rankings 2025,International Education Costs Dataset,High,324.0,76.98,0.0,68.4,68.4,99.95,100.0,High Quality
Denmark,Esbjerg,University of Southern Denmark,Environmental Engineering,Master,2.0,0,68.4,850,450,800,7.45,university of southern denmark,university of southern denmark,university of southern denmark sdu,93.75,324,326,University of Southern Denmark (SDU),Denmark,Europe,L,CO,VH,A,20.2,440,15.9,538,22.3,631,49.3,270,85.5,217,24.1,491,81.1,309,21.3,540,73.2,198=,34.1,university of southern denmark sdu,QS World University Rankings 2025,International Education Costs Dataset,High,324.0,76.98,0.0,68.4,68.4,99.95,100.0,High Quality
Norway,Kristiansand,University of Agder,Renewable Energy,PhD,4.0,0,67.8,850,275,700,10.45,university of agder,university of agder,university of derby,89.47368421052632,1001-1200,1001-1200,University of Derby,United Kingdom,Europe,L,CO,HI,A,4.8,601+,4.8,601+,10.7,701+,5.1,701+,29.1,501,45.5,322,45.7,701+,2.1,701+,2.4,701+,,university of derby,QS World University Rankings 2025,International Education Costs Dataset,Medium,1001.0,28.59,0.0,67.8,67.8,99.95,100.0,High Quality
Finland,Kuopio,University of Eastern Finland,Environmental Science,Bachelor,3.0,0,66.9,700,350,650,0.92,university of eastern finland,university of eastern finland,university of eastern finland,100.0,535,548,University of Eastern Finland,Finland,Europe,L,CO,VH,A,13.8,601+,7.6,601+,43.7,357,18.4,576,37.4,431,5.2,701+,86.4,224,4.2,701+,78.6,164=,22.9,university of eastern finland,QS World University Rankings 2025,International Education Costs Dataset,Excellent,535.0,61.9,0.0,66.9,66.9,99.95,100.0,High Quality
Finland,Kuopio,University of Eastern Finland,Environmental Science,Bachelor,3.0,0,66.9,700,350,650,0.92,university of eastern finland,university of eastern finland,university of eastern finland,100.0,535,548,University of Eastern Finland,Finland,Europe,L,CO,VH,A,13.8,601+,7.6,601+,43.7,357,18.4,576,37.4,431,5.2,701+,86.4,224,4.2,701+,78.6,164=,22.9,university of eastern finland,QS World University Rankings 2025,International Education Costs Dataset,Excellent,535.0,61.9,0.0,66.9,66.9,99.95,100.0,High Quality
Germany,Aachen,RWTH Aachen,Materials Science,Master,2.0,0,68.9,1000,110,900,0.92,rwth aachen,rwth aachen,,,,,,,,,,,,,,,,,,,,,,,,,,,,,,,,Not Matched,International Education Costs Dataset,Unmatched,,,0.0,68.9,68.9,99.95,75.0,High Quality
Germany,Aachen,RWTH Aachen,Materials Science,Master,2.0,0,68.9,1000,110,900,0.92,rwth aachen,rwth aachen,,,,,,,,,,,,,,,,,,,,,,,,,,,,,,,,Not Matched,International Education Costs Dataset,Unmatched,,,0.0,68.9,68.9,99.95,75.0,High Quality
Germany,Aachen,RWTH Aachen,Materials Science,Master,2.0,0,68.9,1000,110,900,0.92,rwth aachen,rwth aachen,,,,,,,,,,,,,,,,,,,,,,,,,,,,,,,,Not Matched,International Education Costs Dataset,Unmatched,,,0.0,68.9,68.9,99.95,75.0,High Quality
Denmark,Slagelse,University of Copenhagen,Bioinformatics,Master,2.0,0,67.5,900,450,800,7.45,university of copenhagen,university of copenhagen,university of copenhagen,100.0,100,107,University of Copenhagen,Denmark,Europe,XL,FC,VH,A,74.0,83,31.6,299,99.8,27,23.1,519,84.9,221,15.6,613,98.2,22,90.8,72,73.2,198=,59.6,university of copenhagen,QS World University Rankings 2025,International Education Costs Dataset,Excellent,100.0,92.99,0.0,67.5,67.5,99.95,100.0,High Quality
Denmark,Slagelse,University of Copenhagen,Bioinformatics,Master,2.0,0,67.5,900,450,800,7.45,university of copenhagen,university of copenhagen,university of copenhagen,100.0,100,107,University of Copenhagen,Denmark,Europe,XL,FC,VH,A,74.0,83,31.6,299,99.8,27,23.1,519,84.9,221,15.6,613,98.2,22,90.8,72,73.2,198=,59.6,university of copenhagen,QS World University Rankings 2025,International Education Costs Dataset,Excellent,100.0,92.99,0.0,67.5,67.5,99.95,100.0,High Quality
Denmark,Slagelse,University of Copenhagen,Bioinformatics,Master,2.0,0,67.5,900,450,800,7.45,university of copenhagen,university of copenhagen,university of copenhagen,100.0,100,107,University of Copenhagen,Denmark,Europe,XL,FC,VH,A,74.0,83,31.6,299,99.8,27,23.1,519,84.9,221,15.6,613,98.2,22,90.8,72,73.2,198=,59.6,university of copenhagen,QS World University Rankings 2025,International Education Costs Dataset,Excellent,100.0,92.99,0.0,67.5,67.5,99.95,100.0,High Quality
Denmark,Slagelse,University of Copenhagen,Bioinformatics,Master,2.0,0,67.5,900,450,800,7.45,university of copenhagen,university of copenhagen,university of copenhagen,100.0,100,107,University of Copenhagen,Denmark,Europe,XL,FC,VH,A,74.0,83,31.6,299,99.8,27,23.1,519,84.9,221,15.6,613,98.2,22,90.8,72,73.2,198=,59.6,university of copenhagen,QS World University Rankings 2025,International Education Costs Dataset,Excellent,100.0,92.99,0.0,67.5,67.5,99.95,100.0,High Quality
Norway,Horten,University of South-Eastern Norway,Systems Engineering,Master,2.0,0,66.7,800,275,700,10.45,university of south eastern norway,university of south eastern norway,,,,,,,,,,,,,,,,,,,,,,,,,,,,,,,,Not Matched,International Education Costs Dataset,Unmatched,,,0.0,66.7,66.7,99.95,75.0,High Quality
Finland,Joensuu,University of Eastern Finland,Forestry Sciences,PhD,4.0,0,65.8,650,350,650,0.92,university of eastern finland,university of eastern finland,university of eastern finland,100.0,535,548,University of Eastern Finland,Finland,Europe,L,CO,VH,A,13.8,601+,7.6,601+,43.7,357,18.4,576,37.4,431,5.2,701+,86.4,224,4.2,701+,78.6,164=,22.9,university of eastern finland,QS World University Rankings 2025,International Education Costs Dataset,Excellent,535.0,61.9,0.0,65.8,65.8,99.95,100.0,High Quality
Finland,Joensuu,University of Eastern Finland,Forestry Sciences,PhD,4.0,0,65.8,650,350,650,0.92,university of eastern finland,university of eastern finland,university of eastern finland,100.0,535,548,University of Eastern Finland,Finland,Europe,L,CO,VH,A,13.8,601+,7.6,601+,43.7,357,18.4,576,37.4,431,5.2,701+,86.4,224,4.2,701+,78.6,164=,22.9,university of eastern finland,QS World University Rankings 2025,International Education Costs Dataset,Excellent,535.0,61.9,0.0,65.8,65.8,99.95,100.0,High Quality
Germany,Jena,University of Jena,Photonics,Master,2.0,0,65.4,850,110,900,0.92,university of jena,university of jena,university of genoa,91.89189189189187,547,530,University of Genoa,Italy,Europe,L,FC,VH,A,18.8,479,4.9,601+,12.7,701+,43.7,314,5.4,701+,9.2,701+,81.2,304,10.5,701+,39.5,371=,22.6,university of genoa,QS World University Rankings 2025,International Education Costs Dataset,High,547.0,61.04,0.0,65.4,65.4,99.95,100.0,High Quality
Germany,Jena,University of Jena,Photonics,Master,2.0,0,65.4,850,110,900,0.92,university of jena,university of jena,university of genoa,91.89189189189187,547,530,University of Genoa,Italy,Europe,L,FC,VH,A,18.8,479,4.9,601+,12.7,701+,43.7,314,5.4,701+,9.2,701+,81.2,304,10.5,701+,39.5,371=,22.6,university of genoa,QS World University Rankings 2025,International Education Costs Dataset,High,547.0,61.04,0.0,65.4,65.4,99.95,100.0,High Quality
Denmark,Herning,Aarhus University,Engineering Management,Master,2.0,0,66.2,800,450,800,7.45,aarhus university,aarhus university,aarhus university,100.0,144,143,Aarhus University,Denmark,Europe,L,FC,VH,A,54.7,144,27.6,349,30.8,509,63.8,177,89.8,192,11.9,682,96.1,54,69.5,162,76.4,176=,53.3,aarhus university,QS World University Rankings 2025,International Education Costs Dataset,Excellent,144.0,89.85,0.0,66.2,66.2,99.95,100.0,High Quality
Denmark,Herning,Aarhus University,Engineering Management,Master,2.0,0,66.2,800,450,800,7.45,aarhus university,aarhus university,aarhus university,100.0,144,143,Aarhus University,Denmark,Europe,L,FC,VH,A,54.7,144,27.6,349,30.8,509,63.8,177,89.8,192,11.9,682,96.1,54,69.5,162,76.4,176=,53.3,aarhus university,QS World University Rankings 2025,International Education Costs Dataset,Excellent,144.0,89.85,0.0,66.2,66.2,99.95,100.0,High Quality
Denmark,Herning,Aarhus University,Engineering Management,Master,2.0,0,66.2,800,450,800,7.45,aarhus university,aarhus university,aarhus university,100.0,144,143,Aarhus University,Denmark,Europe,L,FC,VH,A,54.7,144,27.6,349,30.8,509,63.8,177,89.8,192,11.9,682,96.1,54,69.5,162,76.4,176=,53.3,aarhus university,QS World University Rankings 2025,International Education Costs Dataset,Excellent,144.0,89.85,0.0,66.2,66.2,99.95,100.0,High Quality
New Zealand,Auckland,University of Auckland,Computer Science,Master,2.0,32000,79.5,1200,330,600,1.65,university of auckland,university of auckland,the university of auckland,91.66666666666666,65,68,The University of Auckland,New Zealand,Oceania,XL,FC,VH,A,82.2,65,44.7,205,15.5,701+,66.9,166,100.0,76,84.0,156,87.4,206,92.9,64,99.7,5,69.7,the university of auckland,QS World University Rankings 2025,International Education Costs Dataset,High,65.0,95.5,32000.0,79.5,32079.5,48.37,100.0,High Quality
New Zealand,Auckland,University of Auckland,Computer Science,Master,2.0,32000,79.5,1200,330,600,1.65,university of auckland,university of auckland,the university of auckland,91.66666666666666,65,68,The University of Auckland,New Zealand,Oceania,XL,FC,VH,A,82.2,65,44.7,205,15.5,701+,66.9,166,100.0,76,84.0,156,87.4,206,92.9,64,99.7,5,69.7,the university of auckland,QS World University Rankings 2025,International Education Costs Dataset,High,65.0,95.5,32000.0,79.5,32079.5,48.37,100.0,High Quality
USA,Boston,Northeastern University,Data Science,Master,2.0,54000,82.1,2000,160,1500,1.0,northeastern university,northeastern university,northeastern university,100.0,396,375,Northeastern University,United States,Americas,XL,CO,VH,B,19.2,470,11.8,601+,15.4,701+,24.6,501,51.6,360,96.4,85,67.3,516,44.0,291,72.3,205=,29.7,northeastern university,QS World University Rankings 2025,International Education Costs Dataset,Excellent,396.0,71.84,54000.0,82.1,54082.1,12.92,100.0,High Quality
USA,Boston,Northeastern University,Data Science,Master,2.0,54000,82.1,2000,160,1500,1.0,northeastern university,northeastern university,northeastern university,100.0,396,375,Northeastern University,United States,Americas,XL,CO,VH,B,19.2,470,11.8,601+,15.4,701+,24.6,501,51.6,360,96.4,85,67.3,516,44.0,291,72.3,205=,29.7,northeastern university,QS World University Rankings 2025,International Education Costs Dataset,Excellent,396.0,71.84,54000.0,82.1,54082.1,12.92,100.0,High Quality
Sweden,Stockholm,KTH Royal Institute,Engineering Physics,Master,2.0,0,78.4,1100,120,750,10.45,kth royal institute,kth royal institute,,,,,,,,,,,,,,,,,,,,,,,,,,,,,,,,Not Matched,International Education Costs Dataset,Unmatched,,,0.0,78.4,78.4,99.93,75.0,High Quality
Sweden,Stockholm,KTH Royal Institute,Engineering Physics,Master,2.0,0,78.4,1100,120,750,10.45,kth royal institute,kth royal institute,,,,,,,,,,,,,,,,,,,,,,,,,,,,,,,,Not Matched,International Education Costs Dataset,Unmatched,,,0.0,78.4,78.4,99.93,75.0,High Quality
Netherlands,Amsterdam,University of Amsterdam,Artificial Intelligence,PhD,4.0,15000,81.2,1300,171,720,0.92,university of amsterdam,university of amsterdam,university of amsterdam,100.0,55,53,University of Amsterdam,Netherlands,Europe,XL,FC,VH,A,83.8,60,52.1,163,21.4,648,92.2,67,96.0,139,87.5,138,96.3,50,79.8,124,38.2,384=,73.7,university of amsterdam,QS World University Rankings 2025,International Education Costs Dataset,Excellent,55.0,96.21,15000.0,81.2,15081.2,75.76,100.0,High Quality
Netherlands,Amsterdam,University of Amsterdam,Artificial Intelligence,PhD,4.0,15000,81.2,1300,171,720,0.92,university of amsterdam,university of amsterdam,university of amsterdam,100.0,55,53,University of Amsterdam,Netherlands,Europe,XL,FC,VH,A,83.8,60,52.1,163,21.4,648,92.2,67,96.0,139,87.5,138,96.3,50,79.8,124,38.2,384=,73.7,university of amsterdam,QS World University Rankings 2025,International Education Costs Dataset,Excellent,55.0,96.21,15000.0,81.2,15081.2,75.76,100.0,High Quality
Portugal,Lisbon,University of Lisbon,Computer Engineering,Master,2.0,7000,65.8,800,75,400,0.92,university of lisbon,university of lisbon,university of lisbon,100.0,260,266,University of Lisbon,Portugal,Europe,XL,FC,VH,A,44.0,193,20.7,443,10.7,701+,36.5,376,9.0,701+,39.4,356,98.2,23,94.0,57,70.9,217=,39.6,university of lisbon,QS World University Rankings 2025,International Education Costs Dataset,Excellent,260.0,81.56,7000.0,65.8,7065.8,88.67,100.0,High Quality
Portugal,Lisbon,University of Lisbon,Computer Engineering,Master,2.0,7000,65.8,800,75,400,0.92,university of lisbon,university of lisbon,university of lisbon,100.0,260,266,University of Lisbon,Portugal,Europe,XL,FC,VH,A,44.0,193,20.7,443,10.7,701+,36.5,376,9.0,701+,39.4,356,98.2,23,94.0,57,70.9,217=,39.6,university of lisbon,QS World University Rankings 2025,International Education Costs Dataset,Excellent,260.0,81.56,7000.0,65.8,7065.8,88.67,100.0,High Quality
New Zealand,Wellington,Victoria University,Data Analytics,Master,2.0,30000,75.6,1100,330,600,1.65,victoria university,victoria university,victoria university,100.0,741-750,711-720,Victoria University,Australia,Oceania,L,CO,HI,A,6.9,601+,6.1,601+,2.4,701+,34.1,389,32.7,480,41.5,345,44.9,701+,6.4,701+,34.8,406=,,victoria university,QS World University Rankings 2025,International Education Costs Dataset,Excellent,741.0,47.18,30000.0,75.6,30075.6,51.6,100.0,High Quality
USA,Austin,UT Austin,Robotics,PhD,5.0,48000,68.9,1600,160,1500,1.0,ut austin,ut austin,,,,,,,,,,,,,,,,,,,,,,,,,,,,,,,,Not Matched,International Education Costs Dataset,Unmatched,,,48000.0,68.9,48068.9,22.61,75.0,High Quality
USA,Austin,UT Austin,Robotics,PhD,5.0,48000,68.9,1600,160,1500,1.0,ut austin,ut austin,,,,,,,,,,,,,,,,,,,,,,,,,,,,,,,,Not Matched,International Education Costs Dataset,Unmatched,,,48000.0,68.9,48068.9,22.61,75.0,High Quality
USA,Austin,UT Austin,Robotics,PhD,5.0,48000,68.9,1600,160,1500,1.0,ut austin,ut austin,,,,,,,,,,,,,,,,,,,,,,,,,,,,,,,,Not Matched,International Education Costs Dataset,Unmatched,,,48000.0,68.9,48068.9,22.61,75.0,High Quality
USA,Austin,UT Austin,Robotics,PhD,5.0,48000,68.9,1600,160,1500,1.0,ut austin,ut austin,,,,,,,,,,,,,,,,,,,,,,,,,,,,,,,,Not Matched,International Education Costs Dataset,Unmatched,,,48000.0,68.9,48068.9,22.61,75.0,High Quality
Sweden,Uppsala,Uppsala University,Mathematics,Bachelor,3.0,0,72.3,900,120,750,10.45,uppsala university,uppsala university,uppsala university,100.0,103,105,Uppsala University,Sweden,Europe,L,FC,VH,A,61.4,115,33.7,277,52.0,292,42.3,326,99.4,99,81.1,170,96.7,49,68.4,171,99.2,11=,59.3,uppsala university,QS World University Rankings 2025,International Education Costs Dataset,Excellent,103.0,92.78,0.0,72.3,72.3,99.94,100.0,High Quality
Netherlands,Rotterdam,Erasmus University,Business Analytics,Master,2.0,14500,77.8,1200,171,720,0.92,erasmus university,erasmus university,,,,,,,,,,,,,,,,,,,,,,,,,,,,,,,,Not Matched,International Education Costs Dataset,Unmatched,,,14500.0,77.8,14577.8,76.57,75.0,High Quality
Netherlands,Rotterdam,Erasmus University,Business Analytics,Master,2.0,14500,77.8,1200,171,720,0.92,erasmus university,erasmus university,,,,,,,,,,,,,,,,,,,,,,,,,,,,,,,,Not Matched,International Education Costs Dataset,Unmatched,,,14500.0,77.8,14577.8,76.57,75.0,High Quality
Portugal,Porto,University of Porto,Software Engineering,Master,2.0,6500,62.4,700,75,400,0.92,university of porto,university of porto,university of porto,100.0,278,253,University of Porto,Portugal,Europe,XL,FC,VH,A,41.3,206,17.9,492,10.8,701+,59.6,205,6.6,701+,19.8,543,95.1,77,39.1,327,53.1,298=,38.1,university of porto,QS World University Rankings 2025,International Education Costs Dataset,Excellent,278.0,80.27,6500.0,62.4,6562.4,89.49,100.0,High Quality
New Zealand,Christchurch,University of Canterbury,Mechanical Engineering,PhD,4.0,31000,72.4,950,330,600,1.65,university of canterbury,university of canterbury,university of canberra,86.95652173913044,403,421,University of Canberra,Australia,Oceania,M,CO,VH,A,14.3,601+,7.7,601+,2.4,701+,51.2,255,79.6,243,69.4,213,63.1,583,5.6,701+,70.9,217=,29.5,university of canberra,QS World University Rankings 2025,International Education Costs Dataset,Medium,403.0,71.34,31000.0,72.4,31072.4,49.99,100.0,High Quality
USA,San Diego,UC San Diego,Biotechnology,Master,2.0,49000,75.6,1900,160,1500,1.0,uc san diego,uc san diego,,,,,,,,,,,,,,,,,,,,,,,,,,,,,,,,Not Matched,International Education Costs Dataset,Unmatched,,,49000.0,75.6,49075.6,20.99,75.0,High Quality
USA,San Diego,UC San Diego,Biotechnology,Master,2.0,49000,75.6,1900,160,1500,1.0,uc san diego,uc san diego,,,,,,,,,,,,,,,,,,,,,,,,,,,,,,,,Not Matched,International Education Costs Dataset,Unmatched,,,49000.0,75.6,49075.6,20.99,75.0,High Quality
USA,San Diego,UC San Diego,Biotechnology,Master,2.0,49000,75.6,1900,160,1500,1.0,uc san diego,uc san diego,,,,,,,,,,,,,,,,,,,,,,,,,,,,,,,,Not Matched,International Education Costs Dataset,Unmatched,,,49000.0,75.6,49075.6,20.99,75.0,High Quality
Sweden,Gothenburg,Chalmers University,Sustainable Energy,Master,2.0,0,71.2,950,120,750,10.45,chalmers university,chalmers university,charles university,91.89189189189187,246,248,Charles University,Czech Republic,Europe,XL,FC,VH,A,45.6,182,49.1,183,32.2,491,8.0,701+,25.0,535,50.5,291,96.3,51,65.5,178,77.4,173=,41.0,charles university,QS World University Rankings 2025,International Education Costs Dataset,High,246.0,82.56,0.0,71.2,71.2,99.94,100.0,High Quality
Netherlands,Delft,TU Delft,Computer Science,Master,2.0,15500,76.5,1100,171,720,0.92,tu delft,tu delft,,,,,,,,,,,,,,,,,,,,,,,,,,,,,,,,Not Matched,International Education Costs Dataset,Unmatched,,,15500.0,76.5,15576.5,74.96,75.0,High Quality
Netherlands,Delft,TU Delft,Computer Science,Master,2.0,15500,76.5,1100,171,720,0.92,tu delft,tu delft,,,,,,,,,,,,,,,,,,,,,,,,,,,,,,,,Not Matched,International Education Costs Dataset,Unmatched,,,15500.0,76.5,15576.5,74.96,75.0,High Quality
Portugal,Coimbra,University of Coimbra,Data Science,Bachelor,3.0,6000,58.9,600,75,400,0.92,university of coimbra,university of coimbra,university of coimbra,100.0,355,351,University of Coimbra,Portugal,Europe,L,FC,VH,A,29.4,301,10.8,601+,10.3,701+,49.8,264,8.1,701+,22.9,504,91.2,154,31.1,404,75.8,181=,32.1,university of coimbra,QS World University Rankings 2025,International Education Costs Dataset,Excellent,355.0,74.77,6000.0,58.9,6058.9,90.3,100.0,High Quality
New Zealand,Dunedin,University of Otago,Information Systems,Master,2.0,29000,70.2,900,330,600,1.65,university of otago,university of otago,university of otago,100.0,214,206,University of Otago,New Zealand,Oceania,L,FC,VH,A,45.0,187,24.6,388,12.8,701+,38.8,361,100.0,50,37.6,375,79.5,332,59.1,208,96.0,48,44.4,university of otago,QS World University Rankings 2025,International Education Costs Dataset,Excellent,214.0,84.85,29000.0,70.2,29070.2,53.22,100.0,High Quality
USA,Seattle,University of Washington,Computer Engineering,Master,2.0,51000,77.8,2100,160,1500,1.0,university of washington,university of washington,university of washington,100.0,76,63,University of Washington,United States,Americas,XL,FC,VH,A,81.9,66,55.5,150,28.6,542,78.8,119,11.0,701+,32.8,407,95.6,67,68.7,170,66.5,235,65.3,university of washington,QS World University Rankings 2025,International Education Costs Dataset,Excellent,76.0,94.71,51000.0,77.8,51077.8,17.76,100.0,High Quality
USA,Seattle,University of Washington,Computer Engineering,Master,2.0,51000,77.8,2100,160,1500,1.0,university of washington,university of washington,university of washington,100.0,76,63,University of Washington,United States,Americas,XL,FC,VH,A,81.9,66,55.5,150,28.6,542,78.8,119,11.0,701+,32.8,407,95.6,67,68.7,170,66.5,235,65.3,university of washington,QS World University Rankings 2025,International Education Costs Dataset,Excellent,76.0,94.71,51000.0,77.8,51077.8,17.76,100.0,High Quality
USA,Seattle,University of Washington,Computer Engineering,Master,2.0,51000,77.8,2100,160,1500,1.0,university of washington,university of washington,university of washington,100.0,76,63,University of Washington,United States,Americas,XL,FC,VH,A,81.9,66,55.5,150,28.6,542,78.8,119,11.0,701+,32.8,407,95.6,67,68.7,170,66.5,235,65.3,university of washington,QS World University Rankings 2025,International Education Costs Dataset,Excellent,76.0,94.71,51000.0,77.8,51077.8,17.76,100.0,High Quality
USA,Seattle,University of Washington,Computer Engineering,Master,2.0,51000,77.8,2100,160,1500,1.0,university of washington,university of washington,university of washington,100.0,76,63,University of Washington,United States,Americas,XL,FC,VH,A,81.9,66,55.5,150,28.6,542,78.8,119,11.0,701+,32.8,407,95.6,67,68.7,170,66.5,235,65.3,university of washington,QS World University Rankings 2025,International Education Costs Dataset,Excellent,76.0,94.71,51000.0,77.8,51077.8,17.76,100.0,High Quality
USA,Seattle,University of Washington,Computer Engineering,Master,2.0,51000,77.8,2100,160,1500,1.0,university of washington,university of washington,university of washington,100.0,76,63,University of Washington,United States,Americas,XL,FC,VH,A,81.9,66,55.5,150,28.6,542,78.8,119,11.0,701+,32.8,407,95.6,67,68.7,170,66.5,235,65.3,university of washington,QS World University Rankings 2025,International Education Costs Dataset,Excellent,76.0,94.71,51000.0,77.8,51077.8,17.76,100.0,High Quality
USA,Seattle,University of Washington,Computer Engineering,Master,2.0,51000,77.8,2100,160,1500,1.0,university of washington,university of washington,university of washington,100.0,76,63,University of Washington,United States,Americas,XL,FC,VH,A,81.9,66,55.5,150,28.6,542,78.8,119,11.0,701+,32.8,407,95.6,67,68.7,170,66.5,235,65.3,university of washington,QS World University Rankings 2025,International Education Costs Dataset,Excellent,76.0,94.71,51000.0,77.8,51077.8,17.76,100.0,High Quality
Sweden,Lund,Lund University,Physics,PhD,4.0,0,73.4,1000,120,750,10.45,lund university,lund university,lund university,100.0,75,85,Lund University,Sweden,Europe,L,FC,VH,A,68.3,96,52.5,160,55.5,271,44.6,309,97.4,124,73.4,198,96.7,48,86.5,95,99.6,8,65.6,lund university,QS World University Rankings 2025,International Education Costs Dataset,Excellent,75.0,94.78,0.0,73.4,73.4,99.94,100.0,High Quality
Sweden,Lund,Lund University,Physics,PhD,4.0,0,73.4,1000,120,750,10.45,lund university,lund university,lund university,100.0,75,85,Lund University,Sweden,Europe,L,FC,VH,A,68.3,96,52.5,160,55.5,271,44.6,309,97.4,124,73.4,198,96.7,48,86.5,95,99.6,8,65.6,lund university,QS World University Rankings 2025,International Education Costs Dataset,Excellent,75.0,94.78,0.0,73.4,73.4,99.94,100.0,High Quality
Netherlands,Eindhoven,TU Eindhoven,Artificial Intelligence,Master,2.0,14800,72.3,950,171,720,0.92,tu eindhoven,tu eindhoven,,,,,,,,,,,,,,,,,,,,,,,,,,,,,,,,Not Matched,International Education Costs Dataset,Unmatched,,,14800.0,72.3,14872.3,76.1,75.0,High Quality
Netherlands,Eindhoven,TU Eindhoven,Artificial Intelligence,Master,2.0,14800,72.3,950,171,720,0.92,tu eindhoven,tu eindhoven,,,,,,,,,,,,,,,,,,,,,,,,,,,,,,,,Not Matched,International Education Costs Dataset,Unmatched,,,14800.0,72.3,14872.3,76.1,75.0,High Quality
Portugal,Braga,University of Minho,Computer Science,Master,2.0,6200,57.8,550,75,400,0.92,university of minho,university of minho,university of minho,100.0,611-620,611-620,University of Minho,Portugal,Europe,L,FC,VH,A,15.6,565,7.1,601+,26.5,566,21.0,543,15.9,652,14.9,624,83.7,268,8.6,701+,52.1,305=,,university of minho,QS World University Rankings 2025,International Education Costs Dataset,Excellent,611.0,56.47,6200.0,57.8,6257.8,89.98,100.0,High Quality
New Zealand,Hamilton,University of Waikato,Environmental Science,Master,2.0,28500,68.9,850,330,600,1.65,university of waikato,university of waikato,university of waikato,100.0,235,250,University of Waikato,New Zealand,Oceania,M,CO,VH,A,19.1,473,11.7,601+,12.4,701+,84.7,94,99.0,107,56.9,261,55.1,697,46.4,276,89.5,99,42.5,university of waikato,QS World University Rankings 2025,International Education Costs Dataset,Excellent,235.0,83.35,28500.0,68.9,28568.9,54.03,100.0,High Quality
USA,Atlanta,Georgia Tech,Machine Learning,PhD,5.0,48000,71.2,1700,160,1500,1.0,georgia technology,georgia technology,,,,,,,,,,,,,,,,,,,,,,,,,,,,,,,,Not Matched,International Education Costs Dataset,Unmatched,,,48000.0,71.2,48071.2,22.6,75.0,High Quality
USA,Atlanta,Georgia Tech,Machine Learning,PhD,5.0,48000,71.2,1700,160,1500,1.0,georgia technology,georgia technology,,,,,,,,,,,,,,,,,,,,,,,,,,,,,,,,Not Matched,International Education Costs Dataset,Unmatched,,,48000.0,71.2,48071.2,22.6,75.0,High Quality
USA,Atlanta,Georgia Tech,Machine Learning,PhD,5.0,48000,71.2,1700,160,1500,1.0,georgia technology,georgia technology,,,,,,,,,,,,,,,,,,,,,,,,,,,,,,,,Not Matched,International Education Costs Dataset,Unmatched,,,48000.0,71.2,48071.2,22.6,75.0,High Quality
USA,Atlanta,Georgia Tech,Machine Learning,PhD,5.0,48000,71.2,1700,160,1500,1.0,georgia technology,georgia technology,,,,,,,,,,,,,,,,,,,,,,,,,,,,,,,,Not Matched,International Education Costs Dataset,Unmatched,,,48000.0,71.2,48071.2,22.6,75.0,High Quality
Sweden,Linköping,Linköping University,Computer Science,Master,2.0,0,69.8,850,120,750,10.45,link ping university,link ping university,link ping university,100.0,304,268,Linköping University,Sweden,Europe,L,CO,VH,A,18.5,489,26.6,360,37.9,420,45.4,304,81.9,231,32.6,409,84.6,253,42.4,305,41.0,360=,35.8,link ping university,QS World University Rankings 2025,International Education Costs Dataset,Excellent,304.0,78.41,0.0,69.8,69.8,99.95,100.0,High Quality
Netherlands,Utrecht,Utrecht University,Data Science,Bachelor,3.0,13900,75.4,1100,171,720,0.92,utrecht university,utrecht university,utrecht university,100.0,105,107,Utrecht University,Netherlands,Europe,XL,FC,VH,A,66.5,103,38.8,244,31.0,508,79.5,112,55.7,337,19.4,559,97.3,37,54.7,228,61.9,258=,59.1,utrecht university,QS World University Rankings 2025,International Education Costs Dataset,Excellent,105.0,92.64,13900.0,75.4,13975.4,77.54,100.0,High Quality
Netherlands,Utrecht,Utrecht University,Data Science,Bachelor,3.0,13900,75.4,1100,171,720,0.92,utrecht university,utrecht university,utrecht university,100.0,105,107,Utrecht University,Netherlands,Europe,XL,FC,VH,A,66.5,103,38.8,244,31.0,508,79.5,112,55.7,337,19.4,559,97.3,37,54.7,228,61.9,258=,59.1,utrecht university,QS World University Rankings 2025,International Education Costs Dataset,Excellent,105.0,92.64,13900.0,75.4,13975.4,77.54,100.0,High Quality
Portugal,Aveiro,University of Aveiro,Robotics,PhD,4.0,6800,56.7,500,75,400,0.92,university of aveiro,university of aveiro,university of aveiro,100.0,359,344,University of Aveiro,Portugal,Europe,L,CO,VH,A,13.9,601+,5.6,601+,11.1,701+,90.6,73,4.2,701+,15.3,617,89.0,183,2.7,701+,57.7,276=,31.9,university of aveiro,QS World University Rankings 2025,International Education Costs Dataset,Excellent,359.0,74.48,6800.0,56.7,6856.7,89.01,100.0,High Quality
New Zealand,Palmerston North,Massey University,Computer Engineering,Bachelor,3.0,27500,67.5,800,330,600,1.65,massey university,massey university,massey university,100.0,239,239,Massey University,New Zealand,Oceania,M,CO,VH,A,30.1,293,14.0,585,48.0,324,27.4,473,98.5,112,95.2,96,85.1,244,49.2,259,91.4,81=,41.8,massey university,QS World University Rankings 2025,International Education Costs Dataset,Excellent,239.0,83.06,27500.0,67.5,27567.5,55.64,100.0,High Quality
USA,Pittsburgh,Carnegie Mellon,Software Engineering,Master,2.0,56000,65.4,1500,160,1500,1.0,carnegie mellon,carnegie mellon,,,,,,,,,,,,,,,,,,,,,,,,,,,,,,,,Not Matched,International Education Costs Dataset,Unmatched,,,56000.0,65.4,56065.4,9.72,75.0,High Quality
USA,Pittsburgh,Carnegie Mellon,Software Engineering,Master,2.0,56000,65.4,1500,160,1500,1.0,carnegie mellon,carnegie mellon,,,,,,,,,,,,,,,,,,,,,,,,,,,,,,,,Not Matched,International Education Costs Dataset,Unmatched,,,56000.0,65.4,56065.4,9.72,75.0,High Quality
USA,Pittsburgh,Carnegie Mellon,Software Engineering,Master,2.0,56000,65.4,1500,160,1500,1.0,carnegie mellon,carnegie mellon,,,,,,,,,,,,,,,,,,,,,,,,,,,,,,,,Not Matched,International Education Costs Dataset,Unmatched,,,56000.0,65.4,56065.4,9.72,75.0,High Quality
Sweden,Umeå,Umeå University,Artificial Intelligence,Master,2.0,0,68.5,800,120,750,10.45,ume university,ume university,umea university,96.55172413793105,456,465,Umea University,Sweden,Europe,L,FC,VH,A,19.9,447,11.6,601+,71.8,182,15.2,631,51.1,362,21.8,518,78.0,360,9.0,701+,26.3,478=,26.3,umea university,QS World University Rankings 2025,International Education Costs Dataset,Excellent,456.0,67.55,0.0,68.5,68.5,99.95,100.0,High Quality
Netherlands,Groningen,University of Groningen,Computing Science,PhD,4.0,14200,71.2,900,171,720,0.92,university of groningen,university of groningen,university of groningen,100.0,159,139,University of Groningen,Netherlands,Europe,XL,FC,VH,A,52.3,156,34.4,275,49.3,318,41.2,339,93.2,168,83.5,161,94.1,97,40.0,319,40.1,368,51.3,university of groningen,QS World University Rankings 2025,International Education Costs Dataset,Excellent,159.0,88.78,14200.0,71.2,14271.2,77.06,100.0,High Quality
Netherlands,Groningen,University of Groningen,Computing Science,PhD,4.0,14200,71.2,900,171,720,0.92,university of groningen,university of groningen,university of groningen,100.0,159,139,University of Groningen,Netherlands,Europe,XL,FC,VH,A,52.3,156,34.4,275,49.3,318,41.2,339,93.2,168,83.5,161,94.1,97,40.0,319,40.1,368,51.3,university of groningen,QS World University Rankings 2025,International Education Costs Dataset,Excellent,159.0,88.78,14200.0,71.2,14271.2,77.06,100.0,High Quality
Portugal,Faro,University of Algarve,Information Systems,Master,2.0,5900,55.4,480,75,400,0.92,university of algarve,university of algarve,university of calgary,90.47619047619048,198,182,University of Calgary,Canada,Americas,XL,FC,VH,A,37.9,227,44.5,207,18.1,701+,40.3,350,77.7,246,66.2,225,85.2,243,53.3,236,93.3,68=,46.3,university of calgary,QS World University Rankings 2025,International Education Costs Dataset,High,198.0,85.99,5900.0,55.4,5955.4,90.46,100.0,High Quality
New Zealand,Auckland,AUT University,Data Analytics,Master,2.0,29500,79.5,1150,330,600,1.65,aut university,aut university,assiut university,90.32258064516128,1001-1200,1001-1200,Assiut University,Egypt,Africa,XL,FC,HI,A,11.4,601+,9.8,601+,13.6,701+,2.2,701+,11.8,701+,3.5,701+,56.0,678,2.5,701+,5.4,701+,,assiut university,QS World University Rankings 2025,International Education Costs Dataset,High,1001.0,28.59,29500.0,79.5,29579.5,52.4,100.0,High Quality
USA,Raleigh,NC State University,Computer Science,Master,2.0,47000,67.8,1400,160,1500,1.0,nc state university,nc state university,kent state university,90.0,1001-1200,1001-1200,Kent State University,United States,Americas,L,FO,VH,A,5.5,601+,2.9,601+,6.2,701+,12.7,674,19.2,611,6.6,701+,57.1,660,7.6,701+,2.8,701+,,kent state university,QS World University Rankings 2025,International Education Costs Dataset,High,1001.0,28.59,47000.0,67.8,47067.8,24.22,100.0,High Quality
USA,Raleigh,NC State University,Computer Science,Master,2.0,47000,67.8,1400,160,1500,1.0,nc state university,nc state university,kent state university,90.0,1001-1200,1001-1200,Kent State University,United States,Americas,L,FO,VH,A,5.5,601+,2.9,601+,6.2,701+,12.7,674,19.2,611,6.6,701+,57.1,660,7.6,701+,2.8,701+,,kent state university,QS World University Rankings 2025,International Education Costs Dataset,High,1001.0,28.59,47000.0,67.8,47067.8,24.22,100.0,High Quality
Sweden,Karlstad,Karlstad University,Information Systems,Bachelor,3.0,0,67.2,750,120,750,10.45,karlstad university,karlstad university,,,,,,,,,,,,,,,,,,,,,,,,,,,,,,,,Not Matched,International Education Costs Dataset,Unmatched,,,0.0,67.2,67.2,99.95,75.0,High Quality
Netherlands,Tilburg,Tilburg University,Data Science,Master,2.0,14000,70.5,950,171,720,0.92,tilburg university,tilburg university,tilburg university,100.0,347,371,Tilburg University,Netherlands,Europe,L,SP,VH,A,14.7,594,32.5,291,10.5,701+,55.1,229,98.4,114,60.6,245,56.8,667,14.3,685,15.2,590=,32.8,tilburg university,QS World University Rankings 2025,International Education Costs Dataset,Excellent,347.0,75.34,14000.0,70.5,14070.5,77.39,100.0,High Quality
Netherlands,Tilburg,Tilburg University,Data Science,Master,2.0,14000,70.5,950,171,720,0.92,tilburg university,tilburg university,tilburg university,100.0,347,371,Tilburg University,Netherlands,Europe,L,SP,VH,A,14.7,594,32.5,291,10.5,701+,55.1,229,98.4,114,60.6,245,56.8,667,14.3,685,15.2,590=,32.8,tilburg university,QS World University Rankings 2025,International Education Costs Dataset,Excellent,347.0,75.34,14000.0,70.5,14070.5,77.39,100.0,High Quality
Portugal,Vila Real,UTAD,Computer Engineering,Master,2.0,5700,54.3,450,75,400,0.92,utad,utad,,,,,,,,,,,,,,,,,,,,,,,,,,,,,,,,Not Matched,International Education Costs Dataset,Unmatched,,,5700.0,54.3,5754.3,90.79,75.0,High Quality
New Zealand,Christchurch,Lincoln University,Environmental Computing,PhD,4.0,28000,72.4,900,330,600,1.65,lincoln university,lincoln university,lincoln university,100.0,371,362,Lincoln University,New Zealand,Oceania,S,CO,VH,A,8.2,601+,5.0,601+,31.8,496,52.1,249,100.0,61,96.3,88,20.2,701+,40.0,320,48.9,324=,31.3,lincoln university,QS World University Rankings 2025,International Education Costs Dataset,Excellent,371.0,73.62,28000.0,72.4,28072.4,54.83,100.0,High Quality
USA,Davis,UC Davis,Data Science,Master,2.0,48000,73.2,1600,160,1500,1.0,uc davis,uc davis,,,,,,,,,,,,,,,,,,,,,,,,,,,,,,,,Not Matched,International Education Costs Dataset,Unmatched,,,48000.0,73.2,48073.2,22.6,75.0,High Quality
USA,Davis,UC Davis,Data Science,Master,2.0,48000,73.2,1600,160,1500,1.0,uc davis,uc davis,,,,,,,,,,,,,,,,,,,,,,,,,,,,,,,,Not Matched,International Education Costs Dataset,Unmatched,,,48000.0,73.2,48073.2,22.6,75.0,High Quality
Sweden,Växjö,Linnaeus University,Software Engineering,Master,2.0,0,66.5,700,120,750,10.45,linnaeus university,linnaeus university,,,,,,,,,,,,,,,,,,,,,,,,,,,,,,,,Not Matched,International Education Costs Dataset,Unmatched,,,0.0,66.5,66.5,99.95,75.0,High Quality
Netherlands,Wageningen,Wageningen University,Bioinformatics,Master,2.0,14500,69.8,900,171,720,0.92,wageningen university,wageningen university,,,,,,,,,,,,,,,,,,,,,,,,,,,,,,,,Not Matched,International Education Costs Dataset,Unmatched,,,14500.0,69.8,14569.8,76.58,75.0,High Quality
Netherlands,Wageningen,Wageningen University,Bioinformatics,Master,2.0,14500,69.8,900,171,720,0.92,wageningen university,wageningen university,,,,,,,,,,,,,,,,,,,,,,,,,,,,,,,,Not Matched,International Education Costs Dataset,Unmatched,,,14500.0,69.8,14569.8,76.58,75.0,High Quality
Portugal,Funchal,University of Madeira,Computing,Bachelor,3.0,5500,53.2,400,75,400,0.92,university of madeira,university of madeira,university of aveiro,87.8048780487805,359,344,University of Aveiro,Portugal,Europe,L,CO,VH,A,13.9,601+,5.6,601+,11.1,701+,90.6,73,4.2,701+,15.3,617,89.0,183,2.7,701+,57.7,276=,31.9,university of aveiro,QS World University Rankings 2025,International Education Costs Dataset,Medium,359.0,74.48,5500.0,53.2,5553.2,91.11,100.0,High Quality
Spain,Madrid,Universidad Politécnica de Madrid,Computer Science,Master,2.0,3500,71.4,1100,80,750,0.92,universidad polit cnica de madrid,universidad polit cnica de madrid,universidad polit cnica de madrid upm,94.28571428571428,321,349,Universidad Politécnica de Madrid (UPM),Spain,Europe,XL,SP,VH,A,31.3,283,56.5,146,16.7,701+,11.4,701+,3.2,701+,32.1,414,81.1,308,60.7,199,86.3,119,34.2,universidad polit cnica de madrid upm,QS World University Rankings 2025,International Education Costs Dataset,High,321.0,77.2,3500.0,71.4,3571.4,94.3,100.0,High Quality
Italy,Milan,Politecnico di Milano,Data Engineering,Master,2.0,4000,73.2,1200,120,700,0.92,politecnico di milano,politecnico di milano,politecnico di milano,100.0,111,123,Politecnico di Milano,Italy,Europe,XL,FO,VH,A,70.8,90,77.0,82,5.8,701+,40.2,351,67.4,292,56.8,262,88.1,197,52.9,239,72.6,202=,58.2,politecnico di milano,QS World University Rankings 2025,International Education Costs Dataset,Excellent,111.0,92.21,4000.0,73.2,4073.2,93.5,100.0,High Quality
Italy,Milan,Politecnico di Milano,Data Engineering,Master,2.0,4000,73.2,1200,120,700,0.92,politecnico di milano,politecnico di milano,politecnico di milano,100.0,111,123,Politecnico di Milano,Italy,Europe,XL,FO,VH,A,70.8,90,77.0,82,5.8,701+,40.2,351,67.4,292,56.8,262,88.1,197,52.9,239,72.6,202=,58.2,politecnico di milano,QS World University Rankings 2025,International Education Costs Dataset,Excellent,111.0,92.21,4000.0,73.2,4073.2,93.5,100.0,High Quality
Italy,Milan,Politecnico di Milano,Data Engineering,Master,2.0,4000,73.2,1200,120,700,0.92,politecnico di milano,politecnico di milano,politecnico di milano,100.0,111,123,Politecnico di Milano,Italy,Europe,XL,FO,VH,A,70.8,90,77.0,82,5.8,701+,40.2,351,67.4,292,56.8,262,88.1,197,52.9,239,72.6,202=,58.2,politecnico di milano,QS World University Rankings 2025,International Education Costs Dataset,Excellent,111.0,92.21,4000.0,73.2,4073.2,93.5,100.0,High Quality
Greece,Athens,National Technical University,Electrical Engineering,PhD,4.0,0,65.8,650,100,600,0.92,national technical university,national technical university,national technical university of athens,85.29411764705883,321,347,National Technical University of Athens,Greece,Europe,L,FO,VH,A,21.3,412,44.9,204,4.6,701+,76.0,132,1.3,701+,4.6,701+,72.7,444,39.6,325,5.0,701+,34.2,national technical university of athens,QS World University Rankings 2025,International Education Costs Dataset,Medium,321.0,77.2,0.0,65.8,65.8,99.95,100.0,High Quality
Greece,Athens,National Technical University,Electrical Engineering,PhD,4.0,0,65.8,650,100,600,0.92,national technical university,national technical university,national technical university of athens,85.29411764705883,321,347,National Technical University of Athens,Greece,Europe,L,FO,VH,A,21.3,412,44.9,204,4.6,701+,76.0,132,1.3,701+,4.6,701+,72.7,444,39.6,325,5.0,701+,34.2,national technical university of athens,QS World University Rankings 2025,International Education Costs Dataset,Medium,321.0,77.2,0.0,65.8,65.8,99.95,100.0,High Quality
Austria,Vienna,TU Wien,Software Engineering,Master,2.0,1500,78.5,950,160,850,0.92,tu wien,tu wien,,,,,,,,,,,,,,,,,,,,,,,,,,,,,,,,Not Matched,International Education Costs Dataset,Unmatched,,,1500.0,78.5,1578.5,97.52,75.0,High Quality
Mexico,Mexico City,UNAM,Computer Engineering,Bachelor,4.0,800,52.4,600,40,400,17.05,unam,unam,,,,,,,,,,,,,,,,,,,,,,,,,,,,,,,,Not Matched,International Education Costs Dataset,Unmatched,,,800.0,52.4,852.4,98.69,75.0,High Quality
Mexico,Mexico City,UNAM,Computer Engineering,Bachelor,4.0,800,52.4,600,40,400,17.05,unam,unam,,,,,,,,,,,,,,,,,,,,,,,,,,,,,,,,Not Matched,International Education Costs Dataset,Unmatched,,,800.0,52.4,852.4,98.69,75.0,High Quality
Spain,Barcelona,Universitat Politècnica Catalunya,Artificial Intelligence,Master,2.0,3800,73.6,1000,80,750,0.92,universitat polit cnica catalunya,universitat polit cnica catalunya,,,,,,,,,,,,,,,,,,,,,,,,,,,,,,,,Not Matched,International Education Costs Dataset,Unmatched,,,3800.0,73.6,3873.6,93.82,75.0,High Quality
Italy,Rome,Sapienza University,Robotics,PhD,4.0,3500,71.2,1100,120,700,0.92,sapienza university,sapienza university,,,,,,,,,,,,,,,,,,,,,,,,,,,,,,,,Not Matched,International Education Costs Dataset,Unmatched,,,3500.0,71.2,3571.2,94.31,75.0,High Quality
Italy,Rome,Sapienza University,Robotics,PhD,4.0,3500,71.2,1100,120,700,0.92,sapienza university,sapienza university,,,,,,,,,,,,,,,,,,,,,,,,,,,,,,,,Not Matched,International Education Costs Dataset,Unmatched,,,3500.0,71.2,3571.2,94.31,75.0,High Quality
Greece,Thessaloniki,Aristotle University,Computer Engineering,Master,2.0,0,62.4,500,100,600,0.92,aristotle university,aristotle university,,,,,,,,,,,,,,,,,,,,,,,,,,,,,,,,Not Matched,International Education Costs Dataset,Unmatched,,,0.0,62.4,62.4,99.96,75.0,High Quality
Austria,Graz,TU Graz,Mechanical Engineering,Bachelor,3.0,1500,71.2,750,160,850,0.92,tu graz,tu graz,,,,,,,,,,,,,,,,,,,,,,,,,,,,,,,,Not Matched,International Education Costs Dataset,Unmatched,,,1500.0,71.2,1571.2,97.53,75.0,High Quality
Mexico,Monterrey,Tecnológico de Monterrey,Data Science,Master,2.0,12000,48.9,700,40,400,17.05,tecnol gico de monterrey,tecnol gico de monterrey,tecnol gico de monterrey,100.0,185,184,Tecnológico de Monterrey,Mexico,Americas,XL,FC,HI,B,53.8,149,91.4,47,62.5,223,2.4,701+,20.8,589,10.6,701+,56.6,670,96.1,43,54.4,291=,48.1,tecnol gico de monterrey,QS World University Rankings 2025,International Education Costs Dataset,Excellent,185.0,86.92,12000.0,48.9,12048.9,80.65,100.0,High Quality
Spain,Valencia,Universitat de València,Data Science,Master,2.0,3200,68.5,800,80,750,0.92,universitat de val ncia,universitat de val ncia,,,,,,,,,,,,,,,,,,,,,,,,,,,,,,,,Not Matched,International Education Costs Dataset,Unmatched,,,3200.0,68.5,3268.5,94.79,75.0,High Quality
Italy,Turin,Politecnico di Torino,Computer Engineering,Master,2.0,3800,69.8,900,120,700,0.92,politecnico di torino,politecnico di torino,politecnico di torino,100.0,241,252,Politecnico di Torino,Italy,Europe,XL,FO,VH,A,40.2,213,52.1,165,3.1,701+,51.6,254,4.9,701+,41.0,349,81.4,297,30.6,412,77.9,169,41.7,politecnico di torino,QS World University Rankings 2025,International Education Costs Dataset,Excellent,241.0,82.92,3800.0,69.8,3869.8,93.82,100.0,High Quality
Italy,Turin,Politecnico di Torino,Computer Engineering,Master,2.0,3800,69.8,900,120,700,0.92,politecnico di torino,politecnico di torino,politecnico di torino,100.0,241,252,Politecnico di Torino,Italy,Europe,XL,FO,VH,A,40.2,213,52.1,165,3.1,701+,51.6,254,4.9,701+,41.0,349,81.4,297,30.6,412,77.9,169,41.7,politecnico di torino,QS World University Rankings 2025,International Education Costs Dataset,Excellent,241.0,82.92,3800.0,69.8,3869.8,93.82,100.0,High Quality
Greece,Patras,University of Patras,Electronics,PhD,4.0,0,60.5,450,100,600,0.92,university of patras,university of patras,university of patras,100.0,761-770,791-800,University of Patras,Greece,Europe,L,FC,VH,A,11.7,601+,17.1,502,2.7,701+,27.0,475,1.4,701+,4.8,701+,60.6,626,3.7,701+,44.9,338=,,university of patras,QS World University Rankings 2025,International Education Costs Dataset,Excellent,761.0,45.75,0.0,60.5,60.5,99.96,100.0,High Quality
Greece,Patras,University of Patras,Electronics,PhD,4.0,0,60.5,450,100,600,0.92,university of patras,university of patras,university of patras,100.0,761-770,791-800,University of Patras,Greece,Europe,L,FC,VH,A,11.7,601+,17.1,502,2.7,701+,27.0,475,1.4,701+,4.8,701+,60.6,626,3.7,701+,44.9,338=,,university of patras,QS World University Rankings 2025,International Education Costs Dataset,Excellent,761.0,45.75,0.0,60.5,60.5,99.96,100.0,High Quality
Austria,Linz,Johannes Kepler University,Artificial Intelligence,Master,2.0,1500,70.4,700,160,850,0.92,johannes kepler university,johannes kepler university,johannes kepler university linz,91.2280701754386,472,446,Johannes Kepler University Linz,Austria,Europe,M,FO,VH,A,12.8,601+,12.3,601+,75.9,162,14.3,649,83.5,226,33.5,402,59.7,636,12.2,701+,13.2,606=,25.3,johannes kepler university linz,QS World University Rankings 2025,International Education Costs Dataset,High,472.0,66.4,1500.0,70.4,1570.4,97.53,100.0,High Quality
Mexico,Guadalajara,Universidad de Guadalajara,Software Engineering,Bachelor,4.0,900,45.6,500,40,400,17.05,universidad de guadalajara,universidad de guadalajara,universidad de guadalajara udg,92.85714285714286,1001-1200,851-900,Universidad de Guadalajara (UDG),Mexico,Americas,XL,FC,HI,A,18.9,477,7.5,601+,17.1,701+,1.2,701+,2.2,701+,1.1,701+,47.1,701+,5.8,701+,6.0,701+,,universidad de guadalajara udg,QS World University Rankings 2025,International Education Costs Dataset,High,1001.0,28.59,900.0,45.6,945.6,98.54,100.0,High Quality
Spain,Seville,Universidad de Sevilla,Robotics,Master,2.0,3000,65.4,750,80,750,0.92,universidad de sevilla,universidad de sevilla,universidad de sevilla,100.0,462,494,Universidad de Sevilla,Spain,Europe,XL,FC,VH,A,39.1,221,12.6,601+,18.4,701+,8.2,701+,3.5,701+,18.9,567,91.4,152,16.0,634,67.4,231,26.0,universidad de sevilla,QS World University Rankings 2025,International Education Costs Dataset,Excellent,462.0,67.12,3000.0,65.4,3065.4,95.12,100.0,High Quality
Spain,Seville,Universidad de Sevilla,Robotics,Master,2.0,3000,65.4,750,80,750,0.92,universidad de sevilla,universidad de sevilla,universidad de sevilla,100.0,462,494,Universidad de Sevilla,Spain,Europe,XL,FC,VH,A,39.1,221,12.6,601+,18.4,701+,8.2,701+,3.5,701+,18.9,567,91.4,152,16.0,634,67.4,231,26.0,universidad de sevilla,QS World University Rankings 2025,International Education Costs Dataset,Excellent,462.0,67.12,3000.0,65.4,3065.4,95.12,100.0,High Quality
Italy,Bologna,University of Bologna,Information Technology,PhD,4.0,3600,70.5,950,120,700,0.92,university of bologna,university of bologna,university of cologne,90.47619047619048,285,268,University of Cologne,Germany,Europe,L,FO,VH,A,35.2,250,30.4,310,15.7,701+,29.3,440,35.9,444,30.1,429,90.8,158,56.8,212,91.9,78=,37.2,university of cologne,QS World University Rankings 2025,International Education Costs Dataset,High,285.0,79.77,3600.0,70.5,3670.5,94.15,100.0,High Quality
Italy,Bologna,University of Bologna,Information Technology,PhD,4.0,3600,70.5,950,120,700,0.92,university of bologna,university of bologna,university of cologne,90.47619047619048,285,268,University of Cologne,Germany,Europe,L,FO,VH,A,35.2,250,30.4,310,15.7,701+,29.3,440,35.9,444,30.1,429,90.8,158,56.8,212,91.9,78=,37.2,university of cologne,QS World University Rankings 2025,International Education Costs Dataset,High,285.0,79.77,3600.0,70.5,3670.5,94.15,100.0,High Quality
Greece,Heraklion,University of Crete,Computer Science,Master,2.0,0,61.2,480,100,600,0.92,university of crete,university of crete,university of crete,100.0,601-610,534,University of Crete,Greece,Europe,L,FC,HI,A,13.9,601+,12.7,601+,2.4,701+,58.7,208,2.3,701+,3.5,701+,57.0,663,3.6,701+,1.8,701+,,university of crete,QS World University Rankings 2025,International Education Costs Dataset,Excellent,601.0,57.18,0.0,61.2,61.2,99.96,100.0,High Quality
Greece,Heraklion,University of Crete,Computer Science,Master,2.0,0,61.2,480,100,600,0.92,university of crete,university of crete,university of crete,100.0,601-610,534,University of Crete,Greece,Europe,L,FC,HI,A,13.9,601+,12.7,601+,2.4,701+,58.7,208,2.3,701+,3.5,701+,57.0,663,3.6,701+,1.8,701+,,university of crete,QS World University Rankings 2025,International Education Costs Dataset,Excellent,601.0,57.18,0.0,61.2,61.2,99.96,100.0,High Quality
Austria,Salzburg,University of Salzburg,Data Analytics,Bachelor,3.0,1500,72.3,800,160,850,0.92,university of salzburg,university of salzburg,,,,,,,,,,,,,,,,,,,,,,,,,,,,,,,,Not Matched,International Education Costs Dataset,Unmatched,,,1500.0,72.3,1572.3,97.53,75.0,High Quality
Mexico,Puebla,UDLAP,Computer Engineering,Master,2.0,10000,44.5,450,40,400,17.05,udlap,udlap,,,,,,,,,,,,,,,,,,,,,,,,,,,,,,,,Not Matched,International Education Costs Dataset,Unmatched,,,10000.0,44.5,10044.5,83.87,75.0,High Quality
Spain,Bilbao,University of the Basque Country,Computer Science,PhD,4.0,3400,67.8,850,80,750,0.92,university of the basque country,university of the basque country,university of the basque country,100.0,641-650,621-630,University of the Basque Country,Spain,Europe,XL,CO,VH,A,19.5,461,7.3,601+,32.8,480,19.0,569,2.4,701+,3.5,701+,90.8,159,22.8,500,7.3,701+,,university of the basque country,QS World University Rankings 2025,International Education Costs Dataset,Excellent,641.0,54.32,3400.0,67.8,3467.8,94.47,100.0,High Quality
Spain,Bilbao,University of the Basque Country,Computer Science,PhD,4.0,3400,67.8,850,80,750,0.92,university of the basque country,university of the basque country,university of the basque country,100.0,641-650,621-630,University of the Basque Country,Spain,Europe,XL,CO,VH,A,19.5,461,7.3,601+,32.8,480,19.0,569,2.4,701+,3.5,701+,90.8,159,22.8,500,7.3,701+,,university of the basque country,QS World University Rankings 2025,International Education Costs Dataset,Excellent,641.0,54.32,3400.0,67.8,3467.8,94.47,100.0,High Quality
Italy,Florence,University of Florence,Cybersecurity,Master,2.0,3500,71.2,1000,120,700,0.92,university of florence,university of florence,university of florence,100.0,375,358,University of Florence,Italy,Europe,XL,FC,VH,A,34.6,255,8.4,601+,4.4,701+,46.6,295,7.3,701+,12.3,671,88.5,189,30.3,415,74.5,193=,31.2,university of florence,QS World University Rankings 2025,International Education Costs Dataset,Excellent,375.0,73.34,3500.0,71.2,3571.2,94.31,100.0,High Quality
Italy,Florence,University of Florence,Cybersecurity,Master,2.0,3500,71.2,1000,120,700,0.92,university of florence,university of florence,university of florence,100.0,375,358,University of Florence,Italy,Europe,XL,FC,VH,A,34.6,255,8.4,601+,4.4,701+,46.6,295,7.3,701+,12.3,671,88.5,189,30.3,415,74.5,193=,31.2,university of florence,QS World University Rankings 2025,International Education Costs Dataset,Excellent,375.0,73.34,3500.0,71.2,3571.2,94.31,100.0,High Quality
Greece,Volos,University of Thessaly,Digital Systems,Master,2.0,0,59.8,400,100,600,0.92,university of thessaly,university of thessaly,,,,,,,,,,,,,,,,,,,,,,,,,,,,,,,,Not Matched,International Education Costs Dataset,Unmatched,,,0.0,59.8,59.8,99.96,75.0,High Quality
Greece,Volos,University of Thessaly,Digital Systems,Master,2.0,0,59.8,400,100,600,0.92,university of thessaly,university of thessaly,,,,,,,,,,,,,,,,,,,,,,,,,,,,,,,,Not Matched,International Education Costs Dataset,Unmatched,,,0.0,59.8,59.8,99.96,75.0,High Quality
Austria,Innsbruck,University of Innsbruck,Mechatronics,Master,2.0,1500,71.5,780,160,850,0.92,university of innsbruck,university of innsbruck,universit t innsbruck,90.9090909090909,309,362,Universität Innsbruck,Austria,Europe,L,FC,HI,A,20.3,434,7.8,601+,73.1,177,9.3,701+,100.0,68,100.0,27,71.5,461,55.8,223,61.6,263=,35.2,universit t innsbruck,QS World University Rankings 2025,International Education Costs Dataset,High,309.0,78.06,1500.0,71.5,1571.5,97.53,100.0,High Quality
Mexico,Queretaro,Tecnologico de Monterrey,Data Analytics,Bachelor,4.0,11000,46.7,480,40,400,17.05,tecnologico de monterrey,tecnologico de monterrey,,,,,,,,,,,,,,,,,,,,,,,,,,,,,,,,Not Matched,International Education Costs Dataset,Unmatched,,,11000.0,46.7,11046.7,82.26,75.0,High Quality
Spain,Granada,University of Granada,Artificial Intelligence,Master,2.0,2800,64.5,700,80,750,0.92,university of granada,university of granada,university of granada,100.0,431,403,University of Granada,Spain,Europe,XL,FC,VH,A,44.4,191,14.1,581,5.7,701+,26.2,482,3.1,701+,14.8,628,96.3,52,4.9,701+,26.3,478=,27.6,university of granada,QS World University Rankings 2025,International Education Costs Dataset,Excellent,431.0,69.34,2800.0,64.5,2864.5,95.44,100.0,High Quality
Italy,Naples,University of Naples,Software Engineering,PhD,4.0,3200,67.8,800,120,700,0.92,university of naples,university of naples,university of leeds,87.17948717948718,82,75,University of Leeds,United Kingdom,Europe,XL,FC,VH,A,70.5,91,75.9,83,36.4,438,39.8,355,82.5,230,88.5,132,98.8,14,50.9,251,71.8,211=,63.8,university of leeds,QS World University Rankings 2025,International Education Costs Dataset,Medium,82.0,94.28,3200.0,67.8,3267.8,94.79,100.0,High Quality
Italy,Naples,University of Naples,Software Engineering,PhD,4.0,3200,67.8,800,120,700,0.92,university of naples,university of naples,university of leeds,87.17948717948718,82,75,University of Leeds,United Kingdom,Europe,XL,FC,VH,A,70.5,91,75.9,83,36.4,438,39.8,355,82.5,230,88.5,132,98.8,14,50.9,251,71.8,211=,63.8,university of leeds,QS World University Rankings 2025,International Education Costs Dataset,Medium,82.0,94.28,3200.0,67.8,3267.8,94.79,100.0,High Quality
Greece,Ioannina,University of Ioannina,Information Systems,Bachelor,4.0,0,58.9,380,100,600,0.92,university of ioannina,university of ioannina,university of ioannina,100.0,1001-1200,1001-1200,University of Ioannina,Greece,Europe,XL,FC,HI,,7.2,601+,3.8,601+,1.5,701+,19.5,561,1.7,701+,2.5,701+,61.3,612,3.6,701+,2.0,701+,,university of ioannina,QS World University Rankings 2025,International Education Costs Dataset,Excellent,1001.0,28.59,0.0,58.9,58.9,99.96,100.0,High Quality
Austria,Klagenfurt,University of Klagenfurt,Data Science,Master,2.0,1500,69.4,720,160,850,0.92,university of klagenfurt,university of klagenfurt,university of klagenfurt,100.0,611-620,580,University of Klagenfurt,Austria,Europe,S,FO,VH,A,5.7,601+,3.7,601+,51.3,298,11.3,701+,96.0,138,87.8,134,35.6,701+,9.2,701+,1.6,701+,,university of klagenfurt,QS World University Rankings 2025,International Education Costs Dataset,Excellent,611.0,56.47,1500.0,69.4,1569.4,97.53,100.0,High Quality
Mexico,Merida,Universidad Autonoma de Yucatan,Computer Engineering,Master,2.0,3500,43.2,400,40,400,17.05,universidad autonoma de yucatan,universidad autonoma de yucatan,universidad autonoma de yucatan,100.0,1401+,1401+,Universidad Autonoma de Yucatan,Mexico,Americas,L,CO,HI,A,5.5,601+,1.5,601+,4.9,701+,2.4,701+,2.2,701+,1.1,701+,10.1,701+,1.6,701+,1.0,701+,,universidad autonoma de yucatan,QS World University Rankings 2025,International Education Costs Dataset,Excellent,1401.0,0.0,3500.0,43.2,3543.2,94.35,100.0,High Quality
Spain,Zaragoza,University of Zaragoza,Robotics,Master,2.0,2900,63.2,650,80,750,0.92,university of zaragoza,university of zaragoza,,,,,,,,,,,,,,,,,,,,,,,,,,,,,,,,Not Matched,International Education Costs Dataset,Unmatched,,,2900.0,63.2,2963.2,95.28,75.0,High Quality
Spain,Zaragoza,University of Zaragoza,Robotics,Master,2.0,2900,63.2,650,80,750,0.92,university of zaragoza,university of zaragoza,,,,,,,,,,,,,,,,,,,,,,,,,,,,,,,,Not Matched,International Education Costs Dataset,Unmatched,,,2900.0,63.2,2963.2,95.28,75.0,High Quality
Italy,Pisa,University of Pisa,Computer Engineering,Master,2.0,3300,68.9,850,120,700,0.92,university of pisa,university of pisa,university of pisa,100.0,382,349,University of Pisa,Italy,Europe,L,FC,VH,A,40.4,212,15.1,556,8.6,701+,38.8,359,5.9,701+,4.2,701+,88.3,193,15.0,665,56.7,281,30.7,university of pisa,QS World University Rankings 2025,International Education Costs Dataset,Excellent,382.0,72.84,3300.0,68.9,3368.9,94.63,100.0,High Quality
Italy,Pisa,University of Pisa,Computer Engineering,Master,2.0,3300,68.9,850,120,700,0.92,university of pisa,university of pisa,university of pisa,100.0,382,349,University of Pisa,Italy,Europe,L,FC,VH,A,40.4,212,15.1,556,8.6,701+,38.8,359,5.9,701+,4.2,701+,88.3,193,15.0,665,56.7,281,30.7,university of pisa,QS World University Rankings 2025,International Education Costs Dataset,Excellent,382.0,72.84,3300.0,68.9,3368.9,94.63,100.0,High Quality
Greece,Rhodes,University of the Aegean,Digital Innovation,Master,2.0,0,61.2,420,100,600,0.92,university of the aegean,university of the aegean,the university of georgia,85.71428571428572,587,514,The University of Georgia,United States,Americas,XL,FC,VH,A,20.6,427,18.6,473,9.8,701+,24.4,504,6.7,701+,4.5,701+,83.7,267,21.5,531,30.7,440=,21.1,the university of georgia,QS World University Rankings 2025,International Education Costs Dataset,Medium,587.0,58.18,0.0,61.2,61.2,99.96,100.0,High Quality
Greece,Rhodes,University of the Aegean,Digital Innovation,Master,2.0,0,61.2,420,100,600,0.92,university of the aegean,university of the aegean,the university of georgia,85.71428571428572,587,514,The University of Georgia,United States,Americas,XL,FC,VH,A,20.6,427,18.6,473,9.8,701+,24.4,504,6.7,701+,4.5,701+,83.7,267,21.5,531,30.7,440=,21.1,the university of georgia,QS World University Rankings 2025,International Education Costs Dataset,Medium,587.0,58.18,0.0,61.2,61.2,99.96,100.0,High Quality
Austria,Leoben,Montanuniversität Leoben,Industrial Engineering,PhD,4.0,1500,68.7,700,160,850,0.92,montanuniversit t leoben,montanuniversit t leoben,,,,,,,,,,,,,,,,,,,,,,,,,,,,,,,,Not Matched,International Education Costs Dataset,Unmatched,,,1500.0,68.7,1568.7,97.53,75.0,High Quality
Mexico,Tijuana,CETYS Universidad,Information Technology,Bachelor,4.0,9500,45.4,550,40,400,17.05,cetys universidad,cetys universidad,universidad icesi,88.23529411764706,1001-1200,901-950,Universidad ICESI,Colombia,Americas,M,FO,HI,B,5.7,601+,6.1,601+,78.6,146,1.6,701+,3.7,701+,2.5,701+,8.7,701+,9.7,701+,1.0,701+,,universidad icesi,QS World University Rankings 2025,International Education Costs Dataset,Medium,1001.0,28.59,9500.0,45.4,9545.4,84.68,100.0,High Quality
Spain,Salamanca,University of Salamanca,Data Science,PhD,4.0,3100,62.1,600,80,750,0.92,university of salamanca,university of salamanca,university of salamanca,100.0,539,534,University of Salamanca,Spain,Europe,L,FC,VH,A,26.9,328,14.6,567,26.0,570,6.2,701+,6.9,701+,14.9,625,80.0,322,23.4,484,69.5,223=,22.8,university of salamanca,QS World University Rankings 2025,International Education Costs Dataset,Excellent,539.0,61.62,3100.0,62.1,3162.1,94.96,100.0,High Quality
Spain,Salamanca,University of Salamanca,Data Science,PhD,4.0,3100,62.1,600,80,750,0.92,university of salamanca,university of salamanca,university of salamanca,100.0,539,534,University of Salamanca,Spain,Europe,L,FC,VH,A,26.9,328,14.6,567,26.0,570,6.2,701+,6.9,701+,14.9,625,80.0,322,23.4,484,69.5,223=,22.8,university of salamanca,QS World University Rankings 2025,International Education Costs Dataset,Excellent,539.0,61.62,3100.0,62.1,3162.1,94.96,100.0,High Quality
Italy,Padua,University of Padua,Artificial Intelligence,Master,2.0,3400,69.5,900,120,700,0.92,university of padua,university of padua,university of parma,89.47368421052632,951-1000,851-900,University of Parma,Italy,Europe,XL,FC,HI,A,9.5,601+,2.7,601+,2.9,701+,25.4,492,3.8,701+,9.1,701+,69.4,491,9.2,701+,2.3,701+,,university of parma,QS World University Rankings 2025,International Education Costs Dataset,Medium,951.0,32.17,3400.0,69.5,3469.5,94.47,100.0,High Quality
Italy,Padua,University of Padua,Artificial Intelligence,Master,2.0,3400,69.5,900,120,700,0.92,university of padua,university of padua,university of parma,89.47368421052632,951-1000,851-900,University of Parma,Italy,Europe,XL,FC,HI,A,9.5,601+,2.7,601+,2.9,701+,25.4,492,3.8,701+,9.1,701+,69.4,491,9.2,701+,2.3,701+,,university of parma,QS World University Rankings 2025,International Education Costs Dataset,Medium,951.0,32.17,3400.0,69.5,3469.5,94.47,100.0,High Quality
Greece,Chania,Technical University of Crete,Electronic Engineering,Master,2.0,0,60.4,450,100,600,0.92,technical university of crete,technical university of crete,technical university of kosice,88.13559322033898,1001-1200,1001-1200,Technical University of Kosice,Slovakia,Europe,M,FO,VH,A,7.5,601+,4.4,601+,19.8,679,5.5,701+,1.5,701+,56.2,268,37.2,701+,4.5,701+,1.0,701+,,technical university of kosice,QS World University Rankings 2025,International Education Costs Dataset,Medium,1001.0,28.59,0.0,60.4,60.4,99.96,100.0,High Quality
Austria,Dornbirn,FH Vorarlberg,Software Development,Bachelor,3.0,1500,70.2,800,160,850,0.92,fh vorarlberg,fh vorarlberg,,,,,,,,,,,,,,,,,,,,,,,,,,,,,,,,Not Matched,International Education Costs Dataset,Unmatched,,,1500.0,70.2,1570.2,97.53,75.0,High Quality
Mexico,San Luis Potosi,UASLP,Computer Systems,Master,2.0,2800,42.8,380,40,400,17.05,uaslp,uaslp,,,,,,,,,,,,,,,,,,,,,,,,,,,,,,,,Not Matched,International Education Costs Dataset,Unmatched,,,2800.0,42.8,2842.8,95.48,75.0,High Quality
Turkey,Istanbul,Bogazici University,Computer Engineering,Master,2.0,1500,51.2,600,90,500,28.5,bogazici university,bogazici university,bogazi i university,94.73684210526316,418,514,Bogaziçi University,Turkey,Asia,L,CO,HI,A,24.9,353,65.3,118,4.1,701+,10.7,701+,10.7,701+,2.6,701+,46.8,701+,84.9,102,46.2,334=,28.5,bogazi i university,QS World University Rankings 2025,International Education Costs Dataset,High,418.0,70.26,1500.0,51.2,1551.2,97.56,100.0,High Quality
Turkey,Istanbul,Bogazici University,Computer Engineering,Master,2.0,1500,51.2,600,90,500,28.5,bogazici university,bogazici university,bogazi i university,94.73684210526316,418,514,Bogaziçi University,Turkey,Asia,L,CO,HI,A,24.9,353,65.3,118,4.1,701+,10.7,701+,10.7,701+,2.6,701+,46.8,701+,84.9,102,46.2,334=,28.5,bogazi i university,QS World University Rankings 2025,International Education Costs Dataset,High,418.0,70.26,1500.0,51.2,1551.2,97.56,100.0,High Quality
Greece,Athens,Athens University of Economics,Data Science,Master,2.0,0,65.8,650,100,600,0.92,athens university of economics,athens university of economics,,,,,,,,,,,,,,,,,,,,,,,,,,,,,,,,Not Matched,International Education Costs Dataset,Unmatched,,,0.0,65.8,65.8,99.95,75.0,High Quality
Belgium,Leuven,KU Leuven,Artificial Intelligence,PhD,4.0,3800,76.5,950,180,800,0.92,ku leuven,ku leuven,ku leuven,100.0,63,61,KU Leuven,Belgium,Europe,XL,FC,VH,A,84.6,55,49.6,181,7.1,701+,91.0,72,93.8,163,47.7,305,99.5,8,75.3,139,51.2,313=,70.3,ku leuven,QS World University Rankings 2025,International Education Costs Dataset,Excellent,63.0,95.64,3800.0,76.5,3876.5,93.81,100.0,High Quality
Belgium,Leuven,KU Leuven,Artificial Intelligence,PhD,4.0,3800,76.5,950,180,800,0.92,ku leuven,ku leuven,ku leuven,100.0,63,61,KU Leuven,Belgium,Europe,XL,FC,VH,A,84.6,55,49.6,181,7.1,701+,91.0,72,93.8,163,47.7,305,99.5,8,75.3,139,51.2,313=,70.3,ku leuven,QS World University Rankings 2025,International Education Costs Dataset,Excellent,63.0,95.64,3800.0,76.5,3876.5,93.81,100.0,High Quality
Hungary,Budapest,Budapest University of Technology,Software Engineering,Master,2.0,6500,53.4,500,140,450,350.25,budapest university of technology,budapest university of technology,delft university of technology,88.88888888888889,49,47,Delft University of Technology,Netherlands,Europe,L,CO,VH,A,74.4,82,83.0,66,39.4,396,79.7,110,100.0,69,91.4,117,93.7,105,54.8,227,99.1,14,77.0,delft university of technology,QS World University Rankings 2025,International Education Costs Dataset,Medium,49.0,96.64,6500.0,53.4,6553.4,89.5,100.0,High Quality
Russia,Moscow,Moscow State University,Computer Science,Bachelor,4.0,5500,62.3,600,160,400,95.5,moscow state university,moscow state university,iowa state university,86.36363636363636,470,400,Iowa State University,United States,Americas,L,CO,VH,A,20.7,425,12.0,601+,9.1,701+,47.9,280,7.5,701+,12.5,667,77.3,374,32.9,388,31.3,435=,25.6,iowa state university,QS World University Rankings 2025,International Education Costs Dataset,Medium,470.0,66.55,5500.0,62.3,5562.3,91.1,100.0,High Quality
Russia,Moscow,Moscow State University,Computer Science,Bachelor,4.0,5500,62.3,600,160,400,95.5,moscow state university,moscow state university,iowa state university,86.36363636363636,470,400,Iowa State University,United States,Americas,L,CO,VH,A,20.7,425,12.0,601+,9.1,701+,47.9,280,7.5,701+,12.5,667,77.3,374,32.9,388,31.3,435=,25.6,iowa state university,QS World University Rankings 2025,International Education Costs Dataset,Medium,470.0,66.55,5500.0,62.3,5562.3,91.1,100.0,High Quality
Turkey,Ankara,Middle East Technical University,Data Engineering,Master,2.0,1200,48.5,450,90,500,28.5,middle east technical university,middle east technical university,middle east technical university,100.0,285,336,Middle East Technical University,Turkey,Asia,L,CO,VH,A,31.2,286,70.2,101,9.0,701+,22.3,528,12.0,701+,18.3,576,74.7,412,77.5,130,69.5,223=,37.2,middle east technical university,QS World University Rankings 2025,International Education Costs Dataset,Excellent,285.0,79.77,1200.0,48.5,1248.5,98.05,100.0,High Quality
Greece,Thessaloniki,University of Macedonia,Information Systems,PhD,4.0,0,62.4,500,100,600,0.92,university of macedonia,university of macedonia,university of macau,85.71428571428572,245,254,University of Macau,Macau SAR,Asia,L,CO,VH,A,11.9,601+,10.5,601+,9.8,701+,99.1,23,100.0,21,99.9,36,57.0,664,50.3,253,7.7,701+,41.1,university of macau,QS World University Rankings 2025,International Education Costs Dataset,Medium,245.0,82.63,0.0,62.4,62.4,99.96,100.0,High Quality
Belgium,Ghent,Ghent University,Computer Science,Master,2.0,3500,72.8,850,180,800,0.92,ghent university,ghent university,ghent university,100.0,169,159,Ghent University,Belgium,Europe,XL,FC,VH,A,53.2,150,24.8,384,78.5,148,21.5,538,79.7,241,21.4,522,99.5,9,72.9,145,98.3,21,50.1,ghent university,QS World University Rankings 2025,International Education Costs Dataset,Excellent,169.0,88.06,3500.0,72.8,3572.8,94.3,100.0,High Quality
Hungary,Debrecen,University of Debrecen,Mechatronics,Bachelor,3.0,5800,48.9,400,140,450,350.25,university of debrecen,university of debrecen,university of debrecen,100.0,574,671-680,University of Debrecen,Hungary,Europe,L,FC,HI,A,17.9,505,13.9,588,34.0,464,3.9,701+,10.6,701+,70.0,209,76.7,385,21.4,537,39.5,371=,21.5,university of debrecen,QS World University Rankings 2025,International Education Costs Dataset,Excellent,574.0,59.11,5800.0,48.9,5848.9,90.64,100.0,High Quality
Russia,Saint Petersburg,ITMO University,Data Science,Master,2.0,5000,60.1,550,160,400,95.5,itmo university,itmo university,itmo university,100.0,595,542,ITMO University,Russia,Europe,M,FO,VH,A,10.5,601+,13.0,601+,95.5,59,5.4,701+,20.3,592,36.2,382,65.3,550,1.9,701+,1.2,701+,20.9,itmo university,QS World University Rankings 2025,International Education Costs Dataset,Excellent,595.0,57.61,5000.0,60.1,5060.1,91.91,100.0,High Quality
Turkey,Izmir,Ege University,Electronics Engineering,PhD,4.0,1300,47.8,400,90,500,28.5,ege university,ege university,ege university,100.0,1001-1200,1001-1200,EGE UNIVERSITY,Turkey,Asia,L,FC,HI,A,10.0,601+,13.6,595,15.8,701+,3.2,701+,1.3,701+,7.8,701+,68.6,506,2.1,701+,1.4,701+,,ege university,QS World University Rankings 2025,International Education Costs Dataset,Excellent,1001.0,28.59,1300.0,47.8,1347.8,97.89,100.0,High Quality
Greece,Patras,University of Patras,Computer Engineering,Master,2.0,0,60.5,450,100,600,0.92,university of patras,university of patras,university of patras,100.0,761-770,791-800,University of Patras,Greece,Europe,L,FC,VH,A,11.7,601+,17.1,502,2.7,701+,27.0,475,1.4,701+,4.8,701+,60.6,626,3.7,701+,44.9,338=,,university of patras,QS World University Rankings 2025,International Education Costs Dataset,Excellent,761.0,45.75,0.0,60.5,60.5,99.96,100.0,High Quality
Greece,Patras,University of Patras,Computer Engineering,Master,2.0,0,60.5,450,100,600,0.92,university of patras,university of patras,university of patras,100.0,761-770,791-800,University of Patras,Greece,Europe,L,FC,VH,A,11.7,601+,17.1,502,2.7,701+,27.0,475,1.4,701+,4.8,701+,60.6,626,3.7,701+,44.9,338=,,university of patras,QS World University Rankings 2025,International Education Costs Dataset,Excellent,761.0,45.75,0.0,60.5,60.5,99.96,100.0,High Quality
Belgium,Brussels,Vrije Universiteit Brussel,Robotics,Master,2.0,3600,75.4,900,180,800,0.92,vrije universiteit brussel,vrije universiteit brussel,vrije universiteit brussel vub,92.85714285714286,278,259,Vrije Universiteit Brussel (VUB),Belgium,Europe,L,FC,VH,A,23.3,381,13.7,592,76.1,159,18.2,581,93.6,165,58.2,255,93.1,115,51.8,243,72.1,208=,38.1,vrije universiteit brussel vub,QS World University Rankings 2025,International Education Costs Dataset,High,278.0,80.27,3600.0,75.4,3675.4,94.14,100.0,High Quality
Hungary,Szeged,University of Szeged,Computer Science,PhD,4.0,6000,47.2,380,140,450,350.25,university of szeged,university of szeged,university of szeged,100.0,570,601-610,University of Szeged,Hungary,Europe,L,FC,HI,B,18.5,491,16.8,510,37.0,434,4.8,701+,11.8,701+,41.2,347,73.1,440,15.0,663,61.9,258=,21.8,university of szeged,QS World University Rankings 2025,International Education Costs Dataset,Excellent,570.0,59.4,6000.0,47.2,6047.2,90.32,100.0,High Quality
Russia,Novosibirsk,Novosibirsk State University,Mathematics,Master,2.0,4800,55.4,400,160,400,95.5,novosibirsk state university,novosibirsk state university,novosibirsk state university,100.0,442,421,Novosibirsk State University,Russia,Europe,M,CO,VH,A,24.7,354,18.4,480,91.0,81,9.5,701+,6.3,701+,57.0,259,56.5,671,5.8,701+,5.3,701+,26.8,novosibirsk state university,QS World University Rankings 2025,International Education Costs Dataset,Excellent,442.0,68.55,4800.0,55.4,4855.4,92.24,100.0,High Quality
Turkey,Eskisehir,Anadolu University,Information Systems,Bachelor,4.0,1000,45.6,350,90,500,28.5,anadolu university,anadolu university,anadolu university,100.0,1201-1400,1201-1400,Anadolu University,Turkey,Asia,L,FO,HI,A,4.9,601+,3.9,601+,13.1,701+,2.6,701+,1.8,701+,2.9,701+,17.5,701+,13.9,697,1.0,701+,,anadolu university,QS World University Rankings 2025,International Education Costs Dataset,Excellent,1201.0,14.3,1000.0,45.6,1045.6,98.37,100.0,High Quality
Greece,Heraklion,University of Crete,Data Analytics,Master,2.0,0,61.2,480,100,600,0.92,university of crete,university of crete,university of crete,100.0,601-610,534,University of Crete,Greece,Europe,L,FC,HI,A,13.9,601+,12.7,601+,2.4,701+,58.7,208,2.3,701+,3.5,701+,57.0,663,3.6,701+,1.8,701+,,university of crete,QS World University Rankings 2025,International Education Costs Dataset,Excellent,601.0,57.18,0.0,61.2,61.2,99.96,100.0,High Quality
Greece,Heraklion,University of Crete,Data Analytics,Master,2.0,0,61.2,480,100,600,0.92,university of crete,university of crete,university of crete,100.0,601-610,534,University of Crete,Greece,Europe,L,FC,HI,A,13.9,601+,12.7,601+,2.4,701+,58.7,208,2.3,701+,3.5,701+,57.0,663,3.6,701+,1.8,701+,,university of crete,QS World University Rankings 2025,International Education Costs Dataset,Excellent,601.0,57.18,0.0,61.2,61.2,99.96,100.0,High Quality
Belgium,Antwerp,University of Antwerp,Computer Science,PhD,4.0,3700,71.2,800,180,800,0.92,university of antwerp,university of antwerp,university of antwerp,100.0,267,248,University of Antwerp,Belgium,Europe,L,FC,VH,A,24.1,361,11.3,601+,37.5,427,48.1,278,94.4,157,32.0,415,94.6,85,44.8,284,74.8,190=,38.7,university of antwerp,QS World University Rankings 2025,International Education Costs Dataset,Excellent,267.0,81.06,3700.0,71.2,3771.2,93.98,100.0,High Quality
Hungary,Pecs,University of Pecs,Software Development,Master,2.0,5500,46.8,350,140,450,350.25,university of pecs,university of pecs,university of pecs,100.0,771-780,801-850,University of Pecs,Hungary,Europe,L,FC,HI,A,14.3,601+,11.9,601+,41.4,377,2.8,701+,9.3,701+,64.3,233,40.3,701+,4.0,701+,11.3,636=,,university of pecs,QS World University Rankings 2025,International Education Costs Dataset,Excellent,771.0,45.03,5500.0,46.8,5546.8,91.12,100.0,High Quality
Russia,Kazan,Kazan Federal University,Artificial Intelligence,Bachelor,4.0,4500,52.3,380,160,400,95.5,kazan federal university,kazan federal university,,,,,,,,,,,,,,,,,,,,,,,,,,,,,,,,Not Matched,International Education Costs Dataset,Unmatched,,,4500.0,52.3,4552.3,92.72,75.0,High Quality
Turkey,Bursa,Uludag University,Computer Science,Master,2.0,1100,46.5,380,90,500,28.5,uludag university,uludag university,lund university,87.5,75,85,Lund University,Sweden,Europe,L,FC,VH,A,68.3,96,52.5,160,55.5,271,44.6,309,97.4,124,73.4,198,96.7,48,86.5,95,99.6,8,65.6,lund university,QS World University Rankings 2025,International Education Costs Dataset,Medium,75.0,94.78,1100.0,46.5,1146.5,98.21,100.0,High Quality
Greece,Volos,University of Thessaly,Cybersecurity,PhD,4.0,0,59.8,400,100,600,0.92,university of thessaly,university of thessaly,,,,,,,,,,,,,,,,,,,,,,,,,,,,,,,,Not Matched,International Education Costs Dataset,Unmatched,,,0.0,59.8,59.8,99.96,75.0,High Quality
Greece,Volos,University of Thessaly,Cybersecurity,PhD,4.0,0,59.8,400,100,600,0.92,university of thessaly,university of thessaly,,,,,,,,,,,,,,,,,,,,,,,,,,,,,,,,Not Matched,International Education Costs Dataset,Unmatched,,,0.0,59.8,59.8,99.96,75.0,High Quality
Belgium,Louvain,UCLouvain,Data Engineering,Master,2.0,3500,70.5,780,180,800,0.92,uclouvain,uclouvain,,,,,,,,,,,,,,,,,,,,,,,,,,,,,,,,Not Matched,International Education Costs Dataset,Unmatched,,,3500.0,70.5,3570.5,94.31,75.0,High Quality
Hungary,Gyor,Szechenyi Istvan University,Robotics,Bachelor,3.0,5200,45.6,320,140,450,350.25,szechenyi istvan university,szechenyi istvan university,,,,,,,,,,,,,,,,,,,,,,,,,,,,,,,,Not Matched,International Education Costs Dataset,Unmatched,,,5200.0,45.6,5245.6,91.61,75.0,High Quality
Russia,Tomsk,Tomsk State University,Software Engineering,Master,2.0,4600,51.2,350,160,400,95.5,tomsk state university,tomsk state university,tomsk state university,100.0,431,418,Tomsk State University,Russia,Europe,M,CO,VH,A,22.0,403,13.5,601+,99.0,36,4.2,701+,21.6,574,91.6,113,64.1,571,4.4,701+,1.4,701+,27.6,tomsk state university,QS World University Rankings 2025,International Education Costs Dataset,Excellent,431.0,69.34,4600.0,51.2,4651.2,92.56,100.0,High Quality
Turkey,Antalya,Akdeniz University,Data Science,PhD,4.0,1400,47.8,420,90,500,28.5,akdeniz university,akdeniz university,akdeniz niversitesi,86.48648648648648,1401+,1401+,Akdeniz Üniversitesi,Turkey,Asia,XL,FO,VH,A,5.7,601+,4.8,601+,3.5,701+,3.0,701+,1.2,701+,1.1,701+,33.7,701+,2.0,701+,1.0,701+,,akdeniz niversitesi,QS World University Rankings 2025,International Education Costs Dataset,Medium,1401.0,0.0,1400.0,47.8,1447.8,97.73,100.0,High Quality
Greece,Piraeus,University of Piraeus,Information Technology,Master,2.0,0,63.4,550,100,600,0.92,university of piraeus,university of piraeus,university of patras,87.8048780487805,761-770,791-800,University of Patras,Greece,Europe,L,FC,VH,A,11.7,601+,17.1,502,2.7,701+,27.0,475,1.4,701+,4.8,701+,60.6,626,3.7,701+,44.9,338=,,university of patras,QS World University Rankings 2025,International Education Costs Dataset,Medium,761.0,45.75,0.0,63.4,63.4,99.96,100.0,High Quality
Belgium,Hasselt,Hasselt University,Artificial Intelligence,Bachelor,3.0,3400,69.8,750,180,800,0.92,hasselt university,hasselt university,hasselt university,100.0,554,551,Hasselt University,Belgium,Europe,M,FO,VH,A,5.8,601+,3.3,601+,82.1,120,15.4,630,74.2,268,25.3,476,69.6,490,2.4,701+,26.8,473=,22.4,hasselt university,QS World University Rankings 2025,International Education Costs Dataset,Excellent,554.0,60.54,3400.0,69.8,3469.8,94.47,100.0,High Quality
Hungary,Miskolc,University of Miskolc,Computer Engineering,Master,2.0,5300,44.5,300,140,450,350.25,university of miskolc,university of miskolc,university of miskolc,100.0,1201-1400,1201-1400,University of Miskolc,Hungary,Europe,M,FO,VH,B,6.6,601+,5.7,601+,18.6,701+,2.4,701+,3.1,701+,3.8,701+,19.2,701+,13.0,701+,1.0,701+,,university of miskolc,QS World University Rankings 2025,International Education Costs Dataset,Excellent,1201.0,14.3,5300.0,44.5,5344.5,91.45,100.0,High Quality
Russia,Yekaterinburg,Ural Federal University,Data Analytics,PhD,4.0,4700,53.4,400,160,400,95.5,ural federal university,ural federal university,ural federal university urfu,90.19607843137256,516,473,Ural Federal University - UrFU,Russia,Europe,XL,CO,VH,A,19.6,455,14.2,577,95.5,60,2.1,701+,5.4,701+,25.3,475,86.6,220,1.9,701+,12.7,615=,23.6,ural federal university urfu,QS World University Rankings 2025,International Education Costs Dataset,High,516.0,63.26,4700.0,53.4,4753.4,92.4,100.0,High Quality
Turkey,Kayseri,Erciyes University,Software Engineering,Master,2.0,1200,45.2,350,90,500,28.5,erciyes university,erciyes university,erciyes niversitesi,86.48648648648648,1201-1400,1201-1400,Erciyes Üniversitesi,Turkey,Asia,XL,FC,HI,A,4.4,601+,3.0,601+,2.0,701+,5.3,701+,3.1,701+,5.7,701+,45.1,701+,1.7,701+,8.8,692=,,erciyes niversitesi,QS World University Rankings 2025,International Education Costs Dataset,Medium,1201.0,14.3,1200.0,45.2,1245.2,98.05,100.0,High Quality
Greece,Xanthi,Democritus University,Computer Engineering,Bachelor,4.0,0,58.7,380,100,600,0.92,democritus university,democritus university,,,,,,,,,,,,,,,,,,,,,,,,,,,,,,,,Not Matched,International Education Costs Dataset,Unmatched,,,0.0,58.7,58.7,99.96,75.0,High Quality
Belgium,Liege,University of Liege,Data Science,PhD,4.0,3600,68.9,720,180,800,0.92,university of liege,university of liege,university of leeds,89.47368421052632,82,75,University of Leeds,United Kingdom,Europe,XL,FC,VH,A,70.5,91,75.9,83,36.4,438,39.8,355,82.5,230,88.5,132,98.8,14,50.9,251,71.8,211=,63.8,university of leeds,QS World University Rankings 2025,International Education Costs Dataset,Medium,82.0,94.28,3600.0,68.9,3668.9,94.15,100.0,High Quality
Hungary,Veszprem,University of Pannonia,Information Systems,Master,2.0,5100,44.8,310,140,450,350.25,university of pannonia,university of pannonia,university of pannonia,100.0,1201-1400,1201-1400,University of Pannonia,Hungary,Europe,S,FO,VH,A,4.2,601+,4.0,601+,22.0,637,8.5,701+,3.3,701+,8.3,701+,44.7,701+,4.0,701+,1.0,701+,,university of pannonia,QS World University Rankings 2025,International Education Costs Dataset,Excellent,1201.0,14.3,5100.0,44.8,5144.8,91.77,100.0,High Quality
Russia,Samara,Samara State University,Computer Science,Master,2.0,4400,50.5,370,160,400,95.5,samara state university,samara state university,arizona state university,85.1063829787234,200,179,Arizona State University,United States,Americas,XL,CO,VH,A,48.6,165,44.1,209,7.4,701+,47.1,289,52.1,357,37.2,378,95.7,66,23.6,479,96.3,41=,46.2,arizona state university,QS World University Rankings 2025,International Education Costs Dataset,Medium,200.0,85.85,4400.0,50.5,4450.5,92.89,100.0,High Quality
Turkey,Konya,Selcuk University,Artificial Intelligence,Bachelor,4.0,1000,44.5,330,90,500,28.5,selcuk university,selcuk university,,,,,,,,,,,,,,,,,,,,,,,,,,,,,,,,Not Matched,International Education Costs Dataset,Unmatched,,,1000.0,44.5,1044.5,98.38,75.0,High Quality
Greece,Chios,University of the Aegean,Digital Systems,Master,2.0,0,59.2,400,100,600,0.92,university of the aegean,university of the aegean,the university of georgia,85.71428571428572,587,514,The University of Georgia,United States,Americas,XL,FC,VH,A,20.6,427,18.6,473,9.8,701+,24.4,504,6.7,701+,4.5,701+,83.7,267,21.5,531,30.7,440=,21.1,the university of georgia,QS World University Rankings 2025,International Education Costs Dataset,Medium,587.0,58.18,0.0,59.2,59.2,99.96,100.0,High Quality
Greece,Chios,University of the Aegean,Digital Systems,Master,2.0,0,59.2,400,100,600,0.92,university of the aegean,university of the aegean,the university of georgia,85.71428571428572,587,514,The University of Georgia,United States,Americas,XL,FC,VH,A,20.6,427,18.6,473,9.8,701+,24.4,504,6.7,701+,4.5,701+,83.7,267,21.5,531,30.7,440=,21.1,the university of georgia,QS World University Rankings 2025,International Education Costs Dataset,Medium,587.0,58.18,0.0,59.2,59.2,99.96,100.0,High Quality
Belgium,Mons,University of Mons,Computer Engineering,Master,2.0,3500,67.8,700,180,800,0.92,university of mons,university of mons,university of mons,100.0,781-790,691-700,University of Mons,Belgium,Europe,M,CO,VH,A,7.1,601+,7.0,601+,3.4,701+,37.3,369,35.0,458,33.7,400,43.7,701+,6.1,701+,1.6,701+,,university of mons,QS World University Rankings 2025,International Education Costs Dataset,Excellent,781.0,44.32,3500.0,67.8,3567.8,94.31,100.0,High Quality
Hungary,Kecskemet,John von Neumann University,Data Analytics,PhD,4.0,5400,43.9,290,140,450,350.25,john von neumann university,john von neumann university,,,,,,,,,,,,,,,,,,,,,,,,,,,,,,,,Not Matched,International Education Costs Dataset,Unmatched,,,5400.0,43.9,5443.9,91.29,75.0,High Quality
Russia,Rostov-on-Don,Southern Federal University,Information Technology,Bachelor,4.0,4200,49.8,350,160,400,95.5,southern federal university,southern federal university,southern federal university,100.0,951-1000,851-900,Southern Federal University,Russia,Europe,L,CO,VH,A,6.6,601+,3.8,601+,67.9,194,1.9,701+,2.9,701+,25.2,477,40.1,701+,1.8,701+,1.2,701+,,southern federal university,QS World University Rankings 2025,International Education Costs Dataset,Excellent,951.0,32.17,4200.0,49.8,4249.8,93.21,100.0,High Quality
Brazil,Sao Paulo,University of Sao Paulo,Computer Science,Master,2.0,0,55.8,600,90,400,4.95,university of sao paulo,university of sao paulo,university of ulsan,85.71428571428572,801-850,751-760,University of Ulsan,South Korea,Asia,M,FC,VH,B,5.0,601+,2.3,601+,60.0,241,33.6,392,2.0,701+,2.4,701+,28.8,701+,3.8,701+,5.6,701+,,university of ulsan,QS World University Rankings 2025,International Education Costs Dataset,Medium,801.0,42.89,0.0,55.8,55.8,99.97,100.0,High Quality
Brazil,Sao Paulo,University of Sao Paulo,Computer Science,Master,2.0,0,55.8,600,90,400,4.95,university of sao paulo,university of sao paulo,university of ulsan,85.71428571428572,801-850,751-760,University of Ulsan,South Korea,Asia,M,FC,VH,B,5.0,601+,2.3,601+,60.0,241,33.6,392,2.0,701+,2.4,701+,28.8,701+,3.8,701+,5.6,701+,,university of ulsan,QS World University Rankings 2025,International Education Costs Dataset,Medium,801.0,42.89,0.0,55.8,55.8,99.97,100.0,High Quality
India,Bangalore,Indian Institute of Science,Data Science,PhD,4.0,2000,45.2,300,180,300,82.75,indian institute of science,indian institute of science,indian institute of science,100.0,211,225,Indian Institute of Science,India,Asia,S,SP,VH,A,45.7,181,26.3,362,37.9,419,99.9,11,3.7,701+,1.5,701+,39.1,701+,13.1,701+,23.7,500=,45.0,indian institute of science,QS World University Rankings 2025,International Education Costs Dataset,Excellent,211.0,85.06,2000.0,45.2,2045.2,96.76,100.0,High Quality
India,Bangalore,Indian Institute of Science,Data Science,PhD,4.0,2000,45.2,300,180,300,82.75,indian institute of science,indian institute of science,indian institute of science,100.0,211,225,Indian Institute of Science,India,Asia,S,SP,VH,A,45.7,181,26.3,362,37.9,419,99.9,11,3.7,701+,1.5,701+,39.1,701+,13.1,701+,23.7,500=,45.0,indian institute of science,QS World University Rankings 2025,International Education Costs Dataset,Excellent,211.0,85.06,2000.0,45.2,2045.2,96.76,100.0,High Quality
Thailand,Bangkok,Chulalongkorn University,Software Engineering,Master,2.0,15000,51.4,500,80,350,35.25,chulalongkorn university,chulalongkorn university,chulalongkorn university,100.0,229,211,Chulalongkorn University,Thailand,Asia,XL,FC,VH,A,68.2,97,35.9,261,31.7,499,7.5,701+,18.7,617,3.0,701+,79.6,331,93.6,60,73.2,198=,43.4,chulalongkorn university,QS World University Rankings 2025,International Education Costs Dataset,Excellent,229.0,83.77,15000.0,51.4,15051.4,75.81,100.0,High Quality
Thailand,Bangkok,Chulalongkorn University,Software Engineering,Master,2.0,15000,51.4,500,80,350,35.25,chulalongkorn university,chulalongkorn university,chulalongkorn university,100.0,229,211,Chulalongkorn University,Thailand,Asia,XL,FC,VH,A,68.2,97,35.9,261,31.7,499,7.5,701+,18.7,617,3.0,701+,79.6,331,93.6,60,73.2,198=,43.4,chulalongkorn university,QS World University Rankings 2025,International Education Costs Dataset,Excellent,229.0,83.77,15000.0,51.4,15051.4,75.81,100.0,High Quality
Egypt,Cairo,Cairo University,Computer Engineering,Bachelor,4.0,2500,31.8,250,100,200,30.9,cairo university,cairo university,cairo university,100.0,350,371,Cairo University,Egypt,Africa,XL,FC,VH,A,45.8,179,41.0,229,8.8,701+,3.0,701+,2.9,701+,7.2,701+,86.4,223,95.5,50,47.2,329,32.5,cairo university,QS World University Rankings 2025,International Education Costs Dataset,Excellent,350.0,75.13,2500.0,31.8,2531.8,95.98,100.0,High Quality
Singapore,Singapore,National University of Singapore,Artificial Intelligence,Master,2.0,42000,83.8,1200,90,800,1.35,national university of singapore,national university of singapore,national university of singapore nus,94.11764705882352,8,8,National University of Singapore (NUS),Singapore,Asia,XL,FC,VH,A,99.5,15,91.1,48,68.8,189,93.1,61,100.0,41,88.9,129,91.6,146,100.0,6,97.7,26=,93.7,national university of singapore nus,QS World University Rankings 2025,International Education Costs Dataset,High,8.0,99.57,42000.0,83.8,42083.8,32.25,100.0,High Quality
Singapore,Singapore,National University of Singapore,Artificial Intelligence,Master,2.0,42000,83.8,1200,90,800,1.35,national university of singapore,national university of singapore,national university of singapore nus,94.11764705882352,8,8,National University of Singapore (NUS),Singapore,Asia,XL,FC,VH,A,99.5,15,91.1,48,68.8,189,93.1,61,100.0,41,88.9,129,91.6,146,100.0,6,97.7,26=,93.7,national university of singapore nus,QS World University Rankings 2025,International Education Costs Dataset,High,8.0,99.57,42000.0,83.8,42083.8,32.25,100.0,High Quality
UAE,Dubai,University of Dubai,Data Analytics,Master,2.0,25000,72.4,1100,270,750,3.67,university of dubai,university of dubai,university of dubai,100.0,851-900,801-850,University of Dubai,United Arab Emirates,Asia,S,SP,LO,B,5.2,601+,4.2,601+,10.6,701+,11.0,701+,100.0,1=,72.0,204,8.2,701+,10.2,701+,1.0,701+,,university of dubai,QS World University Rankings 2025,International Education Costs Dataset,Excellent,851.0,39.31,25000.0,72.4,25072.4,59.66,100.0,High Quality
Brazil,Rio de Janeiro,PUC-Rio,Information Systems,PhD,4.0,8000,53.2,550,90,400,4.95,puc rio,puc rio,,,,,,,,,,,,,,,,,,,,,,,,,,,,,,,,Not Matched,International Education Costs Dataset,Unmatched,,,8000.0,53.2,8053.2,87.08,75.0,High Quality
India,Mumbai,IIT Bombay,Computer Engineering,Master,2.0,1800,47.5,350,180,300,82.75,iit bombay,iit bombay,,,,,,,,,,,,,,,,,,,,,,,,,,,,,,,,Not Matched,International Education Costs Dataset,Unmatched,,,1800.0,47.5,1847.5,97.08,75.0,High Quality
Thailand,Chiang Mai,Chiang Mai University,Data Science,Bachelor,4.0,12000,45.6,300,80,350,35.25,chiang mai university,chiang mai university,chiang mai university,100.0,567,571,Chiang Mai University,Thailand,Asia,XL,FC,HI,A,34.8,252,17.1,501,17.3,701+,4.2,701+,4.8,701+,4.2,701+,62.5,596,19.1,578,56.1,282=,21.9,chiang mai university,QS World University Rankings 2025,International Education Costs Dataset,Excellent,567.0,59.61,12000.0,45.6,12045.6,80.65,100.0,High Quality
Singapore,Singapore,Nanyang Technological University,Computer Science,PhD,4.0,40000,83.8,1100,90,800,1.35,nanyang technological university,nanyang technological university,almaty technological university,85.71428571428572,951-1000,801-850,Almaty Technological University,Kazakhstan,Asia,M,FO,HI,A,6.2,601+,4.2,601+,88.1,93,1.0,701+,25.0,536,4.8,701+,2.9,701+,3.3,701+,1.1,701+,,almaty technological university,QS World University Rankings 2025,International Education Costs Dataset,Medium,951.0,32.17,40000.0,83.8,40083.8,35.47,100.0,High Quality
Singapore,Singapore,Nanyang Technological University,Computer Science,PhD,4.0,40000,83.8,1100,90,800,1.35,nanyang technological university,nanyang technological university,almaty technological university,85.71428571428572,951-1000,801-850,Almaty Technological University,Kazakhstan,Asia,M,FO,HI,A,6.2,601+,4.2,601+,88.1,93,1.0,701+,25.0,536,4.8,701+,2.9,701+,3.3,701+,1.1,701+,,almaty technological university,QS World University Rankings 2025,International Education Costs Dataset,Medium,951.0,32.17,40000.0,83.8,40083.8,35.47,100.0,High Quality
UAE,Abu Dhabi,Khalifa University,Robotics,Master,2.0,27000,71.8,1000,270,750,3.67,khalifa university,khalifa university,ahlia university,88.23529411764706,711-720,751-760,Ahlia University,Bahrain,Asia,S,SP,HI,B,16.7,536,8.4,601+,31.7,497,3.8,701+,100.0,47,42.7,339,9.3,701+,12.7,701+,2.5,701+,,ahlia university,QS World University Rankings 2025,International Education Costs Dataset,Medium,711.0,49.32,27000.0,71.8,27071.8,56.44,100.0,High Quality
Brazil,Campinas,UNICAMP,Computer Engineering,Master,2.0,0,51.4,450,90,400,4.95,unicamp,unicamp,,,,,,,,,,,,,,,,,,,,,,,,,,,,,,,,Not Matched,International Education Costs Dataset,Unmatched,,,0.0,51.4,51.4,99.98,75.0,High Quality
India,Delhi,IIT Delhi,Artificial Intelligence,PhD,4.0,1900,44.8,320,180,300,82.75,iit delhi,iit delhi,,,,,,,,,,,,,,,,,,,,,,,,,,,,,,,,Not Matched,International Education Costs Dataset,Unmatched,,,1900.0,44.8,1944.8,96.93,75.0,High Quality
Thailand,Khon Kaen,Khon Kaen University,Information Technology,Master,2.0,11000,42.5,250,80,350,35.25,khon kaen university,khon kaen university,khon kaen university,100.0,951-1000,951-1000,Khon Kaen University,Thailand,Asia,XL,FC,HI,A,17.2,524,10.7,601+,7.4,701+,4.4,701+,5.3,701+,2.3,701+,50.9,701+,4.4,701+,31.8,431,,khon kaen university,QS World University Rankings 2025,International Education Costs Dataset,Excellent,951.0,32.17,11000.0,42.5,11042.5,82.27,100.0,High Quality
Egypt,Alexandria,Alexandria University,Software Engineering,Master,2.0,2200,30.5,200,100,200,30.9,alexandria university,alexandria university,alexandria university,100.0,801-850,901-950,Alexandria University,Egypt,Africa,XL,FC,VH,A,23.1,385,18.3,482,4.5,701+,2.0,701+,1.7,701+,4.8,701+,76.4,386,24.3,467,6.9,701+,,alexandria university,QS World University Rankings 2025,International Education Costs Dataset,Excellent,801.0,42.89,2200.0,30.5,2230.5,96.47,100.0,High Quality
Singapore,Singapore,Singapore Management University,Data Analytics,Bachelor,4.0,38000,83.8,1150,90,800,1.35,singapore management university,singapore management university,singapore management university,100.0,585,545,Singapore Management University,Singapore,Asia,M,SP,VH,A,12.3,601+,14.2,578,10.2,701+,18.8,572,100.0,46,58.9,251,20.8,701+,27.1,443,26.3,478=,21.2,singapore management university,QS World University Rankings 2025,International Education Costs Dataset,Excellent,585.0,58.33,38000.0,83.8,38083.8,38.7,100.0,High Quality
Singapore,Singapore,Singapore Management University,Data Analytics,Bachelor,4.0,38000,83.8,1150,90,800,1.35,singapore management university,singapore management university,singapore management university,100.0,585,545,Singapore Management University,Singapore,Asia,M,SP,VH,A,12.3,601+,14.2,578,10.2,701+,18.8,572,100.0,46,58.9,251,20.8,701+,27.1,443,26.3,478=,21.2,singapore management university,QS World University Rankings 2025,International Education Costs Dataset,Excellent,585.0,58.33,38000.0,83.8,38083.8,38.7,100.0,High Quality
UAE,Sharjah,American University of Sharjah,Computer Science,PhD,4.0,26000,68.5,900,270,750,3.67,american university of sharjah,american university of sharjah,american university of sharjah,100.0,332,364,American University of Sharjah,United Arab Emirates,Asia,M,CO,VH,B,20.9,421,38.6,245,19.1,696,23.9,511,100.0,3,100.0,8,48.1,701+,48.0,267,16.5,567=,33.6,american university of sharjah,QS World University Rankings 2025,International Education Costs Dataset,Excellent,332.0,76.41,26000.0,68.5,26068.5,58.06,100.0,High Quality
Brazil,Porto Alegre,UFRGS,Data Science,Bachelor,4.0,0,49.8,400,90,400,4.95,ufrgs,ufrgs,,,,,,,,,,,,,,,,,,,,,,,,,,,,,,,,Not Matched,International Education Costs Dataset,Unmatched,,,0.0,49.8,49.8,99.98,75.0,High Quality
India,Chennai,IIT Madras,Software Engineering,Master,2.0,1700,42.4,280,180,300,82.75,iit madras,iit madras,,,,,,,,,,,,,,,,,,,,,,,,,,,,,,,,Not Matched,International Education Costs Dataset,Unmatched,,,1700.0,42.4,1742.4,97.25,75.0,High Quality
Thailand,Phuket,Prince of Songkla University,Computer Engineering,Master,2.0,10000,44.8,300,80,350,35.25,prince of songkla university,prince of songkla university,prince of songkla university,100.0,951-1000,901-950,Prince of Songkla University,Thailand,Asia,XL,FC,HI,A,21.6,408,5.6,601+,16.4,701+,3.3,701+,5.3,701+,1.9,701+,40.3,701+,3.9,701+,24.2,497,,prince of songkla university,QS World University Rankings 2025,International Education Costs Dataset,Excellent,951.0,32.17,10000.0,44.8,10044.8,83.87,100.0,High Quality
Thailand,Phuket,Prince of Songkla University,Computer Engineering,Master,2.0,10000,44.8,300,80,350,35.25,prince of songkla university,prince of songkla university,prince of songkla university,100.0,951-1000,901-950,Prince of Songkla University,Thailand,Asia,XL,FC,HI,A,21.6,408,5.6,601+,16.4,701+,3.3,701+,5.3,701+,1.9,701+,40.3,701+,3.9,701+,24.2,497,,prince of songkla university,QS World University Rankings 2025,International Education Costs Dataset,Excellent,951.0,32.17,10000.0,44.8,10044.8,83.87,100.0,High Quality
Egypt,Giza,Ain Shams University,Data Science,PhD,4.0,2400,31.2,220,100,200,30.9,ain shams university,ain shams university,ain shams university,100.0,592,721-730,Ain Shams University,Egypt,Africa,XL,FC,VH,A,24.0,364,32.2,292,11.3,701+,1.9,701+,23.1,557,7.5,701+,74.2,418,56.3,219,9.8,672=,21.0,ain shams university,QS World University Rankings 2025,International Education Costs Dataset,Excellent,592.0,57.83,2400.0,31.2,2431.2,96.14,100.0,High Quality
Singapore,Singapore,Singapore University of Technology,Artificial Intelligence,Master,2.0,39000,83.8,1100,90,800,1.35,singapore university of technology,singapore university of technology,swinburne university of technology,88.23529411764706,291,285,Swinburne University of Technology,Australia,Oceania,L,CO,VH,A,13.9,601+,11.4,601+,12.4,701+,86.5,88,94.9,150,77.3,183,66.1,538,13.9,696,15.4,585=,37.1,swinburne university of technology,QS World University Rankings 2025,International Education Costs Dataset,Medium,291.0,79.34,39000.0,83.8,39083.8,37.09,100.0,High Quality
UAE,Ajman,Ajman University,Information Systems,Bachelor,4.0,23000,65.4,800,270,750,3.67,ajman university,ajman university,ajman university,100.0,477,551,Ajman University,United Arab Emirates,Asia,S,FO,VH,B,17.3,521,42.2,221,9.6,701+,3.2,701+,100.0,6,100.0,3,48.4,701+,9.8,701+,1.4,701+,25.1,ajman university,QS World University Rankings 2025,International Education Costs Dataset,Excellent,477.0,66.05,23000.0,65.4,23065.4,62.89,100.0,High Quality
Brazil,Recife,UFPE,Computer Engineering,Master,2.0,0,47.5,350,90,400,4.95,ufpe,ufpe,,,,,,,,,,,,,,,,,,,,,,,,,,,,,,,,Not Matched,International Education Costs Dataset,Unmatched,,,0.0,47.5,47.5,99.98,75.0,High Quality
India,Hyderabad,IIT Hyderabad,Data Analytics,PhD,4.0,1800,41.2,260,180,300,82.75,iit hyderabad,iit hyderabad,,,,,,,,,,,,,,,,,,,,,,,,,,,,,,,,Not Matched,International Education Costs Dataset,Unmatched,,,1800.0,41.2,1841.2,97.09,75.0,High Quality
Thailand,Hat Yai,Prince of Songkla University,Software Engineering,Bachelor,4.0,9500,43.2,280,80,350,35.25,prince of songkla university,prince of songkla university,prince of songkla university,100.0,951-1000,901-950,Prince of Songkla University,Thailand,Asia,XL,FC,HI,A,21.6,408,5.6,601+,16.4,701+,3.3,701+,5.3,701+,1.9,701+,40.3,701+,3.9,701+,24.2,497,,prince of songkla university,QS World University Rankings 2025,International Education Costs Dataset,Excellent,951.0,32.17,9500.0,43.2,9543.2,84.68,100.0,High Quality
Thailand,Hat Yai,Prince of Songkla University,Software Engineering,Bachelor,4.0,9500,43.2,280,80,350,35.25,prince of songkla university,prince of songkla university,prince of songkla university,100.0,951-1000,901-950,Prince of Songkla University,Thailand,Asia,XL,FC,HI,A,21.6,408,5.6,601+,16.4,701+,3.3,701+,5.3,701+,1.9,701+,40.3,701+,3.9,701+,24.2,497,,prince of songkla university,QS World University Rankings 2025,International Education Costs Dataset,Excellent,951.0,32.17,9500.0,43.2,9543.2,84.68,100.0,High Quality
Egypt,Port Said,Port Said University,Computer Science,Master,2.0,2100,29.8,180,100,200,30.9,port said university,port said university,,,,,,,,,,,,,,,,,,,,,,,,,,,,,,,,Not Matched,International Education Costs Dataset,Unmatched,,,2100.0,29.8,2129.8,96.63,75.0,High Quality
Singapore,Singapore,SUTD,Robotics,PhD,4.0,37000,83.8,1050,90,800,1.35,sutd,sutd,,,,,,,,,,,,,,,,,,,,,,,,,,,,,,,,Not Matched,International Education Costs Dataset,Unmatched,,,37000.0,83.8,37083.8,40.31,75.0,High Quality
Singapore,Singapore,SUTD,Robotics,PhD,4.0,37000,83.8,1050,90,800,1.35,sutd,sutd,,,,,,,,,,,,,,,,,,,,,,,,,,,,,,,,Not Matched,International Education Costs Dataset,Unmatched,,,37000.0,83.8,37083.8,40.31,75.0,High Quality
Singapore,Singapore,SUTD,Robotics,PhD,4.0,37000,83.8,1050,90,800,1.35,sutd,sutd,,,,,,,,,,,,,,,,,,,,,,,,,,,,,,,,Not Matched,International Education Costs Dataset,Unmatched,,,37000.0,83.8,37083.8,40.31,75.0,High Quality
UAE,Al Ain,UAE University,Data Science,Master,2.0,24000,64.2,750,270,750,3.67,uae university,uae university,hue university,92.85714285714286,1201-1400,,Hue University,Vietnam,Asia,XL,CO,HI,A,4.6,601+,12.9,601+,3.0,701+,1.6,701+,4.8,701+,1.4,701+,41.6,701+,4.5,701+,1.1,701+,,hue university,QS World University Rankings 2025,International Education Costs Dataset,High,1201.0,14.3,24000.0,64.2,24064.2,61.29,100.0,High Quality
Brazil,Florianopolis,UFSC,Information Technology,PhD,4.0,0,48.9,400,90,400,4.95,ufsc,ufsc,,,,,,,,,,,,,,,,,,,,,,,,,,,,,,,,Not Matched,International Education Costs Dataset,Unmatched,,,0.0,48.9,48.9,99.98,75.0,High Quality
India,Pune,IIT Pune,Computer Science,Master,2.0,1600,40.5,250,180,300,82.75,iit pune,iit pune,,,,,,,,,,,,,,,,,,,,,,,,,,,,,,,,Not Matched,International Education Costs Dataset,Unmatched,,,1600.0,40.5,1640.5,97.42,75.0,High Quality
Thailand,Nakhon Ratchasima,Suranaree University,Data Engineering,Master,2.0,9000,41.8,250,80,350,35.25,suranaree university,suranaree university,,,,,,,,,,,,,,,,,,,,,,,,,,,,,,,,Not Matched,International Education Costs Dataset,Unmatched,,,9000.0,41.8,9041.8,85.49,75.0,High Quality
Egypt,Mansoura,Mansoura University,Information Systems,Bachelor,4.0,2000,28.5,170,100,200,30.9,mansoura university,mansoura university,mansoura university,100.0,951-1000,1001-1200,Mansoura University,Egypt,Africa,XL,FC,VH,A,14.1,601+,12.0,601+,3.3,701+,2.6,701+,6.7,701+,5.7,701+,74.7,413,4.4,701+,40.4,363=,,mansoura university,QS World University Rankings 2025,International Education Costs Dataset,Excellent,951.0,32.17,2000.0,28.5,2028.5,96.79,100.0,High Quality
Singapore,Singapore,SIM Global Education,Software Engineering,Bachelor,4.0,35000,83.8,1000,90,800,1.35,sim global education,sim global education,,,,,,,,,,,,,,,,,,,,,,,,,,,,,,,,Not Matched,International Education Costs Dataset,Unmatched,,,35000.0,83.8,35083.8,43.53,75.0,High Quality
UAE,Ras Al Khaimah,RAK University,Computer Engineering,Master,2.0,22000,62.5,700,270,750,3.67,rak university,rak university,brac university,89.65517241379311,1001-1200,1001-1200,BRAC University,Bangladesh,Asia,L,CO,HI,B,11.6,601+,27.9,344,10.0,701+,2.0,701+,2.0,701+,1.4,701+,21.4,701+,3.8,701+,1.1,701+,,brac university,QS World University Rankings 2025,International Education Costs Dataset,Medium,1001.0,28.59,22000.0,62.5,22062.5,64.51,100.0,High Quality
Brazil,Salvador,UFBA,Data Science,Master,2.0,0,46.8,380,90,400,4.95,ufba,ufba,,,,,,,,,,,,,,,,,,,,,,,,,,,,,,,,Not Matched,International Education Costs Dataset,Unmatched,,,0.0,46.8,46.8,99.98,75.0,High Quality
India,Kanpur,IIT Kanpur,Artificial Intelligence,PhD,4.0,1900,39.8,240,180,300,82.75,iit kanpur,iit kanpur,,,,,,,,,,,,,,,,,,,,,,,,,,,,,,,,Not Matched,International Education Costs Dataset,Unmatched,,,1900.0,39.8,1939.8,96.93,75.0,High Quality
Thailand,Songkhla,Thaksin University,Computer Engineering,Bachelor,4.0,8500,42.5,270,80,350,35.25,thaksin university,thaksin university,deakin university,85.71428571428572,197,233,Deakin University,Australia,Oceania,XL,FC,VH,A,31.3,282,23.9,400,4.6,701+,73.6,140,96.4,135,63.8,236,82.7,280,36.8,347,93.7,66,46.4,deakin university,QS World University Rankings 2025,International Education Costs Dataset,Medium,197.0,86.06,8500.0,42.5,8542.5,86.3,100.0,High Quality
Egypt,Aswan,Aswan University,Data Analytics,Master,2.0,1900,27.8,160,100,200,30.9,aswan university,aswan university,swansea university,88.23529411764706,298,307,Swansea University,United Kingdom,Europe,L,FC,VH,A,23.1,387,43.1,214,25.1,591,27.9,467,71.0,278,59.6,249,82.3,286,8.3,701+,91.8,80,36.5,swansea university,QS World University Rankings 2025,International Education Costs Dataset,Medium,298.0,78.84,1900.0,27.8,1927.8,96.95,100.0,High Quality
UAE,Fujairah,Fujairah University,Information Technology,Bachelor,4.0,21000,61.4,650,270,750,3.67,fujairah university,fujairah university,,,,,,,,,,,,,,,,,,,,,,,,,,,,,,,,Not Matched,International Education Costs Dataset,Unmatched,,,21000.0,61.4,21061.4,66.12,75.0,High Quality
Iceland,Reykjavik,University of Iceland,Computer Science,Master,2.0,0,84.5,1200,140,900,137.5,university of iceland,university of iceland,university of iceland,100.0,547,1201-1400,University of Iceland,Iceland,Europe,M,CO,VH,,6.8,601+,2.5,601+,99.9,21,6.7,701+,25.7,525,10.3,701+,73.5,427,83.2,108,5.9,701+,22.6,university of iceland,QS World University Rankings 2025,International Education Costs Dataset,Excellent,547.0,61.04,0.0,84.5,84.5,99.92,100.0,High Quality
Colombia,Bogota,Universidad Nacional,Software Engineering,Master,2.0,3500,41.2,400,80,300,3950.0,universidad nacional,universidad nacional,,,,,,,,,,,,,,,,,,,,,,,,,,,,,,,,Not Matched,International Education Costs Dataset,Unmatched,,,3500.0,41.2,3541.2,94.35,75.0,High Quality
Poland,Warsaw,University of Warsaw,Data Science,PhD,4.0,3000,54.8,650,80,400,4.1,university of warsaw,university of warsaw,university of warsaw,100.0,258,262,University of Warsaw,Poland,Europe,XL,CO,VH,A,50.0,163,53.6,158,46.4,330,5.5,701+,10.5,701+,8.4,701+,84.1,262,60.0,203,69.8,222,39.8,university of warsaw,QS World University Rankings 2025,International Education Costs Dataset,Excellent,258.0,81.7,3000.0,54.8,3054.8,95.14,100.0,High Quality
Poland,Warsaw,University of Warsaw,Data Science,PhD,4.0,3000,54.8,650,80,400,4.1,university of warsaw,university of warsaw,university of warsaw,100.0,258,262,University of Warsaw,Poland,Europe,XL,CO,VH,A,50.0,163,53.6,158,46.4,330,5.5,701+,10.5,701+,8.4,701+,84.1,262,60.0,203,69.8,222,39.8,university of warsaw,QS World University Rankings 2025,International Education Costs Dataset,Excellent,258.0,81.7,3000.0,54.8,3054.8,95.14,100.0,High Quality
Romania,Bucharest,University Politehnica,Computer Engineering,Bachelor,3.0,2500,45.2,450,120,350,4.65,university politehnica,university politehnica,,,,,,,,,,,,,,,,,,,,,,,,,,,,,,,,Not Matched,International Education Costs Dataset,Unmatched,,,2500.0,45.2,2545.2,95.96,75.0,High Quality
Luxembourg,Luxembourg City,University of Luxembourg,Artificial Intelligence,Master,2.0,400,83.2,1400,100,800,0.92,university of luxembourg,university of luxembourg,university of luxembourg,100.0,355,381,University of Luxembourg,Luxembourg,Europe,M,CO,VH,,9.2,601+,4.5,601+,80.8,128,25.2,495,100.0,16,100.0,26,70.1,486,52.8,240,3.1,701+,32.1,university of luxembourg,QS World University Rankings 2025,International Education Costs Dataset,Excellent,355.0,74.77,400.0,83.2,483.2,99.28,100.0,High Quality
Indonesia,Jakarta,University of Indonesia,Information Systems,Master,2.0,5000,45.8,400,150,250,15600.0,university of indonesia,university of indonesia,universitas indonesia,86.36363636363636,206,237,Universitas Indonesia,Indonesia,Asia,XL,FC,VH,A,53.8,148,79.2,79,55.7,268,2.1,701+,88.3,202,7.1,701+,37.2,701+,77.3,131,32.7,424=,45.7,universitas indonesia,QS World University Rankings 2025,International Education Costs Dataset,Medium,206.0,85.42,5000.0,45.8,5045.8,91.93,100.0,High Quality
Indonesia,Jakarta,University of Indonesia,Information Systems,Master,2.0,5000,45.8,400,150,250,15600.0,university of indonesia,university of indonesia,universitas indonesia,86.36363636363636,206,237,Universitas Indonesia,Indonesia,Asia,XL,FC,VH,A,53.8,148,79.2,79,55.7,268,2.1,701+,88.3,202,7.1,701+,37.2,701+,77.3,131,32.7,424=,45.7,universitas indonesia,QS World University Rankings 2025,International Education Costs Dataset,Medium,206.0,85.42,5000.0,45.8,5045.8,91.93,100.0,High Quality
Iceland,Akureyri,University of Akureyri,Data Analytics,Bachelor,3.0,0,78.4,900,140,900,137.5,university of akureyri,university of akureyri,university of bari,85.0,801-850,741-750,University of Bari,Italy,Europe,L,FO,VH,A,12.4,601+,3.0,601+,4.6,701+,25.0,497,4.9,701+,2.0,701+,81.6,292,7.7,701+,25.7,483=,,university of bari,QS World University Rankings 2025,International Education Costs Dataset,Medium,801.0,42.89,0.0,78.4,78.4,99.93,100.0,High Quality
Colombia,Medellin,Universidad de Antioquia,Computer Science,PhD,4.0,4000,38.5,350,80,300,3950.0,universidad de antioquia,universidad de antioquia,universidad de antioquia,100.0,791-800,701-710,Universidad de Antioquia,Colombia,Americas,XL,FC,HI,A,29.1,303,20.8,440,4.1,701+,4.3,701+,3.7,701+,1.2,701+,48.1,701+,20.4,556,2.9,701+,,universidad de antioquia,QS World University Rankings 2025,International Education Costs Dataset,Excellent,791.0,43.6,4000.0,38.5,4038.5,93.55,100.0,High Quality
Poland,Krakow,Jagiellonian University,Software Development,Master,2.0,2800,52.4,600,80,400,4.1,jagiellonian university,jagiellonian university,jagiellonian university,100.0,312,304,Jagiellonian University,Poland,Europe,XL,FO,VH,A,37.8,228,46.4,199,65.1,203,5.5,701+,5.7,701+,15.4,615,88.6,188,51.3,249,35.4,400=,35.0,jagiellonian university,QS World University Rankings 2025,International Education Costs Dataset,Excellent,312.0,77.84,2800.0,52.4,2852.4,95.46,100.0,High Quality
Romania,Cluj-Napoca,Babes-Bolyai University,Data Science,Master,2.0,2200,43.8,400,120,350,4.65,babes bolyai university,babes bolyai university,babes bolyai university,100.0,781-790,801-850,Babes-Bolyai University,Romania,Europe,XL,CO,VH,A,15.5,569,19.5,463,5.3,701+,4.4,701+,7.8,701+,3.8,701+,80.1,321,26.7,445,42.7,354,,babes bolyai university,QS World University Rankings 2025,International Education Costs Dataset,Excellent,781.0,44.32,2200.0,43.8,2243.8,96.44,100.0,High Quality
Luxembourg,Esch-sur-Alzette,Luxembourg School of Business,Data Engineering,Master,2.0,400,79.5,1200,100,800,0.92,luxembourg school of business,luxembourg school of business,,,,,,,,,,,,,,,,,,,,,,,,,,,,,,,,Not Matched,International Education Costs Dataset,Unmatched,,,400.0,79.5,479.5,99.29,75.0,High Quality
Indonesia,Bandung,Institut Teknologi Bandung,Computer Engineering,PhD,4.0,4500,42.4,300,150,250,15600.0,institut teknologi bandung,institut teknologi bandung,,,,,,,,,,,,,,,,,,,,,,,,,,,,,,,,Not Matched,International Education Costs Dataset,Unmatched,,,4500.0,42.4,4542.4,92.74,75.0,High Quality
Iceland,Reykjavik,Reykjavik University,Robotics,Master,2.0,0,84.5,1150,140,900,137.5,reykjavik university,reykjavik university,,,,,,,,,,,,,,,,,,,,,,,,,,,,,,,,Not Matched,International Education Costs Dataset,Unmatched,,,0.0,84.5,84.5,99.92,75.0,High Quality
Colombia,Cali,Universidad del Valle,Information Technology,Bachelor,4.0,3200,36.8,300,80,300,3950.0,universidad del valle,universidad del valle,universidad del valle,100.0,1001-1200,1001-1200,Universidad del Valle,Colombia,Americas,XL,FC,MD,A,18.1,500,8.2,601+,7.7,701+,1.9,701+,2.1,701+,1.3,701+,20.5,701+,21.4,535,1.7,701+,,universidad del valle,QS World University Rankings 2025,International Education Costs Dataset,Excellent,1001.0,28.59,3200.0,36.8,3236.8,94.84,100.0,High Quality
Poland,Wroclaw,Wroclaw University of Technology,Artificial Intelligence,Master,2.0,2600,50.5,550,80,400,4.1,wroclaw university of technology,wroclaw university of technology,warsaw university of technology,92.06349206349206,527,571,Warsaw University of Technology,Poland,Europe,L,FO,VH,A,23.3,380,51.9,168,42.6,366,4.7,701+,2.4,701+,10.3,701+,60.6,627,9.8,701+,1.4,701+,23.2,warsaw university of technology,QS World University Rankings 2025,International Education Costs Dataset,High,527.0,62.47,2600.0,50.5,2650.5,95.79,100.0,High Quality
Romania,Timisoara,Politehnica University,Software Engineering,PhD,4.0,2400,42.5,380,120,350,4.65,politehnica university,politehnica university,,,,,,,,,,,,,,,,,,,,,,,,,,,,,,,,Not Matched,International Education Costs Dataset,Unmatched,,,2400.0,42.5,2442.5,96.12,75.0,High Quality
Luxembourg,Belval,Luxembourg Institute of Science,Computer Science,Bachelor,3.0,400,78.4,1100,100,800,0.92,luxembourg institute of science,luxembourg institute of science,,,,,,,,,,,,,,,,,,,,,,,,,,,,,,,,Not Matched,International Education Costs Dataset,Unmatched,,,400.0,78.4,478.4,99.29,75.0,High Quality
Indonesia,Yogyakarta,Gadjah Mada University,Data Science,Master,2.0,4000,40.2,250,150,250,15600.0,gadjah mada university,gadjah mada university,gadjah mada university,100.0,239,263,Gadjah Mada University,Indonesia,Asia,XL,FC,VH,A,54.4,145,73.5,91,57.6,255,1.7,701+,40.3,417,4.1,701+,38.1,701+,69.0,167,26.8,473=,41.8,gadjah mada university,QS World University Rankings 2025,International Education Costs Dataset,Excellent,239.0,83.06,4000.0,40.2,4040.2,93.55,100.0,High Quality
Iceland,Hafnarfjordur,Iceland University of Arts,Digital Design,Master,2.0,0,82.1,1000,140,900,137.5,iceland university of arts,iceland university of arts,university of iceland,89.36170212765957,547,1201-1400,University of Iceland,Iceland,Europe,M,CO,VH,,6.8,601+,2.5,601+,99.9,21,6.7,701+,25.7,525,10.3,701+,73.5,427,83.2,108,5.9,701+,22.6,university of iceland,QS World University Rankings 2025,International Education Costs Dataset,Medium,547.0,61.04,0.0,82.1,82.1,99.93,100.0,High Quality
Colombia,Barranquilla,Universidad del Norte,Computer Engineering,Master,2.0,3800,35.4,280,80,300,3950.0,universidad del norte,universidad del norte,universidad del norte,100.0,1001-1200,1001-1200,Universidad del Norte,Colombia,Americas,M,FC,HI,B,9.6,601+,11.9,601+,10.8,701+,2.9,701+,7.7,701+,1.4,701+,29.6,701+,7.6,701+,21.3,521=,,universidad del norte,QS World University Rankings 2025,International Education Costs Dataset,Excellent,1001.0,28.59,3800.0,35.4,3835.4,93.88,100.0,High Quality
Poland,Poznan,Adam Mickiewicz University,Computer Science,PhD,4.0,2700,51.2,580,80,400,4.1,adam mickiewicz university,adam mickiewicz university,adam mickiewicz university poznan,88.13559322033898,761-770,731-740,"Adam Mickiewicz University, Poznan",Poland,Europe,L,CO,VH,A,16.0,553,9.1,601+,33.3,473,4.8,701+,7.7,701+,8.3,701+,86.7,218,7.5,701+,31.6,432=,,adam mickiewicz university poznan,QS World University Rankings 2025,International Education Costs Dataset,Medium,761.0,45.75,2700.0,51.2,2751.2,95.63,100.0,High Quality
Romania,Iasi,Alexandru Ioan Cuza University,Information Systems,Master,2.0,2100,41.8,350,120,350,4.65,alexandru ioan cuza university,alexandru ioan cuza university,alexandru ioan cuza university,100.0,1201-1400,1201-1400,Alexandru Ioan Cuza University,Romania,Europe,L,FO,VH,A,7.5,601+,11.9,601+,5.5,701+,3.0,701+,3.5,701+,9.6,701+,40.2,701+,14.3,684,3.2,701+,,alexandru ioan cuza university,QS World University Rankings 2025,International Education Costs Dataset,Excellent,1201.0,14.3,2100.0,41.8,2141.8,96.61,100.0,High Quality
Luxembourg,Kirchberg,Sacred Heart University,Data Analytics,Master,2.0,400,81.5,1300,100,800,0.92,sacred heart university,sacred heart university,,,,,,,,,,,,,,,,,,,,,,,,,,,,,,,,Not Matched,International Education Costs Dataset,Unmatched,,,400.0,81.5,481.5,99.28,75.0,High Quality
Indonesia,Surabaya,Institut Teknologi Sepuluh,Software Engineering,Bachelor,4.0,3800,41.5,280,150,250,15600.0,institut teknologi sepuluh,institut teknologi sepuluh,,,,,,,,,,,,,,,,,,,,,,,,,,,,,,,,Not Matched,International Education Costs Dataset,Unmatched,,,3800.0,41.5,3841.5,93.87,75.0,High Quality
Iceland,Kopavogur,Bifrost University,Digital Business,Bachelor,3.0,0,81.2,950,140,900,137.5,bifrost university,bifrost university,boston university,85.71428571428572,108,93,Boston University,United States,Americas,L,FC,VH,B,61.9,111,69.1,104,38.3,413,41.3,336,34.3,468,88.9,130,86.9,216,77.2,132,65.9,236=,58.6,boston university,QS World University Rankings 2025,International Education Costs Dataset,Medium,108.0,92.42,0.0,81.2,81.2,99.93,100.0,High Quality
Colombia,Bucaramanga,UIS,Data Science,PhD,4.0,3500,34.8,260,80,300,3950.0,uis,uis,,,,,,,,,,,,,,,,,,,,,,,,,,,,,,,,Not Matched,International Education Costs Dataset,Unmatched,,,3500.0,34.8,3534.8,94.36,75.0,High Quality
Poland,Gdansk,Gdansk University of Technology,Cybersecurity,Master,2.0,2500,49.8,520,80,400,4.1,gdansk university of technology,gdansk university of technology,gdansk university of technology,100.0,801-850,851-900,Gdansk University of Technology,Poland,Europe,L,FO,VH,A,9.4,601+,15.2,553,29.6,527,12.7,676,5.3,701+,4.0,701+,65.8,546,3.2,701+,33.3,418=,,gdansk university of technology,QS World University Rankings 2025,International Education Costs Dataset,Excellent,801.0,42.89,2500.0,49.8,2549.8,95.95,100.0,High Quality
Romania,Brasov,Transilvania University,Computer Engineering,Bachelor,4.0,2000,40.5,330,120,350,4.65,transilvania university,transilvania university,,,,,,,,,,,,,,,,,,,,,,,,,,,,,,,,Not Matched,International Education Costs Dataset,Unmatched,,,2000.0,40.5,2040.5,96.77,75.0,High Quality
Luxembourg,Differdange,Miami University Dolibois,Information Technology,Master,2.0,400,77.8,1150,100,800,0.92,miami university dolibois,miami university dolibois,,,,,,,,,,,,,,,,,,,,,,,,,,,,,,,,Not Matched,International Education Costs Dataset,Unmatched,,,400.0,77.8,477.8,99.29,75.0,High Quality
Indonesia,Malang,Brawijaya University,Artificial Intelligence,Master,2.0,3500,39.8,240,150,250,15600.0,brawijaya university,brawijaya university,universitas brawijaya,92.6829268292683,801-850,801-850,Universitas Brawijaya,Indonesia,Asia,XL,FC,HI,A,19.2,469,42.4,219,11.5,701+,1.4,701+,13.7,692,1.4,701+,19.6,701+,13.1,701+,9.0,690,,universitas brawijaya,QS World University Rankings 2025,International Education Costs Dataset,High,801.0,42.89,3500.0,39.8,3539.8,94.36,100.0,High Quality
Poland,Lodz,Lodz University of Technology,Software Engineering,Master,2.0,2400,48.5,500,80,400,4.1,lodz university of technology,lodz university of technology,lodz university of technology,100.0,1001-1200,1001-1200,Lodz University of Technology,Poland,Europe,M,CO,VH,A,5.0,601+,3.4,601+,46.2,335,8.9,701+,3.3,701+,4.0,701+,50.7,701+,3.2,701+,4.0,701+,,lodz university of technology,QS World University Rankings 2025,International Education Costs Dataset,Excellent,1001.0,28.59,2400.0,48.5,2448.5,96.11,100.0,High Quality
Romania,Constanta,Ovidius University,Data Analytics,Master,2.0,1900,39.8,320,120,350,4.65,ovidius university,ovidius university,,,,,,,,,,,,,,,,,,,,,,,,,,,,,,,,Not Matched,International Education Costs Dataset,Unmatched,,,1900.0,39.8,1939.8,96.93,75.0,High Quality
Luxembourg,Walferdange,European Business University,Digital Innovation,Bachelor,3.0,400,76.5,1100,100,800,0.92,european business university,european business university,,,,,,,,,,,,,,,,,,,,,,,,,,,,,,,,Not Matched,International Education Costs Dataset,Unmatched,,,400.0,76.5,476.5,99.29,75.0,High Quality
Indonesia,Semarang,Diponegoro University,Computer Science,PhD,4.0,3200,38.5,220,150,250,15600.0,diponegoro university,diponegoro university,diponegoro university,100.0,721-730,791-800,Diponegoro University,Indonesia,Asia,XL,FC,HI,A,19.2,467,41.7,227,19.3,690,1.5,701+,27.9,508,3.0,701+,27.4,701+,14.6,673,9.7,676=,,diponegoro university,QS World University Rankings 2025,International Education Costs Dataset,Excellent,721.0,48.61,3200.0,38.5,3238.5,94.84,100.0,High Quality
Iceland,Borgarnes,Agricultural University,Data Systems,Master,2.0,0,79.8,900,140,900,137.5,agricultural university,agricultural university,china agricultural university,88.46153846153845,484,534,China Agricultural University,China (Mainland),Asia,L,FC,VH,A,8.4,601+,2.6,601+,18.9,701+,88.8,79,3.2,701+,1.5,701+,52.2,701+,4.5,701+,5.8,701+,24.9,china agricultural university,QS World University Rankings 2025,International Education Costs Dataset,Medium,484.0,65.55,0.0,79.8,79.8,99.93,100.0,High Quality
Colombia,Cartagena,Universidad de Cartagena,Information Systems,Master,2.0,3300,35.2,290,80,300,3950.0,universidad de cartagena,universidad de cartagena,universidad de cartagena,100.0,1401+,1201-1400,Universidad de Cartagena,Colombia,Americas,L,FC,MD,A,4.8,601+,2.7,601+,4.0,701+,3.2,701+,2.2,701+,1.1,701+,11.0,701+,2.1,701+,1.2,701+,,universidad de cartagena,QS World University Rankings 2025,International Education Costs Dataset,Excellent,1401.0,0.0,3300.0,35.2,3335.2,94.69,100.0,High Quality
Poland,Katowice,University of Silesia,Computer Engineering,Bachelor,3.0,2300,47.8,480,80,400,4.1,university of silesia,university of silesia,university of siena,90.0,691-700,731-740,University of Siena,Italy,Europe,M,FC,VH,A,13.6,601+,3.5,601+,9.7,701+,40.4,349,2.9,701+,10.8,701+,61.0,621,9.3,701+,27.9,462=,,university of siena,QS World University Rankings 2025,International Education Costs Dataset,High,691.0,50.75,2300.0,47.8,2347.8,96.28,100.0,High Quality
Romania,Craiova,University of Craiova,Software Development,PhD,4.0,2200,38.9,300,120,350,4.65,university of craiova,university of craiova,university of craiova,100.0,1401+,1401+,University of Craiova,Romania,Europe,L,CO,HI,A,4.5,601+,2.2,601+,3.2,701+,2.1,701+,,,,,21.8,701+,13.4,701+,1.0,701+,,university of craiova,QS World University Rankings 2025,International Education Costs Dataset,Excellent,1401.0,0.0,2200.0,38.9,2238.9,96.45,100.0,High Quality
Luxembourg,Bertrange,Chamber of Commerce School,Business Analytics,Master,2.0,400,75.4,1050,100,800,0.92,chamber of commerce school,chamber of commerce school,,,,,,,,,,,,,,,,,,,,,,,,,,,,,,,,Not Matched,International Education Costs Dataset,Unmatched,,,400.0,75.4,475.4,99.29,75.0,High Quality
Indonesia,Denpasar,Udayana University,Information Technology,Master,2.0,3000,37.9,200,150,250,15600.0,udayana university,udayana university,udayana university,100.0,1401+,1401+,Udayana University,Indonesia,Asia,XL,FC,MD,A,6.4,601+,4.7,601+,5.7,701+,1.4,701+,7.4,701+,3.4,701+,12.3,701+,3.7,701+,1.0,701+,,udayana university,QS World University Rankings 2025,International Education Costs Dataset,Excellent,1401.0,0.0,3000.0,37.9,3037.9,95.16,100.0,High Quality
Tunisia,Tunis,University of Tunis,Computer Science,Master,2.0,1500,35.8,250,60,200,3.15,university of tunis,university of tunis,university of turin,89.47368421052632,371,364,University of Turin,Italy,Europe,XL,FC,VH,A,41.5,205,7.2,601+,3.2,701+,33.3,398,4.1,701+,5.3,701+,87.5,204,51.7,245,83.6,132=,31.3,university of turin,QS World University Rankings 2025,International Education Costs Dataset,Medium,371.0,73.62,1500.0,35.8,1535.8,97.58,100.0,High Quality
Cyprus,Nicosia,University of Cyprus,Data Science,Master,2.0,8000,65.4,600,100,500,0.92,university of cyprus,university of cyprus,university of cyprus ucy,90.9090909090909,389,368,University of Cyprus (UCY),Cyprus,Asia,M,CO,VH,A,10.0,601+,4.7,601+,4.5,701+,75.0,135,93.8,162,20.0,541,73.4,429,42.1,308,5.8,701+,30.1,university of cyprus ucy,QS World University Rankings 2025,International Education Costs Dataset,High,389.0,72.34,8000.0,65.4,8065.4,87.06,100.0,High Quality
Croatia,Zagreb,University of Zagreb,Software Engineering,PhD,4.0,4000,58.9,450,80,400,7.35,university of zagreb,university of zagreb,university of zagreb,100.0,651-660,751-760,University of Zagreb,Croatia,Europe,XL,FC,VH,A,16.3,547,7.3,601+,23.8,612,4.1,701+,1.7,701+,3.3,701+,91.6,148,96.9,36,27.9,462=,,university of zagreb,QS World University Rankings 2025,International Education Costs Dataset,Excellent,651.0,53.61,4000.0,58.9,4058.9,93.52,100.0,High Quality
Dominican Republic,Santo Domingo,INTEC,Computer Engineering,Bachelor,4.0,6000,42.5,350,100,300,56.8,intec,intec,,,,,,,,,,,,,,,,,,,,,,,,,,,,,,,,Not Matched,International Education Costs Dataset,Unmatched,,,6000.0,42.5,6042.5,90.32,75.0,High Quality
Morocco,Rabat,Mohammed V University,Information Systems,Master,2.0,2000,41.2,300,70,250,10.15,mohammed v university,mohammed v university,,,,,,,,,,,,,,,,,,,,,,,,,,,,,,,,Not Matched,International Education Costs Dataset,Unmatched,,,2000.0,41.2,2041.2,96.77,75.0,High Quality
Peru,Lima,PUCP,Data Analytics,Master,2.0,8500,44.8,400,120,350,3.75,pucp,pucp,,,,,,,,,,,,,,,,,,,,,,,,,,,,,,,,Not Matched,International Education Costs Dataset,Unmatched,,,8500.0,44.8,8544.8,86.29,75.0,High Quality
Argentina,Buenos Aires,University of Buenos Aires,Computer Science,PhD,4.0,0,42.5,350,90,280,275.0,university of buenos aires,university of buenos aires,,,,,,,,,,,,,,,,,,,,,,,,,,,,,,,,Not Matched,International Education Costs Dataset,Unmatched,,,0.0,42.5,42.5,99.99,75.0,High Quality
Argentina,Buenos Aires,University of Buenos Aires,Computer Science,PhD,4.0,0,42.5,350,90,280,275.0,university of buenos aires,university of buenos aires,,,,,,,,,,,,,,,,,,,,,,,,,,,,,,,,Not Matched,International Education Costs Dataset,Unmatched,,,0.0,42.5,42.5,99.99,75.0,High Quality
Tunisia,Sfax,University of Sfax,Artificial Intelligence,Master,2.0,1400,33.2,200,60,200,3.15,university of sfax,university of sfax,university of pisa,88.88888888888889,382,349,University of Pisa,Italy,Europe,L,FC,VH,A,40.4,212,15.1,556,8.6,701+,38.8,359,5.9,701+,4.2,701+,88.3,193,15.0,665,56.7,281,30.7,university of pisa,QS World University Rankings 2025,International Education Costs Dataset,Medium,382.0,72.84,1400.0,33.2,1433.2,97.75,100.0,High Quality
Cyprus,Limassol,Cyprus University of Technology,Software Development,Bachelor,4.0,7500,62.8,550,100,500,0.92,cyprus university of technology,cyprus university of technology,chalmers university of technology,87.5,139,129,Chalmers University of Technology,Sweden,Europe,M,FO,VH,B,26.3,338,50.4,177,50.5,306,77.4,125,100.0,56,63.1,240,77.0,378,31.7,399,87.0,113,53.7,chalmers university of technology,QS World University Rankings 2025,International Education Costs Dataset,Medium,139.0,90.21,7500.0,62.8,7562.8,87.87,100.0,High Quality
Croatia,Split,University of Split,Data Engineering,Master,2.0,3800,56.4,400,80,400,7.35,university of split,university of split,university of split,100.0,1201-1400,1201-1400,University of Split,Croatia,Europe,L,FC,HI,A,6.3,601+,4.0,601+,5.0,701+,4.2,701+,1.4,701+,2.0,701+,47.5,701+,12.3,701+,4.5,701+,,university of split,QS World University Rankings 2025,International Education Costs Dataset,Excellent,1201.0,14.3,3800.0,56.4,3856.4,93.85,100.0,High Quality
Dominican Republic,Santiago,PUCMM,Information Technology,Master,2.0,5500,40.2,300,100,300,56.8,pucmm,pucmm,,,,,,,,,,,,,,,,,,,,,,,,,,,,,,,,Not Matched,International Education Costs Dataset,Unmatched,,,5500.0,40.2,5540.2,91.13,75.0,High Quality
Morocco,Casablanca,Hassan II University,Computer Engineering,PhD,4.0,2200,43.5,350,70,250,10.15,hassan ii university,hassan ii university,,,,,,,,,,,,,,,,,,,,,,,,,,,,,,,,Not Matched,International Education Costs Dataset,Unmatched,,,2200.0,43.5,2243.5,96.44,75.0,High Quality
Peru,Arequipa,Universidad San Agustin,Software Engineering,Bachelor,4.0,7000,41.2,300,120,350,3.75,universidad san agustin,universidad san agustin,,,,,,,,,,,,,,,,,,,,,,,,,,,,,,,,Not Matched,International Education Costs Dataset,Unmatched,,,7000.0,41.2,7041.2,88.71,75.0,High Quality
Argentina,Cordoba,National University of Cordoba,Data Science,Master,2.0,0,39.8,280,90,280,275.0,national university of cordoba,national university of cordoba,,,,,,,,,,,,,,,,,,,,,,,,,,,,,,,,Not Matched,International Education Costs Dataset,Unmatched,,,0.0,39.8,39.8,100.0,75.0,High Quality
Tunisia,Sousse,University of Sousse,Computer Systems,Bachelor,3.0,1300,32.5,180,60,200,3.15,university of sousse,university of sousse,university of sussex,95.0,246,218,University of Sussex,United Kingdom,Europe,L,FC,VH,A,22.6,395,10.4,601+,15.5,701+,56.8,220,99.6,95,84.9,152,84.7,252,39.9,322,97.7,26=,41.0,university of sussex,QS World University Rankings 2025,International Education Costs Dataset,Excellent,246.0,82.56,1300.0,32.5,1332.5,97.91,100.0,High Quality
Cyprus,Larnaca,American University Cyprus,Artificial Intelligence,PhD,4.0,8200,61.5,500,100,500,0.92,american university cyprus,american university cyprus,,,,,,,,,,,,,,,,,,,,,,,,,,,,,,,,Not Matched,International Education Costs Dataset,Unmatched,,,8200.0,61.5,8261.5,86.75,75.0,High Quality
Croatia,Rijeka,University of Rijeka,Information Systems,Master,2.0,3500,54.8,380,80,400,7.35,university of rijeka,university of rijeka,university of rijeka,100.0,1201-1400,1201-1400,University of Rijeka,Croatia,Europe,L,CO,HI,A,6.1,601+,4.3,601+,13.8,701+,4.3,701+,2.5,701+,1.8,701+,45.8,701+,12.0,701+,2.9,701+,,university of rijeka,QS World University Rankings 2025,International Education Costs Dataset,Excellent,1201.0,14.3,3500.0,54.8,3554.8,94.33,100.0,High Quality
Dominican Republic,La Romana,Universidad Central Este,Computer Science,Bachelor,4.0,5000,38.5,280,100,300,56.8,universidad central este,universidad central este,,,,,,,,,,,,,,,,,,,,,,,,,,,,,,,,Not Matched,International Education Costs Dataset,Unmatched,,,5000.0,38.5,5038.5,91.94,75.0,High Quality
Morocco,Fez,University of Al Quaraouiyine,Data Analytics,Master,2.0,1800,39.8,250,70,250,10.15,university of al quaraouiyine,university of al quaraouiyine,,,,,,,,,,,,,,,,,,,,,,,,,,,,,,,,Not Matched,International Education Costs Dataset,Unmatched,,,1800.0,39.8,1839.8,97.09,75.0,High Quality
Peru,Trujillo,Universidad Nacional de Trujillo,Software Development,PhD,4.0,7500,40.5,280,120,350,3.75,universidad nacional de trujillo,universidad nacional de trujillo,universidad nacional de quilmes,85.71428571428572,1401+,1401+,Universidad Nacional de Quilmes,Argentina,Americas,L,FO,HI,A,6.7,601+,1.7,601+,3.3,701+,1.7,701+,2.8,701+,1.8,701+,11.9,701+,2.9,701+,1.0,701+,,universidad nacional de quilmes,QS World University Rankings 2025,International Education Costs Dataset,Medium,1401.0,0.0,7500.0,40.5,7540.5,87.91,100.0,High Quality
Argentina,Rosario,National University of Rosario,Computer Engineering,Master,2.0,0,38.5,260,90,280,275.0,national university of rosario,national university of rosario,,,,,,,,,,,,,,,,,,,,,,,,,,,,,,,,Not Matched,International Education Costs Dataset,Unmatched,,,0.0,38.5,38.5,100.0,75.0,High Quality
Tunisia,Monastir,University of Monastir,Data Science,PhD,4.0,1600,31.8,170,60,200,3.15,university of monastir,university of monastir,university of mons,90.0,781-790,691-700,University of Mons,Belgium,Europe,M,CO,VH,A,7.1,601+,7.0,601+,3.4,701+,37.3,369,35.0,458,33.7,400,43.7,701+,6.1,701+,1.6,701+,,university of mons,QS World University Rankings 2025,International Education Costs Dataset,High,781.0,44.32,1600.0,31.8,1631.8,97.43,100.0,High Quality
Cyprus,Famagusta,Eastern Mediterranean University,Software Engineering,Master,2.0,7800,59.8,480,100,500,0.92,eastern mediterranean university,eastern mediterranean university,eastern mediterranean university,100.0,611-620,,Eastern Mediterranean University,Northern Cyprus,Not Classified,L,FC,MD,A,5.6,601+,2.1,601+,3.5,701+,26.5,480,90.1,190,100.0,9,55.2,693,24.1,469,1.8,701+,,eastern mediterranean university,QS World University Rankings 2025,International Education Costs Dataset,Excellent,611.0,56.47,7800.0,59.8,7859.8,87.4,100.0,High Quality
Croatia,Osijek,University of Osijek,Computer Science,Bachelor,3.0,3200,52.5,350,80,400,7.35,university of osijek,university of osijek,university of rijeka,90.0,1201-1400,1201-1400,University of Rijeka,Croatia,Europe,L,CO,HI,A,6.1,601+,4.3,601+,13.8,701+,4.3,701+,2.5,701+,1.8,701+,45.8,701+,12.0,701+,2.9,701+,,university of rijeka,QS World University Rankings 2025,International Education Costs Dataset,High,1201.0,14.3,3200.0,52.5,3252.5,94.82,100.0,High Quality
Dominican Republic,San Pedro,UCNE,Information Systems,Master,2.0,4800,37.2,260,100,300,56.8,ucne,ucne,,,,,,,,,,,,,,,,,,,,,,,,,,,,,,,,Not Matched,International Education Costs Dataset,Unmatched,,,4800.0,37.2,4837.2,92.27,75.0,High Quality
Morocco,Marrakech,Cadi Ayyad University,Artificial Intelligence,PhD,4.0,2100,40.5,280,70,250,10.15,cadi ayyad university,cadi ayyad university,,,,,,,,,,,,,,,,,,,,,,,,,,,,,,,,Not Matched,International Education Costs Dataset,Unmatched,,,2100.0,40.5,2140.5,96.61,75.0,High Quality
Peru,Cusco,Universidad San Antonio Abad,Data Analytics,Master,2.0,6800,39.8,260,120,350,3.75,universidad san antonio abad,universidad san antonio abad,,,,,,,,,,,,,,,,,,,,,,,,,,,,,,,,Not Matched,International Education Costs Dataset,Unmatched,,,6800.0,39.8,6839.8,89.04,75.0,High Quality
Argentina,La Plata,National University of La Plata,Software Development,Bachelor,4.0,0,37.5,240,90,280,275.0,national university of la plata,national university of la plata,,,,,,,,,,,,,,,,,,,,,,,,,,,,,,,,Not Matched,International Education Costs Dataset,Unmatched,,,0.0,37.5,37.5,100.0,75.0,High Quality
Tunisia,Gabes,University of Gabes,Computer Engineering,Master,2.0,1400,30.5,160,60,200,3.15,university of gabes,university of gabes,university of gdansk,87.17948717948718,851-900,951-1000,UNIVERSITY OF GDANSK,Poland,Europe,L,CO,VH,A,12.0,601+,6.2,601+,34.9,454,3.9,701+,4.8,701+,2.4,701+,70.6,476,14.1,687,25.7,483=,,university of gdansk,QS World University Rankings 2025,International Education Costs Dataset,Medium,851.0,39.31,1400.0,30.5,1430.5,97.75,100.0,High Quality
Croatia,Zadar,University of Zadar,Information Technology,PhD,4.0,3600,53.2,370,80,400,7.35,university of zadar,university of zadar,university of zagreb,87.17948717948718,651-660,751-760,University of Zagreb,Croatia,Europe,XL,FC,VH,A,16.3,547,7.3,601+,23.8,612,4.1,701+,1.7,701+,3.3,701+,91.6,148,96.9,36,27.9,462=,,university of zagreb,QS World University Rankings 2025,International Education Costs Dataset,Medium,651.0,53.61,3600.0,53.2,3653.2,94.17,100.0,High Quality
Cyprus,Paphos,Neapolis University,Data Science,Bachelor,3.0,7400,58.5,450,100,500,0.92,neapolis university,neapolis university,,,,,,,,,,,,,,,,,,,,,,,,,,,,,,,,Not Matched,International Education Costs Dataset,Unmatched,,,7400.0,58.5,7458.5,88.04,75.0,High Quality
Dominican Republic,Puerto Plata,UTESA,Computer Science,PhD,4.0,4500,36.8,250,100,300,56.8,utesa,utesa,,,,,,,,,,,,,,,,,,,,,,,,,,,,,,,,Not Matched,International Education Costs Dataset,Unmatched,,,4500.0,36.8,4536.8,92.75,75.0,High Quality
Morocco,Tangier,Abdelmalek Essaadi University,Software Engineering,Master,2.0,1900,38.9,260,70,250,10.15,abdelmalek essaadi university,abdelmalek essaadi university,,,,,,,,,,,,,,,,,,,,,,,,,,,,,,,,Not Matched,International Education Costs Dataset,Unmatched,,,1900.0,38.9,1938.9,96.94,75.0,High Quality
Peru,Piura,Universidad de Piura,Information Systems,Master,2.0,7200,38.5,250,120,350,3.75,universidad de piura,universidad de piura,universidad de piura,100.0,1201-1400,1201-1400,Universidad de Piura,Peru,Americas,M,FO,HI,B,7.5,601+,10.7,601+,5.0,701+,1.2,701+,5.7,701+,1.1,701+,3.3,701+,12.5,701+,1.0,701+,,universidad de piura,QS World University Rankings 2025,International Education Costs Dataset,Excellent,1201.0,14.3,7200.0,38.5,7238.5,88.4,100.0,High Quality
Argentina,Mendoza,National University of Cuyo,Data Analytics,PhD,4.0,0,36.8,230,90,280,275.0,national university of cuyo,national university of cuyo,,,,,,,,,,,,,,,,,,,,,,,,,,,,,,,,Not Matched,International Education Costs Dataset,Unmatched,,,0.0,36.8,36.8,100.0,75.0,High Quality
Tunisia,Bizerte,University of Carthage,Artificial Intelligence,Bachelor,3.0,1200,29.8,150,60,200,3.15,university of carthage,university of carthage,university of crete,87.8048780487805,601-610,534,University of Crete,Greece,Europe,L,FC,HI,A,13.9,601+,12.7,601+,2.4,701+,58.7,208,2.3,701+,3.5,701+,57.0,663,3.6,701+,1.8,701+,,university of crete,QS World University Rankings 2025,International Education Costs Dataset,Medium,601.0,57.18,1200.0,29.8,1229.8,98.08,100.0,High Quality
Cyprus,Girne,Girne American University,Computer Engineering,Master,2.0,7600,57.8,430,100,500,0.92,girne american university,girne american university,american university,86.36363636363636,711-720,791-800,American University,United States,Americas,M,CO,VH,B,16.2,550,29.3,321,32.9,479,4.3,701+,8.0,701+,19.4,554,30.6,701+,40.5,315,4.8,701+,,american university,QS World University Rankings 2025,International Education Costs Dataset,Medium,711.0,49.32,7600.0,57.8,7657.8,87.72,100.0,High Quality
Croatia,Dubrovnik,University of Dubrovnik,Software Development,Master,2.0,3400,54.5,390,80,400,7.35,university of dubrovnik,university of dubrovnik,university of dubai,85.71428571428572,851-900,801-850,University of Dubai,United Arab Emirates,Asia,S,SP,LO,B,5.2,601+,4.2,601+,10.6,701+,11.0,701+,100.0,1=,72.0,204,8.2,701+,10.2,701+,1.0,701+,,university of dubai,QS World University Rankings 2025,International Education Costs Dataset,Medium,851.0,39.31,3400.0,54.5,3454.5,94.49,100.0,High Quality
Morocco,Oujda,Mohammed I University,Computer Science,Bachelor,4.0,1700,37.5,240,70,250,10.15,mohammed i university,mohammed i university,,,,,,,,,,,,,,,,,,,,,,,,,,,,,,,,Not Matched,International Education Costs Dataset,Unmatched,,,1700.0,37.5,1737.5,97.26,75.0,High Quality
Peru,Chiclayo,Universidad San Martin,Data Engineering,PhD,4.0,6500,37.8,240,120,350,3.75,universidad san martin,universidad san martin,,,,,,,,,,,,,,,,,,,,,,,,,,,,,,,,Not Matched,International Education Costs Dataset,Unmatched,,,6500.0,37.8,6537.8,89.53,75.0,High Quality
Ecuador,Quito,Universidad San Francisco,Computer Science,Master,2.0,8500,45.8,400,100,300,1.0,universidad san francisco,universidad san francisco,,,,,,,,,,,,,,,,,,,,,,,,,,,,,,,,Not Matched,International Education Costs Dataset,Unmatched,,,8500.0,45.8,8545.8,86.29,75.0,High Quality
Lebanon,Beirut,American University of Beirut,Data Science,Master,2.0,20000,58.9,600,150,500,15000.0,american university of beirut,american university of beirut,american university of beirut aub,93.5483870967742,250,226,American University of Beirut (AUB),Lebanon,Asia,M,FC,VH,B,28.6,307,29.5,315,48.5,322,28.9,449,63.2,310,37.0,379,73.1,438,97.0,35,80.5,152=,40.6,american university of beirut aub,QS World University Rankings 2025,International Education Costs Dataset,High,250.0,82.27,20000.0,58.9,20058.9,67.74,100.0,High Quality
Bahrain,Manama,University of Bahrain,Software Engineering,Bachelor,4.0,7000,65.4,700,130,600,0.38,university of bahrain,university of bahrain,university of bahrain,100.0,951-1000,951-1000,University of Bahrain,Bahrain,Asia,L,CO,HI,A,9.7,601+,5.1,601+,7.0,701+,2.2,701+,87.0,213,8.9,701+,36.2,701+,36.3,350,1.1,701+,,university of bahrain,QS World University Rankings 2025,International Education Costs Dataset,Excellent,951.0,32.17,7000.0,65.4,7065.4,88.68,100.0,High Quality
Uruguay,Montevideo,Universidad de la Republica,Computer Engineering,PhD,4.0,0,52.4,450,90,350,39.5,universidad de la republica,universidad de la republica,,,,,,,,,,,,,,,,,,,,,,,,,,,,,,,,Not Matched,International Education Costs Dataset,Unmatched,,,0.0,52.4,52.4,99.97,75.0,High Quality
Bulgaria,Sofia,Sofia University,Information Systems,Master,2.0,3500,48.5,400,110,300,1.85,sofia university,sofia university,sophia university,90.9090909090909,951-1000,901-950,Sophia University,Japan,Asia,L,CO,HI,B,12.7,601+,19.9,454,21.9,640,1.8,701+,34.5,466,10.8,701+,8.6,701+,11.7,701+,5.2,701+,,sophia university,QS World University Rankings 2025,International Education Costs Dataset,High,951.0,32.17,3500.0,48.5,3548.5,94.34,100.0,High Quality
Ghana,Accra,University of Ghana,Data Analytics,Master,2.0,4500,42.1,300,120,250,12.0,university of ghana,university of ghana,university of ghana,100.0,851-900,951-1000,University of Ghana,Ghana,Africa,XL,FC,HI,A,11.5,601+,7.6,601+,1.9,701+,5.3,701+,4.5,701+,1.7,701+,72.8,443,95.4,51,7.6,701+,,university of ghana,QS World University Rankings 2025,International Education Costs Dataset,Excellent,851.0,39.31,4500.0,42.1,4542.1,92.74,100.0,High Quality
Algeria,Algiers,University of Science and Technology,Computer Science,Bachelor,3.0,1200,38.5,250,80,200,137.5,university of science and technology,university of science and technology,agh university of science and technology,94.73684210526316,851-900,901-950,AGH University of Science and Technology,Poland,Europe,L,CO,VH,A,9.6,601+,13.9,587,41.5,376,6.5,701+,2.9,701+,5.3,701+,75.6,395,3.2,701+,1.7,701+,,agh university of science and technology,QS World University Rankings 2025,International Education Costs Dataset,High,851.0,39.31,1200.0,38.5,1238.5,98.06,100.0,High Quality
Panama,Panama City,Universidad Tecnologica,Artificial Intelligence,Master,2.0,7500,51.2,600,100,400,1.0,universidad tecnologica,universidad tecnologica,,,,,,,,,,,,,,,,,,,,,,,,,,,,,,,,Not Matched,International Education Costs Dataset,Unmatched,,,7500.0,51.2,7551.2,87.89,75.0,High Quality
Ecuador,Guayaquil,ESPOL,Software Development,PhD,4.0,7800,43.2,350,100,300,1.0,espol,espol,,,,,,,,,,,,,,,,,,,,,,,,,,,,,,,,Not Matched,International Education Costs Dataset,Unmatched,,,7800.0,43.2,7843.2,87.42,75.0,High Quality
Lebanon,Byblos,Lebanese American University,Data Engineering,Master,2.0,18000,55.4,500,150,500,15000.0,lebanese american university,lebanese american university,lebanese american university,100.0,701-710,661-670,Lebanese American University,Lebanon,Asia,M,FC,HI,B,13.5,601+,20.3,448,29.1,532,3.7,701+,73.3,273,19.6,551,36.5,701+,19.9,565,19.5,544,,lebanese american university,QS World University Rankings 2025,International Education Costs Dataset,Excellent,701.0,50.04,18000.0,55.4,18055.4,70.97,100.0,High Quality
Bahrain,Riffa,Royal University for Women,Information Technology,Master,2.0,8000,63.2,650,130,600,0.38,royal university for women,royal university for women,,,,,,,,,,,,,,,,,,,,,,,,,,,,,,,,Not Matched,International Education Costs Dataset,Unmatched,,,8000.0,63.2,8063.2,87.07,75.0,High Quality
Uruguay,Salto,Universidad ORT Uruguay,Computer Science,Master,2.0,6500,48.5,380,90,350,39.5,universidad ort uruguay,universidad ort uruguay,universidad ort uruguay,100.0,851-900,771-780,Universidad ORT Uruguay,Uruguay,Americas,S,FO,HI,B,11.2,601+,12.4,601+,79.0,145,1.1,701+,15.8,655,1.9,701+,3.4,701+,5.7,701+,1.0,701+,,universidad ort uruguay,QS World University Rankings 2025,International Education Costs Dataset,Excellent,851.0,39.31,6500.0,48.5,6548.5,89.51,100.0,High Quality
Bulgaria,Plovdiv,Plovdiv University,Data Science,Bachelor,3.0,3200,45.8,350,110,300,1.85,plovdiv university,plovdiv university,,,,,,,,,,,,,,,,,,,,,,,,,,,,,,,,Not Matched,International Education Costs Dataset,Unmatched,,,3200.0,45.8,3245.8,94.83,75.0,High Quality
Ghana,Kumasi,Kwame Nkrumah University,Software Engineering,PhD,4.0,4200,39.8,250,120,250,12.0,kwame nkrumah university,kwame nkrumah university,,,,,,,,,,,,,,,,,,,,,,,,,,,,,,,,Not Matched,International Education Costs Dataset,Unmatched,,,4200.0,39.8,4239.8,93.23,75.0,High Quality
Algeria,Oran,University of Oran,Computer Engineering,Master,2.0,1100,36.4,220,80,200,137.5,university of oran,university of oran,university of tehran,89.47368421052632,368,360,University of Tehran,"Iran, Islamic Republic of",Asia,XL,CO,VH,A,20.6,429,26.8,357,3.0,701+,79.1,115,2.0,701+,2.0,701+,86.2,231,23.1,494,4.7,701+,31.4,university of tehran,QS World University Rankings 2025,International Education Costs Dataset,Medium,368.0,73.84,1100.0,36.4,1136.4,98.23,100.0,High Quality
Panama,David,ISAE University,Data Analytics,Bachelor,4.0,6800,47.5,450,100,400,1.0,isae university,isae university,ie university,92.85714285714286,435,428,IE University,Spain,Europe,M,FO,HI,C,8.1,601+,49.3,182,46.5,328,2.2,701+,95.2,145,100.0,4,3.5,701+,65.6,176,4.6,701+,27.4,ie university,QS World University Rankings 2025,International Education Costs Dataset,High,435.0,69.05,6800.0,47.5,6847.5,89.03,100.0,High Quality
Ecuador,Cuenca,Universidad de Cuenca,Information Systems,Master,2.0,7200,42.5,320,100,300,1.0,universidad de cuenca,universidad de cuenca,universidad de cuenca,100.0,1401+,1401+,Universidad de Cuenca,Ecuador,Americas,L,FC,MD,A,7.2,601+,2.2,601+,4.9,701+,2.0,701+,2.2,701+,1.4,701+,24.4,701+,7.8,701+,2.7,701+,,universidad de cuenca,QS World University Rankings 2025,International Education Costs Dataset,Excellent,1401.0,0.0,7200.0,42.5,7242.5,88.39,100.0,High Quality
Lebanon,Tripoli,Lebanese University,Computer Science,PhD,4.0,2000,52.1,400,150,500,15000.0,lebanese university,lebanese university,lebanese university,100.0,567,577,Lebanese University,Lebanon,Asia,XL,FC,HI,A,29.0,304,34.4,274,10.1,701+,2.2,701+,43.8,402,29.5,435,43.7,701+,29.9,418,5.8,701+,21.9,lebanese university,QS World University Rankings 2025,International Education Costs Dataset,Excellent,567.0,59.61,2000.0,52.1,2052.1,96.75,100.0,High Quality
Bahrain,Isa Town,Bahrain Polytechnic,Software Development,Bachelor,4.0,6500,61.8,600,130,600,0.38,bahrain polytechnic,bahrain polytechnic,,,,,,,,,,,,,,,,,,,,,,,,,,,,,,,,Not Matched,International Education Costs Dataset,Unmatched,,,6500.0,61.8,6561.8,89.49,75.0,High Quality
Uruguay,Maldonado,Universidad Catolica,Data Science,Master,2.0,7000,49.2,400,90,350,39.5,universidad catolica,universidad catolica,,,,,,,,,,,,,,,,,,,,,,,,,,,,,,,,Not Matched,International Education Costs Dataset,Unmatched,,,7000.0,49.2,7049.2,88.7,75.0,High Quality
Uruguay,Maldonado,Universidad Catolica,Data Science,Master,2.0,7000,49.2,400,90,350,39.5,universidad catolica,universidad catolica,,,,,,,,,,,,,,,,,,,,,,,,,,,,,,,,Not Matched,International Education Costs Dataset,Unmatched,,,7000.0,49.2,7049.2,88.7,75.0,High Quality
Bulgaria,Varna,Technical University Varna,Computer Engineering,Master,2.0,3100,44.2,330,110,300,1.85,technical university varna,technical university varna,,,,,,,,,,,,,,,,,,,,,,,,,,,,,,,,Not Matched,International Education Costs Dataset,Unmatched,,,3100.0,44.2,3144.2,94.99,75.0,High Quality
Ghana,Cape Coast,University of Cape Coast,Information Technology,Master,2.0,4000,38.5,230,120,250,12.0,university of cape coast,university of cape coast,,,,,,,,,,,,,,,,,,,,,,,,,,,,,,,,Not Matched,International Education Costs Dataset,Unmatched,,,4000.0,38.5,4038.5,93.55,75.0,High Quality
Algeria,Constantine,University of Constantine,Data Analytics,PhD,4.0,1300,35.8,200,80,200,137.5,university of constantine,university of constantine,,,,,,,,,,,,,,,,,,,,,,,,,,,,,,,,Not Matched,International Education Costs Dataset,Unmatched,,,1300.0,35.8,1335.8,97.91,75.0,High Quality
Panama,Santiago,Universidad Latina,Computer Science,Master,2.0,6500,45.8,400,100,400,1.0,universidad latina,universidad latina,,,,,,,,,,,,,,,,,,,,,,,,,,,,,,,,Not Matched,International Education Costs Dataset,Unmatched,,,6500.0,45.8,6545.8,89.51,75.0,High Quality
Ecuador,Loja,UTPL,Artificial Intelligence,Bachelor,3.0,6800,41.2,300,100,300,1.0,utpl,utpl,,,,,,,,,,,,,,,,,,,,,,,,,,,,,,,,Not Matched,International Education Costs Dataset,Unmatched,,,6800.0,41.2,6841.2,89.04,75.0,High Quality
Lebanon,Jounieh,Holy Spirit University,Software Engineering,Master,2.0,16000,54.5,450,150,500,15000.0,holy spirit university,holy spirit university,,,,,,,,,,,,,,,,,,,,,,,,,,,,,,,,Not Matched,International Education Costs Dataset,Unmatched,,,16000.0,54.5,16054.5,74.19,75.0,High Quality
Bahrain,Sakhir,Arabian Gulf University,Data Science,PhD,4.0,9000,62.4,620,130,600,0.38,arabian gulf university,arabian gulf university,,,,,,,,,,,,,,,,,,,,,,,,,,,,,,,,Not Matched,International Education Costs Dataset,Unmatched,,,9000.0,62.4,9062.4,85.46,75.0,High Quality
Uruguay,Rivera,UTEC,Information Systems,Bachelor,4.0,0,47.8,350,90,350,39.5,utec,utec,,,,,,,,,,,,,,,,,,,,,,,,,,,,,,,,Not Matched,International Education Costs Dataset,Unmatched,,,0.0,47.8,47.8,99.98,75.0,High Quality
Bulgaria,Burgas,Burgas Free University,Computer Science,Master,2.0,2900,43.5,320,110,300,1.85,burgas free university,burgas free university,,,,,,,,,,,,,,,,,,,,,,,,,,,,,,,,Not Matched,International Education Costs Dataset,Unmatched,,,2900.0,43.5,2943.5,95.32,75.0,High Quality
Ghana,Tamale,University for Development,Software Development,PhD,4.0,3800,36.8,200,120,250,12.0,university for development,university for development,,,,,,,,,,,,,,,,,,,,,,,,,,,,,,,,Not Matched,International Education Costs Dataset,Unmatched,,,3800.0,36.8,3836.8,93.88,75.0,High Quality
Algeria,Annaba,Badji Mokhtar University,Computer Engineering,Master,2.0,1000,34.5,180,80,200,137.5,badji mokhtar university,badji mokhtar university,,,,,,,,,,,,,,,,,,,,,,,,,,,,,,,,Not Matched,International Education Costs Dataset,Unmatched,,,1000.0,34.5,1034.5,98.39,75.0,High Quality
Panama,Chitré,Quality Leadership University,Data Analytics,Bachelor,3.0,6200,44.2,380,100,400,1.0,quality leadership university,quality leadership university,,,,,,,,,,,,,,,,,,,,,,,,,,,,,,,,Not Matched,International Education Costs Dataset,Unmatched,,,6200.0,44.2,6244.2,90.0,75.0,High Quality
Ecuador,Ambato,Universidad Tecnica,Information Technology,PhD,4.0,6500,40.5,280,100,300,1.0,universidad tecnica,universidad tecnica,,,,,,,,,,,,,,,,,,,,,,,,,,,,,,,,Not Matched,International Education Costs Dataset,Unmatched,,,6500.0,40.5,6540.5,89.52,75.0,High Quality
Lebanon,Sidon,Lebanese International,Computer Science,Bachelor,4.0,15000,51.8,420,150,500,15000.0,lebanese international,lebanese international,,,,,,,,,,,,,,,,,,,,,,,,,,,,,,,,Not Matched,International Education Costs Dataset,Unmatched,,,15000.0,51.8,15051.8,75.81,75.0,High Quality
Bahrain,Muharraq,Applied Science University,Data Engineering,Master,2.0,7500,61.5,580,130,600,0.38,applied science university,applied science university,applied science university bahrain,86.66666666666667,539,582,Applied Science University - Bahrain,Bahrain,Asia,S,FO,VH,B,23.5,377,25.0,380,39.3,398,2.0,701+,100.0,17,46.8,313,13.3,701+,11.3,701+,1.7,701+,22.8,applied science university bahrain,QS World University Rankings 2025,International Education Costs Dataset,Medium,539.0,61.62,7500.0,61.5,7561.5,87.88,100.0,High Quality
Uruguay,Paysandu,Universidad de Paysandu,Software Engineering,Master,2.0,0,46.5,330,90,350,39.5,universidad de paysandu,universidad de paysandu,,,,,,,,,,,,,,,,,,,,,,,,,,,,,,,,Not Matched,International Education Costs Dataset,Unmatched,,,0.0,46.5,46.5,99.98,75.0,High Quality
Bulgaria,Ruse,University of Ruse,Artificial Intelligence,PhD,4.0,3300,42.8,300,110,300,1.85,university of ruse,university of ruse,university of sussex,89.47368421052632,246,218,University of Sussex,United Kingdom,Europe,L,FC,VH,A,22.6,395,10.4,601+,15.5,701+,56.8,220,99.6,95,84.9,152,84.7,252,39.9,322,97.7,26=,41.0,university of sussex,QS World University Rankings 2025,International Education Costs Dataset,Medium,246.0,82.56,3300.0,42.8,3342.8,94.67,100.0,High Quality
Ghana,Ho,University of Health Sciences,Data Science,Master,2.0,3500,35.4,180,120,250,12.0,university of health sciences,university of health sciences,,,,,,,,,,,,,,,,,,,,,,,,,,,,,,,,Not Matched,International Education Costs Dataset,Unmatched,,,3500.0,35.4,3535.4,94.36,75.0,High Quality
Algeria,Tlemcen,University of Tlemcen,Information Systems,Bachelor,3.0,900,33.2,160,80,200,137.5,university of tlemcen,university of tlemcen,university of tyumen,87.8048780487805,1201-1400,1001-1200,University of Tyumen,Russia,Europe,M,FO,VH,A,3.6,601+,2.1,601+,37.1,432,1.6,701+,4.5,701+,13.8,645,27.0,701+,4.5,701+,1.3,701+,,university of tyumen,QS World University Rankings 2025,International Education Costs Dataset,Medium,1201.0,14.3,900.0,33.2,933.2,98.56,100.0,High Quality
Panama,La Chorrera,Universidad Metropolitana,Computer Science,Master,2.0,6000,43.5,350,100,400,1.0,universidad metropolitana,universidad metropolitana,universidad metropolitana,100.0,1201-1400,1001-1200,Universidad Metropolitana,Venezuela,Americas,M,CO,LO,B,7.6,601+,15.1,555,4.4,701+,1.1,701+,4.4,701+,1.6,701+,1.1,701+,25.9,456,,,,universidad metropolitana,QS World University Rankings 2025,International Education Costs Dataset,Excellent,1201.0,14.3,6000.0,43.5,6043.5,90.32,100.0,High Quality
Bangladesh,Dhaka,Bangladesh University of Engineering,Computer Science,Master,2.0,2500,42.5,250,100,200,109.5,bangladesh university of engineering,bangladesh university of engineering,,,,,,,,,,,,,,,,,,,,,,,,,,,,,,,,Not Matched,International Education Costs Dataset,Unmatched,,,2500.0,42.5,2542.5,95.96,75.0,High Quality
Kuwait,Kuwait City,Kuwait University,Data Science,Master,2.0,3500,71.2,800,140,700,0.31,kuwait university,kuwait university,kuwait university,100.0,801-850,851-900,Kuwait University,Kuwait,Asia,L,FC,HI,A,14.7,593,7.9,601+,6.8,701+,2.9,701+,20.4,591,19.4,558,39.3,701+,93.8,58,17.1,562,,kuwait university,QS World University Rankings 2025,International Education Costs Dataset,Excellent,801.0,42.89,3500.0,71.2,3571.2,94.31,100.0,High Quality
Ukraine,Kyiv,Igor Sikorsky Kyiv Polytechnic,Software Engineering,Bachelor,4.0,3800,45.8,400,120,300,36.8,igor sikorsky kyiv polytechnic,igor sikorsky kyiv polytechnic,,,,,,,,,,,,,,,,,,,,,,,,,,,,,,,,Not Matched,International Education Costs Dataset,Unmatched,,,3800.0,45.8,3845.8,93.86,75.0,High Quality
Slovenia,Ljubljana,University of Ljubljana,Computer Engineering,PhD,4.0,4500,62.4,500,80,450,0.92,university of ljubljana,university of ljubljana,university of ljubljana,100.0,596,621-630,University of Ljubljana,Slovenia,Europe,XL,FC,VH,A,19.9,451,9.2,601+,33.3,474,5.9,701+,4.2,701+,9.7,701+,84.8,249,97.6,32,4.9,701+,20.8,university of ljubljana,QS World University Rankings 2025,International Education Costs Dataset,Excellent,596.0,57.54,4500.0,62.4,4562.4,92.71,100.0,High Quality
Serbia,Belgrade,University of Belgrade,Information Systems,Master,2.0,2800,48.5,350,90,320,108.5,university of belgrade,university of belgrade,university of belgrade,100.0,731-740,721-730,University of Belgrade,Serbia,Europe,XL,FC,VH,A,17.6,514,8.4,601+,4.6,701+,5.3,701+,2.8,701+,4.0,701+,95.2,73,96.4,40,3.7,701+,,university of belgrade,QS World University Rankings 2025,International Education Costs Dataset,Excellent,731.0,47.89,2800.0,48.5,2848.5,95.47,100.0,High Quality
Iran,Tehran,Sharif University of Technology,Data Analytics,Master,2.0,3000,51.2,400,150,280,42150.0,sharif university of technology,sharif university of technology,sharif university of technology,100.0,342,334,Sharif University of Technology,"Iran, Islamic Republic of",Asia,M,FO,VH,A,11.5,601+,33.6,278,5.1,701+,99.9,13,2.9,701+,1.2,701+,61.4,610,28.2,436,1.3,701+,33.0,sharif university of technology,QS World University Rankings 2025,International Education Costs Dataset,Excellent,342.0,75.7,3000.0,51.2,3051.2,95.14,100.0,High Quality
Uzbekistan,Tashkent,INHA University Tashkent,Computer Science,Bachelor,4.0,4200,44.5,300,160,250,12300.0,inha university tashkent,inha university tashkent,,,,,,,,,,,,,,,,,,,,,,,,,,,,,,,,Not Matched,International Education Costs Dataset,Unmatched,,,4200.0,44.5,4244.5,93.22,75.0,High Quality
El Salvador,San Salvador,Universidad Don Bosco,Software Development,Master,2.0,5500,46.8,400,110,300,1.0,universidad don bosco,universidad don bosco,,,,,,,,,,,,,,,,,,,,,,,,,,,,,,,,Not Matched,International Education Costs Dataset,Unmatched,,,5500.0,46.8,5546.8,91.12,75.0,High Quality
Bangladesh,Chittagong,CUET,Artificial Intelligence,PhD,4.0,2200,39.8,200,100,200,109.5,cuet,cuet,,,,,,,,,,,,,,,,,,,,,,,,,,,,,,,,Not Matched,International Education Costs Dataset,Unmatched,,,2200.0,39.8,2239.8,96.45,75.0,High Quality
Kuwait,Hawalli,American University Kuwait,Data Engineering,Master,2.0,15000,68.5,750,140,700,0.31,american university kuwait,american university kuwait,american university in dubai,85.18518518518519,621-630,601-610,American University in Dubai,United Arab Emirates,Asia,S,FO,HI,C,10.3,601+,16.9,506,25.2,590,1.9,701+,100.0,81,100.0,2,4.5,701+,41.3,310,1.0,701+,,american university in dubai,QS World University Rankings 2025,International Education Costs Dataset,Medium,621.0,55.75,15000.0,68.5,15068.5,75.78,100.0,High Quality
Ukraine,Lviv,Lviv Polytechnic,Computer Science,Master,2.0,3500,43.2,350,120,300,36.8,lviv polytechnic,lviv polytechnic,,,,,,,,,,,,,,,,,,,,,,,,,,,,,,,,Not Matched,International Education Costs Dataset,Unmatched,,,3500.0,43.2,3543.2,94.35,75.0,High Quality
Slovenia,Maribor,University of Maribor,Data Science,Master,2.0,4200,58.5,450,80,450,0.92,university of maribor,university of maribor,university of maribor,100.0,901-950,851-900,University of Maribor,Slovenia,Europe,L,FC,HI,A,8.0,601+,6.6,601+,29.2,530,6.8,701+,1.8,701+,13.0,658,61.0,622,33.4,380,9.1,686=,,university of maribor,QS World University Rankings 2025,International Education Costs Dataset,Excellent,901.0,35.74,4200.0,58.5,4258.5,93.2,100.0,High Quality
Serbia,Novi Sad,University of Novi Sad,Software Engineering,PhD,4.0,2600,45.8,320,90,320,108.5,university of novi sad,university of novi sad,university of novi sad,100.0,1001-1200,1001-1200,University of Novi Sad,Serbia,Europe,XL,FC,HI,A,8.4,601+,5.9,601+,8.8,701+,3.6,701+,,,,,79.4,334,21.3,538,1.2,701+,,university of novi sad,QS World University Rankings 2025,International Education Costs Dataset,Excellent,1001.0,28.59,2600.0,45.8,2645.8,95.8,100.0,High Quality
Iran,Isfahan,Isfahan University of Technology,Information Systems,Bachelor,3.0,2800,48.5,350,150,280,42150.0,isfahan university of technology,isfahan university of technology,isfahan university of technology,100.0,489,,Isfahan University of Technology,"Iran, Islamic Republic of",Asia,M,FO,VH,,4.9,601+,15.7,541,5.1,701+,92.2,68,2.3,701+,1.4,701+,43.5,701+,5.6,701+,1.1,701+,24.5,isfahan university of technology,QS World University Rankings 2025,International Education Costs Dataset,Excellent,489.0,65.19,2800.0,48.5,2848.5,95.47,100.0,High Quality
Uzbekistan,Samarkand,Samarkand State University,Data Analytics,Master,2.0,3800,41.2,250,160,250,12300.0,samarkand state university,samarkand state university,,,,,,,,,,,,,,,,,,,,,,,,,,,,,,,,Not Matched,International Education Costs Dataset,Unmatched,,,3800.0,41.2,3841.2,93.87,75.0,High Quality
El Salvador,Santa Ana,Universidad Catolica,Computer Engineering,Bachelor,4.0,5000,44.5,350,110,300,1.0,universidad catolica,universidad catolica,,,,,,,,,,,,,,,,,,,,,,,,,,,,,,,,Not Matched,International Education Costs Dataset,Unmatched,,,5000.0,44.5,5044.5,91.93,75.0,High Quality
El Salvador,Santa Ana,Universidad Catolica,Computer Engineering,Bachelor,4.0,5000,44.5,350,110,300,1.0,universidad catolica,universidad catolica,,,,,,,,,,,,,,,,,,,,,,,,,,,,,,,,Not Matched,International Education Costs Dataset,Unmatched,,,5000.0,44.5,5044.5,91.93,75.0,High Quality
Bangladesh,Khulna,Khulna University,Software Development,Master,2.0,2100,38.5,180,100,200,109.5,khulna university,khulna university,khulna university,100.0,1201-1400,1401+,Khulna University,Bangladesh,Asia,M,SP,HI,,6.9,601+,5.0,601+,10.5,701+,5.3,701+,,,,,17.8,701+,3.8,701+,1.0,701+,,khulna university,QS World University Rankings 2025,International Education Costs Dataset,Excellent,1201.0,14.3,2100.0,38.5,2138.5,96.61,100.0,High Quality
Kuwait,Al Jahra,Gulf University for Science,Artificial Intelligence,PhD,4.0,14000,66.8,700,140,700,0.31,gulf university for science,gulf university for science,,,,,,,,,,,,,,,,,,,,,,,,,,,,,,,,Not Matched,International Education Costs Dataset,Unmatched,,,14000.0,66.8,14066.8,77.39,75.0,High Quality
Ukraine,Kharkiv,Kharkiv Polytechnic,Data Science,Master,2.0,3400,42.5,330,120,300,36.8,kharkiv polytechnic,kharkiv polytechnic,,,,,,,,,,,,,,,,,,,,,,,,,,,,,,,,Not Matched,International Education Costs Dataset,Unmatched,,,3400.0,42.5,3442.5,94.51,75.0,High Quality
Slovenia,Koper,University of Primorska,Information Technology,Bachelor,3.0,4000,57.2,420,80,450,0.92,university of primorska,university of primorska,university of primorska,100.0,1201-1400,1001-1200,University of Primorska,Slovenia,Europe,M,CO,HI,A,3.7,601+,2.5,601+,8.9,701+,4.1,701+,25.0,534,26.4,459,46.3,701+,4.2,701+,1.0,701+,,university of primorska,QS World University Rankings 2025,International Education Costs Dataset,Excellent,1201.0,14.3,4000.0,57.2,4057.2,93.52,100.0,High Quality
Serbia,Nis,University of Nis,Computer Engineering,Master,2.0,2500,44.2,300,90,320,108.5,university of nis,university of nis,university of ni,96.96969696969695,1201-1400,1201-1400,University of Ni,Serbia,Europe,L,FC,HI,A,5.0,601+,5.5,601+,12.5,701+,2.4,701+,,,5.7,701+,49.0,701+,4.0,701+,1.0,701+,,university of ni,QS World University Rankings 2025,International Education Costs Dataset,Excellent,1201.0,14.3,2500.0,44.2,2544.2,95.96,100.0,High Quality
Iran,Mashhad,Ferdowsi University,Data Analytics,PhD,4.0,2900,47.8,320,150,280,42150.0,ferdowsi university,ferdowsi university,,,,,,,,,,,,,,,,,,,,,,,,,,,,,,,,Not Matched,International Education Costs Dataset,Unmatched,,,2900.0,47.8,2947.8,95.31,75.0,High Quality
Uzbekistan,Bukhara,Bukhara State University,Computer Science,Bachelor,4.0,3500,39.8,220,160,250,12300.0,bukhara state university,bukhara state university,kansas state university,85.1063829787234,851-900,851-900,Kansas State University,United States,Americas,L,CO,VH,A,8.2,601+,6.7,601+,10.3,701+,22.1,531,10.1,701+,4.6,701+,74.9,411,13.5,701+,10.2,660,,kansas state university,QS World University Rankings 2025,International Education Costs Dataset,Medium,851.0,39.31,3500.0,39.8,3539.8,94.36,100.0,High Quality
El Salvador,San Miguel,Universidad de Oriente,Information Systems,Master,2.0,4800,43.2,320,110,300,1.0,universidad de oriente,universidad de oriente,universidad del norte,88.37209302325581,1001-1200,1001-1200,Universidad del Norte,Colombia,Americas,M,FC,HI,B,9.6,601+,11.9,601+,10.8,701+,2.9,701+,7.7,701+,1.4,701+,29.6,701+,7.6,701+,21.3,521=,,universidad del norte,QS World University Rankings 2025,International Education Costs Dataset,Medium,1001.0,28.59,4800.0,43.2,4843.2,92.26,100.0,High Quality
Bangladesh,Rajshahi,RUET,Software Engineering,Master,2.0,2000,37.2,170,100,200,109.5,ruet,ruet,,,,,,,,,,,,,,,,,,,,,,,,,,,,,,,,Not Matched,International Education Costs Dataset,Unmatched,,,2000.0,37.2,2037.2,96.78,75.0,High Quality
Kuwait,Salmiya,Australian College Kuwait,Data Science,Bachelor,3.0,13500,65.4,680,140,700,0.31,australian college kuwait,australian college kuwait,,,,,,,,,,,,,,,,,,,,,,,,,,,,,,,,Not Matched,International Education Costs Dataset,Unmatched,,,13500.0,65.4,13565.4,78.2,75.0,High Quality
Ukraine,Odesa,Odesa Polytechnic,Artificial Intelligence,PhD,4.0,3600,41.8,320,120,300,36.8,odesa polytechnic,odesa polytechnic,,,,,,,,,,,,,,,,,,,,,,,,,,,,,,,,Not Matched,International Education Costs Dataset,Unmatched,,,3600.0,41.8,3641.8,94.19,75.0,High Quality
Slovenia,Nova Gorica,University of Nova Gorica,Computer Science,Master,2.0,4100,56.5,400,80,450,0.92,university of nova gorica,university of nova gorica,,,,,,,,,,,,,,,,,,,,,,,,,,,,,,,,Not Matched,International Education Costs Dataset,Unmatched,,,4100.0,56.5,4156.5,93.36,75.0,High Quality
Serbia,Kragujevac,University of Kragujevac,Data Engineering,Bachelor,4.0,2400,43.5,280,90,320,108.5,university of kragujevac,university of kragujevac,university of kragujevac,100.0,1201-1400,1401+,University of Kragujevac,Serbia,Europe,L,FO,VH,A,3.9,601+,3.0,601+,8.5,701+,3.7,701+,1.0,701+,1.1,701+,44.1,701+,9.3,701+,1.0,701+,,university of kragujevac,QS World University Rankings 2025,International Education Costs Dataset,Excellent,1201.0,14.3,2400.0,43.5,2443.5,96.12,100.0,High Quality
Iran,Shiraz,Shiraz University,Software Development,Master,2.0,2700,46.8,300,150,280,42150.0,shiraz university,shiraz university,shiraz university,100.0,691-700,681-690,Shiraz University,"Iran, Islamic Republic of",Asia,L,CO,VH,A,6.9,601+,5.4,601+,4.6,701+,60.7,198,1.2,701+,2.2,701+,54.3,701+,14.1,688,7.9,701+,,shiraz university,QS World University Rankings 2025,International Education Costs Dataset,Excellent,691.0,50.75,2700.0,46.8,2746.8,95.63,100.0,High Quality
Uzbekistan,Namangan,Namangan Institute,Information Technology,Master,2.0,3400,38.5,200,160,250,12300.0,namangan institute,namangan institute,,,,,,,,,,,,,,,,,,,,,,,,,,,,,,,,Not Matched,International Education Costs Dataset,Unmatched,,,3400.0,38.5,3438.5,94.52,75.0,High Quality
El Salvador,Sonsonate,Universidad de Sonsonate,Data Science,Bachelor,3.0,4500,42.8,300,110,300,1.0,universidad de sonsonate,universidad de sonsonate,universidad de sonora,88.88888888888889,1401+,1401+,Universidad de Sonora,Mexico,Americas,XL,CO,HI,A,3.6,601+,1.6,601+,4.4,701+,1.8,701+,3.4,701+,1.5,701+,9.2,701+,2.1,701+,1.0,701+,,universidad de sonora,QS World University Rankings 2025,International Education Costs Dataset,Medium,1401.0,0.0,4500.0,42.8,4542.8,92.74,100.0,High Quality
Bangladesh,Sylhet,SUST,Computer Engineering,PhD,4.0,2300,36.8,160,100,200,109.5,sust,sust,,,,,,,,,,,,,,,,,,,,,,,,,,,,,,,,Not Matched,International Education Costs Dataset,Unmatched,,,2300.0,36.8,2336.8,96.29,75.0,High Quality
Kuwait,Al Ahmadi,ACK,Software Engineering,Master,2.0,13000,64.5,650,140,700,0.31,ack,ack,,,,,,,,,,,,,,,,,,,,,,,,,,,,,,,,Not Matched,International Education Costs Dataset,Unmatched,,,13000.0,64.5,13064.5,79.01,75.0,High Quality
Ukraine,Dnipro,Dnipro Polytechnic,Data Analytics,Master,2.0,3300,40.5,300,120,300,36.8,dnipro polytechnic,dnipro polytechnic,,,,,,,,,,,,,,,,,,,,,,,,,,,,,,,,Not Matched,International Education Costs Dataset,Unmatched,,,3300.0,40.5,3340.5,94.68,75.0,High Quality
Slovenia,Celje,Faculty of Logistics,Information Systems,Bachelor,3.0,3900,55.4,380,80,450,0.92,faculty of logistics,faculty of logistics,,,,,,,,,,,,,,,,,,,,,,,,,,,,,,,,Not Matched,International Education Costs Dataset,Unmatched,,,3900.0,55.4,3955.4,93.69,75.0,High Quality
Serbia,Subotica,University of Subotica,Computer Science,Master,2.0,2300,42.8,270,90,320,108.5,university of subotica,university of subotica,,,,,,,,,,,,,,,,,,,,,,,,,,,,,,,,Not Matched,International Education Costs Dataset,Unmatched,,,2300.0,42.8,2342.8,96.28,75.0,High Quality
Iran,Tabriz,University of Tabriz,Artificial Intelligence,PhD,4.0,2600,45.5,280,150,280,42150.0,university of tabriz,university of tabriz,university of tabriz,100.0,552,,University of Tabriz,"Iran, Islamic Republic of",Asia,L,CO,VH,A,5.9,601+,5.0,601+,3.4,701+,81.7,104,1.5,701+,6.8,701+,71.8,453,5.3,701+,1.2,701+,22.5,university of tabriz,QS World University Rankings 2025,International Education Costs Dataset,Excellent,552.0,60.69,2600.0,45.5,2645.5,95.8,100.0,High Quality
Uzbekistan,Andijan,Andijan State University,Software Development,Master,2.0,3200,37.8,180,160,250,12300.0,andijan state university,andijan state university,indiana state university,91.66666666666666,1401+,1201-1400,Indiana State University,United States,Americas,M,CO,HI,A,6.2,601+,4.4,601+,8.5,701+,3.0,701+,1.7,701+,2.2,701+,4.2,701+,6.8,701+,1.0,701+,,indiana state university,QS World University Rankings 2025,International Education Costs Dataset,High,1401.0,0.0,3200.0,37.8,3237.8,94.84,100.0,High Quality
El Salvador,Santa Tecla,ITCA-FEPADE,Computer Engineering,Bachelor,4.0,4200,42.1,280,110,300,1.0,itca fepade,itca fepade,,,,,,,,,,,,,,,,,,,,,,,,,,,,,,,,Not Matched,International Education Costs Dataset,Unmatched,,,4200.0,42.1,4242.1,93.22,75.0,High Quality
Malaysia,Kuala Lumpur,University of Malaya,Computer Science,Master,2.0,8500,55.4,500,120,400,4.65,university of malaya,university of malaya,university of malta,92.3076923076923,751-760,851-900,University of Malta,Malta,Europe,M,FC,HI,A,6.1,601+,4.6,601+,31.7,498,7.2,701+,18.0,624,19.2,562,75.9,391,95.9,45,1.9,701+,,university of malta,QS World University Rankings 2025,International Education Costs Dataset,High,751.0,46.46,8500.0,55.4,8555.4,86.27,100.0,High Quality
Malaysia,Kuala Lumpur,University of Malaya,Computer Science,Master,2.0,8500,55.4,500,120,400,4.65,university of malaya,university of malaya,university of malta,92.3076923076923,751-760,851-900,University of Malta,Malta,Europe,M,FC,HI,A,6.1,601+,4.6,601+,31.7,498,7.2,701+,18.0,624,19.2,562,75.9,391,95.9,45,1.9,701+,,university of malta,QS World University Rankings 2025,International Education Costs Dataset,High,751.0,46.46,8500.0,55.4,8555.4,86.27,100.0,High Quality
Saudi Arabia,Riyadh,King Saud University,Data Science,PhD,4.0,5000,72.5,800,200,800,3.75,king saud university,king saud university,king saud university,100.0,200,203,King Saud University,Saudi Arabia,Asia,XL,FC,VH,A,39.4,216,28.7,332,54.3,281,40.0,354,99.4,98,15.0,622,95.1,75,99.0,17,33.0,420=,46.2,king saud university,QS World University Rankings 2025,International Education Costs Dataset,Excellent,200.0,85.85,5000.0,72.5,5072.5,91.89,100.0,High Quality
Saudi Arabia,Riyadh,King Saud University,Data Science,PhD,4.0,5000,72.5,800,200,800,3.75,king saud university,king saud university,king saud university,100.0,200,203,King Saud University,Saudi Arabia,Asia,XL,FC,VH,A,39.4,216,28.7,332,54.3,281,40.0,354,99.4,98,15.0,622,95.1,75,99.0,17,33.0,420=,46.2,king saud university,QS World University Rankings 2025,International Education Costs Dataset,Excellent,200.0,85.85,5000.0,72.5,5072.5,91.89,100.0,High Quality
USA,Boston,Harvard University,Artificial Intelligence,Master,2.0,58000,82.1,2200,160,1500,1.0,harvard university,harvard university,harvard university,100.0,4,4,Harvard University,United States,Americas,L,FC,VH,B,100.0,1,100.0,1,96.3,53,100.0,1,74.1,269,69.0,215,99.6,5,100.0,1,84.4,130,96.8,harvard university,QS World University Rankings 2025,International Education Costs Dataset,Excellent,4.0,99.86,58000.0,82.1,58082.1,6.47,100.0,High Quality
USA,Boston,Harvard University,Artificial Intelligence,Master,2.0,58000,82.1,2200,160,1500,1.0,harvard university,harvard university,harvard university,100.0,4,4,Harvard University,United States,Americas,L,FC,VH,B,100.0,1,100.0,1,96.3,53,100.0,1,74.1,269,69.0,215,99.6,5,100.0,1,84.4,130,96.8,harvard university,QS World University Rankings 2025,International Education Costs Dataset,Excellent,4.0,99.86,58000.0,82.1,58082.1,6.47,100.0,High Quality
UK,London,Imperial College,Computer Engineering,Master,2.0,42000,75.3,1800,485,800,0.79,imperial college,imperial college,,,,,,,,,,,,,,,,,,,,,,,,,,,,,,,,Not Matched,International Education Costs Dataset,Unmatched,,,42000.0,75.3,42075.3,32.27,75.0,High Quality
Spain,Madrid,Universidad Politecnica,Software Engineering,PhD,4.0,3500,71.4,1100,80,750,0.92,universidad politecnica,universidad politecnica,,,,,,,,,,,,,,,,,,,,,,,,,,,,,,,,Not Matched,International Education Costs Dataset,Unmatched,,,3500.0,71.4,3571.4,94.3,75.0,High Quality
Italy,Milan,Politecnico di Milano,Data Analytics,Master,2.0,4000,73.2,1200,120,700,0.92,politecnico di milano,politecnico di milano,politecnico di milano,100.0,111,123,Politecnico di Milano,Italy,Europe,XL,FO,VH,A,70.8,90,77.0,82,5.8,701+,40.2,351,67.4,292,56.8,262,88.1,197,52.9,239,72.6,202=,58.2,politecnico di milano,QS World University Rankings 2025,International Education Costs Dataset,Excellent,111.0,92.21,4000.0,73.2,4073.2,93.5,100.0,High Quality
Italy,Milan,Politecnico di Milano,Data Analytics,Master,2.0,4000,73.2,1200,120,700,0.92,politecnico di milano,politecnico di milano,politecnico di milano,100.0,111,123,Politecnico di Milano,Italy,Europe,XL,FO,VH,A,70.8,90,77.0,82,5.8,701+,40.2,351,67.4,292,56.8,262,88.1,197,52.9,239,72.6,202=,58.2,politecnico di milano,QS World University Rankings 2025,International Education Costs Dataset,Excellent,111.0,92.21,4000.0,73.2,4073.2,93.5,100.0,High Quality
Italy,Milan,Politecnico di Milano,Data Analytics,Master,2.0,4000,73.2,1200,120,700,0.92,politecnico di milano,politecnico di milano,politecnico di milano,100.0,111,123,Politecnico di Milano,Italy,Europe,XL,FO,VH,A,70.8,90,77.0,82,5.8,701+,40.2,351,67.4,292,56.8,262,88.1,197,52.9,239,72.6,202=,58.2,politecnico di milano,QS World University Rankings 2025,International Education Costs Dataset,Excellent,111.0,92.21,4000.0,73.2,4073.2,93.5,100.0,High Quality
France,Paris,Sorbonne University,Computer Science,Master,2.0,4500,84.3,1800,99,850,0.92,sorbonne university,sorbonne university,sorbonne university,100.0,63,59,Sorbonne University,France,Europe,XL,FC,VH,A,87.2,49,52.0,166,43.0,363,72.3,144,33.8,471,46.7,315,99.8,4,79.7,125,87.6,111,70.3,sorbonne university,QS World University Rankings 2025,International Education Costs Dataset,Excellent,63.0,95.64,4500.0,84.3,4584.3,92.67,100.0,High Quality
France,Paris,Sorbonne University,Computer Science,Master,2.0,4500,84.3,1800,99,850,0.92,sorbonne university,sorbonne university,sorbonne university,100.0,63,59,Sorbonne University,France,Europe,XL,FC,VH,A,87.2,49,52.0,166,43.0,363,72.3,144,33.8,471,46.7,315,99.8,4,79.7,125,87.6,111,70.3,sorbonne university,QS World University Rankings 2025,International Education Costs Dataset,Excellent,63.0,95.64,4500.0,84.3,4584.3,92.67,100.0,High Quality
France,Paris,Sorbonne University,Computer Science,Master,2.0,4500,84.3,1800,99,850,0.92,sorbonne university,sorbonne university,sorbonne university,100.0,63,59,Sorbonne University,France,Europe,XL,FC,VH,A,87.2,49,52.0,166,43.0,363,72.3,144,33.8,471,46.7,315,99.8,4,79.7,125,87.6,111,70.3,sorbonne university,QS World University Rankings 2025,International Education Costs Dataset,Excellent,63.0,95.64,4500.0,84.3,4584.3,92.67,100.0,High Quality
Malaysia,Penang,USM,Information Systems,Bachelor,3.0,7500,52.1,450,120,400,4.65,usm,usm,,,,,,,,,,,,,,,,,,,,,,,,,,,,,,,,Not Matched,International Education Costs Dataset,Unmatched,,,7500.0,52.1,7552.1,87.89,75.0,High Quality
Saudi Arabia,Jeddah,King Abdulaziz University,Data Engineering,Master,2.0,4800,70.2,750,200,800,3.75,king abdulaziz university,king abdulaziz university,king abdulaziz university kau,92.5925925925926,149,143,King Abdulaziz University (KAU),Saudi Arabia,Asia,XL,FC,VH,A,59.8,125,61.4,133,41.6,374,34.4,387,89.3,195,9.5,701+,93.1,118,35.9,353,58.4,275,52.2,king abdulaziz university kau,QS World University Rankings 2025,International Education Costs Dataset,High,149.0,89.49,4800.0,70.2,4870.2,92.21,100.0,High Quality
USA,Stanford,Stanford University,Computer Science,PhD,5.0,52000,84.3,2300,160,1500,1.0,stanford university,stanford university,stanford university,100.0,6,5,Stanford University,United States,Americas,L,FC,VH,B,100.0,5,100.0,3,100.0,12,99.0,27,70.3,284,60.8,244,96.8,45,100.0,2,81.2,148=,96.1,stanford university,QS World University Rankings 2025,International Education Costs Dataset,Excellent,6.0,99.71,52000.0,84.3,52084.3,16.14,100.0,High Quality
USA,Stanford,Stanford University,Computer Science,PhD,5.0,52000,84.3,2300,160,1500,1.0,stanford university,stanford university,stanford university,100.0,6,5,Stanford University,United States,Americas,L,FC,VH,B,100.0,5,100.0,3,100.0,12,99.0,27,70.3,284,60.8,244,96.8,45,100.0,2,81.2,148=,96.1,stanford university,QS World University Rankings 2025,International Education Costs Dataset,Excellent,6.0,99.71,52000.0,84.3,52084.3,16.14,100.0,High Quality
USA,Stanford,Stanford University,Computer Science,PhD,5.0,52000,84.3,2300,160,1500,1.0,stanford university,stanford university,stanford university,100.0,6,5,Stanford University,United States,Americas,L,FC,VH,B,100.0,5,100.0,3,100.0,12,99.0,27,70.3,284,60.8,244,96.8,45,100.0,2,81.2,148=,96.1,stanford university,QS World University Rankings 2025,International Education Costs Dataset,Excellent,6.0,99.71,52000.0,84.3,52084.3,16.14,100.0,High Quality
USA,Stanford,Stanford University,Computer Science,PhD,5.0,52000,84.3,2300,160,1500,1.0,stanford university,stanford university,stanford university,100.0,6,5,Stanford University,United States,Americas,L,FC,VH,B,100.0,5,100.0,3,100.0,12,99.0,27,70.3,284,60.8,244,96.8,45,100.0,2,81.2,148=,96.1,stanford university,QS World University Rankings 2025,International Education Costs Dataset,Excellent,6.0,99.71,52000.0,84.3,52084.3,16.14,100.0,High Quality
USA,Stanford,Stanford University,Computer Science,PhD,5.0,52000,84.3,2300,160,1500,1.0,stanford university,stanford university,stanford university,100.0,6,5,Stanford University,United States,Americas,L,FC,VH,B,100.0,5,100.0,3,100.0,12,99.0,27,70.3,284,60.8,244,96.8,45,100.0,2,81.2,148=,96.1,stanford university,QS World University Rankings 2025,International Education Costs Dataset,Excellent,6.0,99.71,52000.0,84.3,52084.3,16.14,100.0,High Quality
UK,Cambridge,University of Cambridge,Artificial Intelligence,PhD,4.0,45000,71.5,1600,485,800,0.79,university of cambridge,university of cambridge,university of cambridge,100.0,5,2,University of Cambridge,United Kingdom,Europe,L,FC,VH,A,100.0,3,100.0,4,100.0,17,84.6,96,100.0,73,94.8,98,99.3,10,100.0,5,84.8,127=,96.7,university of cambridge,QS World University Rankings 2025,International Education Costs Dataset,Excellent,5.0,99.79,45000.0,71.5,45071.5,27.44,100.0,High Quality
UK,Cambridge,University of Cambridge,Artificial Intelligence,PhD,4.0,45000,71.5,1600,485,800,0.79,university of cambridge,university of cambridge,university of cambridge,100.0,5,2,University of Cambridge,United Kingdom,Europe,L,FC,VH,A,100.0,3,100.0,4,100.0,17,84.6,96,100.0,73,94.8,98,99.3,10,100.0,5,84.8,127=,96.7,university of cambridge,QS World University Rankings 2025,International Education Costs Dataset,Excellent,5.0,99.79,45000.0,71.5,45071.5,27.44,100.0,High Quality
UK,Cambridge,University of Cambridge,Artificial Intelligence,PhD,4.0,45000,71.5,1600,485,800,0.79,university of cambridge,university of cambridge,university of cambridge,100.0,5,2,University of Cambridge,United Kingdom,Europe,L,FC,VH,A,100.0,3,100.0,4,100.0,17,84.6,96,100.0,73,94.8,98,99.3,10,100.0,5,84.8,127=,96.7,university of cambridge,QS World University Rankings 2025,International Education Costs Dataset,Excellent,5.0,99.79,45000.0,71.5,45071.5,27.44,100.0,High Quality
Spain,Barcelona,Universitat de Barcelona,Data Science,Master,2.0,3800,73.6,1000,80,750,0.92,universitat de barcelona,universitat de barcelona,universitat de barcelona,100.0,165,164,Universitat de Barcelona,Spain,Europe,XL,FC,VH,A,73.7,85,30.3,312,12.4,701+,38.1,364,23.1,559,26.3,461,96.8,44,71.5,153,92.2,76=,50.7,universitat de barcelona,QS World University Rankings 2025,International Education Costs Dataset,Excellent,165.0,88.35,3800.0,73.6,3873.6,93.82,100.0,High Quality
Italy,Rome,Sapienza University,Software Engineering,Bachelor,3.0,3500,71.2,1100,120,700,0.92,sapienza university,sapienza university,,,,,,,,,,,,,,,,,,,,,,,,,,,,,,,,Not Matched,International Education Costs Dataset,Unmatched,,,3500.0,71.2,3571.2,94.31,75.0,High Quality
Italy,Rome,Sapienza University,Software Engineering,Bachelor,3.0,3500,71.2,1100,120,700,0.92,sapienza university,sapienza university,,,,,,,,,,,,,,,,,,,,,,,,,,,,,,,,Not Matched,International Education Costs Dataset,Unmatched,,,3500.0,71.2,3571.2,94.31,75.0,High Quality
France,Lyon,École Normale Supérieure,Computer Engineering,Master,2.0,4200,75.6,1200,99,850,0.92,cole normale sup rieure,cole normale sup rieure,cole normale sup rieure de lyon,85.18518518518519,187,184,École Normale Supérieure de Lyon,France,Europe,S,CO,VH,A,29.8,296,16.3,522,97.0,49,93.5,59,59.0,329,11.7,684,70.3,482,14.0,694,6.6,701+,47.5,cole normale sup rieure de lyon,QS World University Rankings 2025,International Education Costs Dataset,Medium,187.0,86.78,4200.0,75.6,4275.6,93.17,100.0,High Quality
Malaysia,Johor Bahru,UTM,Data Analytics,PhD,4.0,8000,51.8,400,120,400,4.65,utm,utm,,,,,,,,,,,,,,,,,,,,,,,,,,,,,,,,Not Matched,International Education Costs Dataset,Unmatched,,,8000.0,51.8,8051.8,87.09,75.0,High Quality
Saudi Arabia,Dhahran,KFUPM,Computer Science,Master,2.0,4500,68.5,700,200,800,3.75,kfupm,kfupm,,,,,,,,,,,,,,,,,,,,,,,,,,,,,,,,Not Matched,International Education Costs Dataset,Unmatched,,,4500.0,68.5,4568.5,92.7,75.0,High Quality
USA,Berkeley,UC Berkeley,Data Science,Master,2.0,54000,83.2,2000,160,1500,1.0,uc berkeley,uc berkeley,,,,,,,,,,,,,,,,,,,,,,,,,,,,,,,,Not Matched,International Education Costs Dataset,Unmatched,,,54000.0,83.2,54083.2,12.92,75.0,High Quality
USA,Berkeley,UC Berkeley,Data Science,Master,2.0,54000,83.2,2000,160,1500,1.0,uc berkeley,uc berkeley,,,,,,,,,,,,,,,,,,,,,,,,,,,,,,,,Not Matched,International Education Costs Dataset,Unmatched,,,54000.0,83.2,54083.2,12.92,75.0,High Quality
USA,Berkeley,UC Berkeley,Data Science,Master,2.0,54000,83.2,2000,160,1500,1.0,uc berkeley,uc berkeley,,,,,,,,,,,,,,,,,,,,,,,,,,,,,,,,Not Matched,International Education Costs Dataset,Unmatched,,,54000.0,83.2,54083.2,12.92,75.0,High Quality
USA,Berkeley,UC Berkeley,Data Science,Master,2.0,54000,83.2,2000,160,1500,1.0,uc berkeley,uc berkeley,,,,,,,,,,,,,,,,,,,,,,,,,,,,,,,,Not Matched,International Education Costs Dataset,Unmatched,,,54000.0,83.2,54083.2,12.92,75.0,High Quality
UK,Oxford,University of Oxford,Software Engineering,Master,2.0,40000,71.5,1400,485,800,0.79,university of oxford,university of oxford,university of oxford,100.0,3,3,University of Oxford,United Kingdom,Europe,L,FC,VH,A,100.0,2,100.0,5,100.0,8,84.8,93,98.1,120,97.7,73,100.0,1,100.0,3,85.0,126,96.9,university of oxford,QS World University Rankings 2025,International Education Costs Dataset,Excellent,3.0,99.93,40000.0,71.5,40071.5,35.49,100.0,High Quality
UK,Oxford,University of Oxford,Software Engineering,Master,2.0,40000,71.5,1400,485,800,0.79,university of oxford,university of oxford,university of oxford,100.0,3,3,University of Oxford,United Kingdom,Europe,L,FC,VH,A,100.0,2,100.0,5,100.0,8,84.8,93,98.1,120,97.7,73,100.0,1,100.0,3,85.0,126,96.9,university of oxford,QS World University Rankings 2025,International Education Costs Dataset,Excellent,3.0,99.93,40000.0,71.5,40071.5,35.49,100.0,High Quality
UK,Oxford,University of Oxford,Software Engineering,Master,2.0,40000,71.5,1400,485,800,0.79,university of oxford,university of oxford,university of oxford,100.0,3,3,University of Oxford,United Kingdom,Europe,L,FC,VH,A,100.0,2,100.0,5,100.0,8,84.8,93,98.1,120,97.7,73,100.0,1,100.0,3,85.0,126,96.9,university of oxford,QS World University Rankings 2025,International Education Costs Dataset,Excellent,3.0,99.93,40000.0,71.5,40071.5,35.49,100.0,High Quality
UK,Oxford,University of Oxford,Software Engineering,Master,2.0,40000,71.5,1400,485,800,0.79,university of oxford,university of oxford,university of oxford,100.0,3,3,University of Oxford,United Kingdom,Europe,L,FC,VH,A,100.0,2,100.0,5,100.0,8,84.8,93,98.1,120,97.7,73,100.0,1,100.0,3,85.0,126,96.9,university of oxford,QS World University Rankings 2025,International Education Costs Dataset,Excellent,3.0,99.93,40000.0,71.5,40071.5,35.49,100.0,High Quality
Spain,Valencia,Universidad de Valencia,Information Systems,PhD,4.0,3200,68.5,800,80,750,0.92,universidad de valencia,universidad de valencia,universitat de valencia,91.30434782608695,445,485,Universitat de Valencia,Spain,Europe,XL,FC,VH,A,35.6,246,11.0,601+,12.0,701+,19.9,557,2.1,701+,24.3,484,89.3,180,8.4,701+,79.3,159=,26.7,universitat de valencia,QS World University Rankings 2025,International Education Costs Dataset,High,445.0,68.33,3200.0,68.5,3268.5,94.79,100.0,High Quality
Italy,Turin,Politecnico di Torino,Artificial Intelligence,Master,2.0,3800,69.8,900,120,700,0.92,politecnico di torino,politecnico di torino,politecnico di torino,100.0,241,252,Politecnico di Torino,Italy,Europe,XL,FO,VH,A,40.2,213,52.1,165,3.1,701+,51.6,254,4.9,701+,41.0,349,81.4,297,30.6,412,77.9,169,41.7,politecnico di torino,QS World University Rankings 2025,International Education Costs Dataset,Excellent,241.0,82.92,3800.0,69.8,3869.8,93.82,100.0,High Quality
Italy,Turin,Politecnico di Torino,Artificial Intelligence,Master,2.0,3800,69.8,900,120,700,0.92,politecnico di torino,politecnico di torino,politecnico di torino,100.0,241,252,Politecnico di Torino,Italy,Europe,XL,FO,VH,A,40.2,213,52.1,165,3.1,701+,51.6,254,4.9,701+,41.0,349,81.4,297,30.6,412,77.9,169,41.7,politecnico di torino,QS World University Rankings 2025,International Education Costs Dataset,Excellent,241.0,82.92,3800.0,69.8,3869.8,93.82,100.0,High Quality
France,Toulouse,INSA Toulouse,Data Engineering,PhD,4.0,4300,72.1,1000,99,850,0.92,insa toulouse,insa toulouse,,,,,,,,,,,,,,,,,,,,,,,,,,,,,,,,Not Matched,International Education Costs Dataset,Unmatched,,,4300.0,72.1,4372.1,93.01,75.0,High Quality
France,Toulouse,INSA Toulouse,Data Engineering,PhD,4.0,4300,72.1,1000,99,850,0.92,insa toulouse,insa toulouse,,,,,,,,,,,,,,,,,,,,,,,,,,,,,,,,Not Matched,International Education Costs Dataset,Unmatched,,,4300.0,72.1,4372.1,93.01,75.0,High Quality
Malaysia,Kuching,UNIMAS,Computer Science,Master,2.0,7000,49.5,380,120,400,4.65,unimas,unimas,,,,,,,,,,,,,,,,,,,,,,,,,,,,,,,,Not Matched,International Education Costs Dataset,Unmatched,,,7000.0,49.5,7049.5,88.7,75.0,High Quality
Saudi Arabia,Medina,Islamic University,Software Development,Bachelor,4.0,4200,65.4,650,200,800,3.75,islamic university,islamic university,miami university,88.23529411764706,1201-1400,1201-1400,Miami University,United States,Americas,L,CO,HI,A,3.8,601+,5.4,601+,6.2,701+,7.8,701+,3.4,701+,5.5,701+,25.3,701+,26.1,453,2.2,701+,,miami university,QS World University Rankings 2025,International Education Costs Dataset,Medium,1201.0,14.3,4200.0,65.4,4265.4,93.19,100.0,High Quality
USA,MIT,Massachusetts,Robotics,PhD,5.0,56000,82.1,2100,160,1500,1.0,massachusetts,massachusetts,,,,,,,,,,,,,,,,,,,,,,,,,,,,,,,,Not Matched,International Education Costs Dataset,Unmatched,,,56000.0,82.1,56082.1,9.7,75.0,High Quality
UK,Edinburgh,University of Edinburgh,Data Science,Master,2.0,38000,67.8,1100,485,800,0.79,university of edinburgh,university of edinburgh,the university of edinburgh,92.0,27,22,The University of Edinburgh,United Kingdom,Europe,XL,FC,VH,A,98.3,24,97.2,24,65.5,201,47.7,282,98.7,111,99.8,41,99.5,7,55.9,222,99.0,15=,83.3,the university of edinburgh,QS World University Rankings 2025,International Education Costs Dataset,High,27.0,98.21,38000.0,67.8,38067.8,38.72,100.0,High Quality
UK,Edinburgh,University of Edinburgh,Data Science,Master,2.0,38000,67.8,1100,485,800,0.79,university of edinburgh,university of edinburgh,the university of edinburgh,92.0,27,22,The University of Edinburgh,United Kingdom,Europe,XL,FC,VH,A,98.3,24,97.2,24,65.5,201,47.7,282,98.7,111,99.8,41,99.5,7,55.9,222,99.0,15=,83.3,the university of edinburgh,QS World University Rankings 2025,International Education Costs Dataset,High,27.0,98.21,38000.0,67.8,38067.8,38.72,100.0,High Quality
UK,Edinburgh,University of Edinburgh,Data Science,Master,2.0,38000,67.8,1100,485,800,0.79,university of edinburgh,university of edinburgh,the university of edinburgh,92.0,27,22,The University of Edinburgh,United Kingdom,Europe,XL,FC,VH,A,98.3,24,97.2,24,65.5,201,47.7,282,98.7,111,99.8,41,99.5,7,55.9,222,99.0,15=,83.3,the university of edinburgh,QS World University Rankings 2025,International Education Costs Dataset,High,27.0,98.21,38000.0,67.8,38067.8,38.72,100.0,High Quality
Spain,Seville,Universidad de Sevilla,Computer Engineering,Master,2.0,3000,65.4,750,80,750,0.92,universidad de sevilla,universidad de sevilla,universidad de sevilla,100.0,462,494,Universidad de Sevilla,Spain,Europe,XL,FC,VH,A,39.1,221,12.6,601+,18.4,701+,8.2,701+,3.5,701+,18.9,567,91.4,152,16.0,634,67.4,231,26.0,universidad de sevilla,QS World University Rankings 2025,International Education Costs Dataset,Excellent,462.0,67.12,3000.0,65.4,3065.4,95.12,100.0,High Quality
Spain,Seville,Universidad de Sevilla,Computer Engineering,Master,2.0,3000,65.4,750,80,750,0.92,universidad de sevilla,universidad de sevilla,universidad de sevilla,100.0,462,494,Universidad de Sevilla,Spain,Europe,XL,FC,VH,A,39.1,221,12.6,601+,18.4,701+,8.2,701+,3.5,701+,18.9,567,91.4,152,16.0,634,67.4,231,26.0,universidad de sevilla,QS World University Rankings 2025,International Education Costs Dataset,Excellent,462.0,67.12,3000.0,65.4,3065.4,95.12,100.0,High Quality
Italy,Bologna,University of Bologna,Information Systems,PhD,4.0,3600,70.5,950,120,700,0.92,university of bologna,university of bologna,university of cologne,90.47619047619048,285,268,University of Cologne,Germany,Europe,L,FO,VH,A,35.2,250,30.4,310,15.7,701+,29.3,440,35.9,444,30.1,429,90.8,158,56.8,212,91.9,78=,37.2,university of cologne,QS World University Rankings 2025,International Education Costs Dataset,High,285.0,79.77,3600.0,70.5,3670.5,94.15,100.0,High Quality
Italy,Bologna,University of Bologna,Information Systems,PhD,4.0,3600,70.5,950,120,700,0.92,university of bologna,university of bologna,university of cologne,90.47619047619048,285,268,University of Cologne,Germany,Europe,L,FO,VH,A,35.2,250,30.4,310,15.7,701+,29.3,440,35.9,444,30.1,429,90.8,158,56.8,212,91.9,78=,37.2,university of cologne,QS World University Rankings 2025,International Education Costs Dataset,High,285.0,79.77,3600.0,70.5,3670.5,94.15,100.0,High Quality
France,Marseille,Aix-Marseille University,Artificial Intelligence,Master,2.0,4100,73.5,1100,99,850,0.92,aix marseille university,aix marseille university,aix marseille university,100.0,481,387,Aix-Marseille University,France,Europe,XL,FC,VH,A,36.9,235,6.5,601+,7.9,701+,21.7,534,17.5,633,18.2,578,99.1,13,15.2,656,25.5,488=,25.0,aix marseille university,QS World University Rankings 2025,International Education Costs Dataset,Excellent,481.0,65.76,4100.0,73.5,4173.5,93.33,100.0,High Quality
Malaysia,Cyberjaya,Multimedia University,Data Analytics,Bachelor,3.0,7800,53.2,450,120,400,4.65,multimedia university,multimedia university,multimedia university mmu,91.30434782608695,1001-1200,1001-1200,Multimedia University (MMU),Malaysia,Asia,M,FO,VH,C,11.0,601+,15.4,549,10.9,701+,4.7,701+,28.5,504,30.3,426,19.6,701+,3.8,701+,3.7,701+,,multimedia university mmu,QS World University Rankings 2025,International Education Costs Dataset,High,1001.0,28.59,7800.0,53.2,7853.2,87.41,100.0,High Quality
Saudi Arabia,Dammam,Imam Abdulrahman University,Computer Science,Master,2.0,4600,67.8,680,200,800,3.75,imam abdulrahman university,imam abdulrahman university,,,,,,,,,,,,,,,,,,,,,,,,,,,,,,,,Not Matched,International Education Costs Dataset,Unmatched,,,4600.0,67.8,4667.8,92.54,75.0,High Quality
USA,New York,Columbia University,Data Science,Master,2.0,62000,100.0,2500,160,1500,1.0,columbia university,columbia university,columbia university,100.0,34,23,Columbia University,United States,Americas,XL,FC,VH,B,99.6,12,98.8,15,100.0,16,31.7,417,41.5,413,97.0,79,98.5,19,99.9,9,71.8,211=,82.0,columbia university,QS World University Rankings 2025,International Education Costs Dataset,Excellent,34.0,97.71,62000.0,100.0,62100.0,0.0,100.0,High Quality
USA,New York,Columbia University,Data Science,Master,2.0,62000,100.0,2500,160,1500,1.0,columbia university,columbia university,columbia university,100.0,34,23,Columbia University,United States,Americas,XL,FC,VH,B,99.6,12,98.8,15,100.0,16,31.7,417,41.5,413,97.0,79,98.5,19,99.9,9,71.8,211=,82.0,columbia university,QS World University Rankings 2025,International Education Costs Dataset,Excellent,34.0,97.71,62000.0,100.0,62100.0,0.0,100.0,High Quality
USA,New York,Columbia University,Data Science,Master,2.0,62000,100.0,2500,160,1500,1.0,columbia university,columbia university,columbia university,100.0,34,23,Columbia University,United States,Americas,XL,FC,VH,B,99.6,12,98.8,15,100.0,16,31.7,417,41.5,413,97.0,79,98.5,19,99.9,9,71.8,211=,82.0,columbia university,QS World University Rankings 2025,International Education Costs Dataset,Excellent,34.0,97.71,62000.0,100.0,62100.0,0.0,100.0,High Quality
UK,Manchester,University of Manchester,Software Engineering,PhD,4.0,35000,65.4,900,485,800,0.79,university of manchester,university of manchester,the university of manchester,92.3076923076923,34,32,The University of Manchester,United Kingdom,Europe,XL,FC,VH,A,95.6,33,98.1,20,51.3,297,45.1,307,93.1,169,99.2,55,99.2,12,87.6,90,99.8,3,82.0,the university of manchester,QS World University Rankings 2025,International Education Costs Dataset,High,34.0,97.71,35000.0,65.4,35065.4,43.56,100.0,High Quality
UK,Manchester,University of Manchester,Software Engineering,PhD,4.0,35000,65.4,900,485,800,0.79,university of manchester,university of manchester,the university of manchester,92.3076923076923,34,32,The University of Manchester,United Kingdom,Europe,XL,FC,VH,A,95.6,33,98.1,20,51.3,297,45.1,307,93.1,169,99.2,55,99.2,12,87.6,90,99.8,3,82.0,the university of manchester,QS World University Rankings 2025,International Education Costs Dataset,High,34.0,97.71,35000.0,65.4,35065.4,43.56,100.0,High Quality
UK,Manchester,University of Manchester,Software Engineering,PhD,4.0,35000,65.4,900,485,800,0.79,university of manchester,university of manchester,the university of manchester,92.3076923076923,34,32,The University of Manchester,United Kingdom,Europe,XL,FC,VH,A,95.6,33,98.1,20,51.3,297,45.1,307,93.1,169,99.2,55,99.2,12,87.6,90,99.8,3,82.0,the university of manchester,QS World University Rankings 2025,International Education Costs Dataset,High,34.0,97.71,35000.0,65.4,35065.4,43.56,100.0,High Quality
UK,Manchester,University of Manchester,Software Engineering,PhD,4.0,35000,65.4,900,485,800,0.79,university of manchester,university of manchester,the university of manchester,92.3076923076923,34,32,The University of Manchester,United Kingdom,Europe,XL,FC,VH,A,95.6,33,98.1,20,51.3,297,45.1,307,93.1,169,99.2,55,99.2,12,87.6,90,99.8,3,82.0,the university of manchester,QS World University Rankings 2025,International Education Costs Dataset,High,34.0,97.71,35000.0,65.4,35065.4,43.56,100.0,High Quality
Spain,Granada,Universidad de Granada,Computer Science,Bachelor,3.0,2800,64.5,700,80,750,0.92,universidad de granada,universidad de granada,universidad de panama,88.37209302325581,1201-1400,1201-1400,Universidad de Panama,Panama,Americas,XL,FO,MD,A,6.6,601+,5.5,601+,2.9,701+,1.1,701+,4.6,701+,2.7,701+,9.0,701+,49.1,262,1.0,701+,,universidad de panama,QS World University Rankings 2025,International Education Costs Dataset,Medium,1201.0,14.3,2800.0,64.5,2864.5,95.44,100.0,High Quality
Italy,Florence,University of Florence,Data Engineering,Master,2.0,3500,71.2,1000,120,700,0.92,university of florence,university of florence,university of florence,100.0,375,358,University of Florence,Italy,Europe,XL,FC,VH,A,34.6,255,8.4,601+,4.4,701+,46.6,295,7.3,701+,12.3,671,88.5,189,30.3,415,74.5,193=,31.2,university of florence,QS World University Rankings 2025,International Education Costs Dataset,Excellent,375.0,73.34,3500.0,71.2,3571.2,94.31,100.0,High Quality
Italy,Florence,University of Florence,Data Engineering,Master,2.0,3500,71.2,1000,120,700,0.92,university of florence,university of florence,university of florence,100.0,375,358,University of Florence,Italy,Europe,XL,FC,VH,A,34.6,255,8.4,601+,4.4,701+,46.6,295,7.3,701+,12.3,671,88.5,189,30.3,415,74.5,193=,31.2,university of florence,QS World University Rankings 2025,International Education Costs Dataset,Excellent,375.0,73.34,3500.0,71.2,3571.2,94.31,100.0,High Quality
France,Bordeaux,University of Bordeaux,Information Systems,PhD,4.0,4300,72.1,1000,99,850,0.92,university of bordeaux,university of bordeaux,university of bordeaux,100.0,535,465,University of Bordeaux,France,Europe,XL,FO,VH,A,31.3,284,5.5,601+,11.5,701+,17.6,588,27.1,517,23.3,500,92.9,120,16.7,620,20.1,530=,22.9,university of bordeaux,QS World University Rankings 2025,International Education Costs Dataset,Excellent,535.0,61.9,4300.0,72.1,4372.1,93.01,100.0,High Quality
France,Bordeaux,University of Bordeaux,Information Systems,PhD,4.0,4300,72.1,1000,99,850,0.92,university of bordeaux,university of bordeaux,university of bordeaux,100.0,535,465,University of Bordeaux,France,Europe,XL,FO,VH,A,31.3,284,5.5,601+,11.5,701+,17.6,588,27.1,517,23.3,500,92.9,120,16.7,620,20.1,530=,22.9,university of bordeaux,QS World University Rankings 2025,International Education Costs Dataset,Excellent,535.0,61.9,4300.0,72.1,4372.1,93.01,100.0,High Quality
France,Bordeaux,University of Bordeaux,Information Systems,PhD,4.0,4300,72.1,1000,99,850,0.92,university of bordeaux,university of bordeaux,university of bordeaux,100.0,535,465,University of Bordeaux,France,Europe,XL,FO,VH,A,31.3,284,5.5,601+,11.5,701+,17.6,588,27.1,517,23.3,500,92.9,120,16.7,620,20.1,530=,22.9,university of bordeaux,QS World University Rankings 2025,International Education Costs Dataset,Excellent,535.0,61.9,4300.0,72.1,4372.1,93.01,100.0,High Quality
Malaysia,Bangi,UKM,Artificial Intelligence,Master,2.0,7200,51.5,420,120,400,4.65,ukm,ukm,,,,,,,,,,,,,,,,,,,,,,,,,,,,,,,,Not Matched,International Education Costs Dataset,Unmatched,,,7200.0,51.5,7251.5,88.38,75.0,High Quality
Saudi Arabia,Taif,Taif University,Software Development,Master,2.0,4400,64.5,600,200,800,3.75,taif university,taif university,tokai university,90.32258064516128,1201-1400,1001-1200,Tokai University,Japan,Asia,L,FC,HI,B,10.5,601+,5.8,601+,13.6,701+,2.8,701+,5.6,701+,2.9,701+,24.5,701+,1.8,701+,1.3,701+,,tokai university,QS World University Rankings 2025,International Education Costs Dataset,High,1201.0,14.3,4400.0,64.5,4464.5,92.87,100.0,High Quality
USA,Los Angeles,UCLA,Computer Engineering,PhD,5.0,52000,79.8,2200,160,1500,1.0,ucla,ucla,ucl,85.71428571428572,9,9,UCL,United Kingdom,Europe,XL,FC,VH,A,99.5,14,98.3,18,95.9,56,72.2,145,99.0,106,100.0,21,99.9,2,70.3,157,74.8,190=,91.6,ucl,QS World University Rankings 2025,International Education Costs Dataset,Medium,9.0,99.5,52000.0,79.8,52079.8,16.15,100.0,High Quality
USA,Los Angeles,UCLA,Computer Engineering,PhD,5.0,52000,79.8,2200,160,1500,1.0,ucla,ucla,ucl,85.71428571428572,9,9,UCL,United Kingdom,Europe,XL,FC,VH,A,99.5,14,98.3,18,95.9,56,72.2,145,99.0,106,100.0,21,99.9,2,70.3,157,74.8,190=,91.6,ucl,QS World University Rankings 2025,International Education Costs Dataset,Medium,9.0,99.5,52000.0,79.8,52079.8,16.15,100.0,High Quality
USA,Los Angeles,UCLA,Computer Engineering,PhD,5.0,52000,79.8,2200,160,1500,1.0,ucla,ucla,ucl,85.71428571428572,9,9,UCL,United Kingdom,Europe,XL,FC,VH,A,99.5,14,98.3,18,95.9,56,72.2,145,99.0,106,100.0,21,99.9,2,70.3,157,74.8,190=,91.6,ucl,QS World University Rankings 2025,International Education Costs Dataset,Medium,9.0,99.5,52000.0,79.8,52079.8,16.15,100.0,High Quality
UK,Bristol,University of Bristol,Data Analytics,Master,2.0,36000,68.9,1200,485,800,0.79,university of bristol,university of bristol,university of bristol,100.0,54,55,University of Bristol,United Kingdom,Europe,L,FC,VH,A,75.8,78,82.5,69,36.7,437,75.9,134,87.5,206,89.8,121,94.6,84,51.2,250,98.9,17,75.4,university of bristol,QS World University Rankings 2025,International Education Costs Dataset,Excellent,54.0,96.28,36000.0,68.9,36068.9,41.94,100.0,High Quality
UK,Bristol,University of Bristol,Data Analytics,Master,2.0,36000,68.9,1200,485,800,0.79,university of bristol,university of bristol,university of bristol,100.0,54,55,University of Bristol,United Kingdom,Europe,L,FC,VH,A,75.8,78,82.5,69,36.7,437,75.9,134,87.5,206,89.8,121,94.6,84,51.2,250,98.9,17,75.4,university of bristol,QS World University Rankings 2025,International Education Costs Dataset,Excellent,54.0,96.28,36000.0,68.9,36068.9,41.94,100.0,High Quality
UK,Bristol,University of Bristol,Data Analytics,Master,2.0,36000,68.9,1200,485,800,0.79,university of bristol,university of bristol,university of bristol,100.0,54,55,University of Bristol,United Kingdom,Europe,L,FC,VH,A,75.8,78,82.5,69,36.7,437,75.9,134,87.5,206,89.8,121,94.6,84,51.2,250,98.9,17,75.4,university of bristol,QS World University Rankings 2025,International Education Costs Dataset,Excellent,54.0,96.28,36000.0,68.9,36068.9,41.94,100.0,High Quality
UK,Bristol,University of Bristol,Data Analytics,Master,2.0,36000,68.9,1200,485,800,0.79,university of bristol,university of bristol,university of bristol,100.0,54,55,University of Bristol,United Kingdom,Europe,L,FC,VH,A,75.8,78,82.5,69,36.7,437,75.9,134,87.5,206,89.8,121,94.6,84,51.2,250,98.9,17,75.4,university of bristol,QS World University Rankings 2025,International Education Costs Dataset,Excellent,54.0,96.28,36000.0,68.9,36068.9,41.94,100.0,High Quality
Spain,Bilbao,University of the Basque Country,Information Technology,Master,2.0,3400,67.8,850,80,750,0.92,university of the basque country,university of the basque country,university of the basque country,100.0,641-650,621-630,University of the Basque Country,Spain,Europe,XL,CO,VH,A,19.5,461,7.3,601+,32.8,480,19.0,569,2.4,701+,3.5,701+,90.8,159,22.8,500,7.3,701+,,university of the basque country,QS World University Rankings 2025,International Education Costs Dataset,Excellent,641.0,54.32,3400.0,67.8,3467.8,94.47,100.0,High Quality
Spain,Bilbao,University of the Basque Country,Information Technology,Master,2.0,3400,67.8,850,80,750,0.92,university of the basque country,university of the basque country,university of the basque country,100.0,641-650,621-630,University of the Basque Country,Spain,Europe,XL,CO,VH,A,19.5,461,7.3,601+,32.8,480,19.0,569,2.4,701+,3.5,701+,90.8,159,22.8,500,7.3,701+,,university of the basque country,QS World University Rankings 2025,International Education Costs Dataset,Excellent,641.0,54.32,3400.0,67.8,3467.8,94.47,100.0,High Quality
Italy,Naples,University of Naples,Computer Science,Bachelor,3.0,3200,67.8,800,120,700,0.92,university of naples,university of naples,university of leeds,87.17948717948718,82,75,University of Leeds,United Kingdom,Europe,XL,FC,VH,A,70.5,91,75.9,83,36.4,438,39.8,355,82.5,230,88.5,132,98.8,14,50.9,251,71.8,211=,63.8,university of leeds,QS World University Rankings 2025,International Education Costs Dataset,Medium,82.0,94.28,3200.0,67.8,3267.8,94.79,100.0,High Quality
Italy,Naples,University of Naples,Computer Science,Bachelor,3.0,3200,67.8,800,120,700,0.92,university of naples,university of naples,university of leeds,87.17948717948718,82,75,University of Leeds,United Kingdom,Europe,XL,FC,VH,A,70.5,91,75.9,83,36.4,438,39.8,355,82.5,230,88.5,132,98.8,14,50.9,251,71.8,211=,63.8,university of leeds,QS World University Rankings 2025,International Education Costs Dataset,Medium,82.0,94.28,3200.0,67.8,3267.8,94.79,100.0,High Quality
France,Nice,University of Nice,Data Science,Master,2.0,4100,76.5,1300,99,850,0.92,university of nice,university of nice,university of ni,94.11764705882352,1201-1400,1201-1400,University of Ni,Serbia,Europe,L,FC,HI,A,5.0,601+,5.5,601+,12.5,701+,2.4,701+,,,5.7,701+,49.0,701+,4.0,701+,1.0,701+,,university of ni,QS World University Rankings 2025,International Education Costs Dataset,High,1201.0,14.3,4100.0,76.5,4176.5,93.33,100.0,High Quality
France,Nice,University of Nice,Data Science,Master,2.0,4100,76.5,1300,99,850,0.92,university of nice,university of nice,university of ni,94.11764705882352,1201-1400,1201-1400,University of Ni,Serbia,Europe,L,FC,HI,A,5.0,601+,5.5,601+,12.5,701+,2.4,701+,,,5.7,701+,49.0,701+,4.0,701+,1.0,701+,,university of ni,QS World University Rankings 2025,International Education Costs Dataset,High,1201.0,14.3,4100.0,76.5,4176.5,93.33,100.0,High Quality
Malaysia,Melaka,UTeM,Software Engineering,PhD,4.0,7500,50.2,400,120,400,4.65,utem,utem,,,,,,,,,,,,,,,,,,,,,,,,,,,,,,,,Not Matched,International Education Costs Dataset,Unmatched,,,7500.0,50.2,7550.2,87.89,75.0,High Quality
Saudi Arabia,Tabuk,University of Tabuk,Computer Engineering,Bachelor,4.0,4100,63.2,580,200,800,3.75,university of tabuk,university of tabuk,university of tabuk,100.0,1001-1200,,University of Tabuk,Saudi Arabia,Asia,L,FC,HI,A,5.2,601+,2.4,601+,18.7,701+,3.0,701+,92.4,174,2.2,701+,38.0,701+,2.2,701+,1.0,701+,,university of tabuk,QS World University Rankings 2025,International Education Costs Dataset,Excellent,1001.0,28.59,4100.0,63.2,4163.2,93.35,100.0,High Quality
USA,Chicago,University of Chicago,Artificial Intelligence,Master,2.0,58000,84.1,1900,160,1500,1.0,university of chicago,university of chicago,university of chicago,100.0,21,11,University of Chicago,United States,Americas,L,FC,VH,B,99.1,17,96.4,29,94.2,69,60.8,197,79.0,244,87.0,140,85.1,245,99.1,16,46.9,330=,86.2,university of chicago,QS World University Rankings 2025,International Education Costs Dataset,Excellent,21.0,98.64,58000.0,84.1,58084.1,6.47,100.0,High Quality
USA,Chicago,University of Chicago,Artificial Intelligence,Master,2.0,58000,84.1,1900,160,1500,1.0,university of chicago,university of chicago,university of chicago,100.0,21,11,University of Chicago,United States,Americas,L,FC,VH,B,99.1,17,96.4,29,94.2,69,60.8,197,79.0,244,87.0,140,85.1,245,99.1,16,46.9,330=,86.2,university of chicago,QS World University Rankings 2025,International Education Costs Dataset,Excellent,21.0,98.64,58000.0,84.1,58084.1,6.47,100.0,High Quality
USA,Chicago,University of Chicago,Artificial Intelligence,Master,2.0,58000,84.1,1900,160,1500,1.0,university of chicago,university of chicago,university of chicago,100.0,21,11,University of Chicago,United States,Americas,L,FC,VH,B,99.1,17,96.4,29,94.2,69,60.8,197,79.0,244,87.0,140,85.1,245,99.1,16,46.9,330=,86.2,university of chicago,QS World University Rankings 2025,International Education Costs Dataset,Excellent,21.0,98.64,58000.0,84.1,58084.1,6.47,100.0,High Quality
UK,Glasgow,University of Glasgow,Data Engineering,PhD,4.0,34000,64.5,950,485,800,0.79,university of glasgow,university of glasgow,university of glasgow,100.0,78,76,University of Glasgow,United Kingdom,Europe,XL,FC,VH,A,77.4,75,67.7,110,38.0,418,32.5,405,95.7,141,99.4,49,97.6,30,33.5,378,98.5,20,65.0,university of glasgow,QS World University Rankings 2025,International Education Costs Dataset,Excellent,78.0,94.57,34000.0,64.5,34064.5,45.17,100.0,High Quality
UK,Glasgow,University of Glasgow,Data Engineering,PhD,4.0,34000,64.5,950,485,800,0.79,university of glasgow,university of glasgow,university of glasgow,100.0,78,76,University of Glasgow,United Kingdom,Europe,XL,FC,VH,A,77.4,75,67.7,110,38.0,418,32.5,405,95.7,141,99.4,49,97.6,30,33.5,378,98.5,20,65.0,university of glasgow,QS World University Rankings 2025,International Education Costs Dataset,Excellent,78.0,94.57,34000.0,64.5,34064.5,45.17,100.0,High Quality
UK,Glasgow,University of Glasgow,Data Engineering,PhD,4.0,34000,64.5,950,485,800,0.79,university of glasgow,university of glasgow,university of glasgow,100.0,78,76,University of Glasgow,United Kingdom,Europe,XL,FC,VH,A,77.4,75,67.7,110,38.0,418,32.5,405,95.7,141,99.4,49,97.6,30,33.5,378,98.5,20,65.0,university of glasgow,QS World University Rankings 2025,International Education Costs Dataset,Excellent,78.0,94.57,34000.0,64.5,34064.5,45.17,100.0,High Quality
UK,Glasgow,University of Glasgow,Data Engineering,PhD,4.0,34000,64.5,950,485,800,0.79,university of glasgow,university of glasgow,university of glasgow,100.0,78,76,University of Glasgow,United Kingdom,Europe,XL,FC,VH,A,77.4,75,67.7,110,38.0,418,32.5,405,95.7,141,99.4,49,97.6,30,33.5,378,98.5,20,65.0,university of glasgow,QS World University Rankings 2025,International Education Costs Dataset,Excellent,78.0,94.57,34000.0,64.5,34064.5,45.17,100.0,High Quality
Spain,Salamanca,University of Salamanca,Information Systems,Master,2.0,3100,62.1,600,80,750,0.92,university of salamanca,university of salamanca,university of salamanca,100.0,539,534,University of Salamanca,Spain,Europe,L,FC,VH,A,26.9,328,14.6,567,26.0,570,6.2,701+,6.9,701+,14.9,625,80.0,322,23.4,484,69.5,223=,22.8,university of salamanca,QS World University Rankings 2025,International Education Costs Dataset,Excellent,539.0,61.62,3100.0,62.1,3162.1,94.96,100.0,High Quality
Spain,Salamanca,University of Salamanca,Information Systems,Master,2.0,3100,62.1,600,80,750,0.92,university of salamanca,university of salamanca,university of salamanca,100.0,539,534,University of Salamanca,Spain,Europe,L,FC,VH,A,26.9,328,14.6,567,26.0,570,6.2,701+,6.9,701+,14.9,625,80.0,322,23.4,484,69.5,223=,22.8,university of salamanca,QS World University Rankings 2025,International Education Costs Dataset,Excellent,539.0,61.62,3100.0,62.1,3162.1,94.96,100.0,High Quality
Italy,Pisa,University of Pisa,Software Development,Master,2.0,3300,68.9,850,120,700,0.92,university of pisa,university of pisa,university of pisa,100.0,382,349,University of Pisa,Italy,Europe,L,FC,VH,A,40.4,212,15.1,556,8.6,701+,38.8,359,5.9,701+,4.2,701+,88.3,193,15.0,665,56.7,281,30.7,university of pisa,QS World University Rankings 2025,International Education Costs Dataset,Excellent,382.0,72.84,3300.0,68.9,3368.9,94.63,100.0,High Quality
Italy,Pisa,University of Pisa,Software Development,Master,2.0,3300,68.9,850,120,700,0.92,university of pisa,university of pisa,university of pisa,100.0,382,349,University of Pisa,Italy,Europe,L,FC,VH,A,40.4,212,15.1,556,8.6,701+,38.8,359,5.9,701+,4.2,701+,88.3,193,15.0,665,56.7,281,30.7,university of pisa,QS World University Rankings 2025,International Education Costs Dataset,Excellent,382.0,72.84,3300.0,68.9,3368.9,94.63,100.0,High Quality
France,Lille,University of Lille,Computer Science,Bachelor,3.0,4200,69.8,950,99,850,0.92,university of lille,university of lille,university of louisville,88.37209302325581,1001-1200,1001-1200,University of Louisville,United States,Americas,L,FC,HI,A,3.5,601+,3.2,601+,30.5,513,7.7,701+,24.8,539,3.2,701+,59.0,644,5.1,701+,2.4,701+,,university of louisville,QS World University Rankings 2025,International Education Costs Dataset,Medium,1001.0,28.59,4200.0,69.8,4269.8,93.18,100.0,High Quality
France,Lille,University of Lille,Computer Science,Bachelor,3.0,4200,69.8,950,99,850,0.92,university of lille,university of lille,university of louisville,88.37209302325581,1001-1200,1001-1200,University of Louisville,United States,Americas,L,FC,HI,A,3.5,601+,3.2,601+,30.5,513,7.7,701+,24.8,539,3.2,701+,59.0,644,5.1,701+,2.4,701+,,university of louisville,QS World University Rankings 2025,International Education Costs Dataset,Medium,1001.0,28.59,4200.0,69.8,4269.8,93.18,100.0,High Quality
Malaysia,Shah Alam,UiTM,Data Analytics,Master,2.0,7100,51.8,430,120,400,4.65,uitm,uitm,,,,,,,,,,,,,,,,,,,,,,,,,,,,,,,,Not Matched,International Education Costs Dataset,Unmatched,,,7100.0,51.8,7151.8,88.54,75.0,High Quality
Saudi Arabia,Makkah,Umm Al-Qura University,Information Technology,PhD,4.0,4300,65.8,650,200,800,3.75,umm al qura university,umm al qura university,umm al qura university,100.0,559,601-610,Umm Al-Qura University,Saudi Arabia,Asia,XL,FC,HI,A,20.7,423,12.8,601+,54.7,279,2.2,701+,100.0,80,16.0,606,59.7,635,6.7,701+,3.1,701+,22.3,umm al qura university,QS World University Rankings 2025,International Education Costs Dataset,Excellent,559.0,60.19,4300.0,65.8,4365.8,93.02,100.0,High Quality
USA,San Francisco,Stanford University,Data Science,Master,2.0,55000,95.2,2400,160,1500,1.0,stanford university,stanford university,stanford university,100.0,6,5,Stanford University,United States,Americas,L,FC,VH,B,100.0,5,100.0,3,100.0,12,99.0,27,70.3,284,60.8,244,96.8,45,100.0,2,81.2,148=,96.1,stanford university,QS World University Rankings 2025,International Education Costs Dataset,Excellent,6.0,99.71,55000.0,95.2,55095.2,11.29,100.0,High Quality
USA,San Francisco,Stanford University,Data Science,Master,2.0,55000,95.2,2400,160,1500,1.0,stanford university,stanford university,stanford university,100.0,6,5,Stanford University,United States,Americas,L,FC,VH,B,100.0,5,100.0,3,100.0,12,99.0,27,70.3,284,60.8,244,96.8,45,100.0,2,81.2,148=,96.1,stanford university,QS World University Rankings 2025,International Education Costs Dataset,Excellent,6.0,99.71,55000.0,95.2,55095.2,11.29,100.0,High Quality
USA,San Francisco,Stanford University,Data Science,Master,2.0,55000,95.2,2400,160,1500,1.0,stanford university,stanford university,stanford university,100.0,6,5,Stanford University,United States,Americas,L,FC,VH,B,100.0,5,100.0,3,100.0,12,99.0,27,70.3,284,60.8,244,96.8,45,100.0,2,81.2,148=,96.1,stanford university,QS World University Rankings 2025,International Education Costs Dataset,Excellent,6.0,99.71,55000.0,95.2,55095.2,11.29,100.0,High Quality
USA,San Francisco,Stanford University,Data Science,Master,2.0,55000,95.2,2400,160,1500,1.0,stanford university,stanford university,stanford university,100.0,6,5,Stanford University,United States,Americas,L,FC,VH,B,100.0,5,100.0,3,100.0,12,99.0,27,70.3,284,60.8,244,96.8,45,100.0,2,81.2,148=,96.1,stanford university,QS World University Rankings 2025,International Education Costs Dataset,Excellent,6.0,99.71,55000.0,95.2,55095.2,11.29,100.0,High Quality
USA,San Francisco,Stanford University,Data Science,Master,2.0,55000,95.2,2400,160,1500,1.0,stanford university,stanford university,stanford university,100.0,6,5,Stanford University,United States,Americas,L,FC,VH,B,100.0,5,100.0,3,100.0,12,99.0,27,70.3,284,60.8,244,96.8,45,100.0,2,81.2,148=,96.1,stanford university,QS World University Rankings 2025,International Education Costs Dataset,Excellent,6.0,99.71,55000.0,95.2,55095.2,11.29,100.0,High Quality
UK,Leeds,University of Leeds,Computer Engineering,Master,2.0,35000,63.2,900,485,800,0.79,university of leeds,university of leeds,university of leeds,100.0,82,75,University of Leeds,United Kingdom,Europe,XL,FC,VH,A,70.5,91,75.9,83,36.4,438,39.8,355,82.5,230,88.5,132,98.8,14,50.9,251,71.8,211=,63.8,university of leeds,QS World University Rankings 2025,International Education Costs Dataset,Excellent,82.0,94.28,35000.0,63.2,35063.2,43.56,100.0,High Quality
UK,Leeds,University of Leeds,Computer Engineering,Master,2.0,35000,63.2,900,485,800,0.79,university of leeds,university of leeds,university of leeds,100.0,82,75,University of Leeds,United Kingdom,Europe,XL,FC,VH,A,70.5,91,75.9,83,36.4,438,39.8,355,82.5,230,88.5,132,98.8,14,50.9,251,71.8,211=,63.8,university of leeds,QS World University Rankings 2025,International Education Costs Dataset,Excellent,82.0,94.28,35000.0,63.2,35063.2,43.56,100.0,High Quality
UK,Leeds,University of Leeds,Computer Engineering,Master,2.0,35000,63.2,900,485,800,0.79,university of leeds,university of leeds,university of leeds,100.0,82,75,University of Leeds,United Kingdom,Europe,XL,FC,VH,A,70.5,91,75.9,83,36.4,438,39.8,355,82.5,230,88.5,132,98.8,14,50.9,251,71.8,211=,63.8,university of leeds,QS World University Rankings 2025,International Education Costs Dataset,Excellent,82.0,94.28,35000.0,63.2,35063.2,43.56,100.0,High Quality
UK,Leeds,University of Leeds,Computer Engineering,Master,2.0,35000,63.2,900,485,800,0.79,university of leeds,university of leeds,university of leeds,100.0,82,75,University of Leeds,United Kingdom,Europe,XL,FC,VH,A,70.5,91,75.9,83,36.4,438,39.8,355,82.5,230,88.5,132,98.8,14,50.9,251,71.8,211=,63.8,university of leeds,QS World University Rankings 2025,International Education Costs Dataset,Excellent,82.0,94.28,35000.0,63.2,35063.2,43.56,100.0,High Quality
Spain,Zaragoza,University of Zaragoza,Artificial Intelligence,PhD,4.0,2900,63.2,650,80,750,0.92,university of zaragoza,university of zaragoza,,,,,,,,,,,,,,,,,,,,,,,,,,,,,,,,Not Matched,International Education Costs Dataset,Unmatched,,,2900.0,63.2,2963.2,95.28,75.0,High Quality
Spain,Zaragoza,University of Zaragoza,Artificial Intelligence,PhD,4.0,2900,63.2,650,80,750,0.92,university of zaragoza,university of zaragoza,,,,,,,,,,,,,,,,,,,,,,,,,,,,,,,,Not Matched,International Education Costs Dataset,Unmatched,,,2900.0,63.2,2963.2,95.28,75.0,High Quality
Italy,Padua,University of Padua,Software Engineering,Master,2.0,3400,69.5,900,120,700,0.92,university of padua,university of padua,university of parma,89.47368421052632,951-1000,851-900,University of Parma,Italy,Europe,XL,FC,HI,A,9.5,601+,2.7,601+,2.9,701+,25.4,492,3.8,701+,9.1,701+,69.4,491,9.2,701+,2.3,701+,,university of parma,QS World University Rankings 2025,International Education Costs Dataset,Medium,951.0,32.17,3400.0,69.5,3469.5,94.47,100.0,High Quality
Italy,Padua,University of Padua,Software Engineering,Master,2.0,3400,69.5,900,120,700,0.92,university of padua,university of padua,university of parma,89.47368421052632,951-1000,851-900,University of Parma,Italy,Europe,XL,FC,HI,A,9.5,601+,2.7,601+,2.9,701+,25.4,492,3.8,701+,9.1,701+,69.4,491,9.2,701+,2.3,701+,,university of parma,QS World University Rankings 2025,International Education Costs Dataset,Medium,951.0,32.17,3400.0,69.5,3469.5,94.47,100.0,High Quality
France,Strasbourg,University of Strasbourg,Data Analytics,Master,2.0,4000,70.2,1000,99,850,0.92,university of strasbourg,university of strasbourg,universit de strasbourg,89.36170212765957,456,421,Université de Strasbourg,France,Europe,XL,FC,VH,A,39.1,219,10.3,601+,5.1,701+,20.7,549,34.2,469,35.9,384,90.7,161,20.4,558,5.4,701+,26.3,universit de strasbourg,QS World University Rankings 2025,International Education Costs Dataset,Medium,456.0,67.55,4000.0,70.2,4070.2,93.5,100.0,High Quality
France,Strasbourg,University of Strasbourg,Data Analytics,Master,2.0,4000,70.2,1000,99,850,0.92,university of strasbourg,university of strasbourg,universit de strasbourg,89.36170212765957,456,421,Université de Strasbourg,France,Europe,XL,FC,VH,A,39.1,219,10.3,601+,5.1,701+,20.7,549,34.2,469,35.9,384,90.7,161,20.4,558,5.4,701+,26.3,universit de strasbourg,QS World University Rankings 2025,International Education Costs Dataset,Medium,456.0,67.55,4000.0,70.2,4070.2,93.5,100.0,High Quality
France,Strasbourg,University of Strasbourg,Data Analytics,Master,2.0,4000,70.2,1000,99,850,0.92,university of strasbourg,university of strasbourg,universit de strasbourg,89.36170212765957,456,421,Université de Strasbourg,France,Europe,XL,FC,VH,A,39.1,219,10.3,601+,5.1,701+,20.7,549,34.2,469,35.9,384,90.7,161,20.4,558,5.4,701+,26.3,universit de strasbourg,QS World University Rankings 2025,International Education Costs Dataset,Medium,456.0,67.55,4000.0,70.2,4070.2,93.5,100.0,High Quality
Malaysia,Nilai,USIM,Computer Science,Bachelor,3.0,6800,50.5,400,120,400,4.65,usim,usim,,,,,,,,,,,,,,,,,,,,,,,,,,,,,,,,Not Matched,International Education Costs Dataset,Unmatched,,,6800.0,50.5,6850.5,89.02,75.0,High Quality
Saudi Arabia,Al-Ahsa,King Faisal University,Information Systems,Master,2.0,4200,64.2,600,200,800,3.75,king faisal university,king faisal university,king faisal university,100.0,761-770,851-900,King Faisal University,Saudi Arabia,Asia,L,FC,HI,A,16.4,545,12.7,601+,14.5,701+,2.7,701+,98.0,121,3.9,701+,59.3,640,8.7,701+,1.5,701+,,king faisal university,QS World University Rankings 2025,International Education Costs Dataset,Excellent,761.0,45.75,4200.0,64.2,4264.2,93.19,100.0,High Quality
USA,Seattle,University of Washington,Software Development,PhD,5.0,50000,77.8,2000,160,1500,1.0,university of washington,university of washington,university of washington,100.0,76,63,University of Washington,United States,Americas,XL,FC,VH,A,81.9,66,55.5,150,28.6,542,78.8,119,11.0,701+,32.8,407,95.6,67,68.7,170,66.5,235,65.3,university of washington,QS World University Rankings 2025,International Education Costs Dataset,Excellent,76.0,94.71,50000.0,77.8,50077.8,19.37,100.0,High Quality
USA,Seattle,University of Washington,Software Development,PhD,5.0,50000,77.8,2000,160,1500,1.0,university of washington,university of washington,university of washington,100.0,76,63,University of Washington,United States,Americas,XL,FC,VH,A,81.9,66,55.5,150,28.6,542,78.8,119,11.0,701+,32.8,407,95.6,67,68.7,170,66.5,235,65.3,university of washington,QS World University Rankings 2025,International Education Costs Dataset,Excellent,76.0,94.71,50000.0,77.8,50077.8,19.37,100.0,High Quality
USA,Seattle,University of Washington,Software Development,PhD,5.0,50000,77.8,2000,160,1500,1.0,university of washington,university of washington,university of washington,100.0,76,63,University of Washington,United States,Americas,XL,FC,VH,A,81.9,66,55.5,150,28.6,542,78.8,119,11.0,701+,32.8,407,95.6,67,68.7,170,66.5,235,65.3,university of washington,QS World University Rankings 2025,International Education Costs Dataset,Excellent,76.0,94.71,50000.0,77.8,50077.8,19.37,100.0,High Quality
USA,Seattle,University of Washington,Software Development,PhD,5.0,50000,77.8,2000,160,1500,1.0,university of washington,university of washington,university of washington,100.0,76,63,University of Washington,United States,Americas,XL,FC,VH,A,81.9,66,55.5,150,28.6,542,78.8,119,11.0,701+,32.8,407,95.6,67,68.7,170,66.5,235,65.3,university of washington,QS World University Rankings 2025,International Education Costs Dataset,Excellent,76.0,94.71,50000.0,77.8,50077.8,19.37,100.0,High Quality
USA,Seattle,University of Washington,Software Development,PhD,5.0,50000,77.8,2000,160,1500,1.0,university of washington,university of washington,university of washington,100.0,76,63,University of Washington,United States,Americas,XL,FC,VH,A,81.9,66,55.5,150,28.6,542,78.8,119,11.0,701+,32.8,407,95.6,67,68.7,170,66.5,235,65.3,university of washington,QS World University Rankings 2025,International Education Costs Dataset,Excellent,76.0,94.71,50000.0,77.8,50077.8,19.37,100.0,High Quality
USA,Seattle,University of Washington,Software Development,PhD,5.0,50000,77.8,2000,160,1500,1.0,university of washington,university of washington,university of washington,100.0,76,63,University of Washington,United States,Americas,XL,FC,VH,A,81.9,66,55.5,150,28.6,542,78.8,119,11.0,701+,32.8,407,95.6,67,68.7,170,66.5,235,65.3,university of washington,QS World University Rankings 2025,International Education Costs Dataset,Excellent,76.0,94.71,50000.0,77.8,50077.8,19.37,100.0,High Quality
UK,Nottingham,University of Nottingham,Data Engineering,Master,2.0,34000,61.2,800,485,800,0.79,university of nottingham,university of nottingham,university of nottingham,100.0,108,100,University of Nottingham,United Kingdom,Europe,XL,FC,VH,A,61.1,117,65.8,116,32.8,481,37.6,368,89.4,194,70.5,208,98.0,25,38.0,339,97.0,33,58.5,university of nottingham,QS World University Rankings 2025,International Education Costs Dataset,Excellent,108.0,92.42,34000.0,61.2,34061.2,45.18,100.0,High Quality
UK,Nottingham,University of Nottingham,Data Engineering,Master,2.0,34000,61.2,800,485,800,0.79,university of nottingham,university of nottingham,university of nottingham,100.0,108,100,University of Nottingham,United Kingdom,Europe,XL,FC,VH,A,61.1,117,65.8,116,32.8,481,37.6,368,89.4,194,70.5,208,98.0,25,38.0,339,97.0,33,58.5,university of nottingham,QS World University Rankings 2025,International Education Costs Dataset,Excellent,108.0,92.42,34000.0,61.2,34061.2,45.18,100.0,High Quality
UK,Nottingham,University of Nottingham,Data Engineering,Master,2.0,34000,61.2,800,485,800,0.79,university of nottingham,university of nottingham,university of nottingham,100.0,108,100,University of Nottingham,United Kingdom,Europe,XL,FC,VH,A,61.1,117,65.8,116,32.8,481,37.6,368,89.4,194,70.5,208,98.0,25,38.0,339,97.0,33,58.5,university of nottingham,QS World University Rankings 2025,International Education Costs Dataset,Excellent,108.0,92.42,34000.0,61.2,34061.2,45.18,100.0,High Quality
UK,Nottingham,University of Nottingham,Data Engineering,Master,2.0,34000,61.2,800,485,800,0.79,university of nottingham,university of nottingham,university of nottingham,100.0,108,100,University of Nottingham,United Kingdom,Europe,XL,FC,VH,A,61.1,117,65.8,116,32.8,481,37.6,368,89.4,194,70.5,208,98.0,25,38.0,339,97.0,33,58.5,university of nottingham,QS World University Rankings 2025,International Education Costs Dataset,Excellent,108.0,92.42,34000.0,61.2,34061.2,45.18,100.0,High Quality
